Copyright 1986-2022 Xilinx, Inc. All Rights Reserved. Copyright 2022-2025 Advanced Micro Devices, Inc. All Rights Reserved.
------------------------------------------------------------------------------------------------------------------------------------------------------------------------------------
| Tool Version      : Vivado v.2025.1 (win64) Build 6140274 Thu May 22 00:12:29 MDT 2025
| Date              : Tue Sep  8 14:38:01 2026
| Host              : Krishna_NITjsr running 64-bit major release  (build 9200)
| Command           : report_timing_summary -delay_type min_max -max_paths 10 -report_unconstrained -file C:/work/riscv-cache-extension/fpga/reports_coherent/post_route_timing.rpt
| Design            : fpga_top
| Device            : xczu7ev-ffvc1156
| Speed File        : -2  PRODUCTION 1.30 05-15-2022
| Design State      : Routed
| Temperature Grade : E
------------------------------------------------------------------------------------------------------------------------------------------------------------------------------------

Timing Summary Report

------------------------------------------------------------------------------------------------
| Timer Settings
| --------------
------------------------------------------------------------------------------------------------

  Enable Multi Corner Analysis               :  Yes
  Enable Pessimism Removal                   :  Yes
  Pessimism Removal Resolution               :  Nearest Common Node
  Enable Input Delay Default Clock           :  No
  Enable Preset / Clear Arcs                 :  No
  Disable Flight Delays                      :  No
  Ignore I/O Paths                           :  No
  Timing Early Launch at Borrowing Latches   :  No
  Borrow Time for Max Delay Exceptions       :  Yes
  Merge Timing Exceptions                    :  Yes
  Inter-SLR Compensation                     :  Conservative

  Corner  Analyze    Analyze    
  Name    Max Paths  Min Paths  
  ------  ---------  ---------  
  Slow    Yes        Yes        
  Fast    Yes        Yes        


------------------------------------------------------------------------------------------------
| Report Methodology
| ------------------
------------------------------------------------------------------------------------------------

No report available as report_methodology has not been run prior. Run report_methodology on the current design for the summary of methodology violations.



check_timing report

Table of Contents
-----------------
1. checking no_clock (0)
2. checking constant_clock (0)
3. checking pulse_width_clock (0)
4. checking unconstrained_internal_endpoints (0)
5. checking no_input_delay (7)
6. checking no_output_delay (4)
7. checking multiple_clock (0)
8. checking generated_clocks (0)
9. checking loops (0)
10. checking partial_input_delay (0)
11. checking partial_output_delay (0)
12. checking latch_loops (0)

1. checking no_clock (0)
------------------------
 There are 0 register/latch pins with no clock.


2. checking constant_clock (0)
------------------------------
 There are 0 register/latch pins with constant_clock.


3. checking pulse_width_clock (0)
---------------------------------
 There are 0 register/latch pins which need pulse_width check


4. checking unconstrained_internal_endpoints (0)
------------------------------------------------
 There are 0 pins that are not constrained for maximum delay.

 There are 0 pins that are not constrained for maximum delay due to constant clock.


5. checking no_input_delay (7)
------------------------------
 There are 0 input ports with no input delay specified.

 There are 7 input ports with no input delay but user has a false path constraint. (MEDIUM)


6. checking no_output_delay (4)
-------------------------------
 There are 0 ports with no output delay specified.

 There are 4 ports with no output delay but user has a false path constraint (MEDIUM)

 There are 0 ports with no output delay but with a timing clock defined on it or propagating through it


7. checking multiple_clock (0)
------------------------------
 There are 0 register/latch pins with multiple clocks.


8. checking generated_clocks (0)
--------------------------------
 There are 0 generated clocks that are not connected to a clock source.


9. checking loops (0)
---------------------
 There are 0 combinational loops in the design.


10. checking partial_input_delay (0)
------------------------------------
 There are 0 input ports with partial input delay specified.


11. checking partial_output_delay (0)
-------------------------------------
 There are 0 ports with partial output delay specified.


12. checking latch_loops (0)
----------------------------
 There are 0 combinational latch loops in the design through latch input



------------------------------------------------------------------------------------------------
| Design Timing Summary
| ---------------------
------------------------------------------------------------------------------------------------

    WNS(ns)      TNS(ns)  TNS Failing Endpoints  TNS Total Endpoints      WHS(ns)      THS(ns)  THS Failing Endpoints  THS Total Endpoints     WPWS(ns)     TPWS(ns)  TPWS Failing Endpoints  TPWS Total Endpoints  
    -------      -------  ---------------------  -------------------      -------      -------  ---------------------  -------------------     --------     --------  ----------------------  --------------------  
      1.265        0.000                      0                46952        0.010        0.000                      0                46952        2.262        0.000                       0                 15415  


All user specified timing constraints are met.


------------------------------------------------------------------------------------------------
| Clock Summary
| -------------
------------------------------------------------------------------------------------------------

Clock   Waveform(ns)         Period(ns)      Frequency(MHz)
-----   ------------         ----------      --------------
clk300  {0.000 1.666}        3.333           300.030         
  clk   {0.000 6.666}        16.665          60.006          


------------------------------------------------------------------------------------------------
| Intra Clock Table
| -----------------
------------------------------------------------------------------------------------------------

Clock             WNS(ns)      TNS(ns)  TNS Failing Endpoints  TNS Total Endpoints      WHS(ns)      THS(ns)  THS Failing Endpoints  THS Total Endpoints     WPWS(ns)     TPWS(ns)  TPWS Failing Endpoints  TPWS Total Endpoints  
-----             -------      -------  ---------------------  -------------------      -------      -------  ---------------------  -------------------     --------     --------  ----------------------  --------------------  
clk300                                                                                                                                                          2.262        0.000                       0                     1  
  clk               1.265        0.000                      0                33341        0.010        0.000                      0                33341        6.124        0.000                       0                 15414  


------------------------------------------------------------------------------------------------
| Inter Clock Table
| -----------------
------------------------------------------------------------------------------------------------

From Clock    To Clock          WNS(ns)      TNS(ns)  TNS Failing Endpoints  TNS Total Endpoints      WHS(ns)      THS(ns)  THS Failing Endpoints  THS Total Endpoints  
----------    --------          -------      -------  ---------------------  -------------------      -------      -------  ---------------------  -------------------  


------------------------------------------------------------------------------------------------
| Other Path Groups Table
| -----------------------
------------------------------------------------------------------------------------------------

Path Group         From Clock         To Clock               WNS(ns)      TNS(ns)  TNS Failing Endpoints  TNS Total Endpoints      WHS(ns)      THS(ns)  THS Failing Endpoints  THS Total Endpoints  
----------         ----------         --------               -------      -------  ---------------------  -------------------      -------      -------  ---------------------  -------------------  
**async_default**  clk                clk                      8.409        0.000                      0                13611        0.050        0.000                      0                13611  


------------------------------------------------------------------------------------------------
| User Ignored Path Table
| -----------------------
------------------------------------------------------------------------------------------------

Path Group    From Clock    To Clock    
----------    ----------    --------    
(none)        clk                         
(none)                      clk           


------------------------------------------------------------------------------------------------
| Unconstrained Path Table
| ------------------------
------------------------------------------------------------------------------------------------

Path Group    From Clock    To Clock    
----------    ----------    --------    


------------------------------------------------------------------------------------------------
| Timing Details
| --------------
------------------------------------------------------------------------------------------------


---------------------------------------------------------------------------------------------------
From Clock:  clk300
  To Clock:  clk300

Setup :           NA  Failing Endpoints,  Worst Slack           NA  ,  Total Violation           NA
Hold  :           NA  Failing Endpoints,  Worst Slack           NA  ,  Total Violation           NA
PW    :            0  Failing Endpoints,  Worst Slack        2.262ns,  Total Violation        0.000ns
---------------------------------------------------------------------------------------------------


Pulse Width Checks
--------------------------------------------------------------------------------------
Clock Name:         clk300
Waveform(ns):       { 0.000 1.666 }
Period(ns):         3.333
Sources:            { clk300_p_i }

Check Type  Corner  Lib Pin       Reference Pin  Required(ns)  Actual(ns)  Slack(ns)  Location         Pin
Min Period  n/a     BUFGCE_DIV/I  n/a            1.071         3.333       2.262      BUFGCE_DIV_X1Y7  u_bufgce_div/I



---------------------------------------------------------------------------------------------------
From Clock:  clk
  To Clock:  clk

Setup :            0  Failing Endpoints,  Worst Slack        1.265ns,  Total Violation        0.000ns
Hold  :            0  Failing Endpoints,  Worst Slack        0.010ns,  Total Violation        0.000ns
PW    :            0  Failing Endpoints,  Worst Slack        6.124ns,  Total Violation        0.000ns
---------------------------------------------------------------------------------------------------


Max Delay Paths
--------------------------------------------------------------------------------------
Slack (MET) :             1.265ns  (required time - arrival time)
  Source:                 u_soc/g_dcache.u_dcache/g_dcu[2].u_dcu/s2_addr_q_reg[4]/C
                            (rising edge-triggered cell FDCE clocked by clk  {rise@0.000ns fall@6.666ns period=16.665ns})
  Destination:            u_soc/g_pe[1].u_pe/u_core/core_i/if_stage_i/instr_rdata_id_o_reg[15]/CE
                            (rising edge-triggered cell FDCE clocked by clk  {rise@0.000ns fall@6.666ns period=16.665ns})
  Path Group:             clk
  Path Type:              Setup (Max at Slow Process Corner)
  Requirement:            16.665ns  (clk rise@16.665ns - clk rise@0.000ns)
  Data Path Delay:        16.722ns  (logic 2.228ns (13.324%)  route 14.494ns (86.676%))
  Logic Levels:           24  (CARRY8=4 LUT2=2 LUT3=1 LUT4=3 LUT5=5 LUT6=9)
  Clock Path Skew:        1.417ns (DCD - SCD + CPR)
    Destination Clock Delay (DCD):    4.831ns = ( 21.496 - 16.665 ) 
    Source Clock Delay      (SCD):    3.677ns
    Clock Pessimism Removal (CPR):    0.263ns
  Clock Uncertainty:      0.035ns  ((TSJ^2 + TIJ^2)^1/2 + DJ) / 2 + PE
    Total System Jitter     (TSJ):    0.071ns
    Total Input Jitter      (TIJ):    0.000ns
    Discrete Jitter          (DJ):    0.000ns
    Phase Error              (PE):    0.000ns
  Clock Net Delay (Source):      2.527ns (routing 1.007ns, distribution 1.520ns)
  Clock Net Delay (Destination): 1.809ns (routing 1.010ns, distribution 0.799ns)

    Location             Delay type                Incr(ns)  Path(ns)    Netlist Resource(s)
  -------------------------------------------------------------------    -------------------
                         (clock clk rise edge)        0.000     0.000 r  
    AH18                                              0.000     0.000 r  clk300_p_i (IN)
                         net (fo=0)                   0.100     0.100    u_ibufds/I
    HPIOBDIFFINBUF_X1Y36 DIFFINBUF (Prop_DIFFINBUF_HPIOBDIFFINBUF_DIFF_IN_P_O)
                                                      0.525     0.625 r  u_ibufds/DIFFINBUF_INST/O
                         net (fo=1, routed)           0.050     0.675    u_ibufds/OUT
    AH18                 IBUFCTRL (Prop_IBUFCTRL_HPIOB_M_I_O)
                                                      0.000     0.675 r  u_ibufds/IBUFCTRL_INST/O
                         net (fo=1, routed)           0.322     0.997    clk_ref
    BUFGCE_DIV_X1Y7      BUFGCE_DIV (Prop_BUFGCE_DIV_I_O)
                                                      0.152     1.149 r  u_bufgce_div/O
    X1Y3 (CLOCK_ROOT)    net (fo=7018, routed)        2.527     3.677    u_soc/g_dcache.u_dcache/g_dcu[2].u_dcu/clk
    SLICE_X100Y328       FDCE                                         r  u_soc/g_dcache.u_dcache/g_dcu[2].u_dcu/s2_addr_q_reg[4]/C
  -------------------------------------------------------------------    -------------------
    SLICE_X100Y328       FDCE (Prop_EFF_SLICEL_C_Q)
                                                      0.079     3.756 r  u_soc/g_dcache.u_dcache/g_dcu[2].u_dcu/s2_addr_q_reg[4]/Q
                         net (fo=6, routed)           0.966     4.721    u_soc/g_dcache.u_dcache/g_dcu[2].u_dcu/s2_addr_q_reg[31]_0[4]
    SLICE_X86Y324        LUT6 (Prop_A6LUT_SLICEM_I5_O)
                                                      0.150     4.871 r  u_soc/g_dcache.u_dcache/g_dcu[2].u_dcu/i__carry_i_8__6/O
                         net (fo=1, routed)           0.013     4.884    u_soc/g_dcache.u_dcache/u_snoopy_bus/same_line_return_inferred__4/i__carry__0_0[0]
    SLICE_X86Y324        CARRY8 (Prop_CARRY8_SLICEM_S[0]_CO[7])
                                                      0.192     5.076 r  u_soc/g_dcache.u_dcache/u_snoopy_bus/same_line_return_inferred__4/i__carry/CO[7]
                         net (fo=1, routed)           0.026     5.102    u_soc/g_dcache.u_dcache/u_snoopy_bus/same_line_return_inferred__4/i__carry_n_0
    SLICE_X86Y325        CARRY8 (Prop_CARRY8_SLICEM_CI_CO[1])
                                                      0.042     5.144 r  u_soc/g_dcache.u_dcache/u_snoopy_bus/same_line_return_inferred__4/i__carry__0/CO[1]
                         net (fo=1, routed)           0.235     5.379    u_soc/g_dcache.u_dcache/u_snoopy_bus/same_line_return31_out
    SLICE_X86Y322        LUT6 (Prop_H6LUT_SLICEM_I1_O)
                                                      0.125     5.504 r  u_soc/g_dcache.u_dcache/u_snoopy_bus/i___55__0_i_1/O
                         net (fo=2, routed)           0.400     5.905    u_soc/g_dcache.u_dcache/g_dcu[0].u_dcu/ptr_q_reg[0]
    SLICE_X87Y314        LUT4 (Prop_D5LUT_SLICEL_I3_O)
                                                      0.066     5.971 f  u_soc/g_dcache.u_dcache/g_dcu[0].u_dcu/i___55__0/O
                         net (fo=8, routed)           0.920     6.890    u_soc/g_dcache.u_dcache/u_snoopy_bus/u_inv_arb/ptr_q_reg[1]_7
    SLICE_X84Y321        LUT6 (Prop_G6LUT_SLICEM_I2_O)
                                                      0.052     6.942 f  u_soc/g_dcache.u_dcache/u_snoopy_bus/u_inv_arb/ptr_q[1]_i_4/O
                         net (fo=21, routed)          0.624     7.566    u_soc/g_dcache.u_dcache/u_snoopy_bus/u_inv_arb/ptr_q[1]_i_4_n_0
    SLICE_X83Y315        LUT2 (Prop_H5LUT_SLICEM_I0_O)
                                                      0.096     7.662 f  u_soc/g_dcache.u_dcache/u_snoopy_bus/u_inv_arb/i___36_i_2/O
                         net (fo=57, routed)          0.872     8.534    u_soc/g_dcache.u_dcache/u_snoopy_bus/u_inv_arb/ptr_q_reg[0]_0
    SLICE_X81Y323        LUT4 (Prop_E6LUT_SLICEM_I0_O)
                                                      0.100     8.634 r  u_soc/g_dcache.u_dcache/u_snoopy_bus/u_inv_arb/i__carry_i_40/O
                         net (fo=1, routed)           0.224     8.858    u_soc/g_dcache.u_dcache/u_snoopy_bus/u_inv_arb/i__carry_i_40_n_0
    SLICE_X81Y323        LUT5 (Prop_H6LUT_SLICEM_I4_O)
                                                      0.053     8.911 f  u_soc/g_dcache.u_dcache/u_snoopy_bus/u_inv_arb/i__carry_i_20/O
                         net (fo=8, routed)           0.485     9.396    u_soc/g_dcache.u_dcache/u_snoopy_bus/u_inv_arb/i__carry_i_20_n_0
    SLICE_X82Y321        LUT6 (Prop_E6LUT_SLICEL_I3_O)
                                                      0.051     9.447 r  u_soc/g_dcache.u_dcache/u_snoopy_bus/u_inv_arb/i__carry_i_4/O
                         net (fo=1, routed)           0.007     9.454    u_soc/g_dcache.u_dcache/u_snoopy_bus/u_inv_arb_n_189
    SLICE_X82Y321        CARRY8 (Prop_CARRY8_SLICEL_S[4]_CO[7])
                                                      0.153     9.607 f  u_soc/g_dcache.u_dcache/u_snoopy_bus/same_line_return_inferred__9/i__carry/CO[7]
                         net (fo=1, routed)           0.026     9.633    u_soc/g_dcache.u_dcache/u_snoopy_bus/same_line_return_inferred__9/i__carry_n_0
    SLICE_X82Y322        CARRY8 (Prop_CARRY8_SLICEL_CI_CO[1])
                                                      0.042     9.675 f  u_soc/g_dcache.u_dcache/u_snoopy_bus/same_line_return_inferred__9/i__carry__0/CO[1]
                         net (fo=1, routed)           0.599    10.274    u_soc/g_dcache.u_dcache/u_snoopy_bus/u_inv_arb/i___55__2_1[0]
    SLICE_X84Y322        LUT5 (Prop_C5LUT_SLICEM_I1_O)
                                                      0.137    10.411 f  u_soc/g_dcache.u_dcache/u_snoopy_bus/u_inv_arb/i___55__2_i_1__2/O
                         net (fo=1, routed)           0.725    11.136    u_soc/g_dcache.u_dcache/g_dcu[1].u_dcu/s2_valid_q_reg_0
    SLICE_X84Y322        LUT5 (Prop_D5LUT_SLICEM_I3_O)
                                                      0.135    11.271 r  u_soc/g_dcache.u_dcache/g_dcu[1].u_dcu/i___55__2/O
                         net (fo=5, routed)           0.209    11.481    u_soc/g_dcache.u_dcache/g_dcu[1].u_dcu/u_tag_ram/snp_gnt[0]
    SLICE_X84Y319        LUT6 (Prop_G6LUT_SLICEM_I3_O)
                                                      0.150    11.631 f  u_soc/g_dcache.u_dcache/g_dcu[1].u_dcu/u_tag_ram/s1_req_q[1]_i_3__0/O
                         net (fo=36, routed)          0.745    12.376    u_soc/g_dcache.u_dcache/g_dcu[1].u_dcu/u_tag_ram/s1_req_q[1]_i_3__0_n_0
    SLICE_X79Y318        LUT3 (Prop_D6LUT_SLICEM_I0_O)
                                                      0.099    12.475 r  u_soc/g_dcache.u_dcache/g_dcu[1].u_dcu/u_tag_ram/i___104_i_2/O
                         net (fo=1, routed)           0.389    12.864    u_soc/g_pe[1].u_pe/u_core/core_i/id_stage_i/dcu_gnt[0]
    SLICE_X78Y318        LUT6 (Prop_B6LUT_SLICEM_I0_O)
                                                      0.052    12.916 r  u_soc/g_pe[1].u_pe/u_core/core_i/id_stage_i/i___104_i_1__0/O
                         net (fo=11, routed)          1.157    14.073    u_soc/g_pe[1].u_pe/u_core/core_i/id_stage_i/controller_i/i___32_i_4__0_0
    SLICE_X71Y306        LUT5 (Prop_G6LUT_SLICEM_I0_O)
                                                      0.100    14.173 r  u_soc/g_pe[1].u_pe/u_core/core_i/id_stage_i/controller_i/i___32_i_5__0/O
                         net (fo=1, routed)           0.145    14.318    u_soc/g_pe[1].u_pe/u_core/core_i/id_stage_i/controller_i/lsu_ready_ex
    SLICE_X71Y304        LUT6 (Prop_C6LUT_SLICEM_I1_O)
                                                      0.037    14.355 r  u_soc/g_pe[1].u_pe/u_core/core_i/id_stage_i/controller_i/i___32_i_4__0/O
                         net (fo=1, routed)           0.407    14.762    u_soc/g_pe[1].u_pe/u_core/core_i/ex_stage_i/mult_i/regfile_waddr_lsu[4]_i_2__0
    SLICE_X71Y292        LUT6 (Prop_C6LUT_SLICEM_I2_O)
                                                      0.123    14.885 r  u_soc/g_pe[1].u_pe/u_core/core_i/ex_stage_i/mult_i/i___32_i_3__0/O
                         net (fo=2, routed)           0.095    14.980    u_soc/g_pe[1].u_pe/u_core/core_i/ex_stage_i/mult_i/ex_valid_o03_out
    SLICE_X71Y291        LUT2 (Prop_F6LUT_SLICEM_I0_O)
                                                      0.037    15.017 r  u_soc/g_pe[1].u_pe/u_core/core_i/ex_stage_i/mult_i/i___32_i_2__0/O
                         net (fo=13, routed)          0.762    15.779    u_soc/g_pe[1].u_pe/u_core/ex_ready
    SLICE_X68Y290        LUT5 (Prop_A6LUT_SLICEL_I3_O)
                                                      0.050    15.829 r  u_soc/g_pe[1].u_pe/u_core/i___178/O
                         net (fo=13, routed)          1.060    16.889    u_soc/g_pe[1].u_pe/u_core/core_i/if_stage_i/prefetch_buffer_i/fifo_i/id_ready
    SLICE_X71Y285        LUT6 (Prop_E6LUT_SLICEM_I3_O)
                                                      0.037    16.926 r  u_soc/g_pe[1].u_pe/u_core/core_i/if_stage_i/prefetch_buffer_i/fifo_i/state[1]_i_3__0/O
                         net (fo=4, routed)           1.769    18.694    u_soc/g_pe[1].u_pe/u_core/core_i/if_stage_i/prefetch_buffer_i/fifo_i/status_cnt_q_reg[1]_9
    SLICE_X70Y285        LUT4 (Prop_A5LUT_SLICEM_I0_O)
                                                      0.070    18.764 r  u_soc/g_pe[1].u_pe/u_core/core_i/if_stage_i/prefetch_buffer_i/fifo_i/instr_rdata_id_o[31]_i_1__0/O
                         net (fo=68, routed)          1.634    20.398    u_soc/g_pe[1].u_pe/u_core/core_i/if_stage_i/instr_valid_id_o0
    SLICE_X66Y293        FDCE                                         r  u_soc/g_pe[1].u_pe/u_core/core_i/if_stage_i/instr_rdata_id_o_reg[15]/CE
  -------------------------------------------------------------------    -------------------

                         (clock clk rise edge)       16.665    16.665 r  
    AH18                                              0.000    16.665 r  clk300_p_i (IN)
                         net (fo=0)                   0.079    16.744    u_ibufds/I
    HPIOBDIFFINBUF_X1Y36 DIFFINBUF (Prop_DIFFINBUF_HPIOBDIFFINBUF_DIFF_IN_P_O)
                                                      0.429    17.173 r  u_ibufds/DIFFINBUF_INST/O
                         net (fo=1, routed)           0.040    17.213    u_ibufds/OUT
    AH18                 IBUFCTRL (Prop_IBUFCTRL_HPIOB_M_I_O)
                                                      0.000    17.213 r  u_ibufds/IBUFCTRL_INST/O
                         net (fo=1, routed)           0.286    17.499    clk_ref
    BUFGCE_DIV_X1Y7      BUFGCE_DIV (Prop_BUFGCE_DIV_I_O)
                                                      0.132    17.631 r  u_bufgce_div/O
                         net (fo=7018, routed)        2.032    19.663    u_soc/g_pe[1].u_pe/u_core/core_i/sleep_unit_i/core_clock_gate_i/clk
    BUFGCE_X0Y143        BUFGCE (Prop_BUFCE_BUFGCE_I_O)
                                                      0.024    19.687 r  u_soc/g_pe[1].u_pe/u_core/core_i/sleep_unit_i/core_clock_gate_i/u_bufgce/O
    X1Y4 (CLOCK_ROOT)    net (fo=2099, routed)        1.809    21.496    u_soc/g_pe[1].u_pe/u_core/core_i/if_stage_i/clk_0
    SLICE_X66Y293        FDCE                                         r  u_soc/g_pe[1].u_pe/u_core/core_i/if_stage_i/instr_rdata_id_o_reg[15]/C
                         clock pessimism              0.263    21.759    
                         clock uncertainty           -0.035    21.724    
    SLICE_X66Y293        FDCE (Setup_EFF_SLICEL_C_CE)
                                                     -0.060    21.664    u_soc/g_pe[1].u_pe/u_core/core_i/if_stage_i/instr_rdata_id_o_reg[15]
  -------------------------------------------------------------------
                         required time                         21.664    
                         arrival time                         -20.398    
  -------------------------------------------------------------------
                         slack                                  1.265    

Slack (MET) :             1.273ns  (required time - arrival time)
  Source:                 u_soc/g_dcache.u_dcache/g_dcu[2].u_dcu/s2_addr_q_reg[4]/C
                            (rising edge-triggered cell FDCE clocked by clk  {rise@0.000ns fall@6.666ns period=16.665ns})
  Destination:            u_soc/g_pe[1].u_pe/u_core/core_i/if_stage_i/instr_rdata_id_o_reg[19]/CE
                            (rising edge-triggered cell FDCE clocked by clk  {rise@0.000ns fall@6.666ns period=16.665ns})
  Path Group:             clk
  Path Type:              Setup (Max at Slow Process Corner)
  Requirement:            16.665ns  (clk rise@16.665ns - clk rise@0.000ns)
  Data Path Delay:        16.723ns  (logic 2.228ns (13.323%)  route 14.495ns (86.677%))
  Logic Levels:           24  (CARRY8=4 LUT2=2 LUT3=1 LUT4=3 LUT5=5 LUT6=9)
  Clock Path Skew:        1.428ns (DCD - SCD + CPR)
    Destination Clock Delay (DCD):    4.841ns = ( 21.506 - 16.665 ) 
    Source Clock Delay      (SCD):    3.677ns
    Clock Pessimism Removal (CPR):    0.263ns
  Clock Uncertainty:      0.035ns  ((TSJ^2 + TIJ^2)^1/2 + DJ) / 2 + PE
    Total System Jitter     (TSJ):    0.071ns
    Total Input Jitter      (TIJ):    0.000ns
    Discrete Jitter          (DJ):    0.000ns
    Phase Error              (PE):    0.000ns
  Clock Net Delay (Source):      2.527ns (routing 1.007ns, distribution 1.520ns)
  Clock Net Delay (Destination): 1.819ns (routing 1.010ns, distribution 0.809ns)

    Location             Delay type                Incr(ns)  Path(ns)    Netlist Resource(s)
  -------------------------------------------------------------------    -------------------
                         (clock clk rise edge)        0.000     0.000 r  
    AH18                                              0.000     0.000 r  clk300_p_i (IN)
                         net (fo=0)                   0.100     0.100    u_ibufds/I
    HPIOBDIFFINBUF_X1Y36 DIFFINBUF (Prop_DIFFINBUF_HPIOBDIFFINBUF_DIFF_IN_P_O)
                                                      0.525     0.625 r  u_ibufds/DIFFINBUF_INST/O
                         net (fo=1, routed)           0.050     0.675    u_ibufds/OUT
    AH18                 IBUFCTRL (Prop_IBUFCTRL_HPIOB_M_I_O)
                                                      0.000     0.675 r  u_ibufds/IBUFCTRL_INST/O
                         net (fo=1, routed)           0.322     0.997    clk_ref
    BUFGCE_DIV_X1Y7      BUFGCE_DIV (Prop_BUFGCE_DIV_I_O)
                                                      0.152     1.149 r  u_bufgce_div/O
    X1Y3 (CLOCK_ROOT)    net (fo=7018, routed)        2.527     3.677    u_soc/g_dcache.u_dcache/g_dcu[2].u_dcu/clk
    SLICE_X100Y328       FDCE                                         r  u_soc/g_dcache.u_dcache/g_dcu[2].u_dcu/s2_addr_q_reg[4]/C
  -------------------------------------------------------------------    -------------------
    SLICE_X100Y328       FDCE (Prop_EFF_SLICEL_C_Q)
                                                      0.079     3.756 r  u_soc/g_dcache.u_dcache/g_dcu[2].u_dcu/s2_addr_q_reg[4]/Q
                         net (fo=6, routed)           0.966     4.721    u_soc/g_dcache.u_dcache/g_dcu[2].u_dcu/s2_addr_q_reg[31]_0[4]
    SLICE_X86Y324        LUT6 (Prop_A6LUT_SLICEM_I5_O)
                                                      0.150     4.871 r  u_soc/g_dcache.u_dcache/g_dcu[2].u_dcu/i__carry_i_8__6/O
                         net (fo=1, routed)           0.013     4.884    u_soc/g_dcache.u_dcache/u_snoopy_bus/same_line_return_inferred__4/i__carry__0_0[0]
    SLICE_X86Y324        CARRY8 (Prop_CARRY8_SLICEM_S[0]_CO[7])
                                                      0.192     5.076 r  u_soc/g_dcache.u_dcache/u_snoopy_bus/same_line_return_inferred__4/i__carry/CO[7]
                         net (fo=1, routed)           0.026     5.102    u_soc/g_dcache.u_dcache/u_snoopy_bus/same_line_return_inferred__4/i__carry_n_0
    SLICE_X86Y325        CARRY8 (Prop_CARRY8_SLICEM_CI_CO[1])
                                                      0.042     5.144 r  u_soc/g_dcache.u_dcache/u_snoopy_bus/same_line_return_inferred__4/i__carry__0/CO[1]
                         net (fo=1, routed)           0.235     5.379    u_soc/g_dcache.u_dcache/u_snoopy_bus/same_line_return31_out
    SLICE_X86Y322        LUT6 (Prop_H6LUT_SLICEM_I1_O)
                                                      0.125     5.504 r  u_soc/g_dcache.u_dcache/u_snoopy_bus/i___55__0_i_1/O
                         net (fo=2, routed)           0.400     5.905    u_soc/g_dcache.u_dcache/g_dcu[0].u_dcu/ptr_q_reg[0]
    SLICE_X87Y314        LUT4 (Prop_D5LUT_SLICEL_I3_O)
                                                      0.066     5.971 f  u_soc/g_dcache.u_dcache/g_dcu[0].u_dcu/i___55__0/O
                         net (fo=8, routed)           0.920     6.890    u_soc/g_dcache.u_dcache/u_snoopy_bus/u_inv_arb/ptr_q_reg[1]_7
    SLICE_X84Y321        LUT6 (Prop_G6LUT_SLICEM_I2_O)
                                                      0.052     6.942 f  u_soc/g_dcache.u_dcache/u_snoopy_bus/u_inv_arb/ptr_q[1]_i_4/O
                         net (fo=21, routed)          0.624     7.566    u_soc/g_dcache.u_dcache/u_snoopy_bus/u_inv_arb/ptr_q[1]_i_4_n_0
    SLICE_X83Y315        LUT2 (Prop_H5LUT_SLICEM_I0_O)
                                                      0.096     7.662 f  u_soc/g_dcache.u_dcache/u_snoopy_bus/u_inv_arb/i___36_i_2/O
                         net (fo=57, routed)          0.872     8.534    u_soc/g_dcache.u_dcache/u_snoopy_bus/u_inv_arb/ptr_q_reg[0]_0
    SLICE_X81Y323        LUT4 (Prop_E6LUT_SLICEM_I0_O)
                                                      0.100     8.634 r  u_soc/g_dcache.u_dcache/u_snoopy_bus/u_inv_arb/i__carry_i_40/O
                         net (fo=1, routed)           0.224     8.858    u_soc/g_dcache.u_dcache/u_snoopy_bus/u_inv_arb/i__carry_i_40_n_0
    SLICE_X81Y323        LUT5 (Prop_H6LUT_SLICEM_I4_O)
                                                      0.053     8.911 f  u_soc/g_dcache.u_dcache/u_snoopy_bus/u_inv_arb/i__carry_i_20/O
                         net (fo=8, routed)           0.485     9.396    u_soc/g_dcache.u_dcache/u_snoopy_bus/u_inv_arb/i__carry_i_20_n_0
    SLICE_X82Y321        LUT6 (Prop_E6LUT_SLICEL_I3_O)
                                                      0.051     9.447 r  u_soc/g_dcache.u_dcache/u_snoopy_bus/u_inv_arb/i__carry_i_4/O
                         net (fo=1, routed)           0.007     9.454    u_soc/g_dcache.u_dcache/u_snoopy_bus/u_inv_arb_n_189
    SLICE_X82Y321        CARRY8 (Prop_CARRY8_SLICEL_S[4]_CO[7])
                                                      0.153     9.607 f  u_soc/g_dcache.u_dcache/u_snoopy_bus/same_line_return_inferred__9/i__carry/CO[7]
                         net (fo=1, routed)           0.026     9.633    u_soc/g_dcache.u_dcache/u_snoopy_bus/same_line_return_inferred__9/i__carry_n_0
    SLICE_X82Y322        CARRY8 (Prop_CARRY8_SLICEL_CI_CO[1])
                                                      0.042     9.675 f  u_soc/g_dcache.u_dcache/u_snoopy_bus/same_line_return_inferred__9/i__carry__0/CO[1]
                         net (fo=1, routed)           0.599    10.274    u_soc/g_dcache.u_dcache/u_snoopy_bus/u_inv_arb/i___55__2_1[0]
    SLICE_X84Y322        LUT5 (Prop_C5LUT_SLICEM_I1_O)
                                                      0.137    10.411 f  u_soc/g_dcache.u_dcache/u_snoopy_bus/u_inv_arb/i___55__2_i_1__2/O
                         net (fo=1, routed)           0.725    11.136    u_soc/g_dcache.u_dcache/g_dcu[1].u_dcu/s2_valid_q_reg_0
    SLICE_X84Y322        LUT5 (Prop_D5LUT_SLICEM_I3_O)
                                                      0.135    11.271 r  u_soc/g_dcache.u_dcache/g_dcu[1].u_dcu/i___55__2/O
                         net (fo=5, routed)           0.209    11.481    u_soc/g_dcache.u_dcache/g_dcu[1].u_dcu/u_tag_ram/snp_gnt[0]
    SLICE_X84Y319        LUT6 (Prop_G6LUT_SLICEM_I3_O)
                                                      0.150    11.631 f  u_soc/g_dcache.u_dcache/g_dcu[1].u_dcu/u_tag_ram/s1_req_q[1]_i_3__0/O
                         net (fo=36, routed)          0.745    12.376    u_soc/g_dcache.u_dcache/g_dcu[1].u_dcu/u_tag_ram/s1_req_q[1]_i_3__0_n_0
    SLICE_X79Y318        LUT3 (Prop_D6LUT_SLICEM_I0_O)
                                                      0.099    12.475 r  u_soc/g_dcache.u_dcache/g_dcu[1].u_dcu/u_tag_ram/i___104_i_2/O
                         net (fo=1, routed)           0.389    12.864    u_soc/g_pe[1].u_pe/u_core/core_i/id_stage_i/dcu_gnt[0]
    SLICE_X78Y318        LUT6 (Prop_B6LUT_SLICEM_I0_O)
                                                      0.052    12.916 r  u_soc/g_pe[1].u_pe/u_core/core_i/id_stage_i/i___104_i_1__0/O
                         net (fo=11, routed)          1.157    14.073    u_soc/g_pe[1].u_pe/u_core/core_i/id_stage_i/controller_i/i___32_i_4__0_0
    SLICE_X71Y306        LUT5 (Prop_G6LUT_SLICEM_I0_O)
                                                      0.100    14.173 r  u_soc/g_pe[1].u_pe/u_core/core_i/id_stage_i/controller_i/i___32_i_5__0/O
                         net (fo=1, routed)           0.145    14.318    u_soc/g_pe[1].u_pe/u_core/core_i/id_stage_i/controller_i/lsu_ready_ex
    SLICE_X71Y304        LUT6 (Prop_C6LUT_SLICEM_I1_O)
                                                      0.037    14.355 r  u_soc/g_pe[1].u_pe/u_core/core_i/id_stage_i/controller_i/i___32_i_4__0/O
                         net (fo=1, routed)           0.407    14.762    u_soc/g_pe[1].u_pe/u_core/core_i/ex_stage_i/mult_i/regfile_waddr_lsu[4]_i_2__0
    SLICE_X71Y292        LUT6 (Prop_C6LUT_SLICEM_I2_O)
                                                      0.123    14.885 r  u_soc/g_pe[1].u_pe/u_core/core_i/ex_stage_i/mult_i/i___32_i_3__0/O
                         net (fo=2, routed)           0.095    14.980    u_soc/g_pe[1].u_pe/u_core/core_i/ex_stage_i/mult_i/ex_valid_o03_out
    SLICE_X71Y291        LUT2 (Prop_F6LUT_SLICEM_I0_O)
                                                      0.037    15.017 r  u_soc/g_pe[1].u_pe/u_core/core_i/ex_stage_i/mult_i/i___32_i_2__0/O
                         net (fo=13, routed)          0.762    15.779    u_soc/g_pe[1].u_pe/u_core/ex_ready
    SLICE_X68Y290        LUT5 (Prop_A6LUT_SLICEL_I3_O)
                                                      0.050    15.829 r  u_soc/g_pe[1].u_pe/u_core/i___178/O
                         net (fo=13, routed)          1.060    16.889    u_soc/g_pe[1].u_pe/u_core/core_i/if_stage_i/prefetch_buffer_i/fifo_i/id_ready
    SLICE_X71Y285        LUT6 (Prop_E6LUT_SLICEM_I3_O)
                                                      0.037    16.926 r  u_soc/g_pe[1].u_pe/u_core/core_i/if_stage_i/prefetch_buffer_i/fifo_i/state[1]_i_3__0/O
                         net (fo=4, routed)           1.769    18.694    u_soc/g_pe[1].u_pe/u_core/core_i/if_stage_i/prefetch_buffer_i/fifo_i/status_cnt_q_reg[1]_9
    SLICE_X70Y285        LUT4 (Prop_A5LUT_SLICEM_I0_O)
                                                      0.070    18.764 r  u_soc/g_pe[1].u_pe/u_core/core_i/if_stage_i/prefetch_buffer_i/fifo_i/instr_rdata_id_o[31]_i_1__0/O
                         net (fo=68, routed)          1.636    20.400    u_soc/g_pe[1].u_pe/u_core/core_i/if_stage_i/instr_valid_id_o0
    SLICE_X67Y282        FDCE                                         r  u_soc/g_pe[1].u_pe/u_core/core_i/if_stage_i/instr_rdata_id_o_reg[19]/CE
  -------------------------------------------------------------------    -------------------

                         (clock clk rise edge)       16.665    16.665 r  
    AH18                                              0.000    16.665 r  clk300_p_i (IN)
                         net (fo=0)                   0.079    16.744    u_ibufds/I
    HPIOBDIFFINBUF_X1Y36 DIFFINBUF (Prop_DIFFINBUF_HPIOBDIFFINBUF_DIFF_IN_P_O)
                                                      0.429    17.173 r  u_ibufds/DIFFINBUF_INST/O
                         net (fo=1, routed)           0.040    17.213    u_ibufds/OUT
    AH18                 IBUFCTRL (Prop_IBUFCTRL_HPIOB_M_I_O)
                                                      0.000    17.213 r  u_ibufds/IBUFCTRL_INST/O
                         net (fo=1, routed)           0.286    17.499    clk_ref
    BUFGCE_DIV_X1Y7      BUFGCE_DIV (Prop_BUFGCE_DIV_I_O)
                                                      0.132    17.631 r  u_bufgce_div/O
                         net (fo=7018, routed)        2.032    19.663    u_soc/g_pe[1].u_pe/u_core/core_i/sleep_unit_i/core_clock_gate_i/clk
    BUFGCE_X0Y143        BUFGCE (Prop_BUFCE_BUFGCE_I_O)
                                                      0.024    19.687 r  u_soc/g_pe[1].u_pe/u_core/core_i/sleep_unit_i/core_clock_gate_i/u_bufgce/O
    X1Y4 (CLOCK_ROOT)    net (fo=2099, routed)        1.819    21.506    u_soc/g_pe[1].u_pe/u_core/core_i/if_stage_i/clk_0
    SLICE_X67Y282        FDCE                                         r  u_soc/g_pe[1].u_pe/u_core/core_i/if_stage_i/instr_rdata_id_o_reg[19]/C
                         clock pessimism              0.263    21.769    
                         clock uncertainty           -0.035    21.734    
    SLICE_X67Y282        FDCE (Setup_CFF_SLICEM_C_CE)
                                                     -0.061    21.673    u_soc/g_pe[1].u_pe/u_core/core_i/if_stage_i/instr_rdata_id_o_reg[19]
  -------------------------------------------------------------------
                         required time                         21.673    
                         arrival time                         -20.400    
  -------------------------------------------------------------------
                         slack                                  1.273    

Slack (MET) :             1.273ns  (required time - arrival time)
  Source:                 u_soc/g_dcache.u_dcache/g_dcu[2].u_dcu/s2_addr_q_reg[4]/C
                            (rising edge-triggered cell FDCE clocked by clk  {rise@0.000ns fall@6.666ns period=16.665ns})
  Destination:            u_soc/g_pe[1].u_pe/u_core/core_i/if_stage_i/instr_rdata_id_o_reg[22]/CE
                            (rising edge-triggered cell FDCE clocked by clk  {rise@0.000ns fall@6.666ns period=16.665ns})
  Path Group:             clk
  Path Type:              Setup (Max at Slow Process Corner)
  Requirement:            16.665ns  (clk rise@16.665ns - clk rise@0.000ns)
  Data Path Delay:        16.723ns  (logic 2.228ns (13.323%)  route 14.495ns (86.677%))
  Logic Levels:           24  (CARRY8=4 LUT2=2 LUT3=1 LUT4=3 LUT5=5 LUT6=9)
  Clock Path Skew:        1.428ns (DCD - SCD + CPR)
    Destination Clock Delay (DCD):    4.841ns = ( 21.506 - 16.665 ) 
    Source Clock Delay      (SCD):    3.677ns
    Clock Pessimism Removal (CPR):    0.263ns
  Clock Uncertainty:      0.035ns  ((TSJ^2 + TIJ^2)^1/2 + DJ) / 2 + PE
    Total System Jitter     (TSJ):    0.071ns
    Total Input Jitter      (TIJ):    0.000ns
    Discrete Jitter          (DJ):    0.000ns
    Phase Error              (PE):    0.000ns
  Clock Net Delay (Source):      2.527ns (routing 1.007ns, distribution 1.520ns)
  Clock Net Delay (Destination): 1.819ns (routing 1.010ns, distribution 0.809ns)

    Location             Delay type                Incr(ns)  Path(ns)    Netlist Resource(s)
  -------------------------------------------------------------------    -------------------
                         (clock clk rise edge)        0.000     0.000 r  
    AH18                                              0.000     0.000 r  clk300_p_i (IN)
                         net (fo=0)                   0.100     0.100    u_ibufds/I
    HPIOBDIFFINBUF_X1Y36 DIFFINBUF (Prop_DIFFINBUF_HPIOBDIFFINBUF_DIFF_IN_P_O)
                                                      0.525     0.625 r  u_ibufds/DIFFINBUF_INST/O
                         net (fo=1, routed)           0.050     0.675    u_ibufds/OUT
    AH18                 IBUFCTRL (Prop_IBUFCTRL_HPIOB_M_I_O)
                                                      0.000     0.675 r  u_ibufds/IBUFCTRL_INST/O
                         net (fo=1, routed)           0.322     0.997    clk_ref
    BUFGCE_DIV_X1Y7      BUFGCE_DIV (Prop_BUFGCE_DIV_I_O)
                                                      0.152     1.149 r  u_bufgce_div/O
    X1Y3 (CLOCK_ROOT)    net (fo=7018, routed)        2.527     3.677    u_soc/g_dcache.u_dcache/g_dcu[2].u_dcu/clk
    SLICE_X100Y328       FDCE                                         r  u_soc/g_dcache.u_dcache/g_dcu[2].u_dcu/s2_addr_q_reg[4]/C
  -------------------------------------------------------------------    -------------------
    SLICE_X100Y328       FDCE (Prop_EFF_SLICEL_C_Q)
                                                      0.079     3.756 r  u_soc/g_dcache.u_dcache/g_dcu[2].u_dcu/s2_addr_q_reg[4]/Q
                         net (fo=6, routed)           0.966     4.721    u_soc/g_dcache.u_dcache/g_dcu[2].u_dcu/s2_addr_q_reg[31]_0[4]
    SLICE_X86Y324        LUT6 (Prop_A6LUT_SLICEM_I5_O)
                                                      0.150     4.871 r  u_soc/g_dcache.u_dcache/g_dcu[2].u_dcu/i__carry_i_8__6/O
                         net (fo=1, routed)           0.013     4.884    u_soc/g_dcache.u_dcache/u_snoopy_bus/same_line_return_inferred__4/i__carry__0_0[0]
    SLICE_X86Y324        CARRY8 (Prop_CARRY8_SLICEM_S[0]_CO[7])
                                                      0.192     5.076 r  u_soc/g_dcache.u_dcache/u_snoopy_bus/same_line_return_inferred__4/i__carry/CO[7]
                         net (fo=1, routed)           0.026     5.102    u_soc/g_dcache.u_dcache/u_snoopy_bus/same_line_return_inferred__4/i__carry_n_0
    SLICE_X86Y325        CARRY8 (Prop_CARRY8_SLICEM_CI_CO[1])
                                                      0.042     5.144 r  u_soc/g_dcache.u_dcache/u_snoopy_bus/same_line_return_inferred__4/i__carry__0/CO[1]
                         net (fo=1, routed)           0.235     5.379    u_soc/g_dcache.u_dcache/u_snoopy_bus/same_line_return31_out
    SLICE_X86Y322        LUT6 (Prop_H6LUT_SLICEM_I1_O)
                                                      0.125     5.504 r  u_soc/g_dcache.u_dcache/u_snoopy_bus/i___55__0_i_1/O
                         net (fo=2, routed)           0.400     5.905    u_soc/g_dcache.u_dcache/g_dcu[0].u_dcu/ptr_q_reg[0]
    SLICE_X87Y314        LUT4 (Prop_D5LUT_SLICEL_I3_O)
                                                      0.066     5.971 f  u_soc/g_dcache.u_dcache/g_dcu[0].u_dcu/i___55__0/O
                         net (fo=8, routed)           0.920     6.890    u_soc/g_dcache.u_dcache/u_snoopy_bus/u_inv_arb/ptr_q_reg[1]_7
    SLICE_X84Y321        LUT6 (Prop_G6LUT_SLICEM_I2_O)
                                                      0.052     6.942 f  u_soc/g_dcache.u_dcache/u_snoopy_bus/u_inv_arb/ptr_q[1]_i_4/O
                         net (fo=21, routed)          0.624     7.566    u_soc/g_dcache.u_dcache/u_snoopy_bus/u_inv_arb/ptr_q[1]_i_4_n_0
    SLICE_X83Y315        LUT2 (Prop_H5LUT_SLICEM_I0_O)
                                                      0.096     7.662 f  u_soc/g_dcache.u_dcache/u_snoopy_bus/u_inv_arb/i___36_i_2/O
                         net (fo=57, routed)          0.872     8.534    u_soc/g_dcache.u_dcache/u_snoopy_bus/u_inv_arb/ptr_q_reg[0]_0
    SLICE_X81Y323        LUT4 (Prop_E6LUT_SLICEM_I0_O)
                                                      0.100     8.634 r  u_soc/g_dcache.u_dcache/u_snoopy_bus/u_inv_arb/i__carry_i_40/O
                         net (fo=1, routed)           0.224     8.858    u_soc/g_dcache.u_dcache/u_snoopy_bus/u_inv_arb/i__carry_i_40_n_0
    SLICE_X81Y323        LUT5 (Prop_H6LUT_SLICEM_I4_O)
                                                      0.053     8.911 f  u_soc/g_dcache.u_dcache/u_snoopy_bus/u_inv_arb/i__carry_i_20/O
                         net (fo=8, routed)           0.485     9.396    u_soc/g_dcache.u_dcache/u_snoopy_bus/u_inv_arb/i__carry_i_20_n_0
    SLICE_X82Y321        LUT6 (Prop_E6LUT_SLICEL_I3_O)
                                                      0.051     9.447 r  u_soc/g_dcache.u_dcache/u_snoopy_bus/u_inv_arb/i__carry_i_4/O
                         net (fo=1, routed)           0.007     9.454    u_soc/g_dcache.u_dcache/u_snoopy_bus/u_inv_arb_n_189
    SLICE_X82Y321        CARRY8 (Prop_CARRY8_SLICEL_S[4]_CO[7])
                                                      0.153     9.607 f  u_soc/g_dcache.u_dcache/u_snoopy_bus/same_line_return_inferred__9/i__carry/CO[7]
                         net (fo=1, routed)           0.026     9.633    u_soc/g_dcache.u_dcache/u_snoopy_bus/same_line_return_inferred__9/i__carry_n_0
    SLICE_X82Y322        CARRY8 (Prop_CARRY8_SLICEL_CI_CO[1])
                                                      0.042     9.675 f  u_soc/g_dcache.u_dcache/u_snoopy_bus/same_line_return_inferred__9/i__carry__0/CO[1]
                         net (fo=1, routed)           0.599    10.274    u_soc/g_dcache.u_dcache/u_snoopy_bus/u_inv_arb/i___55__2_1[0]
    SLICE_X84Y322        LUT5 (Prop_C5LUT_SLICEM_I1_O)
                                                      0.137    10.411 f  u_soc/g_dcache.u_dcache/u_snoopy_bus/u_inv_arb/i___55__2_i_1__2/O
                         net (fo=1, routed)           0.725    11.136    u_soc/g_dcache.u_dcache/g_dcu[1].u_dcu/s2_valid_q_reg_0
    SLICE_X84Y322        LUT5 (Prop_D5LUT_SLICEM_I3_O)
                                                      0.135    11.271 r  u_soc/g_dcache.u_dcache/g_dcu[1].u_dcu/i___55__2/O
                         net (fo=5, routed)           0.209    11.481    u_soc/g_dcache.u_dcache/g_dcu[1].u_dcu/u_tag_ram/snp_gnt[0]
    SLICE_X84Y319        LUT6 (Prop_G6LUT_SLICEM_I3_O)
                                                      0.150    11.631 f  u_soc/g_dcache.u_dcache/g_dcu[1].u_dcu/u_tag_ram/s1_req_q[1]_i_3__0/O
                         net (fo=36, routed)          0.745    12.376    u_soc/g_dcache.u_dcache/g_dcu[1].u_dcu/u_tag_ram/s1_req_q[1]_i_3__0_n_0
    SLICE_X79Y318        LUT3 (Prop_D6LUT_SLICEM_I0_O)
                                                      0.099    12.475 r  u_soc/g_dcache.u_dcache/g_dcu[1].u_dcu/u_tag_ram/i___104_i_2/O
                         net (fo=1, routed)           0.389    12.864    u_soc/g_pe[1].u_pe/u_core/core_i/id_stage_i/dcu_gnt[0]
    SLICE_X78Y318        LUT6 (Prop_B6LUT_SLICEM_I0_O)
                                                      0.052    12.916 r  u_soc/g_pe[1].u_pe/u_core/core_i/id_stage_i/i___104_i_1__0/O
                         net (fo=11, routed)          1.157    14.073    u_soc/g_pe[1].u_pe/u_core/core_i/id_stage_i/controller_i/i___32_i_4__0_0
    SLICE_X71Y306        LUT5 (Prop_G6LUT_SLICEM_I0_O)
                                                      0.100    14.173 r  u_soc/g_pe[1].u_pe/u_core/core_i/id_stage_i/controller_i/i___32_i_5__0/O
                         net (fo=1, routed)           0.145    14.318    u_soc/g_pe[1].u_pe/u_core/core_i/id_stage_i/controller_i/lsu_ready_ex
    SLICE_X71Y304        LUT6 (Prop_C6LUT_SLICEM_I1_O)
                                                      0.037    14.355 r  u_soc/g_pe[1].u_pe/u_core/core_i/id_stage_i/controller_i/i___32_i_4__0/O
                         net (fo=1, routed)           0.407    14.762    u_soc/g_pe[1].u_pe/u_core/core_i/ex_stage_i/mult_i/regfile_waddr_lsu[4]_i_2__0
    SLICE_X71Y292        LUT6 (Prop_C6LUT_SLICEM_I2_O)
                                                      0.123    14.885 r  u_soc/g_pe[1].u_pe/u_core/core_i/ex_stage_i/mult_i/i___32_i_3__0/O
                         net (fo=2, routed)           0.095    14.980    u_soc/g_pe[1].u_pe/u_core/core_i/ex_stage_i/mult_i/ex_valid_o03_out
    SLICE_X71Y291        LUT2 (Prop_F6LUT_SLICEM_I0_O)
                                                      0.037    15.017 r  u_soc/g_pe[1].u_pe/u_core/core_i/ex_stage_i/mult_i/i___32_i_2__0/O
                         net (fo=13, routed)          0.762    15.779    u_soc/g_pe[1].u_pe/u_core/ex_ready
    SLICE_X68Y290        LUT5 (Prop_A6LUT_SLICEL_I3_O)
                                                      0.050    15.829 r  u_soc/g_pe[1].u_pe/u_core/i___178/O
                         net (fo=13, routed)          1.060    16.889    u_soc/g_pe[1].u_pe/u_core/core_i/if_stage_i/prefetch_buffer_i/fifo_i/id_ready
    SLICE_X71Y285        LUT6 (Prop_E6LUT_SLICEM_I3_O)
                                                      0.037    16.926 r  u_soc/g_pe[1].u_pe/u_core/core_i/if_stage_i/prefetch_buffer_i/fifo_i/state[1]_i_3__0/O
                         net (fo=4, routed)           1.769    18.694    u_soc/g_pe[1].u_pe/u_core/core_i/if_stage_i/prefetch_buffer_i/fifo_i/status_cnt_q_reg[1]_9
    SLICE_X70Y285        LUT4 (Prop_A5LUT_SLICEM_I0_O)
                                                      0.070    18.764 r  u_soc/g_pe[1].u_pe/u_core/core_i/if_stage_i/prefetch_buffer_i/fifo_i/instr_rdata_id_o[31]_i_1__0/O
                         net (fo=68, routed)          1.636    20.400    u_soc/g_pe[1].u_pe/u_core/core_i/if_stage_i/instr_valid_id_o0
    SLICE_X67Y282        FDCE                                         r  u_soc/g_pe[1].u_pe/u_core/core_i/if_stage_i/instr_rdata_id_o_reg[22]/CE
  -------------------------------------------------------------------    -------------------

                         (clock clk rise edge)       16.665    16.665 r  
    AH18                                              0.000    16.665 r  clk300_p_i (IN)
                         net (fo=0)                   0.079    16.744    u_ibufds/I
    HPIOBDIFFINBUF_X1Y36 DIFFINBUF (Prop_DIFFINBUF_HPIOBDIFFINBUF_DIFF_IN_P_O)
                                                      0.429    17.173 r  u_ibufds/DIFFINBUF_INST/O
                         net (fo=1, routed)           0.040    17.213    u_ibufds/OUT
    AH18                 IBUFCTRL (Prop_IBUFCTRL_HPIOB_M_I_O)
                                                      0.000    17.213 r  u_ibufds/IBUFCTRL_INST/O
                         net (fo=1, routed)           0.286    17.499    clk_ref
    BUFGCE_DIV_X1Y7      BUFGCE_DIV (Prop_BUFGCE_DIV_I_O)
                                                      0.132    17.631 r  u_bufgce_div/O
                         net (fo=7018, routed)        2.032    19.663    u_soc/g_pe[1].u_pe/u_core/core_i/sleep_unit_i/core_clock_gate_i/clk
    BUFGCE_X0Y143        BUFGCE (Prop_BUFCE_BUFGCE_I_O)
                                                      0.024    19.687 r  u_soc/g_pe[1].u_pe/u_core/core_i/sleep_unit_i/core_clock_gate_i/u_bufgce/O
    X1Y4 (CLOCK_ROOT)    net (fo=2099, routed)        1.819    21.506    u_soc/g_pe[1].u_pe/u_core/core_i/if_stage_i/clk_0
    SLICE_X67Y282        FDCE                                         r  u_soc/g_pe[1].u_pe/u_core/core_i/if_stage_i/instr_rdata_id_o_reg[22]/C
                         clock pessimism              0.263    21.769    
                         clock uncertainty           -0.035    21.734    
    SLICE_X67Y282        FDCE (Setup_AFF_SLICEM_C_CE)
                                                     -0.061    21.673    u_soc/g_pe[1].u_pe/u_core/core_i/if_stage_i/instr_rdata_id_o_reg[22]
  -------------------------------------------------------------------
                         required time                         21.673    
                         arrival time                         -20.400    
  -------------------------------------------------------------------
                         slack                                  1.273    

Slack (MET) :             1.275ns  (required time - arrival time)
  Source:                 u_soc/g_dcache.u_dcache/g_dcu[2].u_dcu/s2_addr_q_reg[4]/C
                            (rising edge-triggered cell FDCE clocked by clk  {rise@0.000ns fall@6.666ns period=16.665ns})
  Destination:            u_soc/g_pe[1].u_pe/u_core/core_i/if_stage_i/instr_rdata_id_o_reg[13]/CE
                            (rising edge-triggered cell FDCE clocked by clk  {rise@0.000ns fall@6.666ns period=16.665ns})
  Path Group:             clk
  Path Type:              Setup (Max at Slow Process Corner)
  Requirement:            16.665ns  (clk rise@16.665ns - clk rise@0.000ns)
  Data Path Delay:        16.719ns  (logic 2.228ns (13.326%)  route 14.491ns (86.674%))
  Logic Levels:           24  (CARRY8=4 LUT2=2 LUT3=1 LUT4=3 LUT5=5 LUT6=9)
  Clock Path Skew:        1.424ns (DCD - SCD + CPR)
    Destination Clock Delay (DCD):    4.837ns = ( 21.502 - 16.665 ) 
    Source Clock Delay      (SCD):    3.677ns
    Clock Pessimism Removal (CPR):    0.263ns
  Clock Uncertainty:      0.035ns  ((TSJ^2 + TIJ^2)^1/2 + DJ) / 2 + PE
    Total System Jitter     (TSJ):    0.071ns
    Total Input Jitter      (TIJ):    0.000ns
    Discrete Jitter          (DJ):    0.000ns
    Phase Error              (PE):    0.000ns
  Clock Net Delay (Source):      2.527ns (routing 1.007ns, distribution 1.520ns)
  Clock Net Delay (Destination): 1.815ns (routing 1.010ns, distribution 0.805ns)

    Location             Delay type                Incr(ns)  Path(ns)    Netlist Resource(s)
  -------------------------------------------------------------------    -------------------
                         (clock clk rise edge)        0.000     0.000 r  
    AH18                                              0.000     0.000 r  clk300_p_i (IN)
                         net (fo=0)                   0.100     0.100    u_ibufds/I
    HPIOBDIFFINBUF_X1Y36 DIFFINBUF (Prop_DIFFINBUF_HPIOBDIFFINBUF_DIFF_IN_P_O)
                                                      0.525     0.625 r  u_ibufds/DIFFINBUF_INST/O
                         net (fo=1, routed)           0.050     0.675    u_ibufds/OUT
    AH18                 IBUFCTRL (Prop_IBUFCTRL_HPIOB_M_I_O)
                                                      0.000     0.675 r  u_ibufds/IBUFCTRL_INST/O
                         net (fo=1, routed)           0.322     0.997    clk_ref
    BUFGCE_DIV_X1Y7      BUFGCE_DIV (Prop_BUFGCE_DIV_I_O)
                                                      0.152     1.149 r  u_bufgce_div/O
    X1Y3 (CLOCK_ROOT)    net (fo=7018, routed)        2.527     3.677    u_soc/g_dcache.u_dcache/g_dcu[2].u_dcu/clk
    SLICE_X100Y328       FDCE                                         r  u_soc/g_dcache.u_dcache/g_dcu[2].u_dcu/s2_addr_q_reg[4]/C
  -------------------------------------------------------------------    -------------------
    SLICE_X100Y328       FDCE (Prop_EFF_SLICEL_C_Q)
                                                      0.079     3.756 r  u_soc/g_dcache.u_dcache/g_dcu[2].u_dcu/s2_addr_q_reg[4]/Q
                         net (fo=6, routed)           0.966     4.721    u_soc/g_dcache.u_dcache/g_dcu[2].u_dcu/s2_addr_q_reg[31]_0[4]
    SLICE_X86Y324        LUT6 (Prop_A6LUT_SLICEM_I5_O)
                                                      0.150     4.871 r  u_soc/g_dcache.u_dcache/g_dcu[2].u_dcu/i__carry_i_8__6/O
                         net (fo=1, routed)           0.013     4.884    u_soc/g_dcache.u_dcache/u_snoopy_bus/same_line_return_inferred__4/i__carry__0_0[0]
    SLICE_X86Y324        CARRY8 (Prop_CARRY8_SLICEM_S[0]_CO[7])
                                                      0.192     5.076 r  u_soc/g_dcache.u_dcache/u_snoopy_bus/same_line_return_inferred__4/i__carry/CO[7]
                         net (fo=1, routed)           0.026     5.102    u_soc/g_dcache.u_dcache/u_snoopy_bus/same_line_return_inferred__4/i__carry_n_0
    SLICE_X86Y325        CARRY8 (Prop_CARRY8_SLICEM_CI_CO[1])
                                                      0.042     5.144 r  u_soc/g_dcache.u_dcache/u_snoopy_bus/same_line_return_inferred__4/i__carry__0/CO[1]
                         net (fo=1, routed)           0.235     5.379    u_soc/g_dcache.u_dcache/u_snoopy_bus/same_line_return31_out
    SLICE_X86Y322        LUT6 (Prop_H6LUT_SLICEM_I1_O)
                                                      0.125     5.504 r  u_soc/g_dcache.u_dcache/u_snoopy_bus/i___55__0_i_1/O
                         net (fo=2, routed)           0.400     5.905    u_soc/g_dcache.u_dcache/g_dcu[0].u_dcu/ptr_q_reg[0]
    SLICE_X87Y314        LUT4 (Prop_D5LUT_SLICEL_I3_O)
                                                      0.066     5.971 f  u_soc/g_dcache.u_dcache/g_dcu[0].u_dcu/i___55__0/O
                         net (fo=8, routed)           0.920     6.890    u_soc/g_dcache.u_dcache/u_snoopy_bus/u_inv_arb/ptr_q_reg[1]_7
    SLICE_X84Y321        LUT6 (Prop_G6LUT_SLICEM_I2_O)
                                                      0.052     6.942 f  u_soc/g_dcache.u_dcache/u_snoopy_bus/u_inv_arb/ptr_q[1]_i_4/O
                         net (fo=21, routed)          0.624     7.566    u_soc/g_dcache.u_dcache/u_snoopy_bus/u_inv_arb/ptr_q[1]_i_4_n_0
    SLICE_X83Y315        LUT2 (Prop_H5LUT_SLICEM_I0_O)
                                                      0.096     7.662 f  u_soc/g_dcache.u_dcache/u_snoopy_bus/u_inv_arb/i___36_i_2/O
                         net (fo=57, routed)          0.872     8.534    u_soc/g_dcache.u_dcache/u_snoopy_bus/u_inv_arb/ptr_q_reg[0]_0
    SLICE_X81Y323        LUT4 (Prop_E6LUT_SLICEM_I0_O)
                                                      0.100     8.634 r  u_soc/g_dcache.u_dcache/u_snoopy_bus/u_inv_arb/i__carry_i_40/O
                         net (fo=1, routed)           0.224     8.858    u_soc/g_dcache.u_dcache/u_snoopy_bus/u_inv_arb/i__carry_i_40_n_0
    SLICE_X81Y323        LUT5 (Prop_H6LUT_SLICEM_I4_O)
                                                      0.053     8.911 f  u_soc/g_dcache.u_dcache/u_snoopy_bus/u_inv_arb/i__carry_i_20/O
                         net (fo=8, routed)           0.485     9.396    u_soc/g_dcache.u_dcache/u_snoopy_bus/u_inv_arb/i__carry_i_20_n_0
    SLICE_X82Y321        LUT6 (Prop_E6LUT_SLICEL_I3_O)
                                                      0.051     9.447 r  u_soc/g_dcache.u_dcache/u_snoopy_bus/u_inv_arb/i__carry_i_4/O
                         net (fo=1, routed)           0.007     9.454    u_soc/g_dcache.u_dcache/u_snoopy_bus/u_inv_arb_n_189
    SLICE_X82Y321        CARRY8 (Prop_CARRY8_SLICEL_S[4]_CO[7])
                                                      0.153     9.607 f  u_soc/g_dcache.u_dcache/u_snoopy_bus/same_line_return_inferred__9/i__carry/CO[7]
                         net (fo=1, routed)           0.026     9.633    u_soc/g_dcache.u_dcache/u_snoopy_bus/same_line_return_inferred__9/i__carry_n_0
    SLICE_X82Y322        CARRY8 (Prop_CARRY8_SLICEL_CI_CO[1])
                                                      0.042     9.675 f  u_soc/g_dcache.u_dcache/u_snoopy_bus/same_line_return_inferred__9/i__carry__0/CO[1]
                         net (fo=1, routed)           0.599    10.274    u_soc/g_dcache.u_dcache/u_snoopy_bus/u_inv_arb/i___55__2_1[0]
    SLICE_X84Y322        LUT5 (Prop_C5LUT_SLICEM_I1_O)
                                                      0.137    10.411 f  u_soc/g_dcache.u_dcache/u_snoopy_bus/u_inv_arb/i___55__2_i_1__2/O
                         net (fo=1, routed)           0.725    11.136    u_soc/g_dcache.u_dcache/g_dcu[1].u_dcu/s2_valid_q_reg_0
    SLICE_X84Y322        LUT5 (Prop_D5LUT_SLICEM_I3_O)
                                                      0.135    11.271 r  u_soc/g_dcache.u_dcache/g_dcu[1].u_dcu/i___55__2/O
                         net (fo=5, routed)           0.209    11.481    u_soc/g_dcache.u_dcache/g_dcu[1].u_dcu/u_tag_ram/snp_gnt[0]
    SLICE_X84Y319        LUT6 (Prop_G6LUT_SLICEM_I3_O)
                                                      0.150    11.631 f  u_soc/g_dcache.u_dcache/g_dcu[1].u_dcu/u_tag_ram/s1_req_q[1]_i_3__0/O
                         net (fo=36, routed)          0.745    12.376    u_soc/g_dcache.u_dcache/g_dcu[1].u_dcu/u_tag_ram/s1_req_q[1]_i_3__0_n_0
    SLICE_X79Y318        LUT3 (Prop_D6LUT_SLICEM_I0_O)
                                                      0.099    12.475 r  u_soc/g_dcache.u_dcache/g_dcu[1].u_dcu/u_tag_ram/i___104_i_2/O
                         net (fo=1, routed)           0.389    12.864    u_soc/g_pe[1].u_pe/u_core/core_i/id_stage_i/dcu_gnt[0]
    SLICE_X78Y318        LUT6 (Prop_B6LUT_SLICEM_I0_O)
                                                      0.052    12.916 r  u_soc/g_pe[1].u_pe/u_core/core_i/id_stage_i/i___104_i_1__0/O
                         net (fo=11, routed)          1.157    14.073    u_soc/g_pe[1].u_pe/u_core/core_i/id_stage_i/controller_i/i___32_i_4__0_0
    SLICE_X71Y306        LUT5 (Prop_G6LUT_SLICEM_I0_O)
                                                      0.100    14.173 r  u_soc/g_pe[1].u_pe/u_core/core_i/id_stage_i/controller_i/i___32_i_5__0/O
                         net (fo=1, routed)           0.145    14.318    u_soc/g_pe[1].u_pe/u_core/core_i/id_stage_i/controller_i/lsu_ready_ex
    SLICE_X71Y304        LUT6 (Prop_C6LUT_SLICEM_I1_O)
                                                      0.037    14.355 r  u_soc/g_pe[1].u_pe/u_core/core_i/id_stage_i/controller_i/i___32_i_4__0/O
                         net (fo=1, routed)           0.407    14.762    u_soc/g_pe[1].u_pe/u_core/core_i/ex_stage_i/mult_i/regfile_waddr_lsu[4]_i_2__0
    SLICE_X71Y292        LUT6 (Prop_C6LUT_SLICEM_I2_O)
                                                      0.123    14.885 r  u_soc/g_pe[1].u_pe/u_core/core_i/ex_stage_i/mult_i/i___32_i_3__0/O
                         net (fo=2, routed)           0.095    14.980    u_soc/g_pe[1].u_pe/u_core/core_i/ex_stage_i/mult_i/ex_valid_o03_out
    SLICE_X71Y291        LUT2 (Prop_F6LUT_SLICEM_I0_O)
                                                      0.037    15.017 r  u_soc/g_pe[1].u_pe/u_core/core_i/ex_stage_i/mult_i/i___32_i_2__0/O
                         net (fo=13, routed)          0.762    15.779    u_soc/g_pe[1].u_pe/u_core/ex_ready
    SLICE_X68Y290        LUT5 (Prop_A6LUT_SLICEL_I3_O)
                                                      0.050    15.829 r  u_soc/g_pe[1].u_pe/u_core/i___178/O
                         net (fo=13, routed)          1.060    16.889    u_soc/g_pe[1].u_pe/u_core/core_i/if_stage_i/prefetch_buffer_i/fifo_i/id_ready
    SLICE_X71Y285        LUT6 (Prop_E6LUT_SLICEM_I3_O)
                                                      0.037    16.926 r  u_soc/g_pe[1].u_pe/u_core/core_i/if_stage_i/prefetch_buffer_i/fifo_i/state[1]_i_3__0/O
                         net (fo=4, routed)           1.769    18.694    u_soc/g_pe[1].u_pe/u_core/core_i/if_stage_i/prefetch_buffer_i/fifo_i/status_cnt_q_reg[1]_9
    SLICE_X70Y285        LUT4 (Prop_A5LUT_SLICEM_I0_O)
                                                      0.070    18.764 r  u_soc/g_pe[1].u_pe/u_core/core_i/if_stage_i/prefetch_buffer_i/fifo_i/instr_rdata_id_o[31]_i_1__0/O
                         net (fo=68, routed)          1.632    20.396    u_soc/g_pe[1].u_pe/u_core/core_i/if_stage_i/instr_valid_id_o0
    SLICE_X68Y282        FDCE                                         r  u_soc/g_pe[1].u_pe/u_core/core_i/if_stage_i/instr_rdata_id_o_reg[13]/CE
  -------------------------------------------------------------------    -------------------

                         (clock clk rise edge)       16.665    16.665 r  
    AH18                                              0.000    16.665 r  clk300_p_i (IN)
                         net (fo=0)                   0.079    16.744    u_ibufds/I
    HPIOBDIFFINBUF_X1Y36 DIFFINBUF (Prop_DIFFINBUF_HPIOBDIFFINBUF_DIFF_IN_P_O)
                                                      0.429    17.173 r  u_ibufds/DIFFINBUF_INST/O
                         net (fo=1, routed)           0.040    17.213    u_ibufds/OUT
    AH18                 IBUFCTRL (Prop_IBUFCTRL_HPIOB_M_I_O)
                                                      0.000    17.213 r  u_ibufds/IBUFCTRL_INST/O
                         net (fo=1, routed)           0.286    17.499    clk_ref
    BUFGCE_DIV_X1Y7      BUFGCE_DIV (Prop_BUFGCE_DIV_I_O)
                                                      0.132    17.631 r  u_bufgce_div/O
                         net (fo=7018, routed)        2.032    19.663    u_soc/g_pe[1].u_pe/u_core/core_i/sleep_unit_i/core_clock_gate_i/clk
    BUFGCE_X0Y143        BUFGCE (Prop_BUFCE_BUFGCE_I_O)
                                                      0.024    19.687 r  u_soc/g_pe[1].u_pe/u_core/core_i/sleep_unit_i/core_clock_gate_i/u_bufgce/O
    X1Y4 (CLOCK_ROOT)    net (fo=2099, routed)        1.815    21.502    u_soc/g_pe[1].u_pe/u_core/core_i/if_stage_i/clk_0
    SLICE_X68Y282        FDCE                                         r  u_soc/g_pe[1].u_pe/u_core/core_i/if_stage_i/instr_rdata_id_o_reg[13]/C
                         clock pessimism              0.263    21.765    
                         clock uncertainty           -0.035    21.730    
    SLICE_X68Y282        FDCE (Setup_CFF2_SLICEL_C_CE)
                                                     -0.059    21.671    u_soc/g_pe[1].u_pe/u_core/core_i/if_stage_i/instr_rdata_id_o_reg[13]
  -------------------------------------------------------------------
                         required time                         21.671    
                         arrival time                         -20.396    
  -------------------------------------------------------------------
                         slack                                  1.275    

Slack (MET) :             1.275ns  (required time - arrival time)
  Source:                 u_soc/g_dcache.u_dcache/g_dcu[2].u_dcu/s2_addr_q_reg[4]/C
                            (rising edge-triggered cell FDCE clocked by clk  {rise@0.000ns fall@6.666ns period=16.665ns})
  Destination:            u_soc/g_pe[1].u_pe/u_core/core_i/if_stage_i/instr_rdata_id_o_reg[1]/CE
                            (rising edge-triggered cell FDCE clocked by clk  {rise@0.000ns fall@6.666ns period=16.665ns})
  Path Group:             clk
  Path Type:              Setup (Max at Slow Process Corner)
  Requirement:            16.665ns  (clk rise@16.665ns - clk rise@0.000ns)
  Data Path Delay:        16.718ns  (logic 2.228ns (13.327%)  route 14.490ns (86.673%))
  Logic Levels:           24  (CARRY8=4 LUT2=2 LUT3=1 LUT4=3 LUT5=5 LUT6=9)
  Clock Path Skew:        1.424ns (DCD - SCD + CPR)
    Destination Clock Delay (DCD):    4.837ns = ( 21.502 - 16.665 ) 
    Source Clock Delay      (SCD):    3.677ns
    Clock Pessimism Removal (CPR):    0.263ns
  Clock Uncertainty:      0.035ns  ((TSJ^2 + TIJ^2)^1/2 + DJ) / 2 + PE
    Total System Jitter     (TSJ):    0.071ns
    Total Input Jitter      (TIJ):    0.000ns
    Discrete Jitter          (DJ):    0.000ns
    Phase Error              (PE):    0.000ns
  Clock Net Delay (Source):      2.527ns (routing 1.007ns, distribution 1.520ns)
  Clock Net Delay (Destination): 1.815ns (routing 1.010ns, distribution 0.805ns)

    Location             Delay type                Incr(ns)  Path(ns)    Netlist Resource(s)
  -------------------------------------------------------------------    -------------------
                         (clock clk rise edge)        0.000     0.000 r  
    AH18                                              0.000     0.000 r  clk300_p_i (IN)
                         net (fo=0)                   0.100     0.100    u_ibufds/I
    HPIOBDIFFINBUF_X1Y36 DIFFINBUF (Prop_DIFFINBUF_HPIOBDIFFINBUF_DIFF_IN_P_O)
                                                      0.525     0.625 r  u_ibufds/DIFFINBUF_INST/O
                         net (fo=1, routed)           0.050     0.675    u_ibufds/OUT
    AH18                 IBUFCTRL (Prop_IBUFCTRL_HPIOB_M_I_O)
                                                      0.000     0.675 r  u_ibufds/IBUFCTRL_INST/O
                         net (fo=1, routed)           0.322     0.997    clk_ref
    BUFGCE_DIV_X1Y7      BUFGCE_DIV (Prop_BUFGCE_DIV_I_O)
                                                      0.152     1.149 r  u_bufgce_div/O
    X1Y3 (CLOCK_ROOT)    net (fo=7018, routed)        2.527     3.677    u_soc/g_dcache.u_dcache/g_dcu[2].u_dcu/clk
    SLICE_X100Y328       FDCE                                         r  u_soc/g_dcache.u_dcache/g_dcu[2].u_dcu/s2_addr_q_reg[4]/C
  -------------------------------------------------------------------    -------------------
    SLICE_X100Y328       FDCE (Prop_EFF_SLICEL_C_Q)
                                                      0.079     3.756 r  u_soc/g_dcache.u_dcache/g_dcu[2].u_dcu/s2_addr_q_reg[4]/Q
                         net (fo=6, routed)           0.966     4.721    u_soc/g_dcache.u_dcache/g_dcu[2].u_dcu/s2_addr_q_reg[31]_0[4]
    SLICE_X86Y324        LUT6 (Prop_A6LUT_SLICEM_I5_O)
                                                      0.150     4.871 r  u_soc/g_dcache.u_dcache/g_dcu[2].u_dcu/i__carry_i_8__6/O
                         net (fo=1, routed)           0.013     4.884    u_soc/g_dcache.u_dcache/u_snoopy_bus/same_line_return_inferred__4/i__carry__0_0[0]
    SLICE_X86Y324        CARRY8 (Prop_CARRY8_SLICEM_S[0]_CO[7])
                                                      0.192     5.076 r  u_soc/g_dcache.u_dcache/u_snoopy_bus/same_line_return_inferred__4/i__carry/CO[7]
                         net (fo=1, routed)           0.026     5.102    u_soc/g_dcache.u_dcache/u_snoopy_bus/same_line_return_inferred__4/i__carry_n_0
    SLICE_X86Y325        CARRY8 (Prop_CARRY8_SLICEM_CI_CO[1])
                                                      0.042     5.144 r  u_soc/g_dcache.u_dcache/u_snoopy_bus/same_line_return_inferred__4/i__carry__0/CO[1]
                         net (fo=1, routed)           0.235     5.379    u_soc/g_dcache.u_dcache/u_snoopy_bus/same_line_return31_out
    SLICE_X86Y322        LUT6 (Prop_H6LUT_SLICEM_I1_O)
                                                      0.125     5.504 r  u_soc/g_dcache.u_dcache/u_snoopy_bus/i___55__0_i_1/O
                         net (fo=2, routed)           0.400     5.905    u_soc/g_dcache.u_dcache/g_dcu[0].u_dcu/ptr_q_reg[0]
    SLICE_X87Y314        LUT4 (Prop_D5LUT_SLICEL_I3_O)
                                                      0.066     5.971 f  u_soc/g_dcache.u_dcache/g_dcu[0].u_dcu/i___55__0/O
                         net (fo=8, routed)           0.920     6.890    u_soc/g_dcache.u_dcache/u_snoopy_bus/u_inv_arb/ptr_q_reg[1]_7
    SLICE_X84Y321        LUT6 (Prop_G6LUT_SLICEM_I2_O)
                                                      0.052     6.942 f  u_soc/g_dcache.u_dcache/u_snoopy_bus/u_inv_arb/ptr_q[1]_i_4/O
                         net (fo=21, routed)          0.624     7.566    u_soc/g_dcache.u_dcache/u_snoopy_bus/u_inv_arb/ptr_q[1]_i_4_n_0
    SLICE_X83Y315        LUT2 (Prop_H5LUT_SLICEM_I0_O)
                                                      0.096     7.662 f  u_soc/g_dcache.u_dcache/u_snoopy_bus/u_inv_arb/i___36_i_2/O
                         net (fo=57, routed)          0.872     8.534    u_soc/g_dcache.u_dcache/u_snoopy_bus/u_inv_arb/ptr_q_reg[0]_0
    SLICE_X81Y323        LUT4 (Prop_E6LUT_SLICEM_I0_O)
                                                      0.100     8.634 r  u_soc/g_dcache.u_dcache/u_snoopy_bus/u_inv_arb/i__carry_i_40/O
                         net (fo=1, routed)           0.224     8.858    u_soc/g_dcache.u_dcache/u_snoopy_bus/u_inv_arb/i__carry_i_40_n_0
    SLICE_X81Y323        LUT5 (Prop_H6LUT_SLICEM_I4_O)
                                                      0.053     8.911 f  u_soc/g_dcache.u_dcache/u_snoopy_bus/u_inv_arb/i__carry_i_20/O
                         net (fo=8, routed)           0.485     9.396    u_soc/g_dcache.u_dcache/u_snoopy_bus/u_inv_arb/i__carry_i_20_n_0
    SLICE_X82Y321        LUT6 (Prop_E6LUT_SLICEL_I3_O)
                                                      0.051     9.447 r  u_soc/g_dcache.u_dcache/u_snoopy_bus/u_inv_arb/i__carry_i_4/O
                         net (fo=1, routed)           0.007     9.454    u_soc/g_dcache.u_dcache/u_snoopy_bus/u_inv_arb_n_189
    SLICE_X82Y321        CARRY8 (Prop_CARRY8_SLICEL_S[4]_CO[7])
                                                      0.153     9.607 f  u_soc/g_dcache.u_dcache/u_snoopy_bus/same_line_return_inferred__9/i__carry/CO[7]
                         net (fo=1, routed)           0.026     9.633    u_soc/g_dcache.u_dcache/u_snoopy_bus/same_line_return_inferred__9/i__carry_n_0
    SLICE_X82Y322        CARRY8 (Prop_CARRY8_SLICEL_CI_CO[1])
                                                      0.042     9.675 f  u_soc/g_dcache.u_dcache/u_snoopy_bus/same_line_return_inferred__9/i__carry__0/CO[1]
                         net (fo=1, routed)           0.599    10.274    u_soc/g_dcache.u_dcache/u_snoopy_bus/u_inv_arb/i___55__2_1[0]
    SLICE_X84Y322        LUT5 (Prop_C5LUT_SLICEM_I1_O)
                                                      0.137    10.411 f  u_soc/g_dcache.u_dcache/u_snoopy_bus/u_inv_arb/i___55__2_i_1__2/O
                         net (fo=1, routed)           0.725    11.136    u_soc/g_dcache.u_dcache/g_dcu[1].u_dcu/s2_valid_q_reg_0
    SLICE_X84Y322        LUT5 (Prop_D5LUT_SLICEM_I3_O)
                                                      0.135    11.271 r  u_soc/g_dcache.u_dcache/g_dcu[1].u_dcu/i___55__2/O
                         net (fo=5, routed)           0.209    11.481    u_soc/g_dcache.u_dcache/g_dcu[1].u_dcu/u_tag_ram/snp_gnt[0]
    SLICE_X84Y319        LUT6 (Prop_G6LUT_SLICEM_I3_O)
                                                      0.150    11.631 f  u_soc/g_dcache.u_dcache/g_dcu[1].u_dcu/u_tag_ram/s1_req_q[1]_i_3__0/O
                         net (fo=36, routed)          0.745    12.376    u_soc/g_dcache.u_dcache/g_dcu[1].u_dcu/u_tag_ram/s1_req_q[1]_i_3__0_n_0
    SLICE_X79Y318        LUT3 (Prop_D6LUT_SLICEM_I0_O)
                                                      0.099    12.475 r  u_soc/g_dcache.u_dcache/g_dcu[1].u_dcu/u_tag_ram/i___104_i_2/O
                         net (fo=1, routed)           0.389    12.864    u_soc/g_pe[1].u_pe/u_core/core_i/id_stage_i/dcu_gnt[0]
    SLICE_X78Y318        LUT6 (Prop_B6LUT_SLICEM_I0_O)
                                                      0.052    12.916 r  u_soc/g_pe[1].u_pe/u_core/core_i/id_stage_i/i___104_i_1__0/O
                         net (fo=11, routed)          1.157    14.073    u_soc/g_pe[1].u_pe/u_core/core_i/id_stage_i/controller_i/i___32_i_4__0_0
    SLICE_X71Y306        LUT5 (Prop_G6LUT_SLICEM_I0_O)
                                                      0.100    14.173 r  u_soc/g_pe[1].u_pe/u_core/core_i/id_stage_i/controller_i/i___32_i_5__0/O
                         net (fo=1, routed)           0.145    14.318    u_soc/g_pe[1].u_pe/u_core/core_i/id_stage_i/controller_i/lsu_ready_ex
    SLICE_X71Y304        LUT6 (Prop_C6LUT_SLICEM_I1_O)
                                                      0.037    14.355 r  u_soc/g_pe[1].u_pe/u_core/core_i/id_stage_i/controller_i/i___32_i_4__0/O
                         net (fo=1, routed)           0.407    14.762    u_soc/g_pe[1].u_pe/u_core/core_i/ex_stage_i/mult_i/regfile_waddr_lsu[4]_i_2__0
    SLICE_X71Y292        LUT6 (Prop_C6LUT_SLICEM_I2_O)
                                                      0.123    14.885 r  u_soc/g_pe[1].u_pe/u_core/core_i/ex_stage_i/mult_i/i___32_i_3__0/O
                         net (fo=2, routed)           0.095    14.980    u_soc/g_pe[1].u_pe/u_core/core_i/ex_stage_i/mult_i/ex_valid_o03_out
    SLICE_X71Y291        LUT2 (Prop_F6LUT_SLICEM_I0_O)
                                                      0.037    15.017 r  u_soc/g_pe[1].u_pe/u_core/core_i/ex_stage_i/mult_i/i___32_i_2__0/O
                         net (fo=13, routed)          0.762    15.779    u_soc/g_pe[1].u_pe/u_core/ex_ready
    SLICE_X68Y290        LUT5 (Prop_A6LUT_SLICEL_I3_O)
                                                      0.050    15.829 r  u_soc/g_pe[1].u_pe/u_core/i___178/O
                         net (fo=13, routed)          1.060    16.889    u_soc/g_pe[1].u_pe/u_core/core_i/if_stage_i/prefetch_buffer_i/fifo_i/id_ready
    SLICE_X71Y285        LUT6 (Prop_E6LUT_SLICEM_I3_O)
                                                      0.037    16.926 r  u_soc/g_pe[1].u_pe/u_core/core_i/if_stage_i/prefetch_buffer_i/fifo_i/state[1]_i_3__0/O
                         net (fo=4, routed)           1.769    18.694    u_soc/g_pe[1].u_pe/u_core/core_i/if_stage_i/prefetch_buffer_i/fifo_i/status_cnt_q_reg[1]_9
    SLICE_X70Y285        LUT4 (Prop_A5LUT_SLICEM_I0_O)
                                                      0.070    18.764 r  u_soc/g_pe[1].u_pe/u_core/core_i/if_stage_i/prefetch_buffer_i/fifo_i/instr_rdata_id_o[31]_i_1__0/O
                         net (fo=68, routed)          1.631    20.395    u_soc/g_pe[1].u_pe/u_core/core_i/if_stage_i/instr_valid_id_o0
    SLICE_X68Y282        FDCE                                         r  u_soc/g_pe[1].u_pe/u_core/core_i/if_stage_i/instr_rdata_id_o_reg[1]/CE
  -------------------------------------------------------------------    -------------------

                         (clock clk rise edge)       16.665    16.665 r  
    AH18                                              0.000    16.665 r  clk300_p_i (IN)
                         net (fo=0)                   0.079    16.744    u_ibufds/I
    HPIOBDIFFINBUF_X1Y36 DIFFINBUF (Prop_DIFFINBUF_HPIOBDIFFINBUF_DIFF_IN_P_O)
                                                      0.429    17.173 r  u_ibufds/DIFFINBUF_INST/O
                         net (fo=1, routed)           0.040    17.213    u_ibufds/OUT
    AH18                 IBUFCTRL (Prop_IBUFCTRL_HPIOB_M_I_O)
                                                      0.000    17.213 r  u_ibufds/IBUFCTRL_INST/O
                         net (fo=1, routed)           0.286    17.499    clk_ref
    BUFGCE_DIV_X1Y7      BUFGCE_DIV (Prop_BUFGCE_DIV_I_O)
                                                      0.132    17.631 r  u_bufgce_div/O
                         net (fo=7018, routed)        2.032    19.663    u_soc/g_pe[1].u_pe/u_core/core_i/sleep_unit_i/core_clock_gate_i/clk
    BUFGCE_X0Y143        BUFGCE (Prop_BUFCE_BUFGCE_I_O)
                                                      0.024    19.687 r  u_soc/g_pe[1].u_pe/u_core/core_i/sleep_unit_i/core_clock_gate_i/u_bufgce/O
    X1Y4 (CLOCK_ROOT)    net (fo=2099, routed)        1.815    21.502    u_soc/g_pe[1].u_pe/u_core/core_i/if_stage_i/clk_0
    SLICE_X68Y282        FDCE                                         r  u_soc/g_pe[1].u_pe/u_core/core_i/if_stage_i/instr_rdata_id_o_reg[1]/C
                         clock pessimism              0.263    21.765    
                         clock uncertainty           -0.035    21.730    
    SLICE_X68Y282        FDCE (Setup_BFF_SLICEL_C_CE)
                                                     -0.060    21.670    u_soc/g_pe[1].u_pe/u_core/core_i/if_stage_i/instr_rdata_id_o_reg[1]
  -------------------------------------------------------------------
                         required time                         21.670    
                         arrival time                         -20.395    
  -------------------------------------------------------------------
                         slack                                  1.275    

Slack (MET) :             1.275ns  (required time - arrival time)
  Source:                 u_soc/g_dcache.u_dcache/g_dcu[2].u_dcu/s2_addr_q_reg[4]/C
                            (rising edge-triggered cell FDCE clocked by clk  {rise@0.000ns fall@6.666ns period=16.665ns})
  Destination:            u_soc/g_pe[1].u_pe/u_core/core_i/if_stage_i/instr_rdata_id_o_reg[23]/CE
                            (rising edge-triggered cell FDCE clocked by clk  {rise@0.000ns fall@6.666ns period=16.665ns})
  Path Group:             clk
  Path Type:              Setup (Max at Slow Process Corner)
  Requirement:            16.665ns  (clk rise@16.665ns - clk rise@0.000ns)
  Data Path Delay:        16.718ns  (logic 2.228ns (13.327%)  route 14.490ns (86.673%))
  Logic Levels:           24  (CARRY8=4 LUT2=2 LUT3=1 LUT4=3 LUT5=5 LUT6=9)
  Clock Path Skew:        1.424ns (DCD - SCD + CPR)
    Destination Clock Delay (DCD):    4.837ns = ( 21.502 - 16.665 ) 
    Source Clock Delay      (SCD):    3.677ns
    Clock Pessimism Removal (CPR):    0.263ns
  Clock Uncertainty:      0.035ns  ((TSJ^2 + TIJ^2)^1/2 + DJ) / 2 + PE
    Total System Jitter     (TSJ):    0.071ns
    Total Input Jitter      (TIJ):    0.000ns
    Discrete Jitter          (DJ):    0.000ns
    Phase Error              (PE):    0.000ns
  Clock Net Delay (Source):      2.527ns (routing 1.007ns, distribution 1.520ns)
  Clock Net Delay (Destination): 1.815ns (routing 1.010ns, distribution 0.805ns)

    Location             Delay type                Incr(ns)  Path(ns)    Netlist Resource(s)
  -------------------------------------------------------------------    -------------------
                         (clock clk rise edge)        0.000     0.000 r  
    AH18                                              0.000     0.000 r  clk300_p_i (IN)
                         net (fo=0)                   0.100     0.100    u_ibufds/I
    HPIOBDIFFINBUF_X1Y36 DIFFINBUF (Prop_DIFFINBUF_HPIOBDIFFINBUF_DIFF_IN_P_O)
                                                      0.525     0.625 r  u_ibufds/DIFFINBUF_INST/O
                         net (fo=1, routed)           0.050     0.675    u_ibufds/OUT
    AH18                 IBUFCTRL (Prop_IBUFCTRL_HPIOB_M_I_O)
                                                      0.000     0.675 r  u_ibufds/IBUFCTRL_INST/O
                         net (fo=1, routed)           0.322     0.997    clk_ref
    BUFGCE_DIV_X1Y7      BUFGCE_DIV (Prop_BUFGCE_DIV_I_O)
                                                      0.152     1.149 r  u_bufgce_div/O
    X1Y3 (CLOCK_ROOT)    net (fo=7018, routed)        2.527     3.677    u_soc/g_dcache.u_dcache/g_dcu[2].u_dcu/clk
    SLICE_X100Y328       FDCE                                         r  u_soc/g_dcache.u_dcache/g_dcu[2].u_dcu/s2_addr_q_reg[4]/C
  -------------------------------------------------------------------    -------------------
    SLICE_X100Y328       FDCE (Prop_EFF_SLICEL_C_Q)
                                                      0.079     3.756 r  u_soc/g_dcache.u_dcache/g_dcu[2].u_dcu/s2_addr_q_reg[4]/Q
                         net (fo=6, routed)           0.966     4.721    u_soc/g_dcache.u_dcache/g_dcu[2].u_dcu/s2_addr_q_reg[31]_0[4]
    SLICE_X86Y324        LUT6 (Prop_A6LUT_SLICEM_I5_O)
                                                      0.150     4.871 r  u_soc/g_dcache.u_dcache/g_dcu[2].u_dcu/i__carry_i_8__6/O
                         net (fo=1, routed)           0.013     4.884    u_soc/g_dcache.u_dcache/u_snoopy_bus/same_line_return_inferred__4/i__carry__0_0[0]
    SLICE_X86Y324        CARRY8 (Prop_CARRY8_SLICEM_S[0]_CO[7])
                                                      0.192     5.076 r  u_soc/g_dcache.u_dcache/u_snoopy_bus/same_line_return_inferred__4/i__carry/CO[7]
                         net (fo=1, routed)           0.026     5.102    u_soc/g_dcache.u_dcache/u_snoopy_bus/same_line_return_inferred__4/i__carry_n_0
    SLICE_X86Y325        CARRY8 (Prop_CARRY8_SLICEM_CI_CO[1])
                                                      0.042     5.144 r  u_soc/g_dcache.u_dcache/u_snoopy_bus/same_line_return_inferred__4/i__carry__0/CO[1]
                         net (fo=1, routed)           0.235     5.379    u_soc/g_dcache.u_dcache/u_snoopy_bus/same_line_return31_out
    SLICE_X86Y322        LUT6 (Prop_H6LUT_SLICEM_I1_O)
                                                      0.125     5.504 r  u_soc/g_dcache.u_dcache/u_snoopy_bus/i___55__0_i_1/O
                         net (fo=2, routed)           0.400     5.905    u_soc/g_dcache.u_dcache/g_dcu[0].u_dcu/ptr_q_reg[0]
    SLICE_X87Y314        LUT4 (Prop_D5LUT_SLICEL_I3_O)
                                                      0.066     5.971 f  u_soc/g_dcache.u_dcache/g_dcu[0].u_dcu/i___55__0/O
                         net (fo=8, routed)           0.920     6.890    u_soc/g_dcache.u_dcache/u_snoopy_bus/u_inv_arb/ptr_q_reg[1]_7
    SLICE_X84Y321        LUT6 (Prop_G6LUT_SLICEM_I2_O)
                                                      0.052     6.942 f  u_soc/g_dcache.u_dcache/u_snoopy_bus/u_inv_arb/ptr_q[1]_i_4/O
                         net (fo=21, routed)          0.624     7.566    u_soc/g_dcache.u_dcache/u_snoopy_bus/u_inv_arb/ptr_q[1]_i_4_n_0
    SLICE_X83Y315        LUT2 (Prop_H5LUT_SLICEM_I0_O)
                                                      0.096     7.662 f  u_soc/g_dcache.u_dcache/u_snoopy_bus/u_inv_arb/i___36_i_2/O
                         net (fo=57, routed)          0.872     8.534    u_soc/g_dcache.u_dcache/u_snoopy_bus/u_inv_arb/ptr_q_reg[0]_0
    SLICE_X81Y323        LUT4 (Prop_E6LUT_SLICEM_I0_O)
                                                      0.100     8.634 r  u_soc/g_dcache.u_dcache/u_snoopy_bus/u_inv_arb/i__carry_i_40/O
                         net (fo=1, routed)           0.224     8.858    u_soc/g_dcache.u_dcache/u_snoopy_bus/u_inv_arb/i__carry_i_40_n_0
    SLICE_X81Y323        LUT5 (Prop_H6LUT_SLICEM_I4_O)
                                                      0.053     8.911 f  u_soc/g_dcache.u_dcache/u_snoopy_bus/u_inv_arb/i__carry_i_20/O
                         net (fo=8, routed)           0.485     9.396    u_soc/g_dcache.u_dcache/u_snoopy_bus/u_inv_arb/i__carry_i_20_n_0
    SLICE_X82Y321        LUT6 (Prop_E6LUT_SLICEL_I3_O)
                                                      0.051     9.447 r  u_soc/g_dcache.u_dcache/u_snoopy_bus/u_inv_arb/i__carry_i_4/O
                         net (fo=1, routed)           0.007     9.454    u_soc/g_dcache.u_dcache/u_snoopy_bus/u_inv_arb_n_189
    SLICE_X82Y321        CARRY8 (Prop_CARRY8_SLICEL_S[4]_CO[7])
                                                      0.153     9.607 f  u_soc/g_dcache.u_dcache/u_snoopy_bus/same_line_return_inferred__9/i__carry/CO[7]
                         net (fo=1, routed)           0.026     9.633    u_soc/g_dcache.u_dcache/u_snoopy_bus/same_line_return_inferred__9/i__carry_n_0
    SLICE_X82Y322        CARRY8 (Prop_CARRY8_SLICEL_CI_CO[1])
                                                      0.042     9.675 f  u_soc/g_dcache.u_dcache/u_snoopy_bus/same_line_return_inferred__9/i__carry__0/CO[1]
                         net (fo=1, routed)           0.599    10.274    u_soc/g_dcache.u_dcache/u_snoopy_bus/u_inv_arb/i___55__2_1[0]
    SLICE_X84Y322        LUT5 (Prop_C5LUT_SLICEM_I1_O)
                                                      0.137    10.411 f  u_soc/g_dcache.u_dcache/u_snoopy_bus/u_inv_arb/i___55__2_i_1__2/O
                         net (fo=1, routed)           0.725    11.136    u_soc/g_dcache.u_dcache/g_dcu[1].u_dcu/s2_valid_q_reg_0
    SLICE_X84Y322        LUT5 (Prop_D5LUT_SLICEM_I3_O)
                                                      0.135    11.271 r  u_soc/g_dcache.u_dcache/g_dcu[1].u_dcu/i___55__2/O
                         net (fo=5, routed)           0.209    11.481    u_soc/g_dcache.u_dcache/g_dcu[1].u_dcu/u_tag_ram/snp_gnt[0]
    SLICE_X84Y319        LUT6 (Prop_G6LUT_SLICEM_I3_O)
                                                      0.150    11.631 f  u_soc/g_dcache.u_dcache/g_dcu[1].u_dcu/u_tag_ram/s1_req_q[1]_i_3__0/O
                         net (fo=36, routed)          0.745    12.376    u_soc/g_dcache.u_dcache/g_dcu[1].u_dcu/u_tag_ram/s1_req_q[1]_i_3__0_n_0
    SLICE_X79Y318        LUT3 (Prop_D6LUT_SLICEM_I0_O)
                                                      0.099    12.475 r  u_soc/g_dcache.u_dcache/g_dcu[1].u_dcu/u_tag_ram/i___104_i_2/O
                         net (fo=1, routed)           0.389    12.864    u_soc/g_pe[1].u_pe/u_core/core_i/id_stage_i/dcu_gnt[0]
    SLICE_X78Y318        LUT6 (Prop_B6LUT_SLICEM_I0_O)
                                                      0.052    12.916 r  u_soc/g_pe[1].u_pe/u_core/core_i/id_stage_i/i___104_i_1__0/O
                         net (fo=11, routed)          1.157    14.073    u_soc/g_pe[1].u_pe/u_core/core_i/id_stage_i/controller_i/i___32_i_4__0_0
    SLICE_X71Y306        LUT5 (Prop_G6LUT_SLICEM_I0_O)
                                                      0.100    14.173 r  u_soc/g_pe[1].u_pe/u_core/core_i/id_stage_i/controller_i/i___32_i_5__0/O
                         net (fo=1, routed)           0.145    14.318    u_soc/g_pe[1].u_pe/u_core/core_i/id_stage_i/controller_i/lsu_ready_ex
    SLICE_X71Y304        LUT6 (Prop_C6LUT_SLICEM_I1_O)
                                                      0.037    14.355 r  u_soc/g_pe[1].u_pe/u_core/core_i/id_stage_i/controller_i/i___32_i_4__0/O
                         net (fo=1, routed)           0.407    14.762    u_soc/g_pe[1].u_pe/u_core/core_i/ex_stage_i/mult_i/regfile_waddr_lsu[4]_i_2__0
    SLICE_X71Y292        LUT6 (Prop_C6LUT_SLICEM_I2_O)
                                                      0.123    14.885 r  u_soc/g_pe[1].u_pe/u_core/core_i/ex_stage_i/mult_i/i___32_i_3__0/O
                         net (fo=2, routed)           0.095    14.980    u_soc/g_pe[1].u_pe/u_core/core_i/ex_stage_i/mult_i/ex_valid_o03_out
    SLICE_X71Y291        LUT2 (Prop_F6LUT_SLICEM_I0_O)
                                                      0.037    15.017 r  u_soc/g_pe[1].u_pe/u_core/core_i/ex_stage_i/mult_i/i___32_i_2__0/O
                         net (fo=13, routed)          0.762    15.779    u_soc/g_pe[1].u_pe/u_core/ex_ready
    SLICE_X68Y290        LUT5 (Prop_A6LUT_SLICEL_I3_O)
                                                      0.050    15.829 r  u_soc/g_pe[1].u_pe/u_core/i___178/O
                         net (fo=13, routed)          1.060    16.889    u_soc/g_pe[1].u_pe/u_core/core_i/if_stage_i/prefetch_buffer_i/fifo_i/id_ready
    SLICE_X71Y285        LUT6 (Prop_E6LUT_SLICEM_I3_O)
                                                      0.037    16.926 r  u_soc/g_pe[1].u_pe/u_core/core_i/if_stage_i/prefetch_buffer_i/fifo_i/state[1]_i_3__0/O
                         net (fo=4, routed)           1.769    18.694    u_soc/g_pe[1].u_pe/u_core/core_i/if_stage_i/prefetch_buffer_i/fifo_i/status_cnt_q_reg[1]_9
    SLICE_X70Y285        LUT4 (Prop_A5LUT_SLICEM_I0_O)
                                                      0.070    18.764 r  u_soc/g_pe[1].u_pe/u_core/core_i/if_stage_i/prefetch_buffer_i/fifo_i/instr_rdata_id_o[31]_i_1__0/O
                         net (fo=68, routed)          1.631    20.395    u_soc/g_pe[1].u_pe/u_core/core_i/if_stage_i/instr_valid_id_o0
    SLICE_X68Y282        FDCE                                         r  u_soc/g_pe[1].u_pe/u_core/core_i/if_stage_i/instr_rdata_id_o_reg[23]/CE
  -------------------------------------------------------------------    -------------------

                         (clock clk rise edge)       16.665    16.665 r  
    AH18                                              0.000    16.665 r  clk300_p_i (IN)
                         net (fo=0)                   0.079    16.744    u_ibufds/I
    HPIOBDIFFINBUF_X1Y36 DIFFINBUF (Prop_DIFFINBUF_HPIOBDIFFINBUF_DIFF_IN_P_O)
                                                      0.429    17.173 r  u_ibufds/DIFFINBUF_INST/O
                         net (fo=1, routed)           0.040    17.213    u_ibufds/OUT
    AH18                 IBUFCTRL (Prop_IBUFCTRL_HPIOB_M_I_O)
                                                      0.000    17.213 r  u_ibufds/IBUFCTRL_INST/O
                         net (fo=1, routed)           0.286    17.499    clk_ref
    BUFGCE_DIV_X1Y7      BUFGCE_DIV (Prop_BUFGCE_DIV_I_O)
                                                      0.132    17.631 r  u_bufgce_div/O
                         net (fo=7018, routed)        2.032    19.663    u_soc/g_pe[1].u_pe/u_core/core_i/sleep_unit_i/core_clock_gate_i/clk
    BUFGCE_X0Y143        BUFGCE (Prop_BUFCE_BUFGCE_I_O)
                                                      0.024    19.687 r  u_soc/g_pe[1].u_pe/u_core/core_i/sleep_unit_i/core_clock_gate_i/u_bufgce/O
    X1Y4 (CLOCK_ROOT)    net (fo=2099, routed)        1.815    21.502    u_soc/g_pe[1].u_pe/u_core/core_i/if_stage_i/clk_0
    SLICE_X68Y282        FDCE                                         r  u_soc/g_pe[1].u_pe/u_core/core_i/if_stage_i/instr_rdata_id_o_reg[23]/C
                         clock pessimism              0.263    21.765    
                         clock uncertainty           -0.035    21.730    
    SLICE_X68Y282        FDCE (Setup_DFF_SLICEL_C_CE)
                                                     -0.060    21.670    u_soc/g_pe[1].u_pe/u_core/core_i/if_stage_i/instr_rdata_id_o_reg[23]
  -------------------------------------------------------------------
                         required time                         21.670    
                         arrival time                         -20.395    
  -------------------------------------------------------------------
                         slack                                  1.275    

Slack (MET) :             1.275ns  (required time - arrival time)
  Source:                 u_soc/g_dcache.u_dcache/g_dcu[2].u_dcu/s2_addr_q_reg[4]/C
                            (rising edge-triggered cell FDCE clocked by clk  {rise@0.000ns fall@6.666ns period=16.665ns})
  Destination:            u_soc/g_pe[1].u_pe/u_core/core_i/if_stage_i/instr_rdata_id_o_reg[29]/CE
                            (rising edge-triggered cell FDCE clocked by clk  {rise@0.000ns fall@6.666ns period=16.665ns})
  Path Group:             clk
  Path Type:              Setup (Max at Slow Process Corner)
  Requirement:            16.665ns  (clk rise@16.665ns - clk rise@0.000ns)
  Data Path Delay:        16.718ns  (logic 2.228ns (13.327%)  route 14.490ns (86.673%))
  Logic Levels:           24  (CARRY8=4 LUT2=2 LUT3=1 LUT4=3 LUT5=5 LUT6=9)
  Clock Path Skew:        1.424ns (DCD - SCD + CPR)
    Destination Clock Delay (DCD):    4.837ns = ( 21.502 - 16.665 ) 
    Source Clock Delay      (SCD):    3.677ns
    Clock Pessimism Removal (CPR):    0.263ns
  Clock Uncertainty:      0.035ns  ((TSJ^2 + TIJ^2)^1/2 + DJ) / 2 + PE
    Total System Jitter     (TSJ):    0.071ns
    Total Input Jitter      (TIJ):    0.000ns
    Discrete Jitter          (DJ):    0.000ns
    Phase Error              (PE):    0.000ns
  Clock Net Delay (Source):      2.527ns (routing 1.007ns, distribution 1.520ns)
  Clock Net Delay (Destination): 1.815ns (routing 1.010ns, distribution 0.805ns)

    Location             Delay type                Incr(ns)  Path(ns)    Netlist Resource(s)
  -------------------------------------------------------------------    -------------------
                         (clock clk rise edge)        0.000     0.000 r  
    AH18                                              0.000     0.000 r  clk300_p_i (IN)
                         net (fo=0)                   0.100     0.100    u_ibufds/I
    HPIOBDIFFINBUF_X1Y36 DIFFINBUF (Prop_DIFFINBUF_HPIOBDIFFINBUF_DIFF_IN_P_O)
                                                      0.525     0.625 r  u_ibufds/DIFFINBUF_INST/O
                         net (fo=1, routed)           0.050     0.675    u_ibufds/OUT
    AH18                 IBUFCTRL (Prop_IBUFCTRL_HPIOB_M_I_O)
                                                      0.000     0.675 r  u_ibufds/IBUFCTRL_INST/O
                         net (fo=1, routed)           0.322     0.997    clk_ref
    BUFGCE_DIV_X1Y7      BUFGCE_DIV (Prop_BUFGCE_DIV_I_O)
                                                      0.152     1.149 r  u_bufgce_div/O
    X1Y3 (CLOCK_ROOT)    net (fo=7018, routed)        2.527     3.677    u_soc/g_dcache.u_dcache/g_dcu[2].u_dcu/clk
    SLICE_X100Y328       FDCE                                         r  u_soc/g_dcache.u_dcache/g_dcu[2].u_dcu/s2_addr_q_reg[4]/C
  -------------------------------------------------------------------    -------------------
    SLICE_X100Y328       FDCE (Prop_EFF_SLICEL_C_Q)
                                                      0.079     3.756 r  u_soc/g_dcache.u_dcache/g_dcu[2].u_dcu/s2_addr_q_reg[4]/Q
                         net (fo=6, routed)           0.966     4.721    u_soc/g_dcache.u_dcache/g_dcu[2].u_dcu/s2_addr_q_reg[31]_0[4]
    SLICE_X86Y324        LUT6 (Prop_A6LUT_SLICEM_I5_O)
                                                      0.150     4.871 r  u_soc/g_dcache.u_dcache/g_dcu[2].u_dcu/i__carry_i_8__6/O
                         net (fo=1, routed)           0.013     4.884    u_soc/g_dcache.u_dcache/u_snoopy_bus/same_line_return_inferred__4/i__carry__0_0[0]
    SLICE_X86Y324        CARRY8 (Prop_CARRY8_SLICEM_S[0]_CO[7])
                                                      0.192     5.076 r  u_soc/g_dcache.u_dcache/u_snoopy_bus/same_line_return_inferred__4/i__carry/CO[7]
                         net (fo=1, routed)           0.026     5.102    u_soc/g_dcache.u_dcache/u_snoopy_bus/same_line_return_inferred__4/i__carry_n_0
    SLICE_X86Y325        CARRY8 (Prop_CARRY8_SLICEM_CI_CO[1])
                                                      0.042     5.144 r  u_soc/g_dcache.u_dcache/u_snoopy_bus/same_line_return_inferred__4/i__carry__0/CO[1]
                         net (fo=1, routed)           0.235     5.379    u_soc/g_dcache.u_dcache/u_snoopy_bus/same_line_return31_out
    SLICE_X86Y322        LUT6 (Prop_H6LUT_SLICEM_I1_O)
                                                      0.125     5.504 r  u_soc/g_dcache.u_dcache/u_snoopy_bus/i___55__0_i_1/O
                         net (fo=2, routed)           0.400     5.905    u_soc/g_dcache.u_dcache/g_dcu[0].u_dcu/ptr_q_reg[0]
    SLICE_X87Y314        LUT4 (Prop_D5LUT_SLICEL_I3_O)
                                                      0.066     5.971 f  u_soc/g_dcache.u_dcache/g_dcu[0].u_dcu/i___55__0/O
                         net (fo=8, routed)           0.920     6.890    u_soc/g_dcache.u_dcache/u_snoopy_bus/u_inv_arb/ptr_q_reg[1]_7
    SLICE_X84Y321        LUT6 (Prop_G6LUT_SLICEM_I2_O)
                                                      0.052     6.942 f  u_soc/g_dcache.u_dcache/u_snoopy_bus/u_inv_arb/ptr_q[1]_i_4/O
                         net (fo=21, routed)          0.624     7.566    u_soc/g_dcache.u_dcache/u_snoopy_bus/u_inv_arb/ptr_q[1]_i_4_n_0
    SLICE_X83Y315        LUT2 (Prop_H5LUT_SLICEM_I0_O)
                                                      0.096     7.662 f  u_soc/g_dcache.u_dcache/u_snoopy_bus/u_inv_arb/i___36_i_2/O
                         net (fo=57, routed)          0.872     8.534    u_soc/g_dcache.u_dcache/u_snoopy_bus/u_inv_arb/ptr_q_reg[0]_0
    SLICE_X81Y323        LUT4 (Prop_E6LUT_SLICEM_I0_O)
                                                      0.100     8.634 r  u_soc/g_dcache.u_dcache/u_snoopy_bus/u_inv_arb/i__carry_i_40/O
                         net (fo=1, routed)           0.224     8.858    u_soc/g_dcache.u_dcache/u_snoopy_bus/u_inv_arb/i__carry_i_40_n_0
    SLICE_X81Y323        LUT5 (Prop_H6LUT_SLICEM_I4_O)
                                                      0.053     8.911 f  u_soc/g_dcache.u_dcache/u_snoopy_bus/u_inv_arb/i__carry_i_20/O
                         net (fo=8, routed)           0.485     9.396    u_soc/g_dcache.u_dcache/u_snoopy_bus/u_inv_arb/i__carry_i_20_n_0
    SLICE_X82Y321        LUT6 (Prop_E6LUT_SLICEL_I3_O)
                                                      0.051     9.447 r  u_soc/g_dcache.u_dcache/u_snoopy_bus/u_inv_arb/i__carry_i_4/O
                         net (fo=1, routed)           0.007     9.454    u_soc/g_dcache.u_dcache/u_snoopy_bus/u_inv_arb_n_189
    SLICE_X82Y321        CARRY8 (Prop_CARRY8_SLICEL_S[4]_CO[7])
                                                      0.153     9.607 f  u_soc/g_dcache.u_dcache/u_snoopy_bus/same_line_return_inferred__9/i__carry/CO[7]
                         net (fo=1, routed)           0.026     9.633    u_soc/g_dcache.u_dcache/u_snoopy_bus/same_line_return_inferred__9/i__carry_n_0
    SLICE_X82Y322        CARRY8 (Prop_CARRY8_SLICEL_CI_CO[1])
                                                      0.042     9.675 f  u_soc/g_dcache.u_dcache/u_snoopy_bus/same_line_return_inferred__9/i__carry__0/CO[1]
                         net (fo=1, routed)           0.599    10.274    u_soc/g_dcache.u_dcache/u_snoopy_bus/u_inv_arb/i___55__2_1[0]
    SLICE_X84Y322        LUT5 (Prop_C5LUT_SLICEM_I1_O)
                                                      0.137    10.411 f  u_soc/g_dcache.u_dcache/u_snoopy_bus/u_inv_arb/i___55__2_i_1__2/O
                         net (fo=1, routed)           0.725    11.136    u_soc/g_dcache.u_dcache/g_dcu[1].u_dcu/s2_valid_q_reg_0
    SLICE_X84Y322        LUT5 (Prop_D5LUT_SLICEM_I3_O)
                                                      0.135    11.271 r  u_soc/g_dcache.u_dcache/g_dcu[1].u_dcu/i___55__2/O
                         net (fo=5, routed)           0.209    11.481    u_soc/g_dcache.u_dcache/g_dcu[1].u_dcu/u_tag_ram/snp_gnt[0]
    SLICE_X84Y319        LUT6 (Prop_G6LUT_SLICEM_I3_O)
                                                      0.150    11.631 f  u_soc/g_dcache.u_dcache/g_dcu[1].u_dcu/u_tag_ram/s1_req_q[1]_i_3__0/O
                         net (fo=36, routed)          0.745    12.376    u_soc/g_dcache.u_dcache/g_dcu[1].u_dcu/u_tag_ram/s1_req_q[1]_i_3__0_n_0
    SLICE_X79Y318        LUT3 (Prop_D6LUT_SLICEM_I0_O)
                                                      0.099    12.475 r  u_soc/g_dcache.u_dcache/g_dcu[1].u_dcu/u_tag_ram/i___104_i_2/O
                         net (fo=1, routed)           0.389    12.864    u_soc/g_pe[1].u_pe/u_core/core_i/id_stage_i/dcu_gnt[0]
    SLICE_X78Y318        LUT6 (Prop_B6LUT_SLICEM_I0_O)
                                                      0.052    12.916 r  u_soc/g_pe[1].u_pe/u_core/core_i/id_stage_i/i___104_i_1__0/O
                         net (fo=11, routed)          1.157    14.073    u_soc/g_pe[1].u_pe/u_core/core_i/id_stage_i/controller_i/i___32_i_4__0_0
    SLICE_X71Y306        LUT5 (Prop_G6LUT_SLICEM_I0_O)
                                                      0.100    14.173 r  u_soc/g_pe[1].u_pe/u_core/core_i/id_stage_i/controller_i/i___32_i_5__0/O
                         net (fo=1, routed)           0.145    14.318    u_soc/g_pe[1].u_pe/u_core/core_i/id_stage_i/controller_i/lsu_ready_ex
    SLICE_X71Y304        LUT6 (Prop_C6LUT_SLICEM_I1_O)
                                                      0.037    14.355 r  u_soc/g_pe[1].u_pe/u_core/core_i/id_stage_i/controller_i/i___32_i_4__0/O
                         net (fo=1, routed)           0.407    14.762    u_soc/g_pe[1].u_pe/u_core/core_i/ex_stage_i/mult_i/regfile_waddr_lsu[4]_i_2__0
    SLICE_X71Y292        LUT6 (Prop_C6LUT_SLICEM_I2_O)
                                                      0.123    14.885 r  u_soc/g_pe[1].u_pe/u_core/core_i/ex_stage_i/mult_i/i___32_i_3__0/O
                         net (fo=2, routed)           0.095    14.980    u_soc/g_pe[1].u_pe/u_core/core_i/ex_stage_i/mult_i/ex_valid_o03_out
    SLICE_X71Y291        LUT2 (Prop_F6LUT_SLICEM_I0_O)
                                                      0.037    15.017 r  u_soc/g_pe[1].u_pe/u_core/core_i/ex_stage_i/mult_i/i___32_i_2__0/O
                         net (fo=13, routed)          0.762    15.779    u_soc/g_pe[1].u_pe/u_core/ex_ready
    SLICE_X68Y290        LUT5 (Prop_A6LUT_SLICEL_I3_O)
                                                      0.050    15.829 r  u_soc/g_pe[1].u_pe/u_core/i___178/O
                         net (fo=13, routed)          1.060    16.889    u_soc/g_pe[1].u_pe/u_core/core_i/if_stage_i/prefetch_buffer_i/fifo_i/id_ready
    SLICE_X71Y285        LUT6 (Prop_E6LUT_SLICEM_I3_O)
                                                      0.037    16.926 r  u_soc/g_pe[1].u_pe/u_core/core_i/if_stage_i/prefetch_buffer_i/fifo_i/state[1]_i_3__0/O
                         net (fo=4, routed)           1.769    18.694    u_soc/g_pe[1].u_pe/u_core/core_i/if_stage_i/prefetch_buffer_i/fifo_i/status_cnt_q_reg[1]_9
    SLICE_X70Y285        LUT4 (Prop_A5LUT_SLICEM_I0_O)
                                                      0.070    18.764 r  u_soc/g_pe[1].u_pe/u_core/core_i/if_stage_i/prefetch_buffer_i/fifo_i/instr_rdata_id_o[31]_i_1__0/O
                         net (fo=68, routed)          1.631    20.395    u_soc/g_pe[1].u_pe/u_core/core_i/if_stage_i/instr_valid_id_o0
    SLICE_X68Y282        FDCE                                         r  u_soc/g_pe[1].u_pe/u_core/core_i/if_stage_i/instr_rdata_id_o_reg[29]/CE
  -------------------------------------------------------------------    -------------------

                         (clock clk rise edge)       16.665    16.665 r  
    AH18                                              0.000    16.665 r  clk300_p_i (IN)
                         net (fo=0)                   0.079    16.744    u_ibufds/I
    HPIOBDIFFINBUF_X1Y36 DIFFINBUF (Prop_DIFFINBUF_HPIOBDIFFINBUF_DIFF_IN_P_O)
                                                      0.429    17.173 r  u_ibufds/DIFFINBUF_INST/O
                         net (fo=1, routed)           0.040    17.213    u_ibufds/OUT
    AH18                 IBUFCTRL (Prop_IBUFCTRL_HPIOB_M_I_O)
                                                      0.000    17.213 r  u_ibufds/IBUFCTRL_INST/O
                         net (fo=1, routed)           0.286    17.499    clk_ref
    BUFGCE_DIV_X1Y7      BUFGCE_DIV (Prop_BUFGCE_DIV_I_O)
                                                      0.132    17.631 r  u_bufgce_div/O
                         net (fo=7018, routed)        2.032    19.663    u_soc/g_pe[1].u_pe/u_core/core_i/sleep_unit_i/core_clock_gate_i/clk
    BUFGCE_X0Y143        BUFGCE (Prop_BUFCE_BUFGCE_I_O)
                                                      0.024    19.687 r  u_soc/g_pe[1].u_pe/u_core/core_i/sleep_unit_i/core_clock_gate_i/u_bufgce/O
    X1Y4 (CLOCK_ROOT)    net (fo=2099, routed)        1.815    21.502    u_soc/g_pe[1].u_pe/u_core/core_i/if_stage_i/clk_0
    SLICE_X68Y282        FDCE                                         r  u_soc/g_pe[1].u_pe/u_core/core_i/if_stage_i/instr_rdata_id_o_reg[29]/C
                         clock pessimism              0.263    21.765    
                         clock uncertainty           -0.035    21.730    
    SLICE_X68Y282        FDCE (Setup_AFF_SLICEL_C_CE)
                                                     -0.060    21.670    u_soc/g_pe[1].u_pe/u_core/core_i/if_stage_i/instr_rdata_id_o_reg[29]
  -------------------------------------------------------------------
                         required time                         21.670    
                         arrival time                         -20.395    
  -------------------------------------------------------------------
                         slack                                  1.275    

Slack (MET) :             1.280ns  (required time - arrival time)
  Source:                 u_soc/g_dcache.u_dcache/g_dcu[2].u_dcu/s2_addr_q_reg[4]/C
                            (rising edge-triggered cell FDCE clocked by clk  {rise@0.000ns fall@6.666ns period=16.665ns})
  Destination:            u_soc/g_pe[1].u_pe/u_core/core_i/if_stage_i/instr_rdata_id_o_reg[8]/CE
                            (rising edge-triggered cell FDCE clocked by clk  {rise@0.000ns fall@6.666ns period=16.665ns})
  Path Group:             clk
  Path Type:              Setup (Max at Slow Process Corner)
  Requirement:            16.665ns  (clk rise@16.665ns - clk rise@0.000ns)
  Data Path Delay:        16.709ns  (logic 2.228ns (13.334%)  route 14.481ns (86.666%))
  Logic Levels:           24  (CARRY8=4 LUT2=2 LUT3=1 LUT4=3 LUT5=5 LUT6=9)
  Clock Path Skew:        1.421ns (DCD - SCD + CPR)
    Destination Clock Delay (DCD):    4.834ns = ( 21.499 - 16.665 ) 
    Source Clock Delay      (SCD):    3.677ns
    Clock Pessimism Removal (CPR):    0.263ns
  Clock Uncertainty:      0.035ns  ((TSJ^2 + TIJ^2)^1/2 + DJ) / 2 + PE
    Total System Jitter     (TSJ):    0.071ns
    Total Input Jitter      (TIJ):    0.000ns
    Discrete Jitter          (DJ):    0.000ns
    Phase Error              (PE):    0.000ns
  Clock Net Delay (Source):      2.527ns (routing 1.007ns, distribution 1.520ns)
  Clock Net Delay (Destination): 1.812ns (routing 1.010ns, distribution 0.802ns)

    Location             Delay type                Incr(ns)  Path(ns)    Netlist Resource(s)
  -------------------------------------------------------------------    -------------------
                         (clock clk rise edge)        0.000     0.000 r  
    AH18                                              0.000     0.000 r  clk300_p_i (IN)
                         net (fo=0)                   0.100     0.100    u_ibufds/I
    HPIOBDIFFINBUF_X1Y36 DIFFINBUF (Prop_DIFFINBUF_HPIOBDIFFINBUF_DIFF_IN_P_O)
                                                      0.525     0.625 r  u_ibufds/DIFFINBUF_INST/O
                         net (fo=1, routed)           0.050     0.675    u_ibufds/OUT
    AH18                 IBUFCTRL (Prop_IBUFCTRL_HPIOB_M_I_O)
                                                      0.000     0.675 r  u_ibufds/IBUFCTRL_INST/O
                         net (fo=1, routed)           0.322     0.997    clk_ref
    BUFGCE_DIV_X1Y7      BUFGCE_DIV (Prop_BUFGCE_DIV_I_O)
                                                      0.152     1.149 r  u_bufgce_div/O
    X1Y3 (CLOCK_ROOT)    net (fo=7018, routed)        2.527     3.677    u_soc/g_dcache.u_dcache/g_dcu[2].u_dcu/clk
    SLICE_X100Y328       FDCE                                         r  u_soc/g_dcache.u_dcache/g_dcu[2].u_dcu/s2_addr_q_reg[4]/C
  -------------------------------------------------------------------    -------------------
    SLICE_X100Y328       FDCE (Prop_EFF_SLICEL_C_Q)
                                                      0.079     3.756 r  u_soc/g_dcache.u_dcache/g_dcu[2].u_dcu/s2_addr_q_reg[4]/Q
                         net (fo=6, routed)           0.966     4.721    u_soc/g_dcache.u_dcache/g_dcu[2].u_dcu/s2_addr_q_reg[31]_0[4]
    SLICE_X86Y324        LUT6 (Prop_A6LUT_SLICEM_I5_O)
                                                      0.150     4.871 r  u_soc/g_dcache.u_dcache/g_dcu[2].u_dcu/i__carry_i_8__6/O
                         net (fo=1, routed)           0.013     4.884    u_soc/g_dcache.u_dcache/u_snoopy_bus/same_line_return_inferred__4/i__carry__0_0[0]
    SLICE_X86Y324        CARRY8 (Prop_CARRY8_SLICEM_S[0]_CO[7])
                                                      0.192     5.076 r  u_soc/g_dcache.u_dcache/u_snoopy_bus/same_line_return_inferred__4/i__carry/CO[7]
                         net (fo=1, routed)           0.026     5.102    u_soc/g_dcache.u_dcache/u_snoopy_bus/same_line_return_inferred__4/i__carry_n_0
    SLICE_X86Y325        CARRY8 (Prop_CARRY8_SLICEM_CI_CO[1])
                                                      0.042     5.144 r  u_soc/g_dcache.u_dcache/u_snoopy_bus/same_line_return_inferred__4/i__carry__0/CO[1]
                         net (fo=1, routed)           0.235     5.379    u_soc/g_dcache.u_dcache/u_snoopy_bus/same_line_return31_out
    SLICE_X86Y322        LUT6 (Prop_H6LUT_SLICEM_I1_O)
                                                      0.125     5.504 r  u_soc/g_dcache.u_dcache/u_snoopy_bus/i___55__0_i_1/O
                         net (fo=2, routed)           0.400     5.905    u_soc/g_dcache.u_dcache/g_dcu[0].u_dcu/ptr_q_reg[0]
    SLICE_X87Y314        LUT4 (Prop_D5LUT_SLICEL_I3_O)
                                                      0.066     5.971 f  u_soc/g_dcache.u_dcache/g_dcu[0].u_dcu/i___55__0/O
                         net (fo=8, routed)           0.920     6.890    u_soc/g_dcache.u_dcache/u_snoopy_bus/u_inv_arb/ptr_q_reg[1]_7
    SLICE_X84Y321        LUT6 (Prop_G6LUT_SLICEM_I2_O)
                                                      0.052     6.942 f  u_soc/g_dcache.u_dcache/u_snoopy_bus/u_inv_arb/ptr_q[1]_i_4/O
                         net (fo=21, routed)          0.624     7.566    u_soc/g_dcache.u_dcache/u_snoopy_bus/u_inv_arb/ptr_q[1]_i_4_n_0
    SLICE_X83Y315        LUT2 (Prop_H5LUT_SLICEM_I0_O)
                                                      0.096     7.662 f  u_soc/g_dcache.u_dcache/u_snoopy_bus/u_inv_arb/i___36_i_2/O
                         net (fo=57, routed)          0.872     8.534    u_soc/g_dcache.u_dcache/u_snoopy_bus/u_inv_arb/ptr_q_reg[0]_0
    SLICE_X81Y323        LUT4 (Prop_E6LUT_SLICEM_I0_O)
                                                      0.100     8.634 r  u_soc/g_dcache.u_dcache/u_snoopy_bus/u_inv_arb/i__carry_i_40/O
                         net (fo=1, routed)           0.224     8.858    u_soc/g_dcache.u_dcache/u_snoopy_bus/u_inv_arb/i__carry_i_40_n_0
    SLICE_X81Y323        LUT5 (Prop_H6LUT_SLICEM_I4_O)
                                                      0.053     8.911 f  u_soc/g_dcache.u_dcache/u_snoopy_bus/u_inv_arb/i__carry_i_20/O
                         net (fo=8, routed)           0.485     9.396    u_soc/g_dcache.u_dcache/u_snoopy_bus/u_inv_arb/i__carry_i_20_n_0
    SLICE_X82Y321        LUT6 (Prop_E6LUT_SLICEL_I3_O)
                                                      0.051     9.447 r  u_soc/g_dcache.u_dcache/u_snoopy_bus/u_inv_arb/i__carry_i_4/O
                         net (fo=1, routed)           0.007     9.454    u_soc/g_dcache.u_dcache/u_snoopy_bus/u_inv_arb_n_189
    SLICE_X82Y321        CARRY8 (Prop_CARRY8_SLICEL_S[4]_CO[7])
                                                      0.153     9.607 f  u_soc/g_dcache.u_dcache/u_snoopy_bus/same_line_return_inferred__9/i__carry/CO[7]
                         net (fo=1, routed)           0.026     9.633    u_soc/g_dcache.u_dcache/u_snoopy_bus/same_line_return_inferred__9/i__carry_n_0
    SLICE_X82Y322        CARRY8 (Prop_CARRY8_SLICEL_CI_CO[1])
                                                      0.042     9.675 f  u_soc/g_dcache.u_dcache/u_snoopy_bus/same_line_return_inferred__9/i__carry__0/CO[1]
                         net (fo=1, routed)           0.599    10.274    u_soc/g_dcache.u_dcache/u_snoopy_bus/u_inv_arb/i___55__2_1[0]
    SLICE_X84Y322        LUT5 (Prop_C5LUT_SLICEM_I1_O)
                                                      0.137    10.411 f  u_soc/g_dcache.u_dcache/u_snoopy_bus/u_inv_arb/i___55__2_i_1__2/O
                         net (fo=1, routed)           0.725    11.136    u_soc/g_dcache.u_dcache/g_dcu[1].u_dcu/s2_valid_q_reg_0
    SLICE_X84Y322        LUT5 (Prop_D5LUT_SLICEM_I3_O)
                                                      0.135    11.271 r  u_soc/g_dcache.u_dcache/g_dcu[1].u_dcu/i___55__2/O
                         net (fo=5, routed)           0.209    11.481    u_soc/g_dcache.u_dcache/g_dcu[1].u_dcu/u_tag_ram/snp_gnt[0]
    SLICE_X84Y319        LUT6 (Prop_G6LUT_SLICEM_I3_O)
                                                      0.150    11.631 f  u_soc/g_dcache.u_dcache/g_dcu[1].u_dcu/u_tag_ram/s1_req_q[1]_i_3__0/O
                         net (fo=36, routed)          0.745    12.376    u_soc/g_dcache.u_dcache/g_dcu[1].u_dcu/u_tag_ram/s1_req_q[1]_i_3__0_n_0
    SLICE_X79Y318        LUT3 (Prop_D6LUT_SLICEM_I0_O)
                                                      0.099    12.475 r  u_soc/g_dcache.u_dcache/g_dcu[1].u_dcu/u_tag_ram/i___104_i_2/O
                         net (fo=1, routed)           0.389    12.864    u_soc/g_pe[1].u_pe/u_core/core_i/id_stage_i/dcu_gnt[0]
    SLICE_X78Y318        LUT6 (Prop_B6LUT_SLICEM_I0_O)
                                                      0.052    12.916 r  u_soc/g_pe[1].u_pe/u_core/core_i/id_stage_i/i___104_i_1__0/O
                         net (fo=11, routed)          1.157    14.073    u_soc/g_pe[1].u_pe/u_core/core_i/id_stage_i/controller_i/i___32_i_4__0_0
    SLICE_X71Y306        LUT5 (Prop_G6LUT_SLICEM_I0_O)
                                                      0.100    14.173 r  u_soc/g_pe[1].u_pe/u_core/core_i/id_stage_i/controller_i/i___32_i_5__0/O
                         net (fo=1, routed)           0.145    14.318    u_soc/g_pe[1].u_pe/u_core/core_i/id_stage_i/controller_i/lsu_ready_ex
    SLICE_X71Y304        LUT6 (Prop_C6LUT_SLICEM_I1_O)
                                                      0.037    14.355 r  u_soc/g_pe[1].u_pe/u_core/core_i/id_stage_i/controller_i/i___32_i_4__0/O
                         net (fo=1, routed)           0.407    14.762    u_soc/g_pe[1].u_pe/u_core/core_i/ex_stage_i/mult_i/regfile_waddr_lsu[4]_i_2__0
    SLICE_X71Y292        LUT6 (Prop_C6LUT_SLICEM_I2_O)
                                                      0.123    14.885 r  u_soc/g_pe[1].u_pe/u_core/core_i/ex_stage_i/mult_i/i___32_i_3__0/O
                         net (fo=2, routed)           0.095    14.980    u_soc/g_pe[1].u_pe/u_core/core_i/ex_stage_i/mult_i/ex_valid_o03_out
    SLICE_X71Y291        LUT2 (Prop_F6LUT_SLICEM_I0_O)
                                                      0.037    15.017 r  u_soc/g_pe[1].u_pe/u_core/core_i/ex_stage_i/mult_i/i___32_i_2__0/O
                         net (fo=13, routed)          0.762    15.779    u_soc/g_pe[1].u_pe/u_core/ex_ready
    SLICE_X68Y290        LUT5 (Prop_A6LUT_SLICEL_I3_O)
                                                      0.050    15.829 r  u_soc/g_pe[1].u_pe/u_core/i___178/O
                         net (fo=13, routed)          1.060    16.889    u_soc/g_pe[1].u_pe/u_core/core_i/if_stage_i/prefetch_buffer_i/fifo_i/id_ready
    SLICE_X71Y285        LUT6 (Prop_E6LUT_SLICEM_I3_O)
                                                      0.037    16.926 r  u_soc/g_pe[1].u_pe/u_core/core_i/if_stage_i/prefetch_buffer_i/fifo_i/state[1]_i_3__0/O
                         net (fo=4, routed)           1.769    18.694    u_soc/g_pe[1].u_pe/u_core/core_i/if_stage_i/prefetch_buffer_i/fifo_i/status_cnt_q_reg[1]_9
    SLICE_X70Y285        LUT4 (Prop_A5LUT_SLICEM_I0_O)
                                                      0.070    18.764 r  u_soc/g_pe[1].u_pe/u_core/core_i/if_stage_i/prefetch_buffer_i/fifo_i/instr_rdata_id_o[31]_i_1__0/O
                         net (fo=68, routed)          1.622    20.386    u_soc/g_pe[1].u_pe/u_core/core_i/if_stage_i/instr_valid_id_o0
    SLICE_X67Y280        FDCE                                         r  u_soc/g_pe[1].u_pe/u_core/core_i/if_stage_i/instr_rdata_id_o_reg[8]/CE
  -------------------------------------------------------------------    -------------------

                         (clock clk rise edge)       16.665    16.665 r  
    AH18                                              0.000    16.665 r  clk300_p_i (IN)
                         net (fo=0)                   0.079    16.744    u_ibufds/I
    HPIOBDIFFINBUF_X1Y36 DIFFINBUF (Prop_DIFFINBUF_HPIOBDIFFINBUF_DIFF_IN_P_O)
                                                      0.429    17.173 r  u_ibufds/DIFFINBUF_INST/O
                         net (fo=1, routed)           0.040    17.213    u_ibufds/OUT
    AH18                 IBUFCTRL (Prop_IBUFCTRL_HPIOB_M_I_O)
                                                      0.000    17.213 r  u_ibufds/IBUFCTRL_INST/O
                         net (fo=1, routed)           0.286    17.499    clk_ref
    BUFGCE_DIV_X1Y7      BUFGCE_DIV (Prop_BUFGCE_DIV_I_O)
                                                      0.132    17.631 r  u_bufgce_div/O
                         net (fo=7018, routed)        2.032    19.663    u_soc/g_pe[1].u_pe/u_core/core_i/sleep_unit_i/core_clock_gate_i/clk
    BUFGCE_X0Y143        BUFGCE (Prop_BUFCE_BUFGCE_I_O)
                                                      0.024    19.687 r  u_soc/g_pe[1].u_pe/u_core/core_i/sleep_unit_i/core_clock_gate_i/u_bufgce/O
    X1Y4 (CLOCK_ROOT)    net (fo=2099, routed)        1.812    21.499    u_soc/g_pe[1].u_pe/u_core/core_i/if_stage_i/clk_0
    SLICE_X67Y280        FDCE                                         r  u_soc/g_pe[1].u_pe/u_core/core_i/if_stage_i/instr_rdata_id_o_reg[8]/C
                         clock pessimism              0.263    21.763    
                         clock uncertainty           -0.035    21.727    
    SLICE_X67Y280        FDCE (Setup_BFF_SLICEM_C_CE)
                                                     -0.061    21.666    u_soc/g_pe[1].u_pe/u_core/core_i/if_stage_i/instr_rdata_id_o_reg[8]
  -------------------------------------------------------------------
                         required time                         21.666    
                         arrival time                         -20.386    
  -------------------------------------------------------------------
                         slack                                  1.280    

Slack (MET) :             1.282ns  (required time - arrival time)
  Source:                 u_soc/g_dcache.u_dcache/g_dcu[2].u_dcu/s2_addr_q_reg[4]/C
                            (rising edge-triggered cell FDCE clocked by clk  {rise@0.000ns fall@6.666ns period=16.665ns})
  Destination:            u_soc/g_pe[1].u_pe/u_core/core_i/if_stage_i/instr_rdata_id_o_reg[11]/CE
                            (rising edge-triggered cell FDCE clocked by clk  {rise@0.000ns fall@6.666ns period=16.665ns})
  Path Group:             clk
  Path Type:              Setup (Max at Slow Process Corner)
  Requirement:            16.665ns  (clk rise@16.665ns - clk rise@0.000ns)
  Data Path Delay:        16.704ns  (logic 2.228ns (13.338%)  route 14.476ns (86.662%))
  Logic Levels:           24  (CARRY8=4 LUT2=2 LUT3=1 LUT4=3 LUT5=5 LUT6=9)
  Clock Path Skew:        1.417ns (DCD - SCD + CPR)
    Destination Clock Delay (DCD):    4.830ns = ( 21.495 - 16.665 ) 
    Source Clock Delay      (SCD):    3.677ns
    Clock Pessimism Removal (CPR):    0.263ns
  Clock Uncertainty:      0.035ns  ((TSJ^2 + TIJ^2)^1/2 + DJ) / 2 + PE
    Total System Jitter     (TSJ):    0.071ns
    Total Input Jitter      (TIJ):    0.000ns
    Discrete Jitter          (DJ):    0.000ns
    Phase Error              (PE):    0.000ns
  Clock Net Delay (Source):      2.527ns (routing 1.007ns, distribution 1.520ns)
  Clock Net Delay (Destination): 1.808ns (routing 1.010ns, distribution 0.798ns)

    Location             Delay type                Incr(ns)  Path(ns)    Netlist Resource(s)
  -------------------------------------------------------------------    -------------------
                         (clock clk rise edge)        0.000     0.000 r  
    AH18                                              0.000     0.000 r  clk300_p_i (IN)
                         net (fo=0)                   0.100     0.100    u_ibufds/I
    HPIOBDIFFINBUF_X1Y36 DIFFINBUF (Prop_DIFFINBUF_HPIOBDIFFINBUF_DIFF_IN_P_O)
                                                      0.525     0.625 r  u_ibufds/DIFFINBUF_INST/O
                         net (fo=1, routed)           0.050     0.675    u_ibufds/OUT
    AH18                 IBUFCTRL (Prop_IBUFCTRL_HPIOB_M_I_O)
                                                      0.000     0.675 r  u_ibufds/IBUFCTRL_INST/O
                         net (fo=1, routed)           0.322     0.997    clk_ref
    BUFGCE_DIV_X1Y7      BUFGCE_DIV (Prop_BUFGCE_DIV_I_O)
                                                      0.152     1.149 r  u_bufgce_div/O
    X1Y3 (CLOCK_ROOT)    net (fo=7018, routed)        2.527     3.677    u_soc/g_dcache.u_dcache/g_dcu[2].u_dcu/clk
    SLICE_X100Y328       FDCE                                         r  u_soc/g_dcache.u_dcache/g_dcu[2].u_dcu/s2_addr_q_reg[4]/C
  -------------------------------------------------------------------    -------------------
    SLICE_X100Y328       FDCE (Prop_EFF_SLICEL_C_Q)
                                                      0.079     3.756 r  u_soc/g_dcache.u_dcache/g_dcu[2].u_dcu/s2_addr_q_reg[4]/Q
                         net (fo=6, routed)           0.966     4.721    u_soc/g_dcache.u_dcache/g_dcu[2].u_dcu/s2_addr_q_reg[31]_0[4]
    SLICE_X86Y324        LUT6 (Prop_A6LUT_SLICEM_I5_O)
                                                      0.150     4.871 r  u_soc/g_dcache.u_dcache/g_dcu[2].u_dcu/i__carry_i_8__6/O
                         net (fo=1, routed)           0.013     4.884    u_soc/g_dcache.u_dcache/u_snoopy_bus/same_line_return_inferred__4/i__carry__0_0[0]
    SLICE_X86Y324        CARRY8 (Prop_CARRY8_SLICEM_S[0]_CO[7])
                                                      0.192     5.076 r  u_soc/g_dcache.u_dcache/u_snoopy_bus/same_line_return_inferred__4/i__carry/CO[7]
                         net (fo=1, routed)           0.026     5.102    u_soc/g_dcache.u_dcache/u_snoopy_bus/same_line_return_inferred__4/i__carry_n_0
    SLICE_X86Y325        CARRY8 (Prop_CARRY8_SLICEM_CI_CO[1])
                                                      0.042     5.144 r  u_soc/g_dcache.u_dcache/u_snoopy_bus/same_line_return_inferred__4/i__carry__0/CO[1]
                         net (fo=1, routed)           0.235     5.379    u_soc/g_dcache.u_dcache/u_snoopy_bus/same_line_return31_out
    SLICE_X86Y322        LUT6 (Prop_H6LUT_SLICEM_I1_O)
                                                      0.125     5.504 r  u_soc/g_dcache.u_dcache/u_snoopy_bus/i___55__0_i_1/O
                         net (fo=2, routed)           0.400     5.905    u_soc/g_dcache.u_dcache/g_dcu[0].u_dcu/ptr_q_reg[0]
    SLICE_X87Y314        LUT4 (Prop_D5LUT_SLICEL_I3_O)
                                                      0.066     5.971 f  u_soc/g_dcache.u_dcache/g_dcu[0].u_dcu/i___55__0/O
                         net (fo=8, routed)           0.920     6.890    u_soc/g_dcache.u_dcache/u_snoopy_bus/u_inv_arb/ptr_q_reg[1]_7
    SLICE_X84Y321        LUT6 (Prop_G6LUT_SLICEM_I2_O)
                                                      0.052     6.942 f  u_soc/g_dcache.u_dcache/u_snoopy_bus/u_inv_arb/ptr_q[1]_i_4/O
                         net (fo=21, routed)          0.624     7.566    u_soc/g_dcache.u_dcache/u_snoopy_bus/u_inv_arb/ptr_q[1]_i_4_n_0
    SLICE_X83Y315        LUT2 (Prop_H5LUT_SLICEM_I0_O)
                                                      0.096     7.662 f  u_soc/g_dcache.u_dcache/u_snoopy_bus/u_inv_arb/i___36_i_2/O
                         net (fo=57, routed)          0.872     8.534    u_soc/g_dcache.u_dcache/u_snoopy_bus/u_inv_arb/ptr_q_reg[0]_0
    SLICE_X81Y323        LUT4 (Prop_E6LUT_SLICEM_I0_O)
                                                      0.100     8.634 r  u_soc/g_dcache.u_dcache/u_snoopy_bus/u_inv_arb/i__carry_i_40/O
                         net (fo=1, routed)           0.224     8.858    u_soc/g_dcache.u_dcache/u_snoopy_bus/u_inv_arb/i__carry_i_40_n_0
    SLICE_X81Y323        LUT5 (Prop_H6LUT_SLICEM_I4_O)
                                                      0.053     8.911 f  u_soc/g_dcache.u_dcache/u_snoopy_bus/u_inv_arb/i__carry_i_20/O
                         net (fo=8, routed)           0.485     9.396    u_soc/g_dcache.u_dcache/u_snoopy_bus/u_inv_arb/i__carry_i_20_n_0
    SLICE_X82Y321        LUT6 (Prop_E6LUT_SLICEL_I3_O)
                                                      0.051     9.447 r  u_soc/g_dcache.u_dcache/u_snoopy_bus/u_inv_arb/i__carry_i_4/O
                         net (fo=1, routed)           0.007     9.454    u_soc/g_dcache.u_dcache/u_snoopy_bus/u_inv_arb_n_189
    SLICE_X82Y321        CARRY8 (Prop_CARRY8_SLICEL_S[4]_CO[7])
                                                      0.153     9.607 f  u_soc/g_dcache.u_dcache/u_snoopy_bus/same_line_return_inferred__9/i__carry/CO[7]
                         net (fo=1, routed)           0.026     9.633    u_soc/g_dcache.u_dcache/u_snoopy_bus/same_line_return_inferred__9/i__carry_n_0
    SLICE_X82Y322        CARRY8 (Prop_CARRY8_SLICEL_CI_CO[1])
                                                      0.042     9.675 f  u_soc/g_dcache.u_dcache/u_snoopy_bus/same_line_return_inferred__9/i__carry__0/CO[1]
                         net (fo=1, routed)           0.599    10.274    u_soc/g_dcache.u_dcache/u_snoopy_bus/u_inv_arb/i___55__2_1[0]
    SLICE_X84Y322        LUT5 (Prop_C5LUT_SLICEM_I1_O)
                                                      0.137    10.411 f  u_soc/g_dcache.u_dcache/u_snoopy_bus/u_inv_arb/i___55__2_i_1__2/O
                         net (fo=1, routed)           0.725    11.136    u_soc/g_dcache.u_dcache/g_dcu[1].u_dcu/s2_valid_q_reg_0
    SLICE_X84Y322        LUT5 (Prop_D5LUT_SLICEM_I3_O)
                                                      0.135    11.271 r  u_soc/g_dcache.u_dcache/g_dcu[1].u_dcu/i___55__2/O
                         net (fo=5, routed)           0.209    11.481    u_soc/g_dcache.u_dcache/g_dcu[1].u_dcu/u_tag_ram/snp_gnt[0]
    SLICE_X84Y319        LUT6 (Prop_G6LUT_SLICEM_I3_O)
                                                      0.150    11.631 f  u_soc/g_dcache.u_dcache/g_dcu[1].u_dcu/u_tag_ram/s1_req_q[1]_i_3__0/O
                         net (fo=36, routed)          0.745    12.376    u_soc/g_dcache.u_dcache/g_dcu[1].u_dcu/u_tag_ram/s1_req_q[1]_i_3__0_n_0
    SLICE_X79Y318        LUT3 (Prop_D6LUT_SLICEM_I0_O)
                                                      0.099    12.475 r  u_soc/g_dcache.u_dcache/g_dcu[1].u_dcu/u_tag_ram/i___104_i_2/O
                         net (fo=1, routed)           0.389    12.864    u_soc/g_pe[1].u_pe/u_core/core_i/id_stage_i/dcu_gnt[0]
    SLICE_X78Y318        LUT6 (Prop_B6LUT_SLICEM_I0_O)
                                                      0.052    12.916 r  u_soc/g_pe[1].u_pe/u_core/core_i/id_stage_i/i___104_i_1__0/O
                         net (fo=11, routed)          1.157    14.073    u_soc/g_pe[1].u_pe/u_core/core_i/id_stage_i/controller_i/i___32_i_4__0_0
    SLICE_X71Y306        LUT5 (Prop_G6LUT_SLICEM_I0_O)
                                                      0.100    14.173 r  u_soc/g_pe[1].u_pe/u_core/core_i/id_stage_i/controller_i/i___32_i_5__0/O
                         net (fo=1, routed)           0.145    14.318    u_soc/g_pe[1].u_pe/u_core/core_i/id_stage_i/controller_i/lsu_ready_ex
    SLICE_X71Y304        LUT6 (Prop_C6LUT_SLICEM_I1_O)
                                                      0.037    14.355 r  u_soc/g_pe[1].u_pe/u_core/core_i/id_stage_i/controller_i/i___32_i_4__0/O
                         net (fo=1, routed)           0.407    14.762    u_soc/g_pe[1].u_pe/u_core/core_i/ex_stage_i/mult_i/regfile_waddr_lsu[4]_i_2__0
    SLICE_X71Y292        LUT6 (Prop_C6LUT_SLICEM_I2_O)
                                                      0.123    14.885 r  u_soc/g_pe[1].u_pe/u_core/core_i/ex_stage_i/mult_i/i___32_i_3__0/O
                         net (fo=2, routed)           0.095    14.980    u_soc/g_pe[1].u_pe/u_core/core_i/ex_stage_i/mult_i/ex_valid_o03_out
    SLICE_X71Y291        LUT2 (Prop_F6LUT_SLICEM_I0_O)
                                                      0.037    15.017 r  u_soc/g_pe[1].u_pe/u_core/core_i/ex_stage_i/mult_i/i___32_i_2__0/O
                         net (fo=13, routed)          0.762    15.779    u_soc/g_pe[1].u_pe/u_core/ex_ready
    SLICE_X68Y290        LUT5 (Prop_A6LUT_SLICEL_I3_O)
                                                      0.050    15.829 r  u_soc/g_pe[1].u_pe/u_core/i___178/O
                         net (fo=13, routed)          1.060    16.889    u_soc/g_pe[1].u_pe/u_core/core_i/if_stage_i/prefetch_buffer_i/fifo_i/id_ready
    SLICE_X71Y285        LUT6 (Prop_E6LUT_SLICEM_I3_O)
                                                      0.037    16.926 r  u_soc/g_pe[1].u_pe/u_core/core_i/if_stage_i/prefetch_buffer_i/fifo_i/state[1]_i_3__0/O
                         net (fo=4, routed)           1.769    18.694    u_soc/g_pe[1].u_pe/u_core/core_i/if_stage_i/prefetch_buffer_i/fifo_i/status_cnt_q_reg[1]_9
    SLICE_X70Y285        LUT4 (Prop_A5LUT_SLICEM_I0_O)
                                                      0.070    18.764 r  u_soc/g_pe[1].u_pe/u_core/core_i/if_stage_i/prefetch_buffer_i/fifo_i/instr_rdata_id_o[31]_i_1__0/O
                         net (fo=68, routed)          1.617    20.381    u_soc/g_pe[1].u_pe/u_core/core_i/if_stage_i/instr_valid_id_o0
    SLICE_X68Y280        FDCE                                         r  u_soc/g_pe[1].u_pe/u_core/core_i/if_stage_i/instr_rdata_id_o_reg[11]/CE
  -------------------------------------------------------------------    -------------------

                         (clock clk rise edge)       16.665    16.665 r  
    AH18                                              0.000    16.665 r  clk300_p_i (IN)
                         net (fo=0)                   0.079    16.744    u_ibufds/I
    HPIOBDIFFINBUF_X1Y36 DIFFINBUF (Prop_DIFFINBUF_HPIOBDIFFINBUF_DIFF_IN_P_O)
                                                      0.429    17.173 r  u_ibufds/DIFFINBUF_INST/O
                         net (fo=1, routed)           0.040    17.213    u_ibufds/OUT
    AH18                 IBUFCTRL (Prop_IBUFCTRL_HPIOB_M_I_O)
                                                      0.000    17.213 r  u_ibufds/IBUFCTRL_INST/O
                         net (fo=1, routed)           0.286    17.499    clk_ref
    BUFGCE_DIV_X1Y7      BUFGCE_DIV (Prop_BUFGCE_DIV_I_O)
                                                      0.132    17.631 r  u_bufgce_div/O
                         net (fo=7018, routed)        2.032    19.663    u_soc/g_pe[1].u_pe/u_core/core_i/sleep_unit_i/core_clock_gate_i/clk
    BUFGCE_X0Y143        BUFGCE (Prop_BUFCE_BUFGCE_I_O)
                                                      0.024    19.687 r  u_soc/g_pe[1].u_pe/u_core/core_i/sleep_unit_i/core_clock_gate_i/u_bufgce/O
    X1Y4 (CLOCK_ROOT)    net (fo=2099, routed)        1.808    21.495    u_soc/g_pe[1].u_pe/u_core/core_i/if_stage_i/clk_0
    SLICE_X68Y280        FDCE                                         r  u_soc/g_pe[1].u_pe/u_core/core_i/if_stage_i/instr_rdata_id_o_reg[11]/C
                         clock pessimism              0.263    21.759    
                         clock uncertainty           -0.035    21.723    
    SLICE_X68Y280        FDCE (Setup_CFF_SLICEL_C_CE)
                                                     -0.060    21.663    u_soc/g_pe[1].u_pe/u_core/core_i/if_stage_i/instr_rdata_id_o_reg[11]
  -------------------------------------------------------------------
                         required time                         21.663    
                         arrival time                         -20.381    
  -------------------------------------------------------------------
                         slack                                  1.282    

Slack (MET) :             1.282ns  (required time - arrival time)
  Source:                 u_soc/g_dcache.u_dcache/g_dcu[2].u_dcu/s2_addr_q_reg[4]/C
                            (rising edge-triggered cell FDCE clocked by clk  {rise@0.000ns fall@6.666ns period=16.665ns})
  Destination:            u_soc/g_pe[1].u_pe/u_core/core_i/if_stage_i/instr_rdata_id_o_reg[14]/CE
                            (rising edge-triggered cell FDCE clocked by clk  {rise@0.000ns fall@6.666ns period=16.665ns})
  Path Group:             clk
  Path Type:              Setup (Max at Slow Process Corner)
  Requirement:            16.665ns  (clk rise@16.665ns - clk rise@0.000ns)
  Data Path Delay:        16.704ns  (logic 2.228ns (13.338%)  route 14.476ns (86.662%))
  Logic Levels:           24  (CARRY8=4 LUT2=2 LUT3=1 LUT4=3 LUT5=5 LUT6=9)
  Clock Path Skew:        1.417ns (DCD - SCD + CPR)
    Destination Clock Delay (DCD):    4.830ns = ( 21.495 - 16.665 ) 
    Source Clock Delay      (SCD):    3.677ns
    Clock Pessimism Removal (CPR):    0.263ns
  Clock Uncertainty:      0.035ns  ((TSJ^2 + TIJ^2)^1/2 + DJ) / 2 + PE
    Total System Jitter     (TSJ):    0.071ns
    Total Input Jitter      (TIJ):    0.000ns
    Discrete Jitter          (DJ):    0.000ns
    Phase Error              (PE):    0.000ns
  Clock Net Delay (Source):      2.527ns (routing 1.007ns, distribution 1.520ns)
  Clock Net Delay (Destination): 1.808ns (routing 1.010ns, distribution 0.798ns)

    Location             Delay type                Incr(ns)  Path(ns)    Netlist Resource(s)
  -------------------------------------------------------------------    -------------------
                         (clock clk rise edge)        0.000     0.000 r  
    AH18                                              0.000     0.000 r  clk300_p_i (IN)
                         net (fo=0)                   0.100     0.100    u_ibufds/I
    HPIOBDIFFINBUF_X1Y36 DIFFINBUF (Prop_DIFFINBUF_HPIOBDIFFINBUF_DIFF_IN_P_O)
                                                      0.525     0.625 r  u_ibufds/DIFFINBUF_INST/O
                         net (fo=1, routed)           0.050     0.675    u_ibufds/OUT
    AH18                 IBUFCTRL (Prop_IBUFCTRL_HPIOB_M_I_O)
                                                      0.000     0.675 r  u_ibufds/IBUFCTRL_INST/O
                         net (fo=1, routed)           0.322     0.997    clk_ref
    BUFGCE_DIV_X1Y7      BUFGCE_DIV (Prop_BUFGCE_DIV_I_O)
                                                      0.152     1.149 r  u_bufgce_div/O
    X1Y3 (CLOCK_ROOT)    net (fo=7018, routed)        2.527     3.677    u_soc/g_dcache.u_dcache/g_dcu[2].u_dcu/clk
    SLICE_X100Y328       FDCE                                         r  u_soc/g_dcache.u_dcache/g_dcu[2].u_dcu/s2_addr_q_reg[4]/C
  -------------------------------------------------------------------    -------------------
    SLICE_X100Y328       FDCE (Prop_EFF_SLICEL_C_Q)
                                                      0.079     3.756 r  u_soc/g_dcache.u_dcache/g_dcu[2].u_dcu/s2_addr_q_reg[4]/Q
                         net (fo=6, routed)           0.966     4.721    u_soc/g_dcache.u_dcache/g_dcu[2].u_dcu/s2_addr_q_reg[31]_0[4]
    SLICE_X86Y324        LUT6 (Prop_A6LUT_SLICEM_I5_O)
                                                      0.150     4.871 r  u_soc/g_dcache.u_dcache/g_dcu[2].u_dcu/i__carry_i_8__6/O
                         net (fo=1, routed)           0.013     4.884    u_soc/g_dcache.u_dcache/u_snoopy_bus/same_line_return_inferred__4/i__carry__0_0[0]
    SLICE_X86Y324        CARRY8 (Prop_CARRY8_SLICEM_S[0]_CO[7])
                                                      0.192     5.076 r  u_soc/g_dcache.u_dcache/u_snoopy_bus/same_line_return_inferred__4/i__carry/CO[7]
                         net (fo=1, routed)           0.026     5.102    u_soc/g_dcache.u_dcache/u_snoopy_bus/same_line_return_inferred__4/i__carry_n_0
    SLICE_X86Y325        CARRY8 (Prop_CARRY8_SLICEM_CI_CO[1])
                                                      0.042     5.144 r  u_soc/g_dcache.u_dcache/u_snoopy_bus/same_line_return_inferred__4/i__carry__0/CO[1]
                         net (fo=1, routed)           0.235     5.379    u_soc/g_dcache.u_dcache/u_snoopy_bus/same_line_return31_out
    SLICE_X86Y322        LUT6 (Prop_H6LUT_SLICEM_I1_O)
                                                      0.125     5.504 r  u_soc/g_dcache.u_dcache/u_snoopy_bus/i___55__0_i_1/O
                         net (fo=2, routed)           0.400     5.905    u_soc/g_dcache.u_dcache/g_dcu[0].u_dcu/ptr_q_reg[0]
    SLICE_X87Y314        LUT4 (Prop_D5LUT_SLICEL_I3_O)
                                                      0.066     5.971 f  u_soc/g_dcache.u_dcache/g_dcu[0].u_dcu/i___55__0/O
                         net (fo=8, routed)           0.920     6.890    u_soc/g_dcache.u_dcache/u_snoopy_bus/u_inv_arb/ptr_q_reg[1]_7
    SLICE_X84Y321        LUT6 (Prop_G6LUT_SLICEM_I2_O)
                                                      0.052     6.942 f  u_soc/g_dcache.u_dcache/u_snoopy_bus/u_inv_arb/ptr_q[1]_i_4/O
                         net (fo=21, routed)          0.624     7.566    u_soc/g_dcache.u_dcache/u_snoopy_bus/u_inv_arb/ptr_q[1]_i_4_n_0
    SLICE_X83Y315        LUT2 (Prop_H5LUT_SLICEM_I0_O)
                                                      0.096     7.662 f  u_soc/g_dcache.u_dcache/u_snoopy_bus/u_inv_arb/i___36_i_2/O
                         net (fo=57, routed)          0.872     8.534    u_soc/g_dcache.u_dcache/u_snoopy_bus/u_inv_arb/ptr_q_reg[0]_0
    SLICE_X81Y323        LUT4 (Prop_E6LUT_SLICEM_I0_O)
                                                      0.100     8.634 r  u_soc/g_dcache.u_dcache/u_snoopy_bus/u_inv_arb/i__carry_i_40/O
                         net (fo=1, routed)           0.224     8.858    u_soc/g_dcache.u_dcache/u_snoopy_bus/u_inv_arb/i__carry_i_40_n_0
    SLICE_X81Y323        LUT5 (Prop_H6LUT_SLICEM_I4_O)
                                                      0.053     8.911 f  u_soc/g_dcache.u_dcache/u_snoopy_bus/u_inv_arb/i__carry_i_20/O
                         net (fo=8, routed)           0.485     9.396    u_soc/g_dcache.u_dcache/u_snoopy_bus/u_inv_arb/i__carry_i_20_n_0
    SLICE_X82Y321        LUT6 (Prop_E6LUT_SLICEL_I3_O)
                                                      0.051     9.447 r  u_soc/g_dcache.u_dcache/u_snoopy_bus/u_inv_arb/i__carry_i_4/O
                         net (fo=1, routed)           0.007     9.454    u_soc/g_dcache.u_dcache/u_snoopy_bus/u_inv_arb_n_189
    SLICE_X82Y321        CARRY8 (Prop_CARRY8_SLICEL_S[4]_CO[7])
                                                      0.153     9.607 f  u_soc/g_dcache.u_dcache/u_snoopy_bus/same_line_return_inferred__9/i__carry/CO[7]
                         net (fo=1, routed)           0.026     9.633    u_soc/g_dcache.u_dcache/u_snoopy_bus/same_line_return_inferred__9/i__carry_n_0
    SLICE_X82Y322        CARRY8 (Prop_CARRY8_SLICEL_CI_CO[1])
                                                      0.042     9.675 f  u_soc/g_dcache.u_dcache/u_snoopy_bus/same_line_return_inferred__9/i__carry__0/CO[1]
                         net (fo=1, routed)           0.599    10.274    u_soc/g_dcache.u_dcache/u_snoopy_bus/u_inv_arb/i___55__2_1[0]
    SLICE_X84Y322        LUT5 (Prop_C5LUT_SLICEM_I1_O)
                                                      0.137    10.411 f  u_soc/g_dcache.u_dcache/u_snoopy_bus/u_inv_arb/i___55__2_i_1__2/O
                         net (fo=1, routed)           0.725    11.136    u_soc/g_dcache.u_dcache/g_dcu[1].u_dcu/s2_valid_q_reg_0
    SLICE_X84Y322        LUT5 (Prop_D5LUT_SLICEM_I3_O)
                                                      0.135    11.271 r  u_soc/g_dcache.u_dcache/g_dcu[1].u_dcu/i___55__2/O
                         net (fo=5, routed)           0.209    11.481    u_soc/g_dcache.u_dcache/g_dcu[1].u_dcu/u_tag_ram/snp_gnt[0]
    SLICE_X84Y319        LUT6 (Prop_G6LUT_SLICEM_I3_O)
                                                      0.150    11.631 f  u_soc/g_dcache.u_dcache/g_dcu[1].u_dcu/u_tag_ram/s1_req_q[1]_i_3__0/O
                         net (fo=36, routed)          0.745    12.376    u_soc/g_dcache.u_dcache/g_dcu[1].u_dcu/u_tag_ram/s1_req_q[1]_i_3__0_n_0
    SLICE_X79Y318        LUT3 (Prop_D6LUT_SLICEM_I0_O)
                                                      0.099    12.475 r  u_soc/g_dcache.u_dcache/g_dcu[1].u_dcu/u_tag_ram/i___104_i_2/O
                         net (fo=1, routed)           0.389    12.864    u_soc/g_pe[1].u_pe/u_core/core_i/id_stage_i/dcu_gnt[0]
    SLICE_X78Y318        LUT6 (Prop_B6LUT_SLICEM_I0_O)
                                                      0.052    12.916 r  u_soc/g_pe[1].u_pe/u_core/core_i/id_stage_i/i___104_i_1__0/O
                         net (fo=11, routed)          1.157    14.073    u_soc/g_pe[1].u_pe/u_core/core_i/id_stage_i/controller_i/i___32_i_4__0_0
    SLICE_X71Y306        LUT5 (Prop_G6LUT_SLICEM_I0_O)
                                                      0.100    14.173 r  u_soc/g_pe[1].u_pe/u_core/core_i/id_stage_i/controller_i/i___32_i_5__0/O
                         net (fo=1, routed)           0.145    14.318    u_soc/g_pe[1].u_pe/u_core/core_i/id_stage_i/controller_i/lsu_ready_ex
    SLICE_X71Y304        LUT6 (Prop_C6LUT_SLICEM_I1_O)
                                                      0.037    14.355 r  u_soc/g_pe[1].u_pe/u_core/core_i/id_stage_i/controller_i/i___32_i_4__0/O
                         net (fo=1, routed)           0.407    14.762    u_soc/g_pe[1].u_pe/u_core/core_i/ex_stage_i/mult_i/regfile_waddr_lsu[4]_i_2__0
    SLICE_X71Y292        LUT6 (Prop_C6LUT_SLICEM_I2_O)
                                                      0.123    14.885 r  u_soc/g_pe[1].u_pe/u_core/core_i/ex_stage_i/mult_i/i___32_i_3__0/O
                         net (fo=2, routed)           0.095    14.980    u_soc/g_pe[1].u_pe/u_core/core_i/ex_stage_i/mult_i/ex_valid_o03_out
    SLICE_X71Y291        LUT2 (Prop_F6LUT_SLICEM_I0_O)
                                                      0.037    15.017 r  u_soc/g_pe[1].u_pe/u_core/core_i/ex_stage_i/mult_i/i___32_i_2__0/O
                         net (fo=13, routed)          0.762    15.779    u_soc/g_pe[1].u_pe/u_core/ex_ready
    SLICE_X68Y290        LUT5 (Prop_A6LUT_SLICEL_I3_O)
                                                      0.050    15.829 r  u_soc/g_pe[1].u_pe/u_core/i___178/O
                         net (fo=13, routed)          1.060    16.889    u_soc/g_pe[1].u_pe/u_core/core_i/if_stage_i/prefetch_buffer_i/fifo_i/id_ready
    SLICE_X71Y285        LUT6 (Prop_E6LUT_SLICEM_I3_O)
                                                      0.037    16.926 r  u_soc/g_pe[1].u_pe/u_core/core_i/if_stage_i/prefetch_buffer_i/fifo_i/state[1]_i_3__0/O
                         net (fo=4, routed)           1.769    18.694    u_soc/g_pe[1].u_pe/u_core/core_i/if_stage_i/prefetch_buffer_i/fifo_i/status_cnt_q_reg[1]_9
    SLICE_X70Y285        LUT4 (Prop_A5LUT_SLICEM_I0_O)
                                                      0.070    18.764 r  u_soc/g_pe[1].u_pe/u_core/core_i/if_stage_i/prefetch_buffer_i/fifo_i/instr_rdata_id_o[31]_i_1__0/O
                         net (fo=68, routed)          1.617    20.381    u_soc/g_pe[1].u_pe/u_core/core_i/if_stage_i/instr_valid_id_o0
    SLICE_X68Y280        FDCE                                         r  u_soc/g_pe[1].u_pe/u_core/core_i/if_stage_i/instr_rdata_id_o_reg[14]/CE
  -------------------------------------------------------------------    -------------------

                         (clock clk rise edge)       16.665    16.665 r  
    AH18                                              0.000    16.665 r  clk300_p_i (IN)
                         net (fo=0)                   0.079    16.744    u_ibufds/I
    HPIOBDIFFINBUF_X1Y36 DIFFINBUF (Prop_DIFFINBUF_HPIOBDIFFINBUF_DIFF_IN_P_O)
                                                      0.429    17.173 r  u_ibufds/DIFFINBUF_INST/O
                         net (fo=1, routed)           0.040    17.213    u_ibufds/OUT
    AH18                 IBUFCTRL (Prop_IBUFCTRL_HPIOB_M_I_O)
                                                      0.000    17.213 r  u_ibufds/IBUFCTRL_INST/O
                         net (fo=1, routed)           0.286    17.499    clk_ref
    BUFGCE_DIV_X1Y7      BUFGCE_DIV (Prop_BUFGCE_DIV_I_O)
                                                      0.132    17.631 r  u_bufgce_div/O
                         net (fo=7018, routed)        2.032    19.663    u_soc/g_pe[1].u_pe/u_core/core_i/sleep_unit_i/core_clock_gate_i/clk
    BUFGCE_X0Y143        BUFGCE (Prop_BUFCE_BUFGCE_I_O)
                                                      0.024    19.687 r  u_soc/g_pe[1].u_pe/u_core/core_i/sleep_unit_i/core_clock_gate_i/u_bufgce/O
    X1Y4 (CLOCK_ROOT)    net (fo=2099, routed)        1.808    21.495    u_soc/g_pe[1].u_pe/u_core/core_i/if_stage_i/clk_0
    SLICE_X68Y280        FDCE                                         r  u_soc/g_pe[1].u_pe/u_core/core_i/if_stage_i/instr_rdata_id_o_reg[14]/C
                         clock pessimism              0.263    21.759    
                         clock uncertainty           -0.035    21.723    
    SLICE_X68Y280        FDCE (Setup_BFF_SLICEL_C_CE)
                                                     -0.060    21.663    u_soc/g_pe[1].u_pe/u_core/core_i/if_stage_i/instr_rdata_id_o_reg[14]
  -------------------------------------------------------------------
                         required time                         21.663    
                         arrival time                         -20.381    
  -------------------------------------------------------------------
                         slack                                  1.282    





Min Delay Paths
--------------------------------------------------------------------------------------
Slack (MET) :             0.010ns  (arrival time - required time)
  Source:                 u_soc/g_dcache.u_dcache/g_dcu[3].u_dcu/s1_addr_q_reg[2]/C
                            (rising edge-triggered cell FDCE clocked by clk  {rise@0.000ns fall@6.666ns period=16.665ns})
  Destination:            u_soc/g_dcache.u_dcache/g_dcu[3].u_dcu/s2_addr_q_reg[2]/D
                            (rising edge-triggered cell FDCE clocked by clk  {rise@0.000ns fall@6.666ns period=16.665ns})
  Path Group:             clk
  Path Type:              Hold (Min at Slow Process Corner)
  Requirement:            0.000ns  (clk rise@0.000ns - clk rise@0.000ns)
  Data Path Delay:        0.177ns  (logic 0.059ns (33.257%)  route 0.118ns (66.743%))
  Logic Levels:           0  
  Clock Path Skew:        0.107ns (DCD - SCD - CPR)
    Destination Clock Delay (DCD):    3.606ns
    Source Clock Delay      (SCD):    3.143ns
    Clock Pessimism Removal (CPR):    0.356ns
  Clock Net Delay (Source):      2.177ns (routing 0.916ns, distribution 1.261ns)
  Clock Net Delay (Destination): 2.457ns (routing 1.007ns, distribution 1.450ns)

    Location             Delay type                Incr(ns)  Path(ns)    Netlist Resource(s)
  -------------------------------------------------------------------    -------------------
                         (clock clk rise edge)        0.000     0.000 r  
    AH18                                              0.000     0.000 r  clk300_p_i (IN)
                         net (fo=0)                   0.079     0.079    u_ibufds/I
    HPIOBDIFFINBUF_X1Y36 DIFFINBUF (Prop_DIFFINBUF_HPIOBDIFFINBUF_DIFF_IN_P_O)
                                                      0.429     0.508 r  u_ibufds/DIFFINBUF_INST/O
                         net (fo=1, routed)           0.040     0.548    u_ibufds/OUT
    AH18                 IBUFCTRL (Prop_IBUFCTRL_HPIOB_M_I_O)
                                                      0.000     0.548 r  u_ibufds/IBUFCTRL_INST/O
                         net (fo=1, routed)           0.286     0.834    clk_ref
    BUFGCE_DIV_X1Y7      BUFGCE_DIV (Prop_BUFGCE_DIV_I_O)
                                                      0.132     0.966 r  u_bufgce_div/O
    X1Y3 (CLOCK_ROOT)    net (fo=7018, routed)        2.177     3.143    u_soc/g_dcache.u_dcache/g_dcu[3].u_dcu/clk
    SLICE_X85Y314        FDCE                                         r  u_soc/g_dcache.u_dcache/g_dcu[3].u_dcu/s1_addr_q_reg[2]/C
  -------------------------------------------------------------------    -------------------
    SLICE_X85Y314        FDCE (Prop_DFF_SLICEL_C_Q)
                                                      0.059     3.202 r  u_soc/g_dcache.u_dcache/g_dcu[3].u_dcu/s1_addr_q_reg[2]/Q
                         net (fo=3, routed)           0.118     3.320    u_soc/g_dcache.u_dcache/g_dcu[3].u_dcu/s1_addr_q_reg[31]_0[2]
    SLICE_X87Y313        FDCE                                         r  u_soc/g_dcache.u_dcache/g_dcu[3].u_dcu/s2_addr_q_reg[2]/D
  -------------------------------------------------------------------    -------------------

                         (clock clk rise edge)        0.000     0.000 r  
    AH18                                              0.000     0.000 r  clk300_p_i (IN)
                         net (fo=0)                   0.100     0.100    u_ibufds/I
    HPIOBDIFFINBUF_X1Y36 DIFFINBUF (Prop_DIFFINBUF_HPIOBDIFFINBUF_DIFF_IN_P_O)
                                                      0.525     0.625 r  u_ibufds/DIFFINBUF_INST/O
                         net (fo=1, routed)           0.050     0.675    u_ibufds/OUT
    AH18                 IBUFCTRL (Prop_IBUFCTRL_HPIOB_M_I_O)
                                                      0.000     0.675 r  u_ibufds/IBUFCTRL_INST/O
                         net (fo=1, routed)           0.322     0.997    clk_ref
    BUFGCE_DIV_X1Y7      BUFGCE_DIV (Prop_BUFGCE_DIV_I_O)
                                                      0.152     1.149 r  u_bufgce_div/O
    X1Y3 (CLOCK_ROOT)    net (fo=7018, routed)        2.457     3.606    u_soc/g_dcache.u_dcache/g_dcu[3].u_dcu/clk
    SLICE_X87Y313        FDCE                                         r  u_soc/g_dcache.u_dcache/g_dcu[3].u_dcu/s2_addr_q_reg[2]/C
                         clock pessimism             -0.356     3.250    
    SLICE_X87Y313        FDCE (Hold_EFF_SLICEL_C_D)
                                                      0.060     3.310    u_soc/g_dcache.u_dcache/g_dcu[3].u_dcu/s2_addr_q_reg[2]
  -------------------------------------------------------------------
                         required time                         -3.310    
                         arrival time                           3.320    
  -------------------------------------------------------------------
                         slack                                  0.010    

Slack (MET) :             0.010ns  (arrival time - required time)
  Source:                 u_soc/g_pe[1].u_axi_ext/rdata_o_reg[2]/C
                            (rising edge-triggered cell FDCE clocked by clk  {rise@0.000ns fall@6.666ns period=16.665ns})
  Destination:            u_soc/g_pe[1].u_pe/u_core/core_i/load_store_unit_i/rdata_q_reg[2]/D
                            (rising edge-triggered cell FDCE clocked by clk  {rise@0.000ns fall@6.666ns period=16.665ns})
  Path Group:             clk
  Path Type:              Hold (Min at Slow Process Corner)
  Requirement:            0.000ns  (clk rise@0.000ns - clk rise@0.000ns)
  Data Path Delay:        2.282ns  (logic 0.186ns (8.150%)  route 2.096ns (91.850%))
  Logic Levels:           2  (LUT4=1 LUT5=1)
  Clock Path Skew:        2.212ns (DCD - SCD - CPR)
    Destination Clock Delay (DCD):    5.494ns
    Source Clock Delay      (SCD):    3.019ns
    Clock Pessimism Removal (CPR):    0.263ns
  Clock Net Delay (Source):      2.053ns (routing 0.916ns, distribution 1.137ns)
  Clock Net Delay (Destination): 2.083ns (routing 1.112ns, distribution 0.971ns)

    Location             Delay type                Incr(ns)  Path(ns)    Netlist Resource(s)
  -------------------------------------------------------------------    -------------------
                         (clock clk rise edge)        0.000     0.000 r  
    AH18                                              0.000     0.000 r  clk300_p_i (IN)
                         net (fo=0)                   0.079     0.079    u_ibufds/I
    HPIOBDIFFINBUF_X1Y36 DIFFINBUF (Prop_DIFFINBUF_HPIOBDIFFINBUF_DIFF_IN_P_O)
                                                      0.429     0.508 r  u_ibufds/DIFFINBUF_INST/O
                         net (fo=1, routed)           0.040     0.548    u_ibufds/OUT
    AH18                 IBUFCTRL (Prop_IBUFCTRL_HPIOB_M_I_O)
                                                      0.000     0.548 r  u_ibufds/IBUFCTRL_INST/O
                         net (fo=1, routed)           0.286     0.834    clk_ref
    BUFGCE_DIV_X1Y7      BUFGCE_DIV (Prop_BUFGCE_DIV_I_O)
                                                      0.132     0.966 r  u_bufgce_div/O
    X1Y3 (CLOCK_ROOT)    net (fo=7018, routed)        2.053     3.019    u_soc/g_pe[1].u_axi_ext/clk
    SLICE_X65Y318        FDCE                                         r  u_soc/g_pe[1].u_axi_ext/rdata_o_reg[2]/C
  -------------------------------------------------------------------    -------------------
    SLICE_X65Y318        FDCE (Prop_CFF_SLICEL_C_Q)
                                                      0.058     3.077 r  u_soc/g_pe[1].u_axi_ext/rdata_o_reg[2]/Q
                         net (fo=1, routed)           0.533     3.610    u_soc/g_pe[1].u_pe/u_data_bridge/u_router/rdata_q_reg[31][2]
    SLICE_X65Y318        LUT5 (Prop_E6LUT_SLICEL_I4_O)
                                                      0.035     3.645 r  u_soc/g_pe[1].u_pe/u_data_bridge/u_router/rdata_q[2]_i_2__0/O
                         net (fo=8, routed)           1.541     5.186    u_soc/g_pe[1].u_pe/u_core/core_i/id_stage_i/data_rdata[2]
    SLICE_X69Y318        LUT4 (Prop_D6LUT_SLICEL_I0_O)
                                                      0.093     5.279 r  u_soc/g_pe[1].u_pe/u_core/core_i/id_stage_i/rdata_q[2]_i_1__0/O
                         net (fo=1, routed)           0.022     5.301    u_soc/g_pe[1].u_pe/u_core/core_i/load_store_unit_i/rdata_q_reg[31]_5[2]
    SLICE_X69Y318        FDCE                                         r  u_soc/g_pe[1].u_pe/u_core/core_i/load_store_unit_i/rdata_q_reg[2]/D
  -------------------------------------------------------------------    -------------------

                         (clock clk rise edge)        0.000     0.000 r  
    AH18                                              0.000     0.000 r  clk300_p_i (IN)
                         net (fo=0)                   0.100     0.100    u_ibufds/I
    HPIOBDIFFINBUF_X1Y36 DIFFINBUF (Prop_DIFFINBUF_HPIOBDIFFINBUF_DIFF_IN_P_O)
                                                      0.525     0.625 r  u_ibufds/DIFFINBUF_INST/O
                         net (fo=1, routed)           0.050     0.675    u_ibufds/OUT
    AH18                 IBUFCTRL (Prop_IBUFCTRL_HPIOB_M_I_O)
                                                      0.000     0.675 r  u_ibufds/IBUFCTRL_INST/O
                         net (fo=1, routed)           0.322     0.997    clk_ref
    BUFGCE_DIV_X1Y7      BUFGCE_DIV (Prop_BUFGCE_DIV_I_O)
                                                      0.152     1.149 r  u_bufgce_div/O
                         net (fo=7018, routed)        2.234     3.383    u_soc/g_pe[1].u_pe/u_core/core_i/sleep_unit_i/core_clock_gate_i/clk
    BUFGCE_X0Y143        BUFGCE (Prop_BUFCE_BUFGCE_I_O)
                                                      0.028     3.411 r  u_soc/g_pe[1].u_pe/u_core/core_i/sleep_unit_i/core_clock_gate_i/u_bufgce/O
    X1Y4 (CLOCK_ROOT)    net (fo=2099, routed)        2.083     5.494    u_soc/g_pe[1].u_pe/u_core/core_i/load_store_unit_i/clk_0
    SLICE_X69Y318        FDCE                                         r  u_soc/g_pe[1].u_pe/u_core/core_i/load_store_unit_i/rdata_q_reg[2]/C
                         clock pessimism             -0.263     5.231    
    SLICE_X69Y318        FDCE (Hold_DFF_SLICEL_C_D)
                                                      0.060     5.291    u_soc/g_pe[1].u_pe/u_core/core_i/load_store_unit_i/rdata_q_reg[2]
  -------------------------------------------------------------------
                         required time                         -5.291    
                         arrival time                           5.301    
  -------------------------------------------------------------------
                         slack                                  0.010    

Slack (MET) :             0.011ns  (arrival time - required time)
  Source:                 u_soc/g_pe[1].u_axi_ext/rdata_o_reg[7]/C
                            (rising edge-triggered cell FDCE clocked by clk  {rise@0.000ns fall@6.666ns period=16.665ns})
  Destination:            u_soc/g_pe[1].u_pe/u_core/core_i/load_store_unit_i/rdata_q_reg[7]/D
                            (rising edge-triggered cell FDCE clocked by clk  {rise@0.000ns fall@6.666ns period=16.665ns})
  Path Group:             clk
  Path Type:              Hold (Min at Slow Process Corner)
  Requirement:            0.000ns  (clk rise@0.000ns - clk rise@0.000ns)
  Data Path Delay:        2.214ns  (logic 0.210ns (9.485%)  route 2.004ns (90.515%))
  Logic Levels:           2  (LUT4=1 LUT5=1)
  Clock Path Skew:        2.143ns (DCD - SCD - CPR)
    Destination Clock Delay (DCD):    5.521ns
    Source Clock Delay      (SCD):    3.114ns
    Clock Pessimism Removal (CPR):    0.263ns
  Clock Net Delay (Source):      2.148ns (routing 0.916ns, distribution 1.232ns)
  Clock Net Delay (Destination): 2.109ns (routing 1.112ns, distribution 0.997ns)

    Location             Delay type                Incr(ns)  Path(ns)    Netlist Resource(s)
  -------------------------------------------------------------------    -------------------
                         (clock clk rise edge)        0.000     0.000 r  
    AH18                                              0.000     0.000 r  clk300_p_i (IN)
                         net (fo=0)                   0.079     0.079    u_ibufds/I
    HPIOBDIFFINBUF_X1Y36 DIFFINBUF (Prop_DIFFINBUF_HPIOBDIFFINBUF_DIFF_IN_P_O)
                                                      0.429     0.508 r  u_ibufds/DIFFINBUF_INST/O
                         net (fo=1, routed)           0.040     0.548    u_ibufds/OUT
    AH18                 IBUFCTRL (Prop_IBUFCTRL_HPIOB_M_I_O)
                                                      0.000     0.548 r  u_ibufds/IBUFCTRL_INST/O
                         net (fo=1, routed)           0.286     0.834    clk_ref
    BUFGCE_DIV_X1Y7      BUFGCE_DIV (Prop_BUFGCE_DIV_I_O)
                                                      0.132     0.966 r  u_bufgce_div/O
    X1Y3 (CLOCK_ROOT)    net (fo=7018, routed)        2.148     3.114    u_soc/g_pe[1].u_axi_ext/clk
    SLICE_X71Y322        FDCE                                         r  u_soc/g_pe[1].u_axi_ext/rdata_o_reg[7]/C
  -------------------------------------------------------------------    -------------------
    SLICE_X71Y322        FDCE (Prop_CFF_SLICEM_C_Q)
                                                      0.058     3.172 r  u_soc/g_pe[1].u_axi_ext/rdata_o_reg[7]/Q
                         net (fo=1, routed)           0.609     3.781    u_soc/g_pe[1].u_pe/u_data_bridge/u_router/rdata_q_reg[31][7]
    SLICE_X71Y322        LUT5 (Prop_E6LUT_SLICEM_I4_O)
                                                      0.094     3.875 r  u_soc/g_pe[1].u_pe/u_data_bridge/u_router/rdata_q[7]_i_2__0/O
                         net (fo=10, routed)          1.370     5.245    u_soc/g_pe[1].u_pe/u_core/core_i/id_stage_i/data_rdata[7]
    SLICE_X70Y319        LUT4 (Prop_A6LUT_SLICEM_I0_O)
                                                      0.058     5.303 r  u_soc/g_pe[1].u_pe/u_core/core_i/id_stage_i/rdata_q[7]_i_1__0/O
                         net (fo=1, routed)           0.025     5.328    u_soc/g_pe[1].u_pe/u_core/core_i/load_store_unit_i/rdata_q_reg[31]_5[7]
    SLICE_X70Y319        FDCE                                         r  u_soc/g_pe[1].u_pe/u_core/core_i/load_store_unit_i/rdata_q_reg[7]/D
  -------------------------------------------------------------------    -------------------

                         (clock clk rise edge)        0.000     0.000 r  
    AH18                                              0.000     0.000 r  clk300_p_i (IN)
                         net (fo=0)                   0.100     0.100    u_ibufds/I
    HPIOBDIFFINBUF_X1Y36 DIFFINBUF (Prop_DIFFINBUF_HPIOBDIFFINBUF_DIFF_IN_P_O)
                                                      0.525     0.625 r  u_ibufds/DIFFINBUF_INST/O
                         net (fo=1, routed)           0.050     0.675    u_ibufds/OUT
    AH18                 IBUFCTRL (Prop_IBUFCTRL_HPIOB_M_I_O)
                                                      0.000     0.675 r  u_ibufds/IBUFCTRL_INST/O
                         net (fo=1, routed)           0.322     0.997    clk_ref
    BUFGCE_DIV_X1Y7      BUFGCE_DIV (Prop_BUFGCE_DIV_I_O)
                                                      0.152     1.149 r  u_bufgce_div/O
                         net (fo=7018, routed)        2.234     3.383    u_soc/g_pe[1].u_pe/u_core/core_i/sleep_unit_i/core_clock_gate_i/clk
    BUFGCE_X0Y143        BUFGCE (Prop_BUFCE_BUFGCE_I_O)
                                                      0.028     3.411 r  u_soc/g_pe[1].u_pe/u_core/core_i/sleep_unit_i/core_clock_gate_i/u_bufgce/O
    X1Y4 (CLOCK_ROOT)    net (fo=2099, routed)        2.109     5.521    u_soc/g_pe[1].u_pe/u_core/core_i/load_store_unit_i/clk_0
    SLICE_X70Y319        FDCE                                         r  u_soc/g_pe[1].u_pe/u_core/core_i/load_store_unit_i/rdata_q_reg[7]/C
                         clock pessimism             -0.263     5.257    
    SLICE_X70Y319        FDCE (Hold_AFF_SLICEM_C_D)
                                                      0.060     5.317    u_soc/g_pe[1].u_pe/u_core/core_i/load_store_unit_i/rdata_q_reg[7]
  -------------------------------------------------------------------
                         required time                         -5.317    
                         arrival time                           5.328    
  -------------------------------------------------------------------
                         slack                                  0.011    

Slack (MET) :             0.011ns  (arrival time - required time)
  Source:                 rdata_q_reg[3]_i_8__2/C
                            (rising edge-triggered cell FDRE clocked by clk  {rise@0.000ns fall@6.666ns period=16.665ns})
  Destination:            u_soc/g_pe[3].u_pe/u_core/core_i/load_store_unit_i/rdata_q_reg[3]/D
                            (rising edge-triggered cell FDCE clocked by clk  {rise@0.000ns fall@6.666ns period=16.665ns})
  Path Group:             clk
  Path Type:              Hold (Min at Slow Process Corner)
  Requirement:            0.000ns  (clk rise@0.000ns - clk rise@0.000ns)
  Data Path Delay:        1.456ns  (logic 0.302ns (20.739%)  route 1.154ns (79.260%))
  Logic Levels:           3  (LUT4=1 LUT5=1 LUT6=1)
  Clock Path Skew:        1.385ns (DCD - SCD - CPR)
    Destination Clock Delay (DCD):    4.786ns
    Source Clock Delay      (SCD):    3.138ns
    Clock Pessimism Removal (CPR):    0.263ns
  Clock Net Delay (Source):      2.172ns (routing 0.916ns, distribution 1.256ns)
  Clock Net Delay (Destination): 1.714ns (routing 0.734ns, distribution 0.980ns)

    Location             Delay type                Incr(ns)  Path(ns)    Netlist Resource(s)
  -------------------------------------------------------------------    -------------------
                         (clock clk rise edge)        0.000     0.000 r  
    AH18                                              0.000     0.000 r  clk300_p_i (IN)
                         net (fo=0)                   0.079     0.079    u_ibufds/I
    HPIOBDIFFINBUF_X1Y36 DIFFINBUF (Prop_DIFFINBUF_HPIOBDIFFINBUF_DIFF_IN_P_O)
                                                      0.429     0.508 r  u_ibufds/DIFFINBUF_INST/O
                         net (fo=1, routed)           0.040     0.548    u_ibufds/OUT
    AH18                 IBUFCTRL (Prop_IBUFCTRL_HPIOB_M_I_O)
                                                      0.000     0.548 r  u_ibufds/IBUFCTRL_INST/O
                         net (fo=1, routed)           0.286     0.834    clk_ref
    BUFGCE_DIV_X1Y7      BUFGCE_DIV (Prop_BUFGCE_DIV_I_O)
                                                      0.132     0.966 r  u_bufgce_div/O
    X1Y3 (CLOCK_ROOT)    net (fo=7018, routed)        2.172     3.138    clk
    SLICE_X88Y318        FDRE                                         r  rdata_q_reg[3]_i_8__2/C
  -------------------------------------------------------------------    -------------------
    SLICE_X88Y318        FDRE (Prop_EFF_SLICEM_C_Q)
                                                      0.058     3.196 r  rdata_q_reg[3]_i_8__2/Q
                         net (fo=1, routed)           0.100     3.296    u_soc/g_pe[3].u_pe/u_itcm/rdata_q[3]_i_2__2
    SLICE_X88Y318        LUT6 (Prop_H6LUT_SLICEM_I2_O)
                                                      0.083     3.379 r  u_soc/g_pe[3].u_pe/u_itcm/rdata_q[3]_i_4__2/O
                         net (fo=1, routed)           0.101     3.480    u_soc/g_pe[3].u_pe/u_data_bridge/u_router/rdata_q_reg[3]
    SLICE_X88Y318        LUT5 (Prop_E6LUT_SLICEM_I4_O)
                                                      0.066     3.546 r  u_soc/g_pe[3].u_pe/u_data_bridge/u_router/rdata_q[3]_i_2__2/O
                         net (fo=8, routed)           0.923     4.469    u_soc/g_pe[3].u_pe/u_core/core_i/id_stage_i/data_rdata[3]
    SLICE_X86Y259        LUT4 (Prop_G6LUT_SLICEM_I0_O)
                                                      0.095     4.564 r  u_soc/g_pe[3].u_pe/u_core/core_i/id_stage_i/rdata_q[3]_i_1__2/O
                         net (fo=1, routed)           0.030     4.594    u_soc/g_pe[3].u_pe/u_core/core_i/load_store_unit_i/rdata_q_reg[31]_5[3]
    SLICE_X86Y259        FDCE                                         r  u_soc/g_pe[3].u_pe/u_core/core_i/load_store_unit_i/rdata_q_reg[3]/D
  -------------------------------------------------------------------    -------------------

                         (clock clk rise edge)        0.000     0.000 r  
    AH18                                              0.000     0.000 r  clk300_p_i (IN)
                         net (fo=0)                   0.100     0.100    u_ibufds/I
    HPIOBDIFFINBUF_X1Y36 DIFFINBUF (Prop_DIFFINBUF_HPIOBDIFFINBUF_DIFF_IN_P_O)
                                                      0.525     0.625 r  u_ibufds/DIFFINBUF_INST/O
                         net (fo=1, routed)           0.050     0.675    u_ibufds/OUT
    AH18                 IBUFCTRL (Prop_IBUFCTRL_HPIOB_M_I_O)
                                                      0.000     0.675 r  u_ibufds/IBUFCTRL_INST/O
                         net (fo=1, routed)           0.322     0.997    clk_ref
    BUFGCE_DIV_X1Y7      BUFGCE_DIV (Prop_BUFGCE_DIV_I_O)
                                                      0.152     1.149 r  u_bufgce_div/O
                         net (fo=7018, routed)        1.895     3.044    u_soc/g_pe[3].u_pe/u_core/core_i/sleep_unit_i/core_clock_gate_i/clk
    BUFGCE_X0Y113        BUFGCE (Prop_BUFCE_BUFGCE_I_O)
                                                      0.028     3.072 r  u_soc/g_pe[3].u_pe/u_core/core_i/sleep_unit_i/core_clock_gate_i/u_bufgce/O
    X1Y4 (CLOCK_ROOT)    net (fo=2099, routed)        1.714     4.786    u_soc/g_pe[3].u_pe/u_core/core_i/load_store_unit_i/clk_0
    SLICE_X86Y259        FDCE                                         r  u_soc/g_pe[3].u_pe/u_core/core_i/load_store_unit_i/rdata_q_reg[3]/C
                         clock pessimism             -0.263     4.523    
    SLICE_X86Y259        FDCE (Hold_GFF_SLICEM_C_D)
                                                      0.060     4.583    u_soc/g_pe[3].u_pe/u_core/core_i/load_store_unit_i/rdata_q_reg[3]
  -------------------------------------------------------------------
                         required time                         -4.583    
                         arrival time                           4.594    
  -------------------------------------------------------------------
                         slack                                  0.011    

Slack (MET) :             0.012ns  (arrival time - required time)
  Source:                 rdata_q_reg[9]_i_4__2/C
                            (rising edge-triggered cell FDRE clocked by clk  {rise@0.000ns fall@6.666ns period=16.665ns})
  Destination:            u_soc/g_pe[3].u_pe/u_core/core_i/load_store_unit_i/rdata_q_reg[9]/D
                            (rising edge-triggered cell FDCE clocked by clk  {rise@0.000ns fall@6.666ns period=16.665ns})
  Path Group:             clk
  Path Type:              Hold (Min at Slow Process Corner)
  Requirement:            0.000ns  (clk rise@0.000ns - clk rise@0.000ns)
  Data Path Delay:        1.403ns  (logic 0.314ns (22.375%)  route 1.089ns (77.625%))
  Logic Levels:           3  (LUT4=1 LUT5=1 LUT6=1)
  Clock Path Skew:        1.332ns (DCD - SCD - CPR)
    Destination Clock Delay (DCD):    4.787ns
    Source Clock Delay      (SCD):    3.192ns
    Clock Pessimism Removal (CPR):    0.263ns
  Clock Net Delay (Source):      2.226ns (routing 0.916ns, distribution 1.310ns)
  Clock Net Delay (Destination): 1.715ns (routing 0.734ns, distribution 0.981ns)

    Location             Delay type                Incr(ns)  Path(ns)    Netlist Resource(s)
  -------------------------------------------------------------------    -------------------
                         (clock clk rise edge)        0.000     0.000 r  
    AH18                                              0.000     0.000 r  clk300_p_i (IN)
                         net (fo=0)                   0.079     0.079    u_ibufds/I
    HPIOBDIFFINBUF_X1Y36 DIFFINBUF (Prop_DIFFINBUF_HPIOBDIFFINBUF_DIFF_IN_P_O)
                                                      0.429     0.508 r  u_ibufds/DIFFINBUF_INST/O
                         net (fo=1, routed)           0.040     0.548    u_ibufds/OUT
    AH18                 IBUFCTRL (Prop_IBUFCTRL_HPIOB_M_I_O)
                                                      0.000     0.548 r  u_ibufds/IBUFCTRL_INST/O
                         net (fo=1, routed)           0.286     0.834    clk_ref
    BUFGCE_DIV_X1Y7      BUFGCE_DIV (Prop_BUFGCE_DIV_I_O)
                                                      0.132     0.966 r  u_bufgce_div/O
    X1Y3 (CLOCK_ROOT)    net (fo=7018, routed)        2.226     3.192    clk
    SLICE_X90Y321        FDRE                                         r  rdata_q_reg[9]_i_4__2/C
  -------------------------------------------------------------------    -------------------
    SLICE_X90Y321        FDRE (Prop_AFF_SLICEL_C_Q)
                                                      0.058     3.250 r  rdata_q_reg[9]_i_4__2/Q
                         net (fo=1, routed)           0.067     3.317    u_soc/g_pe[3].u_pe/u_itcm/rdata_q[9]_i_2__2
    SLICE_X90Y321        LUT6 (Prop_D6LUT_SLICEL_I2_O)
                                                      0.081     3.398 r  u_soc/g_pe[3].u_pe/u_itcm/rdata_q[9]_i_3__2/O
                         net (fo=1, routed)           0.156     3.554    u_soc/g_pe[3].u_pe/u_data_bridge/u_router/rdata_q_reg[9]
    SLICE_X90Y321        LUT5 (Prop_B6LUT_SLICEL_I4_O)
                                                      0.082     3.636 r  u_soc/g_pe[3].u_pe/u_data_bridge/u_router/rdata_q[9]_i_2__2/O
                         net (fo=7, routed)           0.830     4.467    u_soc/g_pe[3].u_pe/u_core/core_i/id_stage_i/data_rdata[9]
    SLICE_X84Y259        LUT4 (Prop_D6LUT_SLICEM_I0_O)
                                                      0.093     4.560 r  u_soc/g_pe[3].u_pe/u_core/core_i/id_stage_i/rdata_q[9]_i_1__2/O
                         net (fo=1, routed)           0.036     4.596    u_soc/g_pe[3].u_pe/u_core/core_i/load_store_unit_i/rdata_q_reg[31]_5[9]
    SLICE_X84Y259        FDCE                                         r  u_soc/g_pe[3].u_pe/u_core/core_i/load_store_unit_i/rdata_q_reg[9]/D
  -------------------------------------------------------------------    -------------------

                         (clock clk rise edge)        0.000     0.000 r  
    AH18                                              0.000     0.000 r  clk300_p_i (IN)
                         net (fo=0)                   0.100     0.100    u_ibufds/I
    HPIOBDIFFINBUF_X1Y36 DIFFINBUF (Prop_DIFFINBUF_HPIOBDIFFINBUF_DIFF_IN_P_O)
                                                      0.525     0.625 r  u_ibufds/DIFFINBUF_INST/O
                         net (fo=1, routed)           0.050     0.675    u_ibufds/OUT
    AH18                 IBUFCTRL (Prop_IBUFCTRL_HPIOB_M_I_O)
                                                      0.000     0.675 r  u_ibufds/IBUFCTRL_INST/O
                         net (fo=1, routed)           0.322     0.997    clk_ref
    BUFGCE_DIV_X1Y7      BUFGCE_DIV (Prop_BUFGCE_DIV_I_O)
                                                      0.152     1.149 r  u_bufgce_div/O
                         net (fo=7018, routed)        1.895     3.044    u_soc/g_pe[3].u_pe/u_core/core_i/sleep_unit_i/core_clock_gate_i/clk
    BUFGCE_X0Y113        BUFGCE (Prop_BUFCE_BUFGCE_I_O)
                                                      0.028     3.072 r  u_soc/g_pe[3].u_pe/u_core/core_i/sleep_unit_i/core_clock_gate_i/u_bufgce/O
    X1Y4 (CLOCK_ROOT)    net (fo=2099, routed)        1.715     4.787    u_soc/g_pe[3].u_pe/u_core/core_i/load_store_unit_i/clk_0
    SLICE_X84Y259        FDCE                                         r  u_soc/g_pe[3].u_pe/u_core/core_i/load_store_unit_i/rdata_q_reg[9]/C
                         clock pessimism             -0.263     4.524    
    SLICE_X84Y259        FDCE (Hold_DFF_SLICEM_C_D)
                                                      0.060     4.584    u_soc/g_pe[3].u_pe/u_core/core_i/load_store_unit_i/rdata_q_reg[9]
  -------------------------------------------------------------------
                         required time                         -4.584    
                         arrival time                           4.596    
  -------------------------------------------------------------------
                         slack                                  0.012    

Slack (MET) :             0.013ns  (arrival time - required time)
  Source:                 u_soc/g_pe[0].u_pe/u_core/core_i/id_stage_i/data_sign_ext_ex_o_reg[0]/C
                            (rising edge-triggered cell FDCE clocked by clk  {rise@0.000ns fall@6.666ns period=16.665ns})
  Destination:            u_soc/g_pe[0].u_pe/u_core/core_i/load_store_unit_i/data_sign_ext_q_reg[0]/D
                            (rising edge-triggered cell FDCE clocked by clk  {rise@0.000ns fall@6.666ns period=16.665ns})
  Path Group:             clk
  Path Type:              Hold (Min at Slow Process Corner)
  Requirement:            0.000ns  (clk rise@0.000ns - clk rise@0.000ns)
  Data Path Delay:        0.241ns  (logic 0.058ns (24.066%)  route 0.183ns (75.934%))
  Logic Levels:           0  
  Clock Path Skew:        0.168ns (DCD - SCD - CPR)
    Destination Clock Delay (DCD):    4.226ns
    Source Clock Delay      (SCD):    3.698ns
    Clock Pessimism Removal (CPR):    0.360ns
  Clock Net Delay (Source):      1.129ns (routing 0.155ns, distribution 0.974ns)
  Clock Net Delay (Destination): 1.313ns (routing 0.171ns, distribution 1.142ns)

    Location             Delay type                Incr(ns)  Path(ns)    Netlist Resource(s)
  -------------------------------------------------------------------    -------------------
                         (clock clk rise edge)        0.000     0.000 r  
    AH18                                              0.000     0.000 r  clk300_p_i (IN)
                         net (fo=0)                   0.079     0.079    u_ibufds/I
    HPIOBDIFFINBUF_X1Y36 DIFFINBUF (Prop_DIFFINBUF_HPIOBDIFFINBUF_DIFF_IN_P_O)
                                                      0.429     0.508 r  u_ibufds/DIFFINBUF_INST/O
                         net (fo=1, routed)           0.040     0.548    u_ibufds/OUT
    AH18                 IBUFCTRL (Prop_IBUFCTRL_HPIOB_M_I_O)
                                                      0.000     0.548 r  u_ibufds/IBUFCTRL_INST/O
                         net (fo=1, routed)           0.286     0.834    clk_ref
    BUFGCE_DIV_X1Y7      BUFGCE_DIV (Prop_BUFGCE_DIV_I_O)
                                                      0.132     0.966 r  u_bufgce_div/O
                         net (fo=7018, routed)        1.579     2.545    u_soc/g_pe[0].u_pe/u_core/core_i/sleep_unit_i/core_clock_gate_i/clk
    BUFGCE_X1Y115        BUFGCE (Prop_BUFCE_BUFGCE_I_O)
                                                      0.024     2.569 r  u_soc/g_pe[0].u_pe/u_core/core_i/sleep_unit_i/core_clock_gate_i/u_bufgce/O
    X2Y4 (CLOCK_ROOT)    net (fo=2099, routed)        1.129     3.698    u_soc/g_pe[0].u_pe/u_core/core_i/id_stage_i/clk_0
    SLICE_X96Y236        FDCE                                         r  u_soc/g_pe[0].u_pe/u_core/core_i/id_stage_i/data_sign_ext_ex_o_reg[0]/C
  -------------------------------------------------------------------    -------------------
    SLICE_X96Y236        FDCE (Prop_DFF_SLICEM_C_Q)
                                                      0.058     3.756 r  u_soc/g_pe[0].u_pe/u_core/core_i/id_stage_i/data_sign_ext_ex_o_reg[0]/Q
                         net (fo=1, routed)           0.183     3.939    u_soc/g_pe[0].u_pe/u_core/core_i/load_store_unit_i/data_sign_ext_ex[0]
    SLICE_X96Y245        FDCE                                         r  u_soc/g_pe[0].u_pe/u_core/core_i/load_store_unit_i/data_sign_ext_q_reg[0]/D
  -------------------------------------------------------------------    -------------------

                         (clock clk rise edge)        0.000     0.000 r  
    AH18                                              0.000     0.000 r  clk300_p_i (IN)
                         net (fo=0)                   0.100     0.100    u_ibufds/I
    HPIOBDIFFINBUF_X1Y36 DIFFINBUF (Prop_DIFFINBUF_HPIOBDIFFINBUF_DIFF_IN_P_O)
                                                      0.525     0.625 r  u_ibufds/DIFFINBUF_INST/O
                         net (fo=1, routed)           0.050     0.675    u_ibufds/OUT
    AH18                 IBUFCTRL (Prop_IBUFCTRL_HPIOB_M_I_O)
                                                      0.000     0.675 r  u_ibufds/IBUFCTRL_INST/O
                         net (fo=1, routed)           0.322     0.997    clk_ref
    BUFGCE_DIV_X1Y7      BUFGCE_DIV (Prop_BUFGCE_DIV_I_O)
                                                      0.152     1.149 r  u_bufgce_div/O
                         net (fo=7018, routed)        1.736     2.885    u_soc/g_pe[0].u_pe/u_core/core_i/sleep_unit_i/core_clock_gate_i/clk
    BUFGCE_X1Y115        BUFGCE (Prop_BUFCE_BUFGCE_I_O)
                                                      0.028     2.913 r  u_soc/g_pe[0].u_pe/u_core/core_i/sleep_unit_i/core_clock_gate_i/u_bufgce/O
    X2Y4 (CLOCK_ROOT)    net (fo=2099, routed)        1.313     4.226    u_soc/g_pe[0].u_pe/u_core/core_i/load_store_unit_i/clk_0
    SLICE_X96Y245        FDCE                                         r  u_soc/g_pe[0].u_pe/u_core/core_i/load_store_unit_i/data_sign_ext_q_reg[0]/C
                         clock pessimism             -0.360     3.866    
    SLICE_X96Y245        FDCE (Hold_EFF_SLICEM_C_D)
                                                      0.060     3.926    u_soc/g_pe[0].u_pe/u_core/core_i/load_store_unit_i/data_sign_ext_q_reg[0]
  -------------------------------------------------------------------
                         required time                         -3.926    
                         arrival time                           3.939    
  -------------------------------------------------------------------
                         slack                                  0.013    

Slack (MET) :             0.013ns  (arrival time - required time)
  Source:                 u_soc/g_pe[1].u_axi_ext/FSM_onehot_state_q_reg[3]/C
                            (rising edge-triggered cell FDCE clocked by clk  {rise@0.000ns fall@6.666ns period=16.665ns})
  Destination:            u_soc/g_pe[1].u_axi_ext/FSM_onehot_state_q_reg[2]/D
                            (rising edge-triggered cell FDCE clocked by clk  {rise@0.000ns fall@6.666ns period=16.665ns})
  Path Group:             clk
  Path Type:              Hold (Min at Slow Process Corner)
  Requirement:            0.000ns  (clk rise@0.000ns - clk rise@0.000ns)
  Data Path Delay:        0.130ns  (logic 0.058ns (44.477%)  route 0.072ns (55.523%))
  Logic Levels:           0  
  Clock Path Skew:        0.056ns (DCD - SCD - CPR)
    Destination Clock Delay (DCD):    3.568ns
    Source Clock Delay      (SCD):    3.111ns
    Clock Pessimism Removal (CPR):    0.402ns
  Clock Net Delay (Source):      2.145ns (routing 0.916ns, distribution 1.229ns)
  Clock Net Delay (Destination): 2.419ns (routing 1.007ns, distribution 1.412ns)

    Location             Delay type                Incr(ns)  Path(ns)    Netlist Resource(s)
  -------------------------------------------------------------------    -------------------
                         (clock clk rise edge)        0.000     0.000 r  
    AH18                                              0.000     0.000 r  clk300_p_i (IN)
                         net (fo=0)                   0.079     0.079    u_ibufds/I
    HPIOBDIFFINBUF_X1Y36 DIFFINBUF (Prop_DIFFINBUF_HPIOBDIFFINBUF_DIFF_IN_P_O)
                                                      0.429     0.508 r  u_ibufds/DIFFINBUF_INST/O
                         net (fo=1, routed)           0.040     0.548    u_ibufds/OUT
    AH18                 IBUFCTRL (Prop_IBUFCTRL_HPIOB_M_I_O)
                                                      0.000     0.548 r  u_ibufds/IBUFCTRL_INST/O
                         net (fo=1, routed)           0.286     0.834    clk_ref
    BUFGCE_DIV_X1Y7      BUFGCE_DIV (Prop_BUFGCE_DIV_I_O)
                                                      0.132     0.966 r  u_bufgce_div/O
    X1Y3 (CLOCK_ROOT)    net (fo=7018, routed)        2.145     3.111    u_soc/g_pe[1].u_axi_ext/clk
    SLICE_X87Y276        FDCE                                         r  u_soc/g_pe[1].u_axi_ext/FSM_onehot_state_q_reg[3]/C
  -------------------------------------------------------------------    -------------------
    SLICE_X87Y276        FDCE (Prop_HFF_SLICEL_C_Q)
                                                      0.058     3.169 r  u_soc/g_pe[1].u_axi_ext/FSM_onehot_state_q_reg[3]/Q
                         net (fo=15, routed)          0.072     3.241    u_soc/g_pe[1].u_axi_ext/Q[3]
    SLICE_X87Y275        FDCE                                         r  u_soc/g_pe[1].u_axi_ext/FSM_onehot_state_q_reg[2]/D
  -------------------------------------------------------------------    -------------------

                         (clock clk rise edge)        0.000     0.000 r  
    AH18                                              0.000     0.000 r  clk300_p_i (IN)
                         net (fo=0)                   0.100     0.100    u_ibufds/I
    HPIOBDIFFINBUF_X1Y36 DIFFINBUF (Prop_DIFFINBUF_HPIOBDIFFINBUF_DIFF_IN_P_O)
                                                      0.525     0.625 r  u_ibufds/DIFFINBUF_INST/O
                         net (fo=1, routed)           0.050     0.675    u_ibufds/OUT
    AH18                 IBUFCTRL (Prop_IBUFCTRL_HPIOB_M_I_O)
                                                      0.000     0.675 r  u_ibufds/IBUFCTRL_INST/O
                         net (fo=1, routed)           0.322     0.997    clk_ref
    BUFGCE_DIV_X1Y7      BUFGCE_DIV (Prop_BUFGCE_DIV_I_O)
                                                      0.152     1.149 r  u_bufgce_div/O
    X1Y3 (CLOCK_ROOT)    net (fo=7018, routed)        2.419     3.568    u_soc/g_pe[1].u_axi_ext/clk
    SLICE_X87Y275        FDCE                                         r  u_soc/g_pe[1].u_axi_ext/FSM_onehot_state_q_reg[2]/C
                         clock pessimism             -0.402     3.166    
    SLICE_X87Y275        FDCE (Hold_EFF2_SLICEL_C_D)
                                                      0.062     3.228    u_soc/g_pe[1].u_axi_ext/FSM_onehot_state_q_reg[2]
  -------------------------------------------------------------------
                         required time                         -3.228    
                         arrival time                           3.241    
  -------------------------------------------------------------------
                         slack                                  0.013    

Slack (MET) :             0.013ns  (arrival time - required time)
  Source:                 u_soc/g_dcache.u_dcache/g_dcu[0].u_dcu/s1_wdata_q_reg[25]/C
                            (rising edge-triggered cell FDCE clocked by clk  {rise@0.000ns fall@6.666ns period=16.665ns})
  Destination:            u_soc/g_dcache.u_dcache/g_dcu[0].u_dcu/s2_wdata_q_reg[25]/D
                            (rising edge-triggered cell FDCE clocked by clk  {rise@0.000ns fall@6.666ns period=16.665ns})
  Path Group:             clk
  Path Type:              Hold (Min at Slow Process Corner)
  Requirement:            0.000ns  (clk rise@0.000ns - clk rise@0.000ns)
  Data Path Delay:        0.183ns  (logic 0.061ns (33.331%)  route 0.122ns (66.669%))
  Logic Levels:           0  
  Clock Path Skew:        0.108ns (DCD - SCD - CPR)
    Destination Clock Delay (DCD):    3.650ns
    Source Clock Delay      (SCD):    3.184ns
    Clock Pessimism Removal (CPR):    0.359ns
  Clock Net Delay (Source):      2.218ns (routing 0.916ns, distribution 1.302ns)
  Clock Net Delay (Destination): 2.501ns (routing 1.007ns, distribution 1.494ns)

    Location             Delay type                Incr(ns)  Path(ns)    Netlist Resource(s)
  -------------------------------------------------------------------    -------------------
                         (clock clk rise edge)        0.000     0.000 r  
    AH18                                              0.000     0.000 r  clk300_p_i (IN)
                         net (fo=0)                   0.079     0.079    u_ibufds/I
    HPIOBDIFFINBUF_X1Y36 DIFFINBUF (Prop_DIFFINBUF_HPIOBDIFFINBUF_DIFF_IN_P_O)
                                                      0.429     0.508 r  u_ibufds/DIFFINBUF_INST/O
                         net (fo=1, routed)           0.040     0.548    u_ibufds/OUT
    AH18                 IBUFCTRL (Prop_IBUFCTRL_HPIOB_M_I_O)
                                                      0.000     0.548 r  u_ibufds/IBUFCTRL_INST/O
                         net (fo=1, routed)           0.286     0.834    clk_ref
    BUFGCE_DIV_X1Y7      BUFGCE_DIV (Prop_BUFGCE_DIV_I_O)
                                                      0.132     0.966 r  u_bufgce_div/O
    X1Y3 (CLOCK_ROOT)    net (fo=7018, routed)        2.218     3.184    u_soc/g_dcache.u_dcache/g_dcu[0].u_dcu/clk
    SLICE_X93Y291        FDCE                                         r  u_soc/g_dcache.u_dcache/g_dcu[0].u_dcu/s1_wdata_q_reg[25]/C
  -------------------------------------------------------------------    -------------------
    SLICE_X93Y291        FDCE (Prop_DFF2_SLICEM_C_Q)
                                                      0.061     3.245 r  u_soc/g_dcache.u_dcache/g_dcu[0].u_dcu/s1_wdata_q_reg[25]/Q
                         net (fo=2, routed)           0.122     3.367    u_soc/g_dcache.u_dcache/g_dcu[0].u_dcu/s1_wdata_q_reg_n_0_[25]
    SLICE_X94Y291        FDCE                                         r  u_soc/g_dcache.u_dcache/g_dcu[0].u_dcu/s2_wdata_q_reg[25]/D
  -------------------------------------------------------------------    -------------------

                         (clock clk rise edge)        0.000     0.000 r  
    AH18                                              0.000     0.000 r  clk300_p_i (IN)
                         net (fo=0)                   0.100     0.100    u_ibufds/I
    HPIOBDIFFINBUF_X1Y36 DIFFINBUF (Prop_DIFFINBUF_HPIOBDIFFINBUF_DIFF_IN_P_O)
                                                      0.525     0.625 r  u_ibufds/DIFFINBUF_INST/O
                         net (fo=1, routed)           0.050     0.675    u_ibufds/OUT
    AH18                 IBUFCTRL (Prop_IBUFCTRL_HPIOB_M_I_O)
                                                      0.000     0.675 r  u_ibufds/IBUFCTRL_INST/O
                         net (fo=1, routed)           0.322     0.997    clk_ref
    BUFGCE_DIV_X1Y7      BUFGCE_DIV (Prop_BUFGCE_DIV_I_O)
                                                      0.152     1.149 r  u_bufgce_div/O
    X1Y3 (CLOCK_ROOT)    net (fo=7018, routed)        2.501     3.650    u_soc/g_dcache.u_dcache/g_dcu[0].u_dcu/clk
    SLICE_X94Y291        FDCE                                         r  u_soc/g_dcache.u_dcache/g_dcu[0].u_dcu/s2_wdata_q_reg[25]/C
                         clock pessimism             -0.359     3.292    
    SLICE_X94Y291        FDCE (Hold_EFF2_SLICEM_C_D)
                                                      0.062     3.354    u_soc/g_dcache.u_dcache/g_dcu[0].u_dcu/s2_wdata_q_reg[25]
  -------------------------------------------------------------------
                         required time                         -3.354    
                         arrival time                           3.367    
  -------------------------------------------------------------------
                         slack                                  0.013    

Slack (MET) :             0.013ns  (arrival time - required time)
  Source:                 u_soc/g_dcache.u_dcache/g_dcu[3].u_dcu/s1_wdata_q_reg[7]/C
                            (rising edge-triggered cell FDCE clocked by clk  {rise@0.000ns fall@6.666ns period=16.665ns})
  Destination:            u_soc/g_dcache.u_dcache/g_dcu[3].u_dcu/s2_wdata_q_reg[7]/D
                            (rising edge-triggered cell FDCE clocked by clk  {rise@0.000ns fall@6.666ns period=16.665ns})
  Path Group:             clk
  Path Type:              Hold (Min at Slow Process Corner)
  Requirement:            0.000ns  (clk rise@0.000ns - clk rise@0.000ns)
  Data Path Delay:        0.168ns  (logic 0.061ns (36.222%)  route 0.107ns (63.778%))
  Logic Levels:           0  
  Clock Path Skew:        0.093ns (DCD - SCD - CPR)
    Destination Clock Delay (DCD):    3.530ns
    Source Clock Delay      (SCD):    3.088ns
    Clock Pessimism Removal (CPR):    0.350ns
  Clock Net Delay (Source):      2.122ns (routing 0.916ns, distribution 1.206ns)
  Clock Net Delay (Destination): 2.381ns (routing 1.007ns, distribution 1.374ns)

    Location             Delay type                Incr(ns)  Path(ns)    Netlist Resource(s)
  -------------------------------------------------------------------    -------------------
                         (clock clk rise edge)        0.000     0.000 r  
    AH18                                              0.000     0.000 r  clk300_p_i (IN)
                         net (fo=0)                   0.079     0.079    u_ibufds/I
    HPIOBDIFFINBUF_X1Y36 DIFFINBUF (Prop_DIFFINBUF_HPIOBDIFFINBUF_DIFF_IN_P_O)
                                                      0.429     0.508 r  u_ibufds/DIFFINBUF_INST/O
                         net (fo=1, routed)           0.040     0.548    u_ibufds/OUT
    AH18                 IBUFCTRL (Prop_IBUFCTRL_HPIOB_M_I_O)
                                                      0.000     0.548 r  u_ibufds/IBUFCTRL_INST/O
                         net (fo=1, routed)           0.286     0.834    clk_ref
    BUFGCE_DIV_X1Y7      BUFGCE_DIV (Prop_BUFGCE_DIV_I_O)
                                                      0.132     0.966 r  u_bufgce_div/O
    X1Y3 (CLOCK_ROOT)    net (fo=7018, routed)        2.122     3.088    u_soc/g_dcache.u_dcache/g_dcu[3].u_dcu/clk
    SLICE_X69Y274        FDCE                                         r  u_soc/g_dcache.u_dcache/g_dcu[3].u_dcu/s1_wdata_q_reg[7]/C
  -------------------------------------------------------------------    -------------------
    SLICE_X69Y274        FDCE (Prop_DFF2_SLICEL_C_Q)
                                                      0.061     3.149 r  u_soc/g_dcache.u_dcache/g_dcu[3].u_dcu/s1_wdata_q_reg[7]/Q
                         net (fo=2, routed)           0.107     3.256    u_soc/g_dcache.u_dcache/g_dcu[3].u_dcu/s1_wdata_q_reg_n_0_[7]
    SLICE_X70Y275        FDCE                                         r  u_soc/g_dcache.u_dcache/g_dcu[3].u_dcu/s2_wdata_q_reg[7]/D
  -------------------------------------------------------------------    -------------------

                         (clock clk rise edge)        0.000     0.000 r  
    AH18                                              0.000     0.000 r  clk300_p_i (IN)
                         net (fo=0)                   0.100     0.100    u_ibufds/I
    HPIOBDIFFINBUF_X1Y36 DIFFINBUF (Prop_DIFFINBUF_HPIOBDIFFINBUF_DIFF_IN_P_O)
                                                      0.525     0.625 r  u_ibufds/DIFFINBUF_INST/O
                         net (fo=1, routed)           0.050     0.675    u_ibufds/OUT
    AH18                 IBUFCTRL (Prop_IBUFCTRL_HPIOB_M_I_O)
                                                      0.000     0.675 r  u_ibufds/IBUFCTRL_INST/O
                         net (fo=1, routed)           0.322     0.997    clk_ref
    BUFGCE_DIV_X1Y7      BUFGCE_DIV (Prop_BUFGCE_DIV_I_O)
                                                      0.152     1.149 r  u_bufgce_div/O
    X1Y3 (CLOCK_ROOT)    net (fo=7018, routed)        2.381     3.530    u_soc/g_dcache.u_dcache/g_dcu[3].u_dcu/clk
    SLICE_X70Y275        FDCE                                         r  u_soc/g_dcache.u_dcache/g_dcu[3].u_dcu/s2_wdata_q_reg[7]/C
                         clock pessimism             -0.350     3.181    
    SLICE_X70Y275        FDCE (Hold_AFF2_SLICEM_C_D)
                                                      0.062     3.243    u_soc/g_dcache.u_dcache/g_dcu[3].u_dcu/s2_wdata_q_reg[7]
  -------------------------------------------------------------------
                         required time                         -3.243    
                         arrival time                           3.256    
  -------------------------------------------------------------------
                         slack                                  0.013    

Slack (MET) :             0.014ns  (arrival time - required time)
  Source:                 u_soc/g_pe[0].u_axi_ext/rdata_o_reg[9]/C
                            (rising edge-triggered cell FDCE clocked by clk  {rise@0.000ns fall@6.666ns period=16.665ns})
  Destination:            u_soc/g_pe[0].u_pe/u_core/core_i/load_store_unit_i/rdata_q_reg[9]/D
                            (rising edge-triggered cell FDCE clocked by clk  {rise@0.000ns fall@6.666ns period=16.665ns})
  Path Group:             clk
  Path Type:              Hold (Min at Slow Process Corner)
  Requirement:            0.000ns  (clk rise@0.000ns - clk rise@0.000ns)
  Data Path Delay:        0.794ns  (logic 0.198ns (24.948%)  route 0.596ns (75.052%))
  Logic Levels:           2  (LUT4=1 LUT5=1)
  Clock Path Skew:        0.720ns (DCD - SCD - CPR)
    Destination Clock Delay (DCD):    4.176ns
    Source Clock Delay      (SCD):    3.193ns
    Clock Pessimism Removal (CPR):    0.263ns
  Clock Net Delay (Source):      2.227ns (routing 0.916ns, distribution 1.311ns)
  Clock Net Delay (Destination): 1.263ns (routing 0.171ns, distribution 1.092ns)

    Location             Delay type                Incr(ns)  Path(ns)    Netlist Resource(s)
  -------------------------------------------------------------------    -------------------
                         (clock clk rise edge)        0.000     0.000 r  
    AH18                                              0.000     0.000 r  clk300_p_i (IN)
                         net (fo=0)                   0.079     0.079    u_ibufds/I
    HPIOBDIFFINBUF_X1Y36 DIFFINBUF (Prop_DIFFINBUF_HPIOBDIFFINBUF_DIFF_IN_P_O)
                                                      0.429     0.508 r  u_ibufds/DIFFINBUF_INST/O
                         net (fo=1, routed)           0.040     0.548    u_ibufds/OUT
    AH18                 IBUFCTRL (Prop_IBUFCTRL_HPIOB_M_I_O)
                                                      0.000     0.548 r  u_ibufds/IBUFCTRL_INST/O
                         net (fo=1, routed)           0.286     0.834    clk_ref
    BUFGCE_DIV_X1Y7      BUFGCE_DIV (Prop_BUFGCE_DIV_I_O)
                                                      0.132     0.966 r  u_bufgce_div/O
    X1Y3 (CLOCK_ROOT)    net (fo=7018, routed)        2.227     3.193    u_soc/g_pe[0].u_axi_ext/clk
    SLICE_X94Y285        FDCE                                         r  u_soc/g_pe[0].u_axi_ext/rdata_o_reg[9]/C
  -------------------------------------------------------------------    -------------------
    SLICE_X94Y285        FDCE (Prop_CFF_SLICEM_C_Q)
                                                      0.058     3.251 r  u_soc/g_pe[0].u_axi_ext/rdata_o_reg[9]/Q
                         net (fo=1, routed)           0.072     3.323    u_soc/g_pe[0].u_pe/u_data_bridge/u_router/rdata_q_reg[31][9]
    SLICE_X94Y285        LUT5 (Prop_E6LUT_SLICEM_I0_O)
                                                      0.082     3.405 r  u_soc/g_pe[0].u_pe/u_data_bridge/u_router/rdata_q[9]_i_2/O
                         net (fo=7, routed)           0.502     3.907    u_soc/g_pe[0].u_pe/u_core/core_i/id_stage_i/data_rdata[9]
    SLICE_X95Y247        LUT4 (Prop_B6LUT_SLICEL_I0_O)
                                                      0.058     3.965 r  u_soc/g_pe[0].u_pe/u_core/core_i/id_stage_i/rdata_q[9]_i_1/O
                         net (fo=1, routed)           0.022     3.987    u_soc/g_pe[0].u_pe/u_core/core_i/load_store_unit_i/rdata_q_reg[31]_5[9]
    SLICE_X95Y247        FDCE                                         r  u_soc/g_pe[0].u_pe/u_core/core_i/load_store_unit_i/rdata_q_reg[9]/D
  -------------------------------------------------------------------    -------------------

                         (clock clk rise edge)        0.000     0.000 r  
    AH18                                              0.000     0.000 r  clk300_p_i (IN)
                         net (fo=0)                   0.100     0.100    u_ibufds/I
    HPIOBDIFFINBUF_X1Y36 DIFFINBUF (Prop_DIFFINBUF_HPIOBDIFFINBUF_DIFF_IN_P_O)
                                                      0.525     0.625 r  u_ibufds/DIFFINBUF_INST/O
                         net (fo=1, routed)           0.050     0.675    u_ibufds/OUT
    AH18                 IBUFCTRL (Prop_IBUFCTRL_HPIOB_M_I_O)
                                                      0.000     0.675 r  u_ibufds/IBUFCTRL_INST/O
                         net (fo=1, routed)           0.322     0.997    clk_ref
    BUFGCE_DIV_X1Y7      BUFGCE_DIV (Prop_BUFGCE_DIV_I_O)
                                                      0.152     1.149 r  u_bufgce_div/O
                         net (fo=7018, routed)        1.736     2.885    u_soc/g_pe[0].u_pe/u_core/core_i/sleep_unit_i/core_clock_gate_i/clk
    BUFGCE_X1Y115        BUFGCE (Prop_BUFCE_BUFGCE_I_O)
                                                      0.028     2.913 r  u_soc/g_pe[0].u_pe/u_core/core_i/sleep_unit_i/core_clock_gate_i/u_bufgce/O
    X2Y4 (CLOCK_ROOT)    net (fo=2099, routed)        1.263     4.176    u_soc/g_pe[0].u_pe/u_core/core_i/load_store_unit_i/clk_0
    SLICE_X95Y247        FDCE                                         r  u_soc/g_pe[0].u_pe/u_core/core_i/load_store_unit_i/rdata_q_reg[9]/C
                         clock pessimism             -0.263     3.913    
    SLICE_X95Y247        FDCE (Hold_BFF_SLICEL_C_D)
                                                      0.060     3.973    u_soc/g_pe[0].u_pe/u_core/core_i/load_store_unit_i/rdata_q_reg[9]
  -------------------------------------------------------------------
                         required time                         -3.973    
                         arrival time                           3.987    
  -------------------------------------------------------------------
                         slack                                  0.014    





Pulse Width Checks
--------------------------------------------------------------------------------------
Clock Name:         clk
Waveform(ns):       { 0.000 6.666 }
Period(ns):         16.665
Sources:            { u_bufgce_div/O }

Check Type        Corner  Lib Pin             Reference Pin  Required(ns)  Actual(ns)  Slack(ns)  Location       Pin
Min Period        n/a     RAMB36E2/CLKARDCLK  n/a            1.569         16.665      15.096     RAMB36_X3Y59   u_soc/g_dcache.u_dcache/g_dcu[0].u_dcu/u_data_ram/mem_reg_0/CLKARDCLK
Min Period        n/a     RAMB36E2/CLKBWRCLK  n/a            1.569         16.665      15.096     RAMB36_X3Y59   u_soc/g_dcache.u_dcache/g_dcu[0].u_dcu/u_data_ram/mem_reg_0/CLKBWRCLK
Min Period        n/a     RAMB36E2/CLKARDCLK  n/a            1.569         16.665      15.096     RAMB36_X3Y57   u_soc/g_dcache.u_dcache/g_dcu[0].u_dcu/u_data_ram/mem_reg_1/CLKARDCLK
Min Period        n/a     RAMB36E2/CLKBWRCLK  n/a            1.569         16.665      15.096     RAMB36_X3Y57   u_soc/g_dcache.u_dcache/g_dcu[0].u_dcu/u_data_ram/mem_reg_1/CLKBWRCLK
Min Period        n/a     RAMB36E2/CLKARDCLK  n/a            1.569         16.665      15.096     RAMB36_X3Y58   u_soc/g_dcache.u_dcache/g_dcu[0].u_dcu/u_data_ram/mem_reg_2/CLKARDCLK
Min Period        n/a     RAMB36E2/CLKBWRCLK  n/a            1.569         16.665      15.096     RAMB36_X3Y58   u_soc/g_dcache.u_dcache/g_dcu[0].u_dcu/u_data_ram/mem_reg_2/CLKBWRCLK
Min Period        n/a     RAMB36E2/CLKARDCLK  n/a            1.569         16.665      15.096     RAMB36_X3Y56   u_soc/g_dcache.u_dcache/g_dcu[0].u_dcu/u_data_ram/mem_reg_3/CLKARDCLK
Min Period        n/a     RAMB36E2/CLKBWRCLK  n/a            1.569         16.665      15.096     RAMB36_X3Y56   u_soc/g_dcache.u_dcache/g_dcu[0].u_dcu/u_data_ram/mem_reg_3/CLKBWRCLK
Min Period        n/a     RAMB18E2/CLKARDCLK  n/a            1.569         16.665      15.096     RAMB18_X2Y120  u_soc/g_dcache.u_dcache/g_dcu[0].u_dcu/u_tag_ram/mem_reg_0/CLKARDCLK
Min Period        n/a     RAMB18E2/CLKBWRCLK  n/a            1.569         16.665      15.096     RAMB18_X2Y120  u_soc/g_dcache.u_dcache/g_dcu[0].u_dcu/u_tag_ram/mem_reg_0/CLKBWRCLK
Low Pulse Width   Slow    RAMB36E2/CLKARDCLK  n/a            0.542         9.999       9.457      RAMB36_X3Y59   u_soc/g_dcache.u_dcache/g_dcu[0].u_dcu/u_data_ram/mem_reg_0/CLKARDCLK
Low Pulse Width   Fast    RAMB36E2/CLKARDCLK  n/a            0.542         9.999       9.457      RAMB36_X3Y59   u_soc/g_dcache.u_dcache/g_dcu[0].u_dcu/u_data_ram/mem_reg_0/CLKARDCLK
Low Pulse Width   Slow    RAMB36E2/CLKBWRCLK  n/a            0.542         9.999       9.457      RAMB36_X3Y59   u_soc/g_dcache.u_dcache/g_dcu[0].u_dcu/u_data_ram/mem_reg_0/CLKBWRCLK
Low Pulse Width   Fast    RAMB36E2/CLKBWRCLK  n/a            0.542         9.999       9.457      RAMB36_X3Y59   u_soc/g_dcache.u_dcache/g_dcu[0].u_dcu/u_data_ram/mem_reg_0/CLKBWRCLK
Low Pulse Width   Slow    RAMB36E2/CLKARDCLK  n/a            0.542         9.999       9.457      RAMB36_X3Y57   u_soc/g_dcache.u_dcache/g_dcu[0].u_dcu/u_data_ram/mem_reg_1/CLKARDCLK
Low Pulse Width   Fast    RAMB36E2/CLKARDCLK  n/a            0.542         9.999       9.457      RAMB36_X3Y57   u_soc/g_dcache.u_dcache/g_dcu[0].u_dcu/u_data_ram/mem_reg_1/CLKARDCLK
Low Pulse Width   Slow    RAMB36E2/CLKBWRCLK  n/a            0.542         9.999       9.457      RAMB36_X3Y57   u_soc/g_dcache.u_dcache/g_dcu[0].u_dcu/u_data_ram/mem_reg_1/CLKBWRCLK
Low Pulse Width   Fast    RAMB36E2/CLKBWRCLK  n/a            0.542         9.999       9.457      RAMB36_X3Y57   u_soc/g_dcache.u_dcache/g_dcu[0].u_dcu/u_data_ram/mem_reg_1/CLKBWRCLK
Low Pulse Width   Slow    RAMB36E2/CLKARDCLK  n/a            0.542         9.999       9.457      RAMB36_X3Y58   u_soc/g_dcache.u_dcache/g_dcu[0].u_dcu/u_data_ram/mem_reg_2/CLKARDCLK
Low Pulse Width   Fast    RAMB36E2/CLKARDCLK  n/a            0.542         9.999       9.457      RAMB36_X3Y58   u_soc/g_dcache.u_dcache/g_dcu[0].u_dcu/u_data_ram/mem_reg_2/CLKARDCLK
High Pulse Width  Slow    RAMB36E2/CLKARDCLK  n/a            0.542         6.666       6.124      RAMB36_X3Y59   u_soc/g_dcache.u_dcache/g_dcu[0].u_dcu/u_data_ram/mem_reg_0/CLKARDCLK
High Pulse Width  Fast    RAMB36E2/CLKARDCLK  n/a            0.542         6.666       6.124      RAMB36_X3Y59   u_soc/g_dcache.u_dcache/g_dcu[0].u_dcu/u_data_ram/mem_reg_0/CLKARDCLK
High Pulse Width  Slow    RAMB36E2/CLKBWRCLK  n/a            0.542         6.666       6.124      RAMB36_X3Y59   u_soc/g_dcache.u_dcache/g_dcu[0].u_dcu/u_data_ram/mem_reg_0/CLKBWRCLK
High Pulse Width  Fast    RAMB36E2/CLKBWRCLK  n/a            0.542         6.666       6.124      RAMB36_X3Y59   u_soc/g_dcache.u_dcache/g_dcu[0].u_dcu/u_data_ram/mem_reg_0/CLKBWRCLK
High Pulse Width  Slow    RAMB36E2/CLKARDCLK  n/a            0.542         6.666       6.124      RAMB36_X3Y57   u_soc/g_dcache.u_dcache/g_dcu[0].u_dcu/u_data_ram/mem_reg_1/CLKARDCLK
High Pulse Width  Fast    RAMB36E2/CLKARDCLK  n/a            0.542         6.666       6.124      RAMB36_X3Y57   u_soc/g_dcache.u_dcache/g_dcu[0].u_dcu/u_data_ram/mem_reg_1/CLKARDCLK
High Pulse Width  Slow    RAMB36E2/CLKBWRCLK  n/a            0.542         6.666       6.124      RAMB36_X3Y57   u_soc/g_dcache.u_dcache/g_dcu[0].u_dcu/u_data_ram/mem_reg_1/CLKBWRCLK
High Pulse Width  Fast    RAMB36E2/CLKBWRCLK  n/a            0.542         6.666       6.124      RAMB36_X3Y57   u_soc/g_dcache.u_dcache/g_dcu[0].u_dcu/u_data_ram/mem_reg_1/CLKBWRCLK
High Pulse Width  Slow    RAMB36E2/CLKARDCLK  n/a            0.542         6.666       6.124      RAMB36_X3Y58   u_soc/g_dcache.u_dcache/g_dcu[0].u_dcu/u_data_ram/mem_reg_2/CLKARDCLK
High Pulse Width  Fast    RAMB36E2/CLKARDCLK  n/a            0.542         6.666       6.124      RAMB36_X3Y58   u_soc/g_dcache.u_dcache/g_dcu[0].u_dcu/u_data_ram/mem_reg_2/CLKARDCLK



---------------------------------------------------------------------------------------------------
Path Group:  **async_default**
From Clock:  clk
  To Clock:  clk

Setup :            0  Failing Endpoints,  Worst Slack        8.409ns,  Total Violation        0.000ns
Hold  :            0  Failing Endpoints,  Worst Slack        0.050ns,  Total Violation        0.000ns
---------------------------------------------------------------------------------------------------


Max Delay Paths
--------------------------------------------------------------------------------------
Slack (MET) :             8.409ns  (required time - arrival time)
  Source:                 rst_n_q_reg_rep__16/C
                            (rising edge-triggered cell FDRE clocked by clk  {rise@0.000ns fall@6.666ns period=16.665ns})
  Destination:            u_soc/g_pe[2].u_pe/u_core/core_i/id_stage_i/register_file_i/gen_rf[18].mem_reg[18][18]/CLR
                            (recovery check against rising-edge clock clk  {rise@0.000ns fall@6.666ns period=16.665ns})
  Path Group:             **async_default**
  Path Type:              Recovery (Max at Slow Process Corner)
  Requirement:            16.665ns  (clk rise@16.665ns - clk rise@0.000ns)
  Data Path Delay:        9.478ns  (logic 0.079ns (0.834%)  route 9.399ns (99.167%))
  Logic Levels:           0  
  Clock Path Skew:        1.323ns (DCD - SCD + CPR)
    Destination Clock Delay (DCD):    4.546ns = ( 21.211 - 16.665 ) 
    Source Clock Delay      (SCD):    3.486ns
    Clock Pessimism Removal (CPR):    0.263ns
  Clock Uncertainty:      0.035ns  ((TSJ^2 + TIJ^2)^1/2 + DJ) / 2 + PE
    Total System Jitter     (TSJ):    0.071ns
    Total Input Jitter      (TIJ):    0.000ns
    Discrete Jitter          (DJ):    0.000ns
    Phase Error              (PE):    0.000ns
  Clock Net Delay (Source):      2.337ns (routing 1.007ns, distribution 1.330ns)
  Clock Net Delay (Destination): 1.833ns (routing 1.133ns, distribution 0.700ns)

    Location             Delay type                Incr(ns)  Path(ns)    Netlist Resource(s)
  -------------------------------------------------------------------    -------------------
                         (clock clk rise edge)        0.000     0.000 r  
    AH18                                              0.000     0.000 r  clk300_p_i (IN)
                         net (fo=0)                   0.100     0.100    u_ibufds/I
    HPIOBDIFFINBUF_X1Y36 DIFFINBUF (Prop_DIFFINBUF_HPIOBDIFFINBUF_DIFF_IN_P_O)
                                                      0.525     0.625 r  u_ibufds/DIFFINBUF_INST/O
                         net (fo=1, routed)           0.050     0.675    u_ibufds/OUT
    AH18                 IBUFCTRL (Prop_IBUFCTRL_HPIOB_M_I_O)
                                                      0.000     0.675 r  u_ibufds/IBUFCTRL_INST/O
                         net (fo=1, routed)           0.322     0.997    clk_ref
    BUFGCE_DIV_X1Y7      BUFGCE_DIV (Prop_BUFGCE_DIV_I_O)
                                                      0.152     1.149 r  u_bufgce_div/O
    X1Y3 (CLOCK_ROOT)    net (fo=7018, routed)        2.337     3.486    clk
    SLICE_X74Y218        FDRE                                         r  rst_n_q_reg_rep__16/C
  -------------------------------------------------------------------    -------------------
    SLICE_X74Y218        FDRE (Prop_FFF2_SLICEM_C_Q)
                                                      0.079     3.565 r  rst_n_q_reg_rep__16/Q
                         net (fo=198, routed)         9.399    12.964    u_soc/g_pe[2].u_pe/u_core/core_i/id_stage_i/register_file_i/gen_rf[18].mem_reg[18][26]_0
    SLICE_X77Y356        FDCE                                         f  u_soc/g_pe[2].u_pe/u_core/core_i/id_stage_i/register_file_i/gen_rf[18].mem_reg[18][18]/CLR  (IS_INVERTED)
  -------------------------------------------------------------------    -------------------

                         (clock clk rise edge)       16.665    16.665 r  
    AH18                                              0.000    16.665 r  clk300_p_i (IN)
                         net (fo=0)                   0.079    16.744    u_ibufds/I
    HPIOBDIFFINBUF_X1Y36 DIFFINBUF (Prop_DIFFINBUF_HPIOBDIFFINBUF_DIFF_IN_P_O)
                                                      0.429    17.173 r  u_ibufds/DIFFINBUF_INST/O
                         net (fo=1, routed)           0.040    17.213    u_ibufds/OUT
    AH18                 IBUFCTRL (Prop_IBUFCTRL_HPIOB_M_I_O)
                                                      0.000    17.213 r  u_ibufds/IBUFCTRL_INST/O
                         net (fo=1, routed)           0.286    17.499    clk_ref
    BUFGCE_DIV_X1Y7      BUFGCE_DIV (Prop_BUFGCE_DIV_I_O)
                                                      0.132    17.631 r  u_bufgce_div/O
                         net (fo=7018, routed)        1.723    19.354    u_soc/g_pe[2].u_pe/u_core/core_i/sleep_unit_i/core_clock_gate_i/clk
    BUFGCE_X0Y104        BUFGCE (Prop_BUFCE_BUFGCE_I_O)
                                                      0.024    19.378 r  u_soc/g_pe[2].u_pe/u_core/core_i/sleep_unit_i/core_clock_gate_i/u_bufgce/O
    X2Y5 (CLOCK_ROOT)    net (fo=2099, routed)        1.833    21.211    u_soc/g_pe[2].u_pe/u_core/core_i/id_stage_i/register_file_i/clk_0
    SLICE_X77Y356        FDCE                                         r  u_soc/g_pe[2].u_pe/u_core/core_i/id_stage_i/register_file_i/gen_rf[18].mem_reg[18][18]/C
                         clock pessimism              0.263    21.474    
                         clock uncertainty           -0.035    21.439    
    SLICE_X77Y356        FDCE (Recov_HFF_SLICEL_C_CLR)
                                                     -0.066    21.373    u_soc/g_pe[2].u_pe/u_core/core_i/id_stage_i/register_file_i/gen_rf[18].mem_reg[18][18]
  -------------------------------------------------------------------
                         required time                         21.373    
                         arrival time                         -12.964    
  -------------------------------------------------------------------
                         slack                                  8.409    

Slack (MET) :             8.409ns  (required time - arrival time)
  Source:                 rst_n_q_reg_rep__16/C
                            (rising edge-triggered cell FDRE clocked by clk  {rise@0.000ns fall@6.666ns period=16.665ns})
  Destination:            u_soc/g_pe[2].u_pe/u_core/core_i/id_stage_i/register_file_i/gen_rf[18].mem_reg[18][9]/CLR
                            (recovery check against rising-edge clock clk  {rise@0.000ns fall@6.666ns period=16.665ns})
  Path Group:             **async_default**
  Path Type:              Recovery (Max at Slow Process Corner)
  Requirement:            16.665ns  (clk rise@16.665ns - clk rise@0.000ns)
  Data Path Delay:        9.478ns  (logic 0.079ns (0.834%)  route 9.399ns (99.167%))
  Logic Levels:           0  
  Clock Path Skew:        1.323ns (DCD - SCD + CPR)
    Destination Clock Delay (DCD):    4.546ns = ( 21.211 - 16.665 ) 
    Source Clock Delay      (SCD):    3.486ns
    Clock Pessimism Removal (CPR):    0.263ns
  Clock Uncertainty:      0.035ns  ((TSJ^2 + TIJ^2)^1/2 + DJ) / 2 + PE
    Total System Jitter     (TSJ):    0.071ns
    Total Input Jitter      (TIJ):    0.000ns
    Discrete Jitter          (DJ):    0.000ns
    Phase Error              (PE):    0.000ns
  Clock Net Delay (Source):      2.337ns (routing 1.007ns, distribution 1.330ns)
  Clock Net Delay (Destination): 1.833ns (routing 1.133ns, distribution 0.700ns)

    Location             Delay type                Incr(ns)  Path(ns)    Netlist Resource(s)
  -------------------------------------------------------------------    -------------------
                         (clock clk rise edge)        0.000     0.000 r  
    AH18                                              0.000     0.000 r  clk300_p_i (IN)
                         net (fo=0)                   0.100     0.100    u_ibufds/I
    HPIOBDIFFINBUF_X1Y36 DIFFINBUF (Prop_DIFFINBUF_HPIOBDIFFINBUF_DIFF_IN_P_O)
                                                      0.525     0.625 r  u_ibufds/DIFFINBUF_INST/O
                         net (fo=1, routed)           0.050     0.675    u_ibufds/OUT
    AH18                 IBUFCTRL (Prop_IBUFCTRL_HPIOB_M_I_O)
                                                      0.000     0.675 r  u_ibufds/IBUFCTRL_INST/O
                         net (fo=1, routed)           0.322     0.997    clk_ref
    BUFGCE_DIV_X1Y7      BUFGCE_DIV (Prop_BUFGCE_DIV_I_O)
                                                      0.152     1.149 r  u_bufgce_div/O
    X1Y3 (CLOCK_ROOT)    net (fo=7018, routed)        2.337     3.486    clk
    SLICE_X74Y218        FDRE                                         r  rst_n_q_reg_rep__16/C
  -------------------------------------------------------------------    -------------------
    SLICE_X74Y218        FDRE (Prop_FFF2_SLICEM_C_Q)
                                                      0.079     3.565 r  rst_n_q_reg_rep__16/Q
                         net (fo=198, routed)         9.399    12.964    u_soc/g_pe[2].u_pe/u_core/core_i/id_stage_i/register_file_i/gen_rf[18].mem_reg[18][26]_0
    SLICE_X77Y356        FDCE                                         f  u_soc/g_pe[2].u_pe/u_core/core_i/id_stage_i/register_file_i/gen_rf[18].mem_reg[18][9]/CLR  (IS_INVERTED)
  -------------------------------------------------------------------    -------------------

                         (clock clk rise edge)       16.665    16.665 r  
    AH18                                              0.000    16.665 r  clk300_p_i (IN)
                         net (fo=0)                   0.079    16.744    u_ibufds/I
    HPIOBDIFFINBUF_X1Y36 DIFFINBUF (Prop_DIFFINBUF_HPIOBDIFFINBUF_DIFF_IN_P_O)
                                                      0.429    17.173 r  u_ibufds/DIFFINBUF_INST/O
                         net (fo=1, routed)           0.040    17.213    u_ibufds/OUT
    AH18                 IBUFCTRL (Prop_IBUFCTRL_HPIOB_M_I_O)
                                                      0.000    17.213 r  u_ibufds/IBUFCTRL_INST/O
                         net (fo=1, routed)           0.286    17.499    clk_ref
    BUFGCE_DIV_X1Y7      BUFGCE_DIV (Prop_BUFGCE_DIV_I_O)
                                                      0.132    17.631 r  u_bufgce_div/O
                         net (fo=7018, routed)        1.723    19.354    u_soc/g_pe[2].u_pe/u_core/core_i/sleep_unit_i/core_clock_gate_i/clk
    BUFGCE_X0Y104        BUFGCE (Prop_BUFCE_BUFGCE_I_O)
                                                      0.024    19.378 r  u_soc/g_pe[2].u_pe/u_core/core_i/sleep_unit_i/core_clock_gate_i/u_bufgce/O
    X2Y5 (CLOCK_ROOT)    net (fo=2099, routed)        1.833    21.211    u_soc/g_pe[2].u_pe/u_core/core_i/id_stage_i/register_file_i/clk_0
    SLICE_X77Y356        FDCE                                         r  u_soc/g_pe[2].u_pe/u_core/core_i/id_stage_i/register_file_i/gen_rf[18].mem_reg[18][9]/C
                         clock pessimism              0.263    21.474    
                         clock uncertainty           -0.035    21.439    
    SLICE_X77Y356        FDCE (Recov_HFF2_SLICEL_C_CLR)
                                                     -0.066    21.373    u_soc/g_pe[2].u_pe/u_core/core_i/id_stage_i/register_file_i/gen_rf[18].mem_reg[18][9]
  -------------------------------------------------------------------
                         required time                         21.373    
                         arrival time                         -12.964    
  -------------------------------------------------------------------
                         slack                                  8.409    

Slack (MET) :             8.477ns  (required time - arrival time)
  Source:                 rst_n_q_reg_rep__16/C
                            (rising edge-triggered cell FDRE clocked by clk  {rise@0.000ns fall@6.666ns period=16.665ns})
  Destination:            u_soc/g_pe[2].u_pe/u_core/core_i/id_stage_i/register_file_i/gen_rf[18].mem_reg[18][20]/CLR
                            (recovery check against rising-edge clock clk  {rise@0.000ns fall@6.666ns period=16.665ns})
  Path Group:             **async_default**
  Path Type:              Recovery (Max at Slow Process Corner)
  Requirement:            16.665ns  (clk rise@16.665ns - clk rise@0.000ns)
  Data Path Delay:        9.403ns  (logic 0.079ns (0.840%)  route 9.324ns (99.160%))
  Logic Levels:           0  
  Clock Path Skew:        1.316ns (DCD - SCD + CPR)
    Destination Clock Delay (DCD):    4.539ns = ( 21.204 - 16.665 ) 
    Source Clock Delay      (SCD):    3.486ns
    Clock Pessimism Removal (CPR):    0.263ns
  Clock Uncertainty:      0.035ns  ((TSJ^2 + TIJ^2)^1/2 + DJ) / 2 + PE
    Total System Jitter     (TSJ):    0.071ns
    Total Input Jitter      (TIJ):    0.000ns
    Discrete Jitter          (DJ):    0.000ns
    Phase Error              (PE):    0.000ns
  Clock Net Delay (Source):      2.337ns (routing 1.007ns, distribution 1.330ns)
  Clock Net Delay (Destination): 1.826ns (routing 1.133ns, distribution 0.693ns)

    Location             Delay type                Incr(ns)  Path(ns)    Netlist Resource(s)
  -------------------------------------------------------------------    -------------------
                         (clock clk rise edge)        0.000     0.000 r  
    AH18                                              0.000     0.000 r  clk300_p_i (IN)
                         net (fo=0)                   0.100     0.100    u_ibufds/I
    HPIOBDIFFINBUF_X1Y36 DIFFINBUF (Prop_DIFFINBUF_HPIOBDIFFINBUF_DIFF_IN_P_O)
                                                      0.525     0.625 r  u_ibufds/DIFFINBUF_INST/O
                         net (fo=1, routed)           0.050     0.675    u_ibufds/OUT
    AH18                 IBUFCTRL (Prop_IBUFCTRL_HPIOB_M_I_O)
                                                      0.000     0.675 r  u_ibufds/IBUFCTRL_INST/O
                         net (fo=1, routed)           0.322     0.997    clk_ref
    BUFGCE_DIV_X1Y7      BUFGCE_DIV (Prop_BUFGCE_DIV_I_O)
                                                      0.152     1.149 r  u_bufgce_div/O
    X1Y3 (CLOCK_ROOT)    net (fo=7018, routed)        2.337     3.486    clk
    SLICE_X74Y218        FDRE                                         r  rst_n_q_reg_rep__16/C
  -------------------------------------------------------------------    -------------------
    SLICE_X74Y218        FDRE (Prop_FFF2_SLICEM_C_Q)
                                                      0.079     3.565 r  rst_n_q_reg_rep__16/Q
                         net (fo=198, routed)         9.324    12.890    u_soc/g_pe[2].u_pe/u_core/core_i/id_stage_i/register_file_i/gen_rf[18].mem_reg[18][26]_0
    SLICE_X76Y359        FDCE                                         f  u_soc/g_pe[2].u_pe/u_core/core_i/id_stage_i/register_file_i/gen_rf[18].mem_reg[18][20]/CLR  (IS_INVERTED)
  -------------------------------------------------------------------    -------------------

                         (clock clk rise edge)       16.665    16.665 r  
    AH18                                              0.000    16.665 r  clk300_p_i (IN)
                         net (fo=0)                   0.079    16.744    u_ibufds/I
    HPIOBDIFFINBUF_X1Y36 DIFFINBUF (Prop_DIFFINBUF_HPIOBDIFFINBUF_DIFF_IN_P_O)
                                                      0.429    17.173 r  u_ibufds/DIFFINBUF_INST/O
                         net (fo=1, routed)           0.040    17.213    u_ibufds/OUT
    AH18                 IBUFCTRL (Prop_IBUFCTRL_HPIOB_M_I_O)
                                                      0.000    17.213 r  u_ibufds/IBUFCTRL_INST/O
                         net (fo=1, routed)           0.286    17.499    clk_ref
    BUFGCE_DIV_X1Y7      BUFGCE_DIV (Prop_BUFGCE_DIV_I_O)
                                                      0.132    17.631 r  u_bufgce_div/O
                         net (fo=7018, routed)        1.723    19.354    u_soc/g_pe[2].u_pe/u_core/core_i/sleep_unit_i/core_clock_gate_i/clk
    BUFGCE_X0Y104        BUFGCE (Prop_BUFCE_BUFGCE_I_O)
                                                      0.024    19.378 r  u_soc/g_pe[2].u_pe/u_core/core_i/sleep_unit_i/core_clock_gate_i/u_bufgce/O
    X2Y5 (CLOCK_ROOT)    net (fo=2099, routed)        1.826    21.204    u_soc/g_pe[2].u_pe/u_core/core_i/id_stage_i/register_file_i/clk_0
    SLICE_X76Y359        FDCE                                         r  u_soc/g_pe[2].u_pe/u_core/core_i/id_stage_i/register_file_i/gen_rf[18].mem_reg[18][20]/C
                         clock pessimism              0.263    21.468    
                         clock uncertainty           -0.035    21.432    
    SLICE_X76Y359        FDCE (Recov_BFF_SLICEL_C_CLR)
                                                     -0.066    21.366    u_soc/g_pe[2].u_pe/u_core/core_i/id_stage_i/register_file_i/gen_rf[18].mem_reg[18][20]
  -------------------------------------------------------------------
                         required time                         21.366    
                         arrival time                         -12.890    
  -------------------------------------------------------------------
                         slack                                  8.477    

Slack (MET) :             8.477ns  (required time - arrival time)
  Source:                 rst_n_q_reg_rep__16/C
                            (rising edge-triggered cell FDRE clocked by clk  {rise@0.000ns fall@6.666ns period=16.665ns})
  Destination:            u_soc/g_pe[2].u_pe/u_core/core_i/id_stage_i/register_file_i/gen_rf[20].mem_reg[20][20]/CLR
                            (recovery check against rising-edge clock clk  {rise@0.000ns fall@6.666ns period=16.665ns})
  Path Group:             **async_default**
  Path Type:              Recovery (Max at Slow Process Corner)
  Requirement:            16.665ns  (clk rise@16.665ns - clk rise@0.000ns)
  Data Path Delay:        9.403ns  (logic 0.079ns (0.840%)  route 9.324ns (99.160%))
  Logic Levels:           0  
  Clock Path Skew:        1.316ns (DCD - SCD + CPR)
    Destination Clock Delay (DCD):    4.539ns = ( 21.204 - 16.665 ) 
    Source Clock Delay      (SCD):    3.486ns
    Clock Pessimism Removal (CPR):    0.263ns
  Clock Uncertainty:      0.035ns  ((TSJ^2 + TIJ^2)^1/2 + DJ) / 2 + PE
    Total System Jitter     (TSJ):    0.071ns
    Total Input Jitter      (TIJ):    0.000ns
    Discrete Jitter          (DJ):    0.000ns
    Phase Error              (PE):    0.000ns
  Clock Net Delay (Source):      2.337ns (routing 1.007ns, distribution 1.330ns)
  Clock Net Delay (Destination): 1.826ns (routing 1.133ns, distribution 0.693ns)

    Location             Delay type                Incr(ns)  Path(ns)    Netlist Resource(s)
  -------------------------------------------------------------------    -------------------
                         (clock clk rise edge)        0.000     0.000 r  
    AH18                                              0.000     0.000 r  clk300_p_i (IN)
                         net (fo=0)                   0.100     0.100    u_ibufds/I
    HPIOBDIFFINBUF_X1Y36 DIFFINBUF (Prop_DIFFINBUF_HPIOBDIFFINBUF_DIFF_IN_P_O)
                                                      0.525     0.625 r  u_ibufds/DIFFINBUF_INST/O
                         net (fo=1, routed)           0.050     0.675    u_ibufds/OUT
    AH18                 IBUFCTRL (Prop_IBUFCTRL_HPIOB_M_I_O)
                                                      0.000     0.675 r  u_ibufds/IBUFCTRL_INST/O
                         net (fo=1, routed)           0.322     0.997    clk_ref
    BUFGCE_DIV_X1Y7      BUFGCE_DIV (Prop_BUFGCE_DIV_I_O)
                                                      0.152     1.149 r  u_bufgce_div/O
    X1Y3 (CLOCK_ROOT)    net (fo=7018, routed)        2.337     3.486    clk
    SLICE_X74Y218        FDRE                                         r  rst_n_q_reg_rep__16/C
  -------------------------------------------------------------------    -------------------
    SLICE_X74Y218        FDRE (Prop_FFF2_SLICEM_C_Q)
                                                      0.079     3.565 r  rst_n_q_reg_rep__16/Q
                         net (fo=198, routed)         9.324    12.890    u_soc/g_pe[2].u_pe/u_core/core_i/id_stage_i/register_file_i/gen_rf[18].mem_reg[18][26]_0
    SLICE_X76Y359        FDCE                                         f  u_soc/g_pe[2].u_pe/u_core/core_i/id_stage_i/register_file_i/gen_rf[20].mem_reg[20][20]/CLR  (IS_INVERTED)
  -------------------------------------------------------------------    -------------------

                         (clock clk rise edge)       16.665    16.665 r  
    AH18                                              0.000    16.665 r  clk300_p_i (IN)
                         net (fo=0)                   0.079    16.744    u_ibufds/I
    HPIOBDIFFINBUF_X1Y36 DIFFINBUF (Prop_DIFFINBUF_HPIOBDIFFINBUF_DIFF_IN_P_O)
                                                      0.429    17.173 r  u_ibufds/DIFFINBUF_INST/O
                         net (fo=1, routed)           0.040    17.213    u_ibufds/OUT
    AH18                 IBUFCTRL (Prop_IBUFCTRL_HPIOB_M_I_O)
                                                      0.000    17.213 r  u_ibufds/IBUFCTRL_INST/O
                         net (fo=1, routed)           0.286    17.499    clk_ref
    BUFGCE_DIV_X1Y7      BUFGCE_DIV (Prop_BUFGCE_DIV_I_O)
                                                      0.132    17.631 r  u_bufgce_div/O
                         net (fo=7018, routed)        1.723    19.354    u_soc/g_pe[2].u_pe/u_core/core_i/sleep_unit_i/core_clock_gate_i/clk
    BUFGCE_X0Y104        BUFGCE (Prop_BUFCE_BUFGCE_I_O)
                                                      0.024    19.378 r  u_soc/g_pe[2].u_pe/u_core/core_i/sleep_unit_i/core_clock_gate_i/u_bufgce/O
    X2Y5 (CLOCK_ROOT)    net (fo=2099, routed)        1.826    21.204    u_soc/g_pe[2].u_pe/u_core/core_i/id_stage_i/register_file_i/clk_0
    SLICE_X76Y359        FDCE                                         r  u_soc/g_pe[2].u_pe/u_core/core_i/id_stage_i/register_file_i/gen_rf[20].mem_reg[20][20]/C
                         clock pessimism              0.263    21.468    
                         clock uncertainty           -0.035    21.432    
    SLICE_X76Y359        FDCE (Recov_BFF2_SLICEL_C_CLR)
                                                     -0.066    21.366    u_soc/g_pe[2].u_pe/u_core/core_i/id_stage_i/register_file_i/gen_rf[20].mem_reg[20][20]
  -------------------------------------------------------------------
                         required time                         21.366    
                         arrival time                         -12.890    
  -------------------------------------------------------------------
                         slack                                  8.477    

Slack (MET) :             8.480ns  (required time - arrival time)
  Source:                 rst_n_q_reg_rep__16/C
                            (rising edge-triggered cell FDRE clocked by clk  {rise@0.000ns fall@6.666ns period=16.665ns})
  Destination:            u_soc/g_pe[2].u_pe/u_core/core_i/id_stage_i/register_file_i/gen_rf[18].mem_reg[18][16]/CLR
                            (recovery check against rising-edge clock clk  {rise@0.000ns fall@6.666ns period=16.665ns})
  Path Group:             **async_default**
  Path Type:              Recovery (Max at Slow Process Corner)
  Requirement:            16.665ns  (clk rise@16.665ns - clk rise@0.000ns)
  Data Path Delay:        9.402ns  (logic 0.079ns (0.840%)  route 9.323ns (99.160%))
  Logic Levels:           0  
  Clock Path Skew:        1.318ns (DCD - SCD + CPR)
    Destination Clock Delay (DCD):    4.541ns = ( 21.206 - 16.665 ) 
    Source Clock Delay      (SCD):    3.486ns
    Clock Pessimism Removal (CPR):    0.263ns
  Clock Uncertainty:      0.035ns  ((TSJ^2 + TIJ^2)^1/2 + DJ) / 2 + PE
    Total System Jitter     (TSJ):    0.071ns
    Total Input Jitter      (TIJ):    0.000ns
    Discrete Jitter          (DJ):    0.000ns
    Phase Error              (PE):    0.000ns
  Clock Net Delay (Source):      2.337ns (routing 1.007ns, distribution 1.330ns)
  Clock Net Delay (Destination): 1.828ns (routing 1.133ns, distribution 0.695ns)

    Location             Delay type                Incr(ns)  Path(ns)    Netlist Resource(s)
  -------------------------------------------------------------------    -------------------
                         (clock clk rise edge)        0.000     0.000 r  
    AH18                                              0.000     0.000 r  clk300_p_i (IN)
                         net (fo=0)                   0.100     0.100    u_ibufds/I
    HPIOBDIFFINBUF_X1Y36 DIFFINBUF (Prop_DIFFINBUF_HPIOBDIFFINBUF_DIFF_IN_P_O)
                                                      0.525     0.625 r  u_ibufds/DIFFINBUF_INST/O
                         net (fo=1, routed)           0.050     0.675    u_ibufds/OUT
    AH18                 IBUFCTRL (Prop_IBUFCTRL_HPIOB_M_I_O)
                                                      0.000     0.675 r  u_ibufds/IBUFCTRL_INST/O
                         net (fo=1, routed)           0.322     0.997    clk_ref
    BUFGCE_DIV_X1Y7      BUFGCE_DIV (Prop_BUFGCE_DIV_I_O)
                                                      0.152     1.149 r  u_bufgce_div/O
    X1Y3 (CLOCK_ROOT)    net (fo=7018, routed)        2.337     3.486    clk
    SLICE_X74Y218        FDRE                                         r  rst_n_q_reg_rep__16/C
  -------------------------------------------------------------------    -------------------
    SLICE_X74Y218        FDRE (Prop_FFF2_SLICEM_C_Q)
                                                      0.079     3.565 r  rst_n_q_reg_rep__16/Q
                         net (fo=198, routed)         9.323    12.889    u_soc/g_pe[2].u_pe/u_core/core_i/id_stage_i/register_file_i/gen_rf[18].mem_reg[18][26]_0
    SLICE_X77Y359        FDCE                                         f  u_soc/g_pe[2].u_pe/u_core/core_i/id_stage_i/register_file_i/gen_rf[18].mem_reg[18][16]/CLR  (IS_INVERTED)
  -------------------------------------------------------------------    -------------------

                         (clock clk rise edge)       16.665    16.665 r  
    AH18                                              0.000    16.665 r  clk300_p_i (IN)
                         net (fo=0)                   0.079    16.744    u_ibufds/I
    HPIOBDIFFINBUF_X1Y36 DIFFINBUF (Prop_DIFFINBUF_HPIOBDIFFINBUF_DIFF_IN_P_O)
                                                      0.429    17.173 r  u_ibufds/DIFFINBUF_INST/O
                         net (fo=1, routed)           0.040    17.213    u_ibufds/OUT
    AH18                 IBUFCTRL (Prop_IBUFCTRL_HPIOB_M_I_O)
                                                      0.000    17.213 r  u_ibufds/IBUFCTRL_INST/O
                         net (fo=1, routed)           0.286    17.499    clk_ref
    BUFGCE_DIV_X1Y7      BUFGCE_DIV (Prop_BUFGCE_DIV_I_O)
                                                      0.132    17.631 r  u_bufgce_div/O
                         net (fo=7018, routed)        1.723    19.354    u_soc/g_pe[2].u_pe/u_core/core_i/sleep_unit_i/core_clock_gate_i/clk
    BUFGCE_X0Y104        BUFGCE (Prop_BUFCE_BUFGCE_I_O)
                                                      0.024    19.378 r  u_soc/g_pe[2].u_pe/u_core/core_i/sleep_unit_i/core_clock_gate_i/u_bufgce/O
    X2Y5 (CLOCK_ROOT)    net (fo=2099, routed)        1.828    21.206    u_soc/g_pe[2].u_pe/u_core/core_i/id_stage_i/register_file_i/clk_0
    SLICE_X77Y359        FDCE                                         r  u_soc/g_pe[2].u_pe/u_core/core_i/id_stage_i/register_file_i/gen_rf[18].mem_reg[18][16]/C
                         clock pessimism              0.263    21.470    
                         clock uncertainty           -0.035    21.434    
    SLICE_X77Y359        FDCE (Recov_HFF_SLICEL_C_CLR)
                                                     -0.066    21.368    u_soc/g_pe[2].u_pe/u_core/core_i/id_stage_i/register_file_i/gen_rf[18].mem_reg[18][16]
  -------------------------------------------------------------------
                         required time                         21.368    
                         arrival time                         -12.889    
  -------------------------------------------------------------------
                         slack                                  8.480    

Slack (MET) :             8.480ns  (required time - arrival time)
  Source:                 rst_n_q_reg_rep__16/C
                            (rising edge-triggered cell FDRE clocked by clk  {rise@0.000ns fall@6.666ns period=16.665ns})
  Destination:            u_soc/g_pe[2].u_pe/u_core/core_i/id_stage_i/register_file_i/gen_rf[20].mem_reg[20][16]/CLR
                            (recovery check against rising-edge clock clk  {rise@0.000ns fall@6.666ns period=16.665ns})
  Path Group:             **async_default**
  Path Type:              Recovery (Max at Slow Process Corner)
  Requirement:            16.665ns  (clk rise@16.665ns - clk rise@0.000ns)
  Data Path Delay:        9.402ns  (logic 0.079ns (0.840%)  route 9.323ns (99.160%))
  Logic Levels:           0  
  Clock Path Skew:        1.318ns (DCD - SCD + CPR)
    Destination Clock Delay (DCD):    4.541ns = ( 21.206 - 16.665 ) 
    Source Clock Delay      (SCD):    3.486ns
    Clock Pessimism Removal (CPR):    0.263ns
  Clock Uncertainty:      0.035ns  ((TSJ^2 + TIJ^2)^1/2 + DJ) / 2 + PE
    Total System Jitter     (TSJ):    0.071ns
    Total Input Jitter      (TIJ):    0.000ns
    Discrete Jitter          (DJ):    0.000ns
    Phase Error              (PE):    0.000ns
  Clock Net Delay (Source):      2.337ns (routing 1.007ns, distribution 1.330ns)
  Clock Net Delay (Destination): 1.828ns (routing 1.133ns, distribution 0.695ns)

    Location             Delay type                Incr(ns)  Path(ns)    Netlist Resource(s)
  -------------------------------------------------------------------    -------------------
                         (clock clk rise edge)        0.000     0.000 r  
    AH18                                              0.000     0.000 r  clk300_p_i (IN)
                         net (fo=0)                   0.100     0.100    u_ibufds/I
    HPIOBDIFFINBUF_X1Y36 DIFFINBUF (Prop_DIFFINBUF_HPIOBDIFFINBUF_DIFF_IN_P_O)
                                                      0.525     0.625 r  u_ibufds/DIFFINBUF_INST/O
                         net (fo=1, routed)           0.050     0.675    u_ibufds/OUT
    AH18                 IBUFCTRL (Prop_IBUFCTRL_HPIOB_M_I_O)
                                                      0.000     0.675 r  u_ibufds/IBUFCTRL_INST/O
                         net (fo=1, routed)           0.322     0.997    clk_ref
    BUFGCE_DIV_X1Y7      BUFGCE_DIV (Prop_BUFGCE_DIV_I_O)
                                                      0.152     1.149 r  u_bufgce_div/O
    X1Y3 (CLOCK_ROOT)    net (fo=7018, routed)        2.337     3.486    clk
    SLICE_X74Y218        FDRE                                         r  rst_n_q_reg_rep__16/C
  -------------------------------------------------------------------    -------------------
    SLICE_X74Y218        FDRE (Prop_FFF2_SLICEM_C_Q)
                                                      0.079     3.565 r  rst_n_q_reg_rep__16/Q
                         net (fo=198, routed)         9.323    12.889    u_soc/g_pe[2].u_pe/u_core/core_i/id_stage_i/register_file_i/gen_rf[18].mem_reg[18][26]_0
    SLICE_X77Y359        FDCE                                         f  u_soc/g_pe[2].u_pe/u_core/core_i/id_stage_i/register_file_i/gen_rf[20].mem_reg[20][16]/CLR  (IS_INVERTED)
  -------------------------------------------------------------------    -------------------

                         (clock clk rise edge)       16.665    16.665 r  
    AH18                                              0.000    16.665 r  clk300_p_i (IN)
                         net (fo=0)                   0.079    16.744    u_ibufds/I
    HPIOBDIFFINBUF_X1Y36 DIFFINBUF (Prop_DIFFINBUF_HPIOBDIFFINBUF_DIFF_IN_P_O)
                                                      0.429    17.173 r  u_ibufds/DIFFINBUF_INST/O
                         net (fo=1, routed)           0.040    17.213    u_ibufds/OUT
    AH18                 IBUFCTRL (Prop_IBUFCTRL_HPIOB_M_I_O)
                                                      0.000    17.213 r  u_ibufds/IBUFCTRL_INST/O
                         net (fo=1, routed)           0.286    17.499    clk_ref
    BUFGCE_DIV_X1Y7      BUFGCE_DIV (Prop_BUFGCE_DIV_I_O)
                                                      0.132    17.631 r  u_bufgce_div/O
                         net (fo=7018, routed)        1.723    19.354    u_soc/g_pe[2].u_pe/u_core/core_i/sleep_unit_i/core_clock_gate_i/clk
    BUFGCE_X0Y104        BUFGCE (Prop_BUFCE_BUFGCE_I_O)
                                                      0.024    19.378 r  u_soc/g_pe[2].u_pe/u_core/core_i/sleep_unit_i/core_clock_gate_i/u_bufgce/O
    X2Y5 (CLOCK_ROOT)    net (fo=2099, routed)        1.828    21.206    u_soc/g_pe[2].u_pe/u_core/core_i/id_stage_i/register_file_i/clk_0
    SLICE_X77Y359        FDCE                                         r  u_soc/g_pe[2].u_pe/u_core/core_i/id_stage_i/register_file_i/gen_rf[20].mem_reg[20][16]/C
                         clock pessimism              0.263    21.470    
                         clock uncertainty           -0.035    21.434    
    SLICE_X77Y359        FDCE (Recov_HFF2_SLICEL_C_CLR)
                                                     -0.066    21.368    u_soc/g_pe[2].u_pe/u_core/core_i/id_stage_i/register_file_i/gen_rf[20].mem_reg[20][16]
  -------------------------------------------------------------------
                         required time                         21.368    
                         arrival time                         -12.889    
  -------------------------------------------------------------------
                         slack                                  8.480    

Slack (MET) :             8.543ns  (required time - arrival time)
  Source:                 rst_n_q_reg_rep__16/C
                            (rising edge-triggered cell FDRE clocked by clk  {rise@0.000ns fall@6.666ns period=16.665ns})
  Destination:            u_soc/g_pe[2].u_pe/u_core/core_i/id_stage_i/register_file_i/gen_rf[20].mem_reg[20][27]/CLR
                            (recovery check against rising-edge clock clk  {rise@0.000ns fall@6.666ns period=16.665ns})
  Path Group:             **async_default**
  Path Type:              Recovery (Max at Slow Process Corner)
  Requirement:            16.665ns  (clk rise@16.665ns - clk rise@0.000ns)
  Data Path Delay:        9.331ns  (logic 0.079ns (0.847%)  route 9.252ns (99.153%))
  Logic Levels:           0  
  Clock Path Skew:        1.311ns (DCD - SCD + CPR)
    Destination Clock Delay (DCD):    4.534ns = ( 21.199 - 16.665 ) 
    Source Clock Delay      (SCD):    3.486ns
    Clock Pessimism Removal (CPR):    0.263ns
  Clock Uncertainty:      0.035ns  ((TSJ^2 + TIJ^2)^1/2 + DJ) / 2 + PE
    Total System Jitter     (TSJ):    0.071ns
    Total Input Jitter      (TIJ):    0.000ns
    Discrete Jitter          (DJ):    0.000ns
    Phase Error              (PE):    0.000ns
  Clock Net Delay (Source):      2.337ns (routing 1.007ns, distribution 1.330ns)
  Clock Net Delay (Destination): 1.821ns (routing 1.133ns, distribution 0.688ns)

    Location             Delay type                Incr(ns)  Path(ns)    Netlist Resource(s)
  -------------------------------------------------------------------    -------------------
                         (clock clk rise edge)        0.000     0.000 r  
    AH18                                              0.000     0.000 r  clk300_p_i (IN)
                         net (fo=0)                   0.100     0.100    u_ibufds/I
    HPIOBDIFFINBUF_X1Y36 DIFFINBUF (Prop_DIFFINBUF_HPIOBDIFFINBUF_DIFF_IN_P_O)
                                                      0.525     0.625 r  u_ibufds/DIFFINBUF_INST/O
                         net (fo=1, routed)           0.050     0.675    u_ibufds/OUT
    AH18                 IBUFCTRL (Prop_IBUFCTRL_HPIOB_M_I_O)
                                                      0.000     0.675 r  u_ibufds/IBUFCTRL_INST/O
                         net (fo=1, routed)           0.322     0.997    clk_ref
    BUFGCE_DIV_X1Y7      BUFGCE_DIV (Prop_BUFGCE_DIV_I_O)
                                                      0.152     1.149 r  u_bufgce_div/O
    X1Y3 (CLOCK_ROOT)    net (fo=7018, routed)        2.337     3.486    clk
    SLICE_X74Y218        FDRE                                         r  rst_n_q_reg_rep__16/C
  -------------------------------------------------------------------    -------------------
    SLICE_X74Y218        FDRE (Prop_FFF2_SLICEM_C_Q)
                                                      0.079     3.565 r  rst_n_q_reg_rep__16/Q
                         net (fo=198, routed)         9.252    12.818    u_soc/g_pe[2].u_pe/u_core/core_i/id_stage_i/register_file_i/gen_rf[18].mem_reg[18][26]_0
    SLICE_X69Y359        FDCE                                         f  u_soc/g_pe[2].u_pe/u_core/core_i/id_stage_i/register_file_i/gen_rf[20].mem_reg[20][27]/CLR  (IS_INVERTED)
  -------------------------------------------------------------------    -------------------

                         (clock clk rise edge)       16.665    16.665 r  
    AH18                                              0.000    16.665 r  clk300_p_i (IN)
                         net (fo=0)                   0.079    16.744    u_ibufds/I
    HPIOBDIFFINBUF_X1Y36 DIFFINBUF (Prop_DIFFINBUF_HPIOBDIFFINBUF_DIFF_IN_P_O)
                                                      0.429    17.173 r  u_ibufds/DIFFINBUF_INST/O
                         net (fo=1, routed)           0.040    17.213    u_ibufds/OUT
    AH18                 IBUFCTRL (Prop_IBUFCTRL_HPIOB_M_I_O)
                                                      0.000    17.213 r  u_ibufds/IBUFCTRL_INST/O
                         net (fo=1, routed)           0.286    17.499    clk_ref
    BUFGCE_DIV_X1Y7      BUFGCE_DIV (Prop_BUFGCE_DIV_I_O)
                                                      0.132    17.631 r  u_bufgce_div/O
                         net (fo=7018, routed)        1.723    19.354    u_soc/g_pe[2].u_pe/u_core/core_i/sleep_unit_i/core_clock_gate_i/clk
    BUFGCE_X0Y104        BUFGCE (Prop_BUFCE_BUFGCE_I_O)
                                                      0.024    19.378 r  u_soc/g_pe[2].u_pe/u_core/core_i/sleep_unit_i/core_clock_gate_i/u_bufgce/O
    X2Y5 (CLOCK_ROOT)    net (fo=2099, routed)        1.821    21.199    u_soc/g_pe[2].u_pe/u_core/core_i/id_stage_i/register_file_i/clk_0
    SLICE_X69Y359        FDCE                                         r  u_soc/g_pe[2].u_pe/u_core/core_i/id_stage_i/register_file_i/gen_rf[20].mem_reg[20][27]/C
                         clock pessimism              0.263    21.462    
                         clock uncertainty           -0.035    21.427    
    SLICE_X69Y359        FDCE (Recov_HFF_SLICEL_C_CLR)
                                                     -0.066    21.361    u_soc/g_pe[2].u_pe/u_core/core_i/id_stage_i/register_file_i/gen_rf[20].mem_reg[20][27]
  -------------------------------------------------------------------
                         required time                         21.361    
                         arrival time                         -12.818    
  -------------------------------------------------------------------
                         slack                                  8.543    

Slack (MET) :             8.543ns  (required time - arrival time)
  Source:                 rst_n_q_reg_rep__16/C
                            (rising edge-triggered cell FDRE clocked by clk  {rise@0.000ns fall@6.666ns period=16.665ns})
  Destination:            u_soc/g_pe[2].u_pe/u_core/core_i/id_stage_i/register_file_i/gen_rf[20].mem_reg[20][28]/CLR
                            (recovery check against rising-edge clock clk  {rise@0.000ns fall@6.666ns period=16.665ns})
  Path Group:             **async_default**
  Path Type:              Recovery (Max at Slow Process Corner)
  Requirement:            16.665ns  (clk rise@16.665ns - clk rise@0.000ns)
  Data Path Delay:        9.331ns  (logic 0.079ns (0.847%)  route 9.252ns (99.153%))
  Logic Levels:           0  
  Clock Path Skew:        1.311ns (DCD - SCD + CPR)
    Destination Clock Delay (DCD):    4.534ns = ( 21.199 - 16.665 ) 
    Source Clock Delay      (SCD):    3.486ns
    Clock Pessimism Removal (CPR):    0.263ns
  Clock Uncertainty:      0.035ns  ((TSJ^2 + TIJ^2)^1/2 + DJ) / 2 + PE
    Total System Jitter     (TSJ):    0.071ns
    Total Input Jitter      (TIJ):    0.000ns
    Discrete Jitter          (DJ):    0.000ns
    Phase Error              (PE):    0.000ns
  Clock Net Delay (Source):      2.337ns (routing 1.007ns, distribution 1.330ns)
  Clock Net Delay (Destination): 1.821ns (routing 1.133ns, distribution 0.688ns)

    Location             Delay type                Incr(ns)  Path(ns)    Netlist Resource(s)
  -------------------------------------------------------------------    -------------------
                         (clock clk rise edge)        0.000     0.000 r  
    AH18                                              0.000     0.000 r  clk300_p_i (IN)
                         net (fo=0)                   0.100     0.100    u_ibufds/I
    HPIOBDIFFINBUF_X1Y36 DIFFINBUF (Prop_DIFFINBUF_HPIOBDIFFINBUF_DIFF_IN_P_O)
                                                      0.525     0.625 r  u_ibufds/DIFFINBUF_INST/O
                         net (fo=1, routed)           0.050     0.675    u_ibufds/OUT
    AH18                 IBUFCTRL (Prop_IBUFCTRL_HPIOB_M_I_O)
                                                      0.000     0.675 r  u_ibufds/IBUFCTRL_INST/O
                         net (fo=1, routed)           0.322     0.997    clk_ref
    BUFGCE_DIV_X1Y7      BUFGCE_DIV (Prop_BUFGCE_DIV_I_O)
                                                      0.152     1.149 r  u_bufgce_div/O
    X1Y3 (CLOCK_ROOT)    net (fo=7018, routed)        2.337     3.486    clk
    SLICE_X74Y218        FDRE                                         r  rst_n_q_reg_rep__16/C
  -------------------------------------------------------------------    -------------------
    SLICE_X74Y218        FDRE (Prop_FFF2_SLICEM_C_Q)
                                                      0.079     3.565 r  rst_n_q_reg_rep__16/Q
                         net (fo=198, routed)         9.252    12.818    u_soc/g_pe[2].u_pe/u_core/core_i/id_stage_i/register_file_i/gen_rf[18].mem_reg[18][26]_0
    SLICE_X69Y359        FDCE                                         f  u_soc/g_pe[2].u_pe/u_core/core_i/id_stage_i/register_file_i/gen_rf[20].mem_reg[20][28]/CLR  (IS_INVERTED)
  -------------------------------------------------------------------    -------------------

                         (clock clk rise edge)       16.665    16.665 r  
    AH18                                              0.000    16.665 r  clk300_p_i (IN)
                         net (fo=0)                   0.079    16.744    u_ibufds/I
    HPIOBDIFFINBUF_X1Y36 DIFFINBUF (Prop_DIFFINBUF_HPIOBDIFFINBUF_DIFF_IN_P_O)
                                                      0.429    17.173 r  u_ibufds/DIFFINBUF_INST/O
                         net (fo=1, routed)           0.040    17.213    u_ibufds/OUT
    AH18                 IBUFCTRL (Prop_IBUFCTRL_HPIOB_M_I_O)
                                                      0.000    17.213 r  u_ibufds/IBUFCTRL_INST/O
                         net (fo=1, routed)           0.286    17.499    clk_ref
    BUFGCE_DIV_X1Y7      BUFGCE_DIV (Prop_BUFGCE_DIV_I_O)
                                                      0.132    17.631 r  u_bufgce_div/O
                         net (fo=7018, routed)        1.723    19.354    u_soc/g_pe[2].u_pe/u_core/core_i/sleep_unit_i/core_clock_gate_i/clk
    BUFGCE_X0Y104        BUFGCE (Prop_BUFCE_BUFGCE_I_O)
                                                      0.024    19.378 r  u_soc/g_pe[2].u_pe/u_core/core_i/sleep_unit_i/core_clock_gate_i/u_bufgce/O
    X2Y5 (CLOCK_ROOT)    net (fo=2099, routed)        1.821    21.199    u_soc/g_pe[2].u_pe/u_core/core_i/id_stage_i/register_file_i/clk_0
    SLICE_X69Y359        FDCE                                         r  u_soc/g_pe[2].u_pe/u_core/core_i/id_stage_i/register_file_i/gen_rf[20].mem_reg[20][28]/C
                         clock pessimism              0.263    21.462    
                         clock uncertainty           -0.035    21.427    
    SLICE_X69Y359        FDCE (Recov_HFF2_SLICEL_C_CLR)
                                                     -0.066    21.361    u_soc/g_pe[2].u_pe/u_core/core_i/id_stage_i/register_file_i/gen_rf[20].mem_reg[20][28]
  -------------------------------------------------------------------
                         required time                         21.361    
                         arrival time                         -12.818    
  -------------------------------------------------------------------
                         slack                                  8.543    

Slack (MET) :             8.589ns  (required time - arrival time)
  Source:                 rst_n_q_reg_rep__16/C
                            (rising edge-triggered cell FDRE clocked by clk  {rise@0.000ns fall@6.666ns period=16.665ns})
  Destination:            u_soc/g_pe[2].u_pe/u_core/core_i/id_stage_i/register_file_i/gen_rf[18].mem_reg[18][21]/CLR
                            (recovery check against rising-edge clock clk  {rise@0.000ns fall@6.666ns period=16.665ns})
  Path Group:             **async_default**
  Path Type:              Recovery (Max at Slow Process Corner)
  Requirement:            16.665ns  (clk rise@16.665ns - clk rise@0.000ns)
  Data Path Delay:        9.283ns  (logic 0.079ns (0.851%)  route 9.204ns (99.149%))
  Logic Levels:           0  
  Clock Path Skew:        1.309ns (DCD - SCD + CPR)
    Destination Clock Delay (DCD):    4.532ns = ( 21.197 - 16.665 ) 
    Source Clock Delay      (SCD):    3.486ns
    Clock Pessimism Removal (CPR):    0.263ns
  Clock Uncertainty:      0.035ns  ((TSJ^2 + TIJ^2)^1/2 + DJ) / 2 + PE
    Total System Jitter     (TSJ):    0.071ns
    Total Input Jitter      (TIJ):    0.000ns
    Discrete Jitter          (DJ):    0.000ns
    Phase Error              (PE):    0.000ns
  Clock Net Delay (Source):      2.337ns (routing 1.007ns, distribution 1.330ns)
  Clock Net Delay (Destination): 1.819ns (routing 1.133ns, distribution 0.686ns)

    Location             Delay type                Incr(ns)  Path(ns)    Netlist Resource(s)
  -------------------------------------------------------------------    -------------------
                         (clock clk rise edge)        0.000     0.000 r  
    AH18                                              0.000     0.000 r  clk300_p_i (IN)
                         net (fo=0)                   0.100     0.100    u_ibufds/I
    HPIOBDIFFINBUF_X1Y36 DIFFINBUF (Prop_DIFFINBUF_HPIOBDIFFINBUF_DIFF_IN_P_O)
                                                      0.525     0.625 r  u_ibufds/DIFFINBUF_INST/O
                         net (fo=1, routed)           0.050     0.675    u_ibufds/OUT
    AH18                 IBUFCTRL (Prop_IBUFCTRL_HPIOB_M_I_O)
                                                      0.000     0.675 r  u_ibufds/IBUFCTRL_INST/O
                         net (fo=1, routed)           0.322     0.997    clk_ref
    BUFGCE_DIV_X1Y7      BUFGCE_DIV (Prop_BUFGCE_DIV_I_O)
                                                      0.152     1.149 r  u_bufgce_div/O
    X1Y3 (CLOCK_ROOT)    net (fo=7018, routed)        2.337     3.486    clk
    SLICE_X74Y218        FDRE                                         r  rst_n_q_reg_rep__16/C
  -------------------------------------------------------------------    -------------------
    SLICE_X74Y218        FDRE (Prop_FFF2_SLICEM_C_Q)
                                                      0.079     3.565 r  rst_n_q_reg_rep__16/Q
                         net (fo=198, routed)         9.204    12.769    u_soc/g_pe[2].u_pe/u_core/core_i/id_stage_i/register_file_i/gen_rf[18].mem_reg[18][26]_0
    SLICE_X69Y349        FDCE                                         f  u_soc/g_pe[2].u_pe/u_core/core_i/id_stage_i/register_file_i/gen_rf[18].mem_reg[18][21]/CLR  (IS_INVERTED)
  -------------------------------------------------------------------    -------------------

                         (clock clk rise edge)       16.665    16.665 r  
    AH18                                              0.000    16.665 r  clk300_p_i (IN)
                         net (fo=0)                   0.079    16.744    u_ibufds/I
    HPIOBDIFFINBUF_X1Y36 DIFFINBUF (Prop_DIFFINBUF_HPIOBDIFFINBUF_DIFF_IN_P_O)
                                                      0.429    17.173 r  u_ibufds/DIFFINBUF_INST/O
                         net (fo=1, routed)           0.040    17.213    u_ibufds/OUT
    AH18                 IBUFCTRL (Prop_IBUFCTRL_HPIOB_M_I_O)
                                                      0.000    17.213 r  u_ibufds/IBUFCTRL_INST/O
                         net (fo=1, routed)           0.286    17.499    clk_ref
    BUFGCE_DIV_X1Y7      BUFGCE_DIV (Prop_BUFGCE_DIV_I_O)
                                                      0.132    17.631 r  u_bufgce_div/O
                         net (fo=7018, routed)        1.723    19.354    u_soc/g_pe[2].u_pe/u_core/core_i/sleep_unit_i/core_clock_gate_i/clk
    BUFGCE_X0Y104        BUFGCE (Prop_BUFCE_BUFGCE_I_O)
                                                      0.024    19.378 r  u_soc/g_pe[2].u_pe/u_core/core_i/sleep_unit_i/core_clock_gate_i/u_bufgce/O
    X2Y5 (CLOCK_ROOT)    net (fo=2099, routed)        1.819    21.197    u_soc/g_pe[2].u_pe/u_core/core_i/id_stage_i/register_file_i/clk_0
    SLICE_X69Y349        FDCE                                         r  u_soc/g_pe[2].u_pe/u_core/core_i/id_stage_i/register_file_i/gen_rf[18].mem_reg[18][21]/C
                         clock pessimism              0.263    21.460    
                         clock uncertainty           -0.035    21.425    
    SLICE_X69Y349        FDCE (Recov_HFF_SLICEL_C_CLR)
                                                     -0.066    21.359    u_soc/g_pe[2].u_pe/u_core/core_i/id_stage_i/register_file_i/gen_rf[18].mem_reg[18][21]
  -------------------------------------------------------------------
                         required time                         21.359    
                         arrival time                         -12.769    
  -------------------------------------------------------------------
                         slack                                  8.589    

Slack (MET) :             8.589ns  (required time - arrival time)
  Source:                 rst_n_q_reg_rep__16/C
                            (rising edge-triggered cell FDRE clocked by clk  {rise@0.000ns fall@6.666ns period=16.665ns})
  Destination:            u_soc/g_pe[2].u_pe/u_core/core_i/id_stage_i/register_file_i/gen_rf[20].mem_reg[20][21]/CLR
                            (recovery check against rising-edge clock clk  {rise@0.000ns fall@6.666ns period=16.665ns})
  Path Group:             **async_default**
  Path Type:              Recovery (Max at Slow Process Corner)
  Requirement:            16.665ns  (clk rise@16.665ns - clk rise@0.000ns)
  Data Path Delay:        9.283ns  (logic 0.079ns (0.851%)  route 9.204ns (99.149%))
  Logic Levels:           0  
  Clock Path Skew:        1.309ns (DCD - SCD + CPR)
    Destination Clock Delay (DCD):    4.532ns = ( 21.197 - 16.665 ) 
    Source Clock Delay      (SCD):    3.486ns
    Clock Pessimism Removal (CPR):    0.263ns
  Clock Uncertainty:      0.035ns  ((TSJ^2 + TIJ^2)^1/2 + DJ) / 2 + PE
    Total System Jitter     (TSJ):    0.071ns
    Total Input Jitter      (TIJ):    0.000ns
    Discrete Jitter          (DJ):    0.000ns
    Phase Error              (PE):    0.000ns
  Clock Net Delay (Source):      2.337ns (routing 1.007ns, distribution 1.330ns)
  Clock Net Delay (Destination): 1.819ns (routing 1.133ns, distribution 0.686ns)

    Location             Delay type                Incr(ns)  Path(ns)    Netlist Resource(s)
  -------------------------------------------------------------------    -------------------
                         (clock clk rise edge)        0.000     0.000 r  
    AH18                                              0.000     0.000 r  clk300_p_i (IN)
                         net (fo=0)                   0.100     0.100    u_ibufds/I
    HPIOBDIFFINBUF_X1Y36 DIFFINBUF (Prop_DIFFINBUF_HPIOBDIFFINBUF_DIFF_IN_P_O)
                                                      0.525     0.625 r  u_ibufds/DIFFINBUF_INST/O
                         net (fo=1, routed)           0.050     0.675    u_ibufds/OUT
    AH18                 IBUFCTRL (Prop_IBUFCTRL_HPIOB_M_I_O)
                                                      0.000     0.675 r  u_ibufds/IBUFCTRL_INST/O
                         net (fo=1, routed)           0.322     0.997    clk_ref
    BUFGCE_DIV_X1Y7      BUFGCE_DIV (Prop_BUFGCE_DIV_I_O)
                                                      0.152     1.149 r  u_bufgce_div/O
    X1Y3 (CLOCK_ROOT)    net (fo=7018, routed)        2.337     3.486    clk
    SLICE_X74Y218        FDRE                                         r  rst_n_q_reg_rep__16/C
  -------------------------------------------------------------------    -------------------
    SLICE_X74Y218        FDRE (Prop_FFF2_SLICEM_C_Q)
                                                      0.079     3.565 r  rst_n_q_reg_rep__16/Q
                         net (fo=198, routed)         9.204    12.769    u_soc/g_pe[2].u_pe/u_core/core_i/id_stage_i/register_file_i/gen_rf[18].mem_reg[18][26]_0
    SLICE_X69Y349        FDCE                                         f  u_soc/g_pe[2].u_pe/u_core/core_i/id_stage_i/register_file_i/gen_rf[20].mem_reg[20][21]/CLR  (IS_INVERTED)
  -------------------------------------------------------------------    -------------------

                         (clock clk rise edge)       16.665    16.665 r  
    AH18                                              0.000    16.665 r  clk300_p_i (IN)
                         net (fo=0)                   0.079    16.744    u_ibufds/I
    HPIOBDIFFINBUF_X1Y36 DIFFINBUF (Prop_DIFFINBUF_HPIOBDIFFINBUF_DIFF_IN_P_O)
                                                      0.429    17.173 r  u_ibufds/DIFFINBUF_INST/O
                         net (fo=1, routed)           0.040    17.213    u_ibufds/OUT
    AH18                 IBUFCTRL (Prop_IBUFCTRL_HPIOB_M_I_O)
                                                      0.000    17.213 r  u_ibufds/IBUFCTRL_INST/O
                         net (fo=1, routed)           0.286    17.499    clk_ref
    BUFGCE_DIV_X1Y7      BUFGCE_DIV (Prop_BUFGCE_DIV_I_O)
                                                      0.132    17.631 r  u_bufgce_div/O
                         net (fo=7018, routed)        1.723    19.354    u_soc/g_pe[2].u_pe/u_core/core_i/sleep_unit_i/core_clock_gate_i/clk
    BUFGCE_X0Y104        BUFGCE (Prop_BUFCE_BUFGCE_I_O)
                                                      0.024    19.378 r  u_soc/g_pe[2].u_pe/u_core/core_i/sleep_unit_i/core_clock_gate_i/u_bufgce/O
    X2Y5 (CLOCK_ROOT)    net (fo=2099, routed)        1.819    21.197    u_soc/g_pe[2].u_pe/u_core/core_i/id_stage_i/register_file_i/clk_0
    SLICE_X69Y349        FDCE                                         r  u_soc/g_pe[2].u_pe/u_core/core_i/id_stage_i/register_file_i/gen_rf[20].mem_reg[20][21]/C
                         clock pessimism              0.263    21.460    
                         clock uncertainty           -0.035    21.425    
    SLICE_X69Y349        FDCE (Recov_HFF2_SLICEL_C_CLR)
                                                     -0.066    21.359    u_soc/g_pe[2].u_pe/u_core/core_i/id_stage_i/register_file_i/gen_rf[20].mem_reg[20][21]
  -------------------------------------------------------------------
                         required time                         21.359    
                         arrival time                         -12.769    
  -------------------------------------------------------------------
                         slack                                  8.589    





Min Delay Paths
--------------------------------------------------------------------------------------
Slack (MET) :             0.050ns  (arrival time - required time)
  Source:                 rst_n_q_reg_rep__61/C
                            (rising edge-triggered cell FDRE clocked by clk  {rise@0.000ns fall@6.666ns period=16.665ns})
  Destination:            u_soc/u_sdmem/w_word_q_reg[13]/CLR
                            (removal check against rising-edge clock clk  {rise@0.000ns fall@6.666ns period=16.665ns})
  Path Group:             **async_default**
  Path Type:              Removal (Min at Slow Process Corner)
  Requirement:            0.000ns  (clk rise@0.000ns - clk rise@0.000ns)
  Data Path Delay:        0.231ns  (logic 0.059ns (25.595%)  route 0.172ns (74.405%))
  Logic Levels:           0  
  Clock Path Skew:        0.213ns (DCD - SCD - CPR)
    Destination Clock Delay (DCD):    3.548ns
    Source Clock Delay      (SCD):    3.061ns
    Clock Pessimism Removal (CPR):    0.274ns
  Clock Net Delay (Source):      2.095ns (routing 0.916ns, distribution 1.179ns)
  Clock Net Delay (Destination): 2.399ns (routing 1.007ns, distribution 1.392ns)

    Location             Delay type                Incr(ns)  Path(ns)    Netlist Resource(s)
  -------------------------------------------------------------------    -------------------
                         (clock clk rise edge)        0.000     0.000 r  
    AH18                                              0.000     0.000 r  clk300_p_i (IN)
                         net (fo=0)                   0.079     0.079    u_ibufds/I
    HPIOBDIFFINBUF_X1Y36 DIFFINBUF (Prop_DIFFINBUF_HPIOBDIFFINBUF_DIFF_IN_P_O)
                                                      0.429     0.508 r  u_ibufds/DIFFINBUF_INST/O
                         net (fo=1, routed)           0.040     0.548    u_ibufds/OUT
    AH18                 IBUFCTRL (Prop_IBUFCTRL_HPIOB_M_I_O)
                                                      0.000     0.548 r  u_ibufds/IBUFCTRL_INST/O
                         net (fo=1, routed)           0.286     0.834    clk_ref
    BUFGCE_DIV_X1Y7      BUFGCE_DIV (Prop_BUFGCE_DIV_I_O)
                                                      0.132     0.966 r  u_bufgce_div/O
    X1Y3 (CLOCK_ROOT)    net (fo=7018, routed)        2.095     3.061    clk
    SLICE_X77Y239        FDRE                                         r  rst_n_q_reg_rep__61/C
  -------------------------------------------------------------------    -------------------
    SLICE_X77Y239        FDRE (Prop_EFF_SLICEL_C_Q)
                                                      0.059     3.120 r  rst_n_q_reg_rep__61/Q
                         net (fo=197, routed)         0.172     3.292    u_soc/u_sdmem/w_id_q_reg[3]_1
    SLICE_X82Y240        FDCE                                         f  u_soc/u_sdmem/w_word_q_reg[13]/CLR  (IS_INVERTED)
  -------------------------------------------------------------------    -------------------

                         (clock clk rise edge)        0.000     0.000 r  
    AH18                                              0.000     0.000 r  clk300_p_i (IN)
                         net (fo=0)                   0.100     0.100    u_ibufds/I
    HPIOBDIFFINBUF_X1Y36 DIFFINBUF (Prop_DIFFINBUF_HPIOBDIFFINBUF_DIFF_IN_P_O)
                                                      0.525     0.625 r  u_ibufds/DIFFINBUF_INST/O
                         net (fo=1, routed)           0.050     0.675    u_ibufds/OUT
    AH18                 IBUFCTRL (Prop_IBUFCTRL_HPIOB_M_I_O)
                                                      0.000     0.675 r  u_ibufds/IBUFCTRL_INST/O
                         net (fo=1, routed)           0.322     0.997    clk_ref
    BUFGCE_DIV_X1Y7      BUFGCE_DIV (Prop_BUFGCE_DIV_I_O)
                                                      0.152     1.149 r  u_bufgce_div/O
    X1Y3 (CLOCK_ROOT)    net (fo=7018, routed)        2.399     3.548    u_soc/u_sdmem/clk
    SLICE_X82Y240        FDCE                                         r  u_soc/u_sdmem/w_word_q_reg[13]/C
                         clock pessimism             -0.274     3.274    
    SLICE_X82Y240        FDCE (Remov_DFF_SLICEL_C_CLR)
                                                     -0.032     3.242    u_soc/u_sdmem/w_word_q_reg[13]
  -------------------------------------------------------------------
                         required time                         -3.242    
                         arrival time                           3.292    
  -------------------------------------------------------------------
                         slack                                  0.050    

Slack (MET) :             0.050ns  (arrival time - required time)
  Source:                 rst_n_q_reg_rep__61/C
                            (rising edge-triggered cell FDRE clocked by clk  {rise@0.000ns fall@6.666ns period=16.665ns})
  Destination:            u_soc/u_sdmem/w_word_q_reg[14]/CLR
                            (removal check against rising-edge clock clk  {rise@0.000ns fall@6.666ns period=16.665ns})
  Path Group:             **async_default**
  Path Type:              Removal (Min at Slow Process Corner)
  Requirement:            0.000ns  (clk rise@0.000ns - clk rise@0.000ns)
  Data Path Delay:        0.231ns  (logic 0.059ns (25.595%)  route 0.172ns (74.405%))
  Logic Levels:           0  
  Clock Path Skew:        0.213ns (DCD - SCD - CPR)
    Destination Clock Delay (DCD):    3.548ns
    Source Clock Delay      (SCD):    3.061ns
    Clock Pessimism Removal (CPR):    0.274ns
  Clock Net Delay (Source):      2.095ns (routing 0.916ns, distribution 1.179ns)
  Clock Net Delay (Destination): 2.399ns (routing 1.007ns, distribution 1.392ns)

    Location             Delay type                Incr(ns)  Path(ns)    Netlist Resource(s)
  -------------------------------------------------------------------    -------------------
                         (clock clk rise edge)        0.000     0.000 r  
    AH18                                              0.000     0.000 r  clk300_p_i (IN)
                         net (fo=0)                   0.079     0.079    u_ibufds/I
    HPIOBDIFFINBUF_X1Y36 DIFFINBUF (Prop_DIFFINBUF_HPIOBDIFFINBUF_DIFF_IN_P_O)
                                                      0.429     0.508 r  u_ibufds/DIFFINBUF_INST/O
                         net (fo=1, routed)           0.040     0.548    u_ibufds/OUT
    AH18                 IBUFCTRL (Prop_IBUFCTRL_HPIOB_M_I_O)
                                                      0.000     0.548 r  u_ibufds/IBUFCTRL_INST/O
                         net (fo=1, routed)           0.286     0.834    clk_ref
    BUFGCE_DIV_X1Y7      BUFGCE_DIV (Prop_BUFGCE_DIV_I_O)
                                                      0.132     0.966 r  u_bufgce_div/O
    X1Y3 (CLOCK_ROOT)    net (fo=7018, routed)        2.095     3.061    clk
    SLICE_X77Y239        FDRE                                         r  rst_n_q_reg_rep__61/C
  -------------------------------------------------------------------    -------------------
    SLICE_X77Y239        FDRE (Prop_EFF_SLICEL_C_Q)
                                                      0.059     3.120 r  rst_n_q_reg_rep__61/Q
                         net (fo=197, routed)         0.172     3.292    u_soc/u_sdmem/w_id_q_reg[3]_1
    SLICE_X82Y240        FDCE                                         f  u_soc/u_sdmem/w_word_q_reg[14]/CLR  (IS_INVERTED)
  -------------------------------------------------------------------    -------------------

                         (clock clk rise edge)        0.000     0.000 r  
    AH18                                              0.000     0.000 r  clk300_p_i (IN)
                         net (fo=0)                   0.100     0.100    u_ibufds/I
    HPIOBDIFFINBUF_X1Y36 DIFFINBUF (Prop_DIFFINBUF_HPIOBDIFFINBUF_DIFF_IN_P_O)
                                                      0.525     0.625 r  u_ibufds/DIFFINBUF_INST/O
                         net (fo=1, routed)           0.050     0.675    u_ibufds/OUT
    AH18                 IBUFCTRL (Prop_IBUFCTRL_HPIOB_M_I_O)
                                                      0.000     0.675 r  u_ibufds/IBUFCTRL_INST/O
                         net (fo=1, routed)           0.322     0.997    clk_ref
    BUFGCE_DIV_X1Y7      BUFGCE_DIV (Prop_BUFGCE_DIV_I_O)
                                                      0.152     1.149 r  u_bufgce_div/O
    X1Y3 (CLOCK_ROOT)    net (fo=7018, routed)        2.399     3.548    u_soc/u_sdmem/clk
    SLICE_X82Y240        FDCE                                         r  u_soc/u_sdmem/w_word_q_reg[14]/C
                         clock pessimism             -0.274     3.274    
    SLICE_X82Y240        FDCE (Remov_BFF_SLICEL_C_CLR)
                                                     -0.032     3.242    u_soc/u_sdmem/w_word_q_reg[14]
  -------------------------------------------------------------------
                         required time                         -3.242    
                         arrival time                           3.292    
  -------------------------------------------------------------------
                         slack                                  0.050    

Slack (MET) :             0.050ns  (arrival time - required time)
  Source:                 rst_n_q_reg_rep__61/C
                            (rising edge-triggered cell FDRE clocked by clk  {rise@0.000ns fall@6.666ns period=16.665ns})
  Destination:            u_soc/u_sdmem/w_word_q_reg[15]/CLR
                            (removal check against rising-edge clock clk  {rise@0.000ns fall@6.666ns period=16.665ns})
  Path Group:             **async_default**
  Path Type:              Removal (Min at Slow Process Corner)
  Requirement:            0.000ns  (clk rise@0.000ns - clk rise@0.000ns)
  Data Path Delay:        0.231ns  (logic 0.059ns (25.595%)  route 0.172ns (74.405%))
  Logic Levels:           0  
  Clock Path Skew:        0.213ns (DCD - SCD - CPR)
    Destination Clock Delay (DCD):    3.548ns
    Source Clock Delay      (SCD):    3.061ns
    Clock Pessimism Removal (CPR):    0.274ns
  Clock Net Delay (Source):      2.095ns (routing 0.916ns, distribution 1.179ns)
  Clock Net Delay (Destination): 2.399ns (routing 1.007ns, distribution 1.392ns)

    Location             Delay type                Incr(ns)  Path(ns)    Netlist Resource(s)
  -------------------------------------------------------------------    -------------------
                         (clock clk rise edge)        0.000     0.000 r  
    AH18                                              0.000     0.000 r  clk300_p_i (IN)
                         net (fo=0)                   0.079     0.079    u_ibufds/I
    HPIOBDIFFINBUF_X1Y36 DIFFINBUF (Prop_DIFFINBUF_HPIOBDIFFINBUF_DIFF_IN_P_O)
                                                      0.429     0.508 r  u_ibufds/DIFFINBUF_INST/O
                         net (fo=1, routed)           0.040     0.548    u_ibufds/OUT
    AH18                 IBUFCTRL (Prop_IBUFCTRL_HPIOB_M_I_O)
                                                      0.000     0.548 r  u_ibufds/IBUFCTRL_INST/O
                         net (fo=1, routed)           0.286     0.834    clk_ref
    BUFGCE_DIV_X1Y7      BUFGCE_DIV (Prop_BUFGCE_DIV_I_O)
                                                      0.132     0.966 r  u_bufgce_div/O
    X1Y3 (CLOCK_ROOT)    net (fo=7018, routed)        2.095     3.061    clk
    SLICE_X77Y239        FDRE                                         r  rst_n_q_reg_rep__61/C
  -------------------------------------------------------------------    -------------------
    SLICE_X77Y239        FDRE (Prop_EFF_SLICEL_C_Q)
                                                      0.059     3.120 r  rst_n_q_reg_rep__61/Q
                         net (fo=197, routed)         0.172     3.292    u_soc/u_sdmem/w_id_q_reg[3]_1
    SLICE_X82Y240        FDCE                                         f  u_soc/u_sdmem/w_word_q_reg[15]/CLR  (IS_INVERTED)
  -------------------------------------------------------------------    -------------------

                         (clock clk rise edge)        0.000     0.000 r  
    AH18                                              0.000     0.000 r  clk300_p_i (IN)
                         net (fo=0)                   0.100     0.100    u_ibufds/I
    HPIOBDIFFINBUF_X1Y36 DIFFINBUF (Prop_DIFFINBUF_HPIOBDIFFINBUF_DIFF_IN_P_O)
                                                      0.525     0.625 r  u_ibufds/DIFFINBUF_INST/O
                         net (fo=1, routed)           0.050     0.675    u_ibufds/OUT
    AH18                 IBUFCTRL (Prop_IBUFCTRL_HPIOB_M_I_O)
                                                      0.000     0.675 r  u_ibufds/IBUFCTRL_INST/O
                         net (fo=1, routed)           0.322     0.997    clk_ref
    BUFGCE_DIV_X1Y7      BUFGCE_DIV (Prop_BUFGCE_DIV_I_O)
                                                      0.152     1.149 r  u_bufgce_div/O
    X1Y3 (CLOCK_ROOT)    net (fo=7018, routed)        2.399     3.548    u_soc/u_sdmem/clk
    SLICE_X82Y240        FDCE                                         r  u_soc/u_sdmem/w_word_q_reg[15]/C
                         clock pessimism             -0.274     3.274    
    SLICE_X82Y240        FDCE (Remov_AFF_SLICEL_C_CLR)
                                                     -0.032     3.242    u_soc/u_sdmem/w_word_q_reg[15]
  -------------------------------------------------------------------
                         required time                         -3.242    
                         arrival time                           3.292    
  -------------------------------------------------------------------
                         slack                                  0.050    

Slack (MET) :             0.069ns  (arrival time - required time)
  Source:                 rst_n_q_reg_rep__10/C
                            (rising edge-triggered cell FDRE clocked by clk  {rise@0.000ns fall@6.666ns period=16.665ns})
  Destination:            u_soc/g_pe[0].u_pe/u_core/core_i/id_stage_i/mult_en_ex_o_reg/CLR
                            (removal check against rising-edge clock clk  {rise@0.000ns fall@6.666ns period=16.665ns})
  Path Group:             **async_default**
  Path Type:              Removal (Min at Slow Process Corner)
  Requirement:            0.000ns  (clk rise@0.000ns - clk rise@0.000ns)
  Data Path Delay:        0.869ns  (logic 0.058ns (6.677%)  route 0.811ns (93.323%))
  Logic Levels:           0  
  Clock Path Skew:        0.831ns (DCD - SCD - CPR)
    Destination Clock Delay (DCD):    4.219ns
    Source Clock Delay      (SCD):    3.125ns
    Clock Pessimism Removal (CPR):    0.263ns
  Clock Net Delay (Source):      2.159ns (routing 0.916ns, distribution 1.243ns)
  Clock Net Delay (Destination): 1.306ns (routing 0.171ns, distribution 1.135ns)

    Location             Delay type                Incr(ns)  Path(ns)    Netlist Resource(s)
  -------------------------------------------------------------------    -------------------
                         (clock clk rise edge)        0.000     0.000 r  
    AH18                                              0.000     0.000 r  clk300_p_i (IN)
                         net (fo=0)                   0.079     0.079    u_ibufds/I
    HPIOBDIFFINBUF_X1Y36 DIFFINBUF (Prop_DIFFINBUF_HPIOBDIFFINBUF_DIFF_IN_P_O)
                                                      0.429     0.508 r  u_ibufds/DIFFINBUF_INST/O
                         net (fo=1, routed)           0.040     0.548    u_ibufds/OUT
    AH18                 IBUFCTRL (Prop_IBUFCTRL_HPIOB_M_I_O)
                                                      0.000     0.548 r  u_ibufds/IBUFCTRL_INST/O
                         net (fo=1, routed)           0.286     0.834    clk_ref
    BUFGCE_DIV_X1Y7      BUFGCE_DIV (Prop_BUFGCE_DIV_I_O)
                                                      0.132     0.966 r  u_bufgce_div/O
    X1Y3 (CLOCK_ROOT)    net (fo=7018, routed)        2.159     3.125    clk
    SLICE_X86Y254        FDRE                                         r  rst_n_q_reg_rep__10/C
  -------------------------------------------------------------------    -------------------
    SLICE_X86Y254        FDRE (Prop_EFF_SLICEM_C_Q)
                                                      0.058     3.183 r  rst_n_q_reg_rep__10/Q
                         net (fo=198, routed)         0.811     3.993    u_soc/g_pe[0].u_pe/u_core/core_i/id_stage_i/rst_n_q_reg_rep__10
    SLICE_X95Y230        FDCE                                         f  u_soc/g_pe[0].u_pe/u_core/core_i/id_stage_i/mult_en_ex_o_reg/CLR  (IS_INVERTED)
  -------------------------------------------------------------------    -------------------

                         (clock clk rise edge)        0.000     0.000 r  
    AH18                                              0.000     0.000 r  clk300_p_i (IN)
                         net (fo=0)                   0.100     0.100    u_ibufds/I
    HPIOBDIFFINBUF_X1Y36 DIFFINBUF (Prop_DIFFINBUF_HPIOBDIFFINBUF_DIFF_IN_P_O)
                                                      0.525     0.625 r  u_ibufds/DIFFINBUF_INST/O
                         net (fo=1, routed)           0.050     0.675    u_ibufds/OUT
    AH18                 IBUFCTRL (Prop_IBUFCTRL_HPIOB_M_I_O)
                                                      0.000     0.675 r  u_ibufds/IBUFCTRL_INST/O
                         net (fo=1, routed)           0.322     0.997    clk_ref
    BUFGCE_DIV_X1Y7      BUFGCE_DIV (Prop_BUFGCE_DIV_I_O)
                                                      0.152     1.149 r  u_bufgce_div/O
                         net (fo=7018, routed)        1.736     2.885    u_soc/g_pe[0].u_pe/u_core/core_i/sleep_unit_i/core_clock_gate_i/clk
    BUFGCE_X1Y115        BUFGCE (Prop_BUFCE_BUFGCE_I_O)
                                                      0.028     2.913 r  u_soc/g_pe[0].u_pe/u_core/core_i/sleep_unit_i/core_clock_gate_i/u_bufgce/O
    X2Y4 (CLOCK_ROOT)    net (fo=2099, routed)        1.306     4.219    u_soc/g_pe[0].u_pe/u_core/core_i/id_stage_i/clk_0
    SLICE_X95Y230        FDCE                                         r  u_soc/g_pe[0].u_pe/u_core/core_i/id_stage_i/mult_en_ex_o_reg/C
                         clock pessimism             -0.263     3.956    
    SLICE_X95Y230        FDCE (Remov_EFF_SLICEL_C_CLR)
                                                     -0.032     3.924    u_soc/g_pe[0].u_pe/u_core/core_i/id_stage_i/mult_en_ex_o_reg
  -------------------------------------------------------------------
                         required time                         -3.924    
                         arrival time                           3.993    
  -------------------------------------------------------------------
                         slack                                  0.069    

Slack (MET) :             0.071ns  (arrival time - required time)
  Source:                 rst_n_q_reg_rep__10/C
                            (rising edge-triggered cell FDRE clocked by clk  {rise@0.000ns fall@6.666ns period=16.665ns})
  Destination:            u_soc/g_pe[0].u_pe/u_core/core_i/id_stage_i/mult_operand_b_ex_o_reg[16]/CLR
                            (removal check against rising-edge clock clk  {rise@0.000ns fall@6.666ns period=16.665ns})
  Path Group:             **async_default**
  Path Type:              Removal (Min at Slow Process Corner)
  Requirement:            0.000ns  (clk rise@0.000ns - clk rise@0.000ns)
  Data Path Delay:        0.857ns  (logic 0.058ns (6.768%)  route 0.799ns (93.232%))
  Logic Levels:           0  
  Clock Path Skew:        0.818ns (DCD - SCD - CPR)
    Destination Clock Delay (DCD):    4.206ns
    Source Clock Delay      (SCD):    3.125ns
    Clock Pessimism Removal (CPR):    0.263ns
  Clock Net Delay (Source):      2.159ns (routing 0.916ns, distribution 1.243ns)
  Clock Net Delay (Destination): 1.293ns (routing 0.171ns, distribution 1.122ns)

    Location             Delay type                Incr(ns)  Path(ns)    Netlist Resource(s)
  -------------------------------------------------------------------    -------------------
                         (clock clk rise edge)        0.000     0.000 r  
    AH18                                              0.000     0.000 r  clk300_p_i (IN)
                         net (fo=0)                   0.079     0.079    u_ibufds/I
    HPIOBDIFFINBUF_X1Y36 DIFFINBUF (Prop_DIFFINBUF_HPIOBDIFFINBUF_DIFF_IN_P_O)
                                                      0.429     0.508 r  u_ibufds/DIFFINBUF_INST/O
                         net (fo=1, routed)           0.040     0.548    u_ibufds/OUT
    AH18                 IBUFCTRL (Prop_IBUFCTRL_HPIOB_M_I_O)
                                                      0.000     0.548 r  u_ibufds/IBUFCTRL_INST/O
                         net (fo=1, routed)           0.286     0.834    clk_ref
    BUFGCE_DIV_X1Y7      BUFGCE_DIV (Prop_BUFGCE_DIV_I_O)
                                                      0.132     0.966 r  u_bufgce_div/O
    X1Y3 (CLOCK_ROOT)    net (fo=7018, routed)        2.159     3.125    clk
    SLICE_X86Y254        FDRE                                         r  rst_n_q_reg_rep__10/C
  -------------------------------------------------------------------    -------------------
    SLICE_X86Y254        FDRE (Prop_EFF_SLICEM_C_Q)
                                                      0.058     3.183 r  rst_n_q_reg_rep__10/Q
                         net (fo=198, routed)         0.799     3.982    u_soc/g_pe[0].u_pe/u_core/core_i/id_stage_i/rst_n_q_reg_rep__10
    SLICE_X95Y220        FDCE                                         f  u_soc/g_pe[0].u_pe/u_core/core_i/id_stage_i/mult_operand_b_ex_o_reg[16]/CLR  (IS_INVERTED)
  -------------------------------------------------------------------    -------------------

                         (clock clk rise edge)        0.000     0.000 r  
    AH18                                              0.000     0.000 r  clk300_p_i (IN)
                         net (fo=0)                   0.100     0.100    u_ibufds/I
    HPIOBDIFFINBUF_X1Y36 DIFFINBUF (Prop_DIFFINBUF_HPIOBDIFFINBUF_DIFF_IN_P_O)
                                                      0.525     0.625 r  u_ibufds/DIFFINBUF_INST/O
                         net (fo=1, routed)           0.050     0.675    u_ibufds/OUT
    AH18                 IBUFCTRL (Prop_IBUFCTRL_HPIOB_M_I_O)
                                                      0.000     0.675 r  u_ibufds/IBUFCTRL_INST/O
                         net (fo=1, routed)           0.322     0.997    clk_ref
    BUFGCE_DIV_X1Y7      BUFGCE_DIV (Prop_BUFGCE_DIV_I_O)
                                                      0.152     1.149 r  u_bufgce_div/O
                         net (fo=7018, routed)        1.736     2.885    u_soc/g_pe[0].u_pe/u_core/core_i/sleep_unit_i/core_clock_gate_i/clk
    BUFGCE_X1Y115        BUFGCE (Prop_BUFCE_BUFGCE_I_O)
                                                      0.028     2.913 r  u_soc/g_pe[0].u_pe/u_core/core_i/sleep_unit_i/core_clock_gate_i/u_bufgce/O
    X2Y4 (CLOCK_ROOT)    net (fo=2099, routed)        1.293     4.206    u_soc/g_pe[0].u_pe/u_core/core_i/id_stage_i/clk_0
    SLICE_X95Y220        FDCE                                         r  u_soc/g_pe[0].u_pe/u_core/core_i/id_stage_i/mult_operand_b_ex_o_reg[16]/C
                         clock pessimism             -0.263     3.943    
    SLICE_X95Y220        FDCE (Remov_DFF_SLICEL_C_CLR)
                                                     -0.032     3.911    u_soc/g_pe[0].u_pe/u_core/core_i/id_stage_i/mult_operand_b_ex_o_reg[16]
  -------------------------------------------------------------------
                         required time                         -3.911    
                         arrival time                           3.982    
  -------------------------------------------------------------------
                         slack                                  0.071    

Slack (MET) :             0.071ns  (arrival time - required time)
  Source:                 rst_n_q_reg_rep__10/C
                            (rising edge-triggered cell FDRE clocked by clk  {rise@0.000ns fall@6.666ns period=16.665ns})
  Destination:            u_soc/g_pe[0].u_pe/u_core/core_i/id_stage_i/mult_operand_b_ex_o_reg[8]/CLR
                            (removal check against rising-edge clock clk  {rise@0.000ns fall@6.666ns period=16.665ns})
  Path Group:             **async_default**
  Path Type:              Removal (Min at Slow Process Corner)
  Requirement:            0.000ns  (clk rise@0.000ns - clk rise@0.000ns)
  Data Path Delay:        0.848ns  (logic 0.058ns (6.840%)  route 0.790ns (93.160%))
  Logic Levels:           0  
  Clock Path Skew:        0.809ns (DCD - SCD - CPR)
    Destination Clock Delay (DCD):    4.197ns
    Source Clock Delay      (SCD):    3.125ns
    Clock Pessimism Removal (CPR):    0.263ns
  Clock Net Delay (Source):      2.159ns (routing 0.916ns, distribution 1.243ns)
  Clock Net Delay (Destination): 1.284ns (routing 0.171ns, distribution 1.113ns)

    Location             Delay type                Incr(ns)  Path(ns)    Netlist Resource(s)
  -------------------------------------------------------------------    -------------------
                         (clock clk rise edge)        0.000     0.000 r  
    AH18                                              0.000     0.000 r  clk300_p_i (IN)
                         net (fo=0)                   0.079     0.079    u_ibufds/I
    HPIOBDIFFINBUF_X1Y36 DIFFINBUF (Prop_DIFFINBUF_HPIOBDIFFINBUF_DIFF_IN_P_O)
                                                      0.429     0.508 r  u_ibufds/DIFFINBUF_INST/O
                         net (fo=1, routed)           0.040     0.548    u_ibufds/OUT
    AH18                 IBUFCTRL (Prop_IBUFCTRL_HPIOB_M_I_O)
                                                      0.000     0.548 r  u_ibufds/IBUFCTRL_INST/O
                         net (fo=1, routed)           0.286     0.834    clk_ref
    BUFGCE_DIV_X1Y7      BUFGCE_DIV (Prop_BUFGCE_DIV_I_O)
                                                      0.132     0.966 r  u_bufgce_div/O
    X1Y3 (CLOCK_ROOT)    net (fo=7018, routed)        2.159     3.125    clk
    SLICE_X86Y254        FDRE                                         r  rst_n_q_reg_rep__10/C
  -------------------------------------------------------------------    -------------------
    SLICE_X86Y254        FDRE (Prop_EFF_SLICEM_C_Q)
                                                      0.058     3.183 r  rst_n_q_reg_rep__10/Q
                         net (fo=198, routed)         0.790     3.973    u_soc/g_pe[0].u_pe/u_core/core_i/id_stage_i/rst_n_q_reg_rep__10
    SLICE_X95Y213        FDCE                                         f  u_soc/g_pe[0].u_pe/u_core/core_i/id_stage_i/mult_operand_b_ex_o_reg[8]/CLR  (IS_INVERTED)
  -------------------------------------------------------------------    -------------------

                         (clock clk rise edge)        0.000     0.000 r  
    AH18                                              0.000     0.000 r  clk300_p_i (IN)
                         net (fo=0)                   0.100     0.100    u_ibufds/I
    HPIOBDIFFINBUF_X1Y36 DIFFINBUF (Prop_DIFFINBUF_HPIOBDIFFINBUF_DIFF_IN_P_O)
                                                      0.525     0.625 r  u_ibufds/DIFFINBUF_INST/O
                         net (fo=1, routed)           0.050     0.675    u_ibufds/OUT
    AH18                 IBUFCTRL (Prop_IBUFCTRL_HPIOB_M_I_O)
                                                      0.000     0.675 r  u_ibufds/IBUFCTRL_INST/O
                         net (fo=1, routed)           0.322     0.997    clk_ref
    BUFGCE_DIV_X1Y7      BUFGCE_DIV (Prop_BUFGCE_DIV_I_O)
                                                      0.152     1.149 r  u_bufgce_div/O
                         net (fo=7018, routed)        1.736     2.885    u_soc/g_pe[0].u_pe/u_core/core_i/sleep_unit_i/core_clock_gate_i/clk
    BUFGCE_X1Y115        BUFGCE (Prop_BUFCE_BUFGCE_I_O)
                                                      0.028     2.913 r  u_soc/g_pe[0].u_pe/u_core/core_i/sleep_unit_i/core_clock_gate_i/u_bufgce/O
    X2Y4 (CLOCK_ROOT)    net (fo=2099, routed)        1.284     4.197    u_soc/g_pe[0].u_pe/u_core/core_i/id_stage_i/clk_0
    SLICE_X95Y213        FDCE                                         r  u_soc/g_pe[0].u_pe/u_core/core_i/id_stage_i/mult_operand_b_ex_o_reg[8]/C
                         clock pessimism             -0.263     3.934    
    SLICE_X95Y213        FDCE (Remov_DFF_SLICEL_C_CLR)
                                                     -0.032     3.902    u_soc/g_pe[0].u_pe/u_core/core_i/id_stage_i/mult_operand_b_ex_o_reg[8]
  -------------------------------------------------------------------
                         required time                         -3.902    
                         arrival time                           3.973    
  -------------------------------------------------------------------
                         slack                                  0.071    

Slack (MET) :             0.071ns  (arrival time - required time)
  Source:                 rst_n_q_reg_rep__10/C
                            (rising edge-triggered cell FDRE clocked by clk  {rise@0.000ns fall@6.666ns period=16.665ns})
  Destination:            u_soc/g_pe[0].u_pe/u_core/core_i/id_stage_i/mult_operand_b_ex_o_reg[9]/CLR
                            (removal check against rising-edge clock clk  {rise@0.000ns fall@6.666ns period=16.665ns})
  Path Group:             **async_default**
  Path Type:              Removal (Min at Slow Process Corner)
  Requirement:            0.000ns  (clk rise@0.000ns - clk rise@0.000ns)
  Data Path Delay:        0.848ns  (logic 0.058ns (6.840%)  route 0.790ns (93.160%))
  Logic Levels:           0  
  Clock Path Skew:        0.809ns (DCD - SCD - CPR)
    Destination Clock Delay (DCD):    4.197ns
    Source Clock Delay      (SCD):    3.125ns
    Clock Pessimism Removal (CPR):    0.263ns
  Clock Net Delay (Source):      2.159ns (routing 0.916ns, distribution 1.243ns)
  Clock Net Delay (Destination): 1.284ns (routing 0.171ns, distribution 1.113ns)

    Location             Delay type                Incr(ns)  Path(ns)    Netlist Resource(s)
  -------------------------------------------------------------------    -------------------
                         (clock clk rise edge)        0.000     0.000 r  
    AH18                                              0.000     0.000 r  clk300_p_i (IN)
                         net (fo=0)                   0.079     0.079    u_ibufds/I
    HPIOBDIFFINBUF_X1Y36 DIFFINBUF (Prop_DIFFINBUF_HPIOBDIFFINBUF_DIFF_IN_P_O)
                                                      0.429     0.508 r  u_ibufds/DIFFINBUF_INST/O
                         net (fo=1, routed)           0.040     0.548    u_ibufds/OUT
    AH18                 IBUFCTRL (Prop_IBUFCTRL_HPIOB_M_I_O)
                                                      0.000     0.548 r  u_ibufds/IBUFCTRL_INST/O
                         net (fo=1, routed)           0.286     0.834    clk_ref
    BUFGCE_DIV_X1Y7      BUFGCE_DIV (Prop_BUFGCE_DIV_I_O)
                                                      0.132     0.966 r  u_bufgce_div/O
    X1Y3 (CLOCK_ROOT)    net (fo=7018, routed)        2.159     3.125    clk
    SLICE_X86Y254        FDRE                                         r  rst_n_q_reg_rep__10/C
  -------------------------------------------------------------------    -------------------
    SLICE_X86Y254        FDRE (Prop_EFF_SLICEM_C_Q)
                                                      0.058     3.183 r  rst_n_q_reg_rep__10/Q
                         net (fo=198, routed)         0.790     3.973    u_soc/g_pe[0].u_pe/u_core/core_i/id_stage_i/rst_n_q_reg_rep__10
    SLICE_X95Y213        FDCE                                         f  u_soc/g_pe[0].u_pe/u_core/core_i/id_stage_i/mult_operand_b_ex_o_reg[9]/CLR  (IS_INVERTED)
  -------------------------------------------------------------------    -------------------

                         (clock clk rise edge)        0.000     0.000 r  
    AH18                                              0.000     0.000 r  clk300_p_i (IN)
                         net (fo=0)                   0.100     0.100    u_ibufds/I
    HPIOBDIFFINBUF_X1Y36 DIFFINBUF (Prop_DIFFINBUF_HPIOBDIFFINBUF_DIFF_IN_P_O)
                                                      0.525     0.625 r  u_ibufds/DIFFINBUF_INST/O
                         net (fo=1, routed)           0.050     0.675    u_ibufds/OUT
    AH18                 IBUFCTRL (Prop_IBUFCTRL_HPIOB_M_I_O)
                                                      0.000     0.675 r  u_ibufds/IBUFCTRL_INST/O
                         net (fo=1, routed)           0.322     0.997    clk_ref
    BUFGCE_DIV_X1Y7      BUFGCE_DIV (Prop_BUFGCE_DIV_I_O)
                                                      0.152     1.149 r  u_bufgce_div/O
                         net (fo=7018, routed)        1.736     2.885    u_soc/g_pe[0].u_pe/u_core/core_i/sleep_unit_i/core_clock_gate_i/clk
    BUFGCE_X1Y115        BUFGCE (Prop_BUFCE_BUFGCE_I_O)
                                                      0.028     2.913 r  u_soc/g_pe[0].u_pe/u_core/core_i/sleep_unit_i/core_clock_gate_i/u_bufgce/O
    X2Y4 (CLOCK_ROOT)    net (fo=2099, routed)        1.284     4.197    u_soc/g_pe[0].u_pe/u_core/core_i/id_stage_i/clk_0
    SLICE_X95Y213        FDCE                                         r  u_soc/g_pe[0].u_pe/u_core/core_i/id_stage_i/mult_operand_b_ex_o_reg[9]/C
                         clock pessimism             -0.263     3.934    
    SLICE_X95Y213        FDCE (Remov_CFF_SLICEL_C_CLR)
                                                     -0.032     3.902    u_soc/g_pe[0].u_pe/u_core/core_i/id_stage_i/mult_operand_b_ex_o_reg[9]
  -------------------------------------------------------------------
                         required time                         -3.902    
                         arrival time                           3.973    
  -------------------------------------------------------------------
                         slack                                  0.071    

Slack (MET) :             0.077ns  (arrival time - required time)
  Source:                 rst_n_q_reg_rep__10/C
                            (rising edge-triggered cell FDRE clocked by clk  {rise@0.000ns fall@6.666ns period=16.665ns})
  Destination:            u_soc/g_pe[0].u_pe/u_core/core_i/id_stage_i/csr_op_ex_o_reg[0]/CLR
                            (removal check against rising-edge clock clk  {rise@0.000ns fall@6.666ns period=16.665ns})
  Path Group:             **async_default**
  Path Type:              Removal (Min at Slow Process Corner)
  Requirement:            0.000ns  (clk rise@0.000ns - clk rise@0.000ns)
  Data Path Delay:        0.879ns  (logic 0.058ns (6.601%)  route 0.821ns (93.399%))
  Logic Levels:           0  
  Clock Path Skew:        0.833ns (DCD - SCD - CPR)
    Destination Clock Delay (DCD):    4.221ns
    Source Clock Delay      (SCD):    3.125ns
    Clock Pessimism Removal (CPR):    0.263ns
  Clock Net Delay (Source):      2.159ns (routing 0.916ns, distribution 1.243ns)
  Clock Net Delay (Destination): 1.308ns (routing 0.171ns, distribution 1.137ns)

    Location             Delay type                Incr(ns)  Path(ns)    Netlist Resource(s)
  -------------------------------------------------------------------    -------------------
                         (clock clk rise edge)        0.000     0.000 r  
    AH18                                              0.000     0.000 r  clk300_p_i (IN)
                         net (fo=0)                   0.079     0.079    u_ibufds/I
    HPIOBDIFFINBUF_X1Y36 DIFFINBUF (Prop_DIFFINBUF_HPIOBDIFFINBUF_DIFF_IN_P_O)
                                                      0.429     0.508 r  u_ibufds/DIFFINBUF_INST/O
                         net (fo=1, routed)           0.040     0.548    u_ibufds/OUT
    AH18                 IBUFCTRL (Prop_IBUFCTRL_HPIOB_M_I_O)
                                                      0.000     0.548 r  u_ibufds/IBUFCTRL_INST/O
                         net (fo=1, routed)           0.286     0.834    clk_ref
    BUFGCE_DIV_X1Y7      BUFGCE_DIV (Prop_BUFGCE_DIV_I_O)
                                                      0.132     0.966 r  u_bufgce_div/O
    X1Y3 (CLOCK_ROOT)    net (fo=7018, routed)        2.159     3.125    clk
    SLICE_X86Y254        FDRE                                         r  rst_n_q_reg_rep__10/C
  -------------------------------------------------------------------    -------------------
    SLICE_X86Y254        FDRE (Prop_EFF_SLICEM_C_Q)
                                                      0.058     3.183 r  rst_n_q_reg_rep__10/Q
                         net (fo=198, routed)         0.821     4.003    u_soc/g_pe[0].u_pe/u_core/core_i/id_stage_i/rst_n_q_reg_rep__10
    SLICE_X94Y230        FDCE                                         f  u_soc/g_pe[0].u_pe/u_core/core_i/id_stage_i/csr_op_ex_o_reg[0]/CLR  (IS_INVERTED)
  -------------------------------------------------------------------    -------------------

                         (clock clk rise edge)        0.000     0.000 r  
    AH18                                              0.000     0.000 r  clk300_p_i (IN)
                         net (fo=0)                   0.100     0.100    u_ibufds/I
    HPIOBDIFFINBUF_X1Y36 DIFFINBUF (Prop_DIFFINBUF_HPIOBDIFFINBUF_DIFF_IN_P_O)
                                                      0.525     0.625 r  u_ibufds/DIFFINBUF_INST/O
                         net (fo=1, routed)           0.050     0.675    u_ibufds/OUT
    AH18                 IBUFCTRL (Prop_IBUFCTRL_HPIOB_M_I_O)
                                                      0.000     0.675 r  u_ibufds/IBUFCTRL_INST/O
                         net (fo=1, routed)           0.322     0.997    clk_ref
    BUFGCE_DIV_X1Y7      BUFGCE_DIV (Prop_BUFGCE_DIV_I_O)
                                                      0.152     1.149 r  u_bufgce_div/O
                         net (fo=7018, routed)        1.736     2.885    u_soc/g_pe[0].u_pe/u_core/core_i/sleep_unit_i/core_clock_gate_i/clk
    BUFGCE_X1Y115        BUFGCE (Prop_BUFCE_BUFGCE_I_O)
                                                      0.028     2.913 r  u_soc/g_pe[0].u_pe/u_core/core_i/sleep_unit_i/core_clock_gate_i/u_bufgce/O
    X2Y4 (CLOCK_ROOT)    net (fo=2099, routed)        1.308     4.221    u_soc/g_pe[0].u_pe/u_core/core_i/id_stage_i/clk_0
    SLICE_X94Y230        FDCE                                         r  u_soc/g_pe[0].u_pe/u_core/core_i/id_stage_i/csr_op_ex_o_reg[0]/C
                         clock pessimism             -0.263     3.958    
    SLICE_X94Y230        FDCE (Remov_DFF_SLICEM_C_CLR)
                                                     -0.032     3.926    u_soc/g_pe[0].u_pe/u_core/core_i/id_stage_i/csr_op_ex_o_reg[0]
  -------------------------------------------------------------------
                         required time                         -3.926    
                         arrival time                           4.003    
  -------------------------------------------------------------------
                         slack                                  0.077    

Slack (MET) :             0.077ns  (arrival time - required time)
  Source:                 rst_n_q_reg_rep__10/C
                            (rising edge-triggered cell FDRE clocked by clk  {rise@0.000ns fall@6.666ns period=16.665ns})
  Destination:            u_soc/g_pe[0].u_pe/u_core/core_i/id_stage_i/csr_op_ex_o_reg[1]/CLR
                            (removal check against rising-edge clock clk  {rise@0.000ns fall@6.666ns period=16.665ns})
  Path Group:             **async_default**
  Path Type:              Removal (Min at Slow Process Corner)
  Requirement:            0.000ns  (clk rise@0.000ns - clk rise@0.000ns)
  Data Path Delay:        0.879ns  (logic 0.058ns (6.601%)  route 0.821ns (93.399%))
  Logic Levels:           0  
  Clock Path Skew:        0.833ns (DCD - SCD - CPR)
    Destination Clock Delay (DCD):    4.221ns
    Source Clock Delay      (SCD):    3.125ns
    Clock Pessimism Removal (CPR):    0.263ns
  Clock Net Delay (Source):      2.159ns (routing 0.916ns, distribution 1.243ns)
  Clock Net Delay (Destination): 1.308ns (routing 0.171ns, distribution 1.137ns)

    Location             Delay type                Incr(ns)  Path(ns)    Netlist Resource(s)
  -------------------------------------------------------------------    -------------------
                         (clock clk rise edge)        0.000     0.000 r  
    AH18                                              0.000     0.000 r  clk300_p_i (IN)
                         net (fo=0)                   0.079     0.079    u_ibufds/I
    HPIOBDIFFINBUF_X1Y36 DIFFINBUF (Prop_DIFFINBUF_HPIOBDIFFINBUF_DIFF_IN_P_O)
                                                      0.429     0.508 r  u_ibufds/DIFFINBUF_INST/O
                         net (fo=1, routed)           0.040     0.548    u_ibufds/OUT
    AH18                 IBUFCTRL (Prop_IBUFCTRL_HPIOB_M_I_O)
                                                      0.000     0.548 r  u_ibufds/IBUFCTRL_INST/O
                         net (fo=1, routed)           0.286     0.834    clk_ref
    BUFGCE_DIV_X1Y7      BUFGCE_DIV (Prop_BUFGCE_DIV_I_O)
                                                      0.132     0.966 r  u_bufgce_div/O
    X1Y3 (CLOCK_ROOT)    net (fo=7018, routed)        2.159     3.125    clk
    SLICE_X86Y254        FDRE                                         r  rst_n_q_reg_rep__10/C
  -------------------------------------------------------------------    -------------------
    SLICE_X86Y254        FDRE (Prop_EFF_SLICEM_C_Q)
                                                      0.058     3.183 r  rst_n_q_reg_rep__10/Q
                         net (fo=198, routed)         0.821     4.003    u_soc/g_pe[0].u_pe/u_core/core_i/id_stage_i/rst_n_q_reg_rep__10
    SLICE_X94Y230        FDCE                                         f  u_soc/g_pe[0].u_pe/u_core/core_i/id_stage_i/csr_op_ex_o_reg[1]/CLR  (IS_INVERTED)
  -------------------------------------------------------------------    -------------------

                         (clock clk rise edge)        0.000     0.000 r  
    AH18                                              0.000     0.000 r  clk300_p_i (IN)
                         net (fo=0)                   0.100     0.100    u_ibufds/I
    HPIOBDIFFINBUF_X1Y36 DIFFINBUF (Prop_DIFFINBUF_HPIOBDIFFINBUF_DIFF_IN_P_O)
                                                      0.525     0.625 r  u_ibufds/DIFFINBUF_INST/O
                         net (fo=1, routed)           0.050     0.675    u_ibufds/OUT
    AH18                 IBUFCTRL (Prop_IBUFCTRL_HPIOB_M_I_O)
                                                      0.000     0.675 r  u_ibufds/IBUFCTRL_INST/O
                         net (fo=1, routed)           0.322     0.997    clk_ref
    BUFGCE_DIV_X1Y7      BUFGCE_DIV (Prop_BUFGCE_DIV_I_O)
                                                      0.152     1.149 r  u_bufgce_div/O
                         net (fo=7018, routed)        1.736     2.885    u_soc/g_pe[0].u_pe/u_core/core_i/sleep_unit_i/core_clock_gate_i/clk
    BUFGCE_X1Y115        BUFGCE (Prop_BUFCE_BUFGCE_I_O)
                                                      0.028     2.913 r  u_soc/g_pe[0].u_pe/u_core/core_i/sleep_unit_i/core_clock_gate_i/u_bufgce/O
    X2Y4 (CLOCK_ROOT)    net (fo=2099, routed)        1.308     4.221    u_soc/g_pe[0].u_pe/u_core/core_i/id_stage_i/clk_0
    SLICE_X94Y230        FDCE                                         r  u_soc/g_pe[0].u_pe/u_core/core_i/id_stage_i/csr_op_ex_o_reg[1]/C
                         clock pessimism             -0.263     3.958    
    SLICE_X94Y230        FDCE (Remov_CFF2_SLICEM_C_CLR)
                                                     -0.032     3.926    u_soc/g_pe[0].u_pe/u_core/core_i/id_stage_i/csr_op_ex_o_reg[1]
  -------------------------------------------------------------------
                         required time                         -3.926    
                         arrival time                           4.003    
  -------------------------------------------------------------------
                         slack                                  0.077    

Slack (MET) :             0.077ns  (arrival time - required time)
  Source:                 rst_n_q_reg_rep__10/C
                            (rising edge-triggered cell FDRE clocked by clk  {rise@0.000ns fall@6.666ns period=16.665ns})
  Destination:            u_soc/g_pe[0].u_pe/u_core/core_i/id_stage_i/data_req_ex_o_reg/CLR
                            (removal check against rising-edge clock clk  {rise@0.000ns fall@6.666ns period=16.665ns})
  Path Group:             **async_default**
  Path Type:              Removal (Min at Slow Process Corner)
  Requirement:            0.000ns  (clk rise@0.000ns - clk rise@0.000ns)
  Data Path Delay:        0.879ns  (logic 0.058ns (6.601%)  route 0.821ns (93.399%))
  Logic Levels:           0  
  Clock Path Skew:        0.833ns (DCD - SCD - CPR)
    Destination Clock Delay (DCD):    4.221ns
    Source Clock Delay      (SCD):    3.125ns
    Clock Pessimism Removal (CPR):    0.263ns
  Clock Net Delay (Source):      2.159ns (routing 0.916ns, distribution 1.243ns)
  Clock Net Delay (Destination): 1.308ns (routing 0.171ns, distribution 1.137ns)

    Location             Delay type                Incr(ns)  Path(ns)    Netlist Resource(s)
  -------------------------------------------------------------------    -------------------
                         (clock clk rise edge)        0.000     0.000 r  
    AH18                                              0.000     0.000 r  clk300_p_i (IN)
                         net (fo=0)                   0.079     0.079    u_ibufds/I
    HPIOBDIFFINBUF_X1Y36 DIFFINBUF (Prop_DIFFINBUF_HPIOBDIFFINBUF_DIFF_IN_P_O)
                                                      0.429     0.508 r  u_ibufds/DIFFINBUF_INST/O
                         net (fo=1, routed)           0.040     0.548    u_ibufds/OUT
    AH18                 IBUFCTRL (Prop_IBUFCTRL_HPIOB_M_I_O)
                                                      0.000     0.548 r  u_ibufds/IBUFCTRL_INST/O
                         net (fo=1, routed)           0.286     0.834    clk_ref
    BUFGCE_DIV_X1Y7      BUFGCE_DIV (Prop_BUFGCE_DIV_I_O)
                                                      0.132     0.966 r  u_bufgce_div/O
    X1Y3 (CLOCK_ROOT)    net (fo=7018, routed)        2.159     3.125    clk
    SLICE_X86Y254        FDRE                                         r  rst_n_q_reg_rep__10/C
  -------------------------------------------------------------------    -------------------
    SLICE_X86Y254        FDRE (Prop_EFF_SLICEM_C_Q)
                                                      0.058     3.183 r  rst_n_q_reg_rep__10/Q
                         net (fo=198, routed)         0.821     4.003    u_soc/g_pe[0].u_pe/u_core/core_i/id_stage_i/rst_n_q_reg_rep__10
    SLICE_X94Y230        FDCE                                         f  u_soc/g_pe[0].u_pe/u_core/core_i/id_stage_i/data_req_ex_o_reg/CLR  (IS_INVERTED)
  -------------------------------------------------------------------    -------------------

                         (clock clk rise edge)        0.000     0.000 r  
    AH18                                              0.000     0.000 r  clk300_p_i (IN)
                         net (fo=0)                   0.100     0.100    u_ibufds/I
    HPIOBDIFFINBUF_X1Y36 DIFFINBUF (Prop_DIFFINBUF_HPIOBDIFFINBUF_DIFF_IN_P_O)
                                                      0.525     0.625 r  u_ibufds/DIFFINBUF_INST/O
                         net (fo=1, routed)           0.050     0.675    u_ibufds/OUT
    AH18                 IBUFCTRL (Prop_IBUFCTRL_HPIOB_M_I_O)
                                                      0.000     0.675 r  u_ibufds/IBUFCTRL_INST/O
                         net (fo=1, routed)           0.322     0.997    clk_ref
    BUFGCE_DIV_X1Y7      BUFGCE_DIV (Prop_BUFGCE_DIV_I_O)
                                                      0.152     1.149 r  u_bufgce_div/O
                         net (fo=7018, routed)        1.736     2.885    u_soc/g_pe[0].u_pe/u_core/core_i/sleep_unit_i/core_clock_gate_i/clk
    BUFGCE_X1Y115        BUFGCE (Prop_BUFCE_BUFGCE_I_O)
                                                      0.028     2.913 r  u_soc/g_pe[0].u_pe/u_core/core_i/sleep_unit_i/core_clock_gate_i/u_bufgce/O
    X2Y4 (CLOCK_ROOT)    net (fo=2099, routed)        1.308     4.221    u_soc/g_pe[0].u_pe/u_core/core_i/id_stage_i/clk_0
    SLICE_X94Y230        FDCE                                         r  u_soc/g_pe[0].u_pe/u_core/core_i/id_stage_i/data_req_ex_o_reg/C
                         clock pessimism             -0.263     3.958    
    SLICE_X94Y230        FDCE (Remov_AFF_SLICEM_C_CLR)
                                                     -0.032     3.926    u_soc/g_pe[0].u_pe/u_core/core_i/id_stage_i/data_req_ex_o_reg
  -------------------------------------------------------------------
                         required time                         -3.926    
                         arrival time                           4.003    
  -------------------------------------------------------------------
                         slack                                  0.077    





--------------------------------------------------------------------------------------
Path Group:  (none)
From Clock:  clk
  To Clock:  

Max Delay             4 Endpoints
Min Delay             4 Endpoints
--------------------------------------------------------------------------------------


Max Delay Paths
--------------------------------------------------------------------------------------
Slack:                    inf
  Source:                 led_o_reg[3]/C
                            (rising edge-triggered cell FDRE clocked by clk  {rise@0.000ns fall@6.666ns period=16.665ns})
  Destination:            led_o[3]
                            (output port)
  Path Group:             (none)
  Path Type:              Max at Slow Process Corner
  Data Path Delay:        3.895ns  (logic 2.922ns (75.020%)  route 0.973ns (24.980%))
  Logic Levels:           1  (OBUF=1)
  Clock Uncertainty:      0.025ns  ((TSJ^2 + TIJ^2)^1/2 + DJ) / 2 + PE
    Total System Jitter     (TSJ):    0.050ns
    Total Input Jitter      (TIJ):    0.000ns
    Discrete Jitter          (DJ):    0.000ns
    Phase Error              (PE):    0.000ns
  Clock Net Delay (Source):      2.515ns (routing 1.007ns, distribution 1.508ns)
  Timing Exception:       False Path

    Location             Delay type                Incr(ns)  Path(ns)    Netlist Resource(s)
  -------------------------------------------------------------------    -------------------
                         (clock clk rise edge)        0.000     0.000 r  
    AH18                                              0.000     0.000 r  clk300_p_i (IN)
                         net (fo=0)                   0.100     0.100    u_ibufds/I
    HPIOBDIFFINBUF_X1Y36 DIFFINBUF (Prop_DIFFINBUF_HPIOBDIFFINBUF_DIFF_IN_P_O)
                                                      0.525     0.625 r  u_ibufds/DIFFINBUF_INST/O
                         net (fo=1, routed)           0.050     0.675    u_ibufds/OUT
    AH18                 IBUFCTRL (Prop_IBUFCTRL_HPIOB_M_I_O)
                                                      0.000     0.675 r  u_ibufds/IBUFCTRL_INST/O
                         net (fo=1, routed)           0.322     0.997    clk_ref
    BUFGCE_DIV_X1Y7      BUFGCE_DIV (Prop_BUFGCE_DIV_I_O)
                                                      0.152     1.149 r  u_bufgce_div/O
    X1Y3 (CLOCK_ROOT)    net (fo=7018, routed)        2.515     3.664    clk
    SLICE_X89Y303        FDRE                                         r  led_o_reg[3]/C
  -------------------------------------------------------------------    -------------------
    SLICE_X89Y303        FDRE (Prop_DFF_SLICEM_C_Q)
                                                      0.078     3.742 r  led_o_reg[3]/Q
                         net (fo=1, routed)           0.973     4.715    led_o_OBUF[3]
    B5                   OBUF (Prop_OUTBUF_HDIOB_M_I_O)
                                                      2.844     7.559 r  led_o_OBUF[3]_inst/O
                         net (fo=0)                   0.000     7.559    led_o[3]
    B5                                                                r  led_o[3] (OUT)
  -------------------------------------------------------------------    -------------------

Slack:                    inf
  Source:                 led_o_reg[1]/C
                            (rising edge-triggered cell FDRE clocked by clk  {rise@0.000ns fall@6.666ns period=16.665ns})
  Destination:            led_o[1]
                            (output port)
  Path Group:             (none)
  Path Type:              Max at Slow Process Corner
  Data Path Delay:        3.963ns  (logic 2.906ns (73.330%)  route 1.057ns (26.670%))
  Logic Levels:           1  (OBUF=1)
  Clock Uncertainty:      0.025ns  ((TSJ^2 + TIJ^2)^1/2 + DJ) / 2 + PE
    Total System Jitter     (TSJ):    0.050ns
    Total Input Jitter      (TIJ):    0.000ns
    Discrete Jitter          (DJ):    0.000ns
    Phase Error              (PE):    0.000ns
  Clock Net Delay (Source):      2.442ns (routing 1.007ns, distribution 1.435ns)
  Timing Exception:       False Path

    Location             Delay type                Incr(ns)  Path(ns)    Netlist Resource(s)
  -------------------------------------------------------------------    -------------------
                         (clock clk rise edge)        0.000     0.000 r  
    AH18                                              0.000     0.000 r  clk300_p_i (IN)
                         net (fo=0)                   0.100     0.100    u_ibufds/I
    HPIOBDIFFINBUF_X1Y36 DIFFINBUF (Prop_DIFFINBUF_HPIOBDIFFINBUF_DIFF_IN_P_O)
                                                      0.525     0.625 r  u_ibufds/DIFFINBUF_INST/O
                         net (fo=1, routed)           0.050     0.675    u_ibufds/OUT
    AH18                 IBUFCTRL (Prop_IBUFCTRL_HPIOB_M_I_O)
                                                      0.000     0.675 r  u_ibufds/IBUFCTRL_INST/O
                         net (fo=1, routed)           0.322     0.997    clk_ref
    BUFGCE_DIV_X1Y7      BUFGCE_DIV (Prop_BUFGCE_DIV_I_O)
                                                      0.152     1.149 r  u_bufgce_div/O
    X1Y3 (CLOCK_ROOT)    net (fo=7018, routed)        2.442     3.592    clk
    SLICE_X88Y309        FDRE                                         r  led_o_reg[1]/C
  -------------------------------------------------------------------    -------------------
    SLICE_X88Y309        FDRE (Prop_DFF_SLICEM_C_Q)
                                                      0.078     3.670 r  led_o_reg[1]/Q
                         net (fo=1, routed)           1.057     4.727    led_o_OBUF[1]
    D6                   OBUF (Prop_OUTBUF_HDIOB_M_I_O)
                                                      2.828     7.555 r  led_o_OBUF[1]_inst/O
                         net (fo=0)                   0.000     7.555    led_o[1]
    D6                                                                r  led_o[1] (OUT)
  -------------------------------------------------------------------    -------------------

Slack:                    inf
  Source:                 led_o_reg[2]/C
                            (rising edge-triggered cell FDRE clocked by clk  {rise@0.000ns fall@6.666ns period=16.665ns})
  Destination:            led_o[2]
                            (output port)
  Path Group:             (none)
  Path Type:              Max at Slow Process Corner
  Data Path Delay:        3.874ns  (logic 2.928ns (75.578%)  route 0.946ns (24.422%))
  Logic Levels:           1  (OBUF=1)
  Clock Uncertainty:      0.025ns  ((TSJ^2 + TIJ^2)^1/2 + DJ) / 2 + PE
    Total System Jitter     (TSJ):    0.050ns
    Total Input Jitter      (TIJ):    0.000ns
    Discrete Jitter          (DJ):    0.000ns
    Phase Error              (PE):    0.000ns
  Clock Net Delay (Source):      2.514ns (routing 1.007ns, distribution 1.507ns)
  Timing Exception:       False Path

    Location             Delay type                Incr(ns)  Path(ns)    Netlist Resource(s)
  -------------------------------------------------------------------    -------------------
                         (clock clk rise edge)        0.000     0.000 r  
    AH18                                              0.000     0.000 r  clk300_p_i (IN)
                         net (fo=0)                   0.100     0.100    u_ibufds/I
    HPIOBDIFFINBUF_X1Y36 DIFFINBUF (Prop_DIFFINBUF_HPIOBDIFFINBUF_DIFF_IN_P_O)
                                                      0.525     0.625 r  u_ibufds/DIFFINBUF_INST/O
                         net (fo=1, routed)           0.050     0.675    u_ibufds/OUT
    AH18                 IBUFCTRL (Prop_IBUFCTRL_HPIOB_M_I_O)
                                                      0.000     0.675 r  u_ibufds/IBUFCTRL_INST/O
                         net (fo=1, routed)           0.322     0.997    clk_ref
    BUFGCE_DIV_X1Y7      BUFGCE_DIV (Prop_BUFGCE_DIV_I_O)
                                                      0.152     1.149 r  u_bufgce_div/O
    X1Y3 (CLOCK_ROOT)    net (fo=7018, routed)        2.514     3.663    clk
    SLICE_X89Y302        FDRE                                         r  led_o_reg[2]/C
  -------------------------------------------------------------------    -------------------
    SLICE_X89Y302        FDRE (Prop_HFF_SLICEM_C_Q)
                                                      0.079     3.742 r  led_o_reg[2]/Q
                         net (fo=1, routed)           0.946     4.688    led_o_OBUF[2]
    A5                   OBUF (Prop_OUTBUF_HDIOB_S_I_O)
                                                      2.849     7.537 r  led_o_OBUF[2]_inst/O
                         net (fo=0)                   0.000     7.537    led_o[2]
    A5                                                                r  led_o[2] (OUT)
  -------------------------------------------------------------------    -------------------

Slack:                    inf
  Source:                 led_o_reg[0]/C
                            (rising edge-triggered cell FDRE clocked by clk  {rise@0.000ns fall@6.666ns period=16.665ns})
  Destination:            led_o[0]
                            (output port)
  Path Group:             (none)
  Path Type:              Max at Slow Process Corner
  Data Path Delay:        3.859ns  (logic 2.905ns (75.276%)  route 0.954ns (24.724%))
  Logic Levels:           1  (OBUF=1)
  Clock Uncertainty:      0.025ns  ((TSJ^2 + TIJ^2)^1/2 + DJ) / 2 + PE
    Total System Jitter     (TSJ):    0.050ns
    Total Input Jitter      (TIJ):    0.000ns
    Discrete Jitter          (DJ):    0.000ns
    Phase Error              (PE):    0.000ns
  Clock Net Delay (Source):      2.456ns (routing 1.007ns, distribution 1.449ns)
  Timing Exception:       False Path

    Location             Delay type                Incr(ns)  Path(ns)    Netlist Resource(s)
  -------------------------------------------------------------------    -------------------
                         (clock clk rise edge)        0.000     0.000 r  
    AH18                                              0.000     0.000 r  clk300_p_i (IN)
                         net (fo=0)                   0.100     0.100    u_ibufds/I
    HPIOBDIFFINBUF_X1Y36 DIFFINBUF (Prop_DIFFINBUF_HPIOBDIFFINBUF_DIFF_IN_P_O)
                                                      0.525     0.625 r  u_ibufds/DIFFINBUF_INST/O
                         net (fo=1, routed)           0.050     0.675    u_ibufds/OUT
    AH18                 IBUFCTRL (Prop_IBUFCTRL_HPIOB_M_I_O)
                                                      0.000     0.675 r  u_ibufds/IBUFCTRL_INST/O
                         net (fo=1, routed)           0.322     0.997    clk_ref
    BUFGCE_DIV_X1Y7      BUFGCE_DIV (Prop_BUFGCE_DIV_I_O)
                                                      0.152     1.149 r  u_bufgce_div/O
    X1Y3 (CLOCK_ROOT)    net (fo=7018, routed)        2.456     3.605    clk
    SLICE_X87Y303        FDRE                                         r  led_o_reg[0]/C
  -------------------------------------------------------------------    -------------------
    SLICE_X87Y303        FDRE (Prop_DFF_SLICEL_C_Q)
                                                      0.079     3.684 r  led_o_reg[0]/Q
                         net (fo=1, routed)           0.954     4.638    led_o_OBUF[0]
    D5                   OBUF (Prop_OUTBUF_HDIOB_S_I_O)
                                                      2.826     7.464 r  led_o_OBUF[0]_inst/O
                         net (fo=0)                   0.000     7.464    led_o[0]
    D5                                                                r  led_o[0] (OUT)
  -------------------------------------------------------------------    -------------------





Min Delay Paths
--------------------------------------------------------------------------------------
Slack:                    inf
  Source:                 led_o_reg[0]/C
                            (rising edge-triggered cell FDRE clocked by clk  {rise@0.000ns fall@6.666ns period=16.665ns})
  Destination:            led_o[0]
                            (output port)
  Path Group:             (none)
  Path Type:              Min at Fast Process Corner
  Data Path Delay:        1.951ns  (logic 1.520ns (77.913%)  route 0.431ns (22.087%))
  Logic Levels:           1  (OBUF=1)
  Clock Uncertainty:      0.025ns  ((TSJ^2 + TIJ^2)^1/2 + DJ) / 2 + PE
    Total System Jitter     (TSJ):    0.050ns
    Total Input Jitter      (TIJ):    0.000ns
    Discrete Jitter          (DJ):    0.000ns
    Phase Error              (PE):    0.000ns
  Clock Net Delay (Source):      1.344ns (routing 0.554ns, distribution 0.790ns)
  Timing Exception:       False Path

    Location             Delay type                Incr(ns)  Path(ns)    Netlist Resource(s)
  -------------------------------------------------------------------    -------------------
                         (clock clk rise edge)        0.000     0.000 r  
    AH18                                              0.000     0.000 r  clk300_p_i (IN)
                         net (fo=0)                   0.079     0.079    u_ibufds/I
    HPIOBDIFFINBUF_X1Y36 DIFFINBUF (Prop_DIFFINBUF_HPIOBDIFFINBUF_DIFF_IN_P_O)
                                                      0.284     0.363 r  u_ibufds/DIFFINBUF_INST/O
                         net (fo=1, routed)           0.040     0.403    u_ibufds/OUT
    AH18                 IBUFCTRL (Prop_IBUFCTRL_HPIOB_M_I_O)
                                                      0.000     0.403 r  u_ibufds/IBUFCTRL_INST/O
                         net (fo=1, routed)           0.144     0.547    clk_ref
    BUFGCE_DIV_X1Y7      BUFGCE_DIV (Prop_BUFGCE_DIV_I_O)
                                                      0.089     0.636 r  u_bufgce_div/O
    X1Y3 (CLOCK_ROOT)    net (fo=7018, routed)        1.344     1.980    clk
    SLICE_X87Y303        FDRE                                         r  led_o_reg[0]/C
  -------------------------------------------------------------------    -------------------
    SLICE_X87Y303        FDRE (Prop_DFF_SLICEL_C_Q)
                                                      0.039     2.019 r  led_o_reg[0]/Q
                         net (fo=1, routed)           0.431     2.450    led_o_OBUF[0]
    D5                   OBUF (Prop_OUTBUF_HDIOB_S_I_O)
                                                      1.481     3.931 r  led_o_OBUF[0]_inst/O
                         net (fo=0)                   0.000     3.931    led_o[0]
    D5                                                                r  led_o[0] (OUT)
  -------------------------------------------------------------------    -------------------

Slack:                    inf
  Source:                 led_o_reg[2]/C
                            (rising edge-triggered cell FDRE clocked by clk  {rise@0.000ns fall@6.666ns period=16.665ns})
  Destination:            led_o[2]
                            (output port)
  Path Group:             (none)
  Path Type:              Min at Fast Process Corner
  Data Path Delay:        1.972ns  (logic 1.543ns (78.248%)  route 0.429ns (21.752%))
  Logic Levels:           1  (OBUF=1)
  Clock Uncertainty:      0.025ns  ((TSJ^2 + TIJ^2)^1/2 + DJ) / 2 + PE
    Total System Jitter     (TSJ):    0.050ns
    Total Input Jitter      (TIJ):    0.000ns
    Discrete Jitter          (DJ):    0.000ns
    Phase Error              (PE):    0.000ns
  Clock Net Delay (Source):      1.380ns (routing 0.554ns, distribution 0.826ns)
  Timing Exception:       False Path

    Location             Delay type                Incr(ns)  Path(ns)    Netlist Resource(s)
  -------------------------------------------------------------------    -------------------
                         (clock clk rise edge)        0.000     0.000 r  
    AH18                                              0.000     0.000 r  clk300_p_i (IN)
                         net (fo=0)                   0.079     0.079    u_ibufds/I
    HPIOBDIFFINBUF_X1Y36 DIFFINBUF (Prop_DIFFINBUF_HPIOBDIFFINBUF_DIFF_IN_P_O)
                                                      0.284     0.363 r  u_ibufds/DIFFINBUF_INST/O
                         net (fo=1, routed)           0.040     0.403    u_ibufds/OUT
    AH18                 IBUFCTRL (Prop_IBUFCTRL_HPIOB_M_I_O)
                                                      0.000     0.403 r  u_ibufds/IBUFCTRL_INST/O
                         net (fo=1, routed)           0.144     0.547    clk_ref
    BUFGCE_DIV_X1Y7      BUFGCE_DIV (Prop_BUFGCE_DIV_I_O)
                                                      0.089     0.636 r  u_bufgce_div/O
    X1Y3 (CLOCK_ROOT)    net (fo=7018, routed)        1.380     2.016    clk
    SLICE_X89Y302        FDRE                                         r  led_o_reg[2]/C
  -------------------------------------------------------------------    -------------------
    SLICE_X89Y302        FDRE (Prop_HFF_SLICEM_C_Q)
                                                      0.039     2.055 r  led_o_reg[2]/Q
                         net (fo=1, routed)           0.429     2.484    led_o_OBUF[2]
    A5                   OBUF (Prop_OUTBUF_HDIOB_S_I_O)
                                                      1.504     3.988 r  led_o_OBUF[2]_inst/O
                         net (fo=0)                   0.000     3.988    led_o[2]
    A5                                                                r  led_o[2] (OUT)
  -------------------------------------------------------------------    -------------------

Slack:                    inf
  Source:                 led_o_reg[1]/C
                            (rising edge-triggered cell FDRE clocked by clk  {rise@0.000ns fall@6.666ns period=16.665ns})
  Destination:            led_o[1]
                            (output port)
  Path Group:             (none)
  Path Type:              Min at Fast Process Corner
  Data Path Delay:        2.049ns  (logic 1.523ns (74.329%)  route 0.526ns (25.671%))
  Logic Levels:           1  (OBUF=1)
  Clock Uncertainty:      0.025ns  ((TSJ^2 + TIJ^2)^1/2 + DJ) / 2 + PE
    Total System Jitter     (TSJ):    0.050ns
    Total Input Jitter      (TIJ):    0.000ns
    Discrete Jitter          (DJ):    0.000ns
    Phase Error              (PE):    0.000ns
  Clock Net Delay (Source):      1.342ns (routing 0.554ns, distribution 0.788ns)
  Timing Exception:       False Path

    Location             Delay type                Incr(ns)  Path(ns)    Netlist Resource(s)
  -------------------------------------------------------------------    -------------------
                         (clock clk rise edge)        0.000     0.000 r  
    AH18                                              0.000     0.000 r  clk300_p_i (IN)
                         net (fo=0)                   0.079     0.079    u_ibufds/I
    HPIOBDIFFINBUF_X1Y36 DIFFINBUF (Prop_DIFFINBUF_HPIOBDIFFINBUF_DIFF_IN_P_O)
                                                      0.284     0.363 r  u_ibufds/DIFFINBUF_INST/O
                         net (fo=1, routed)           0.040     0.403    u_ibufds/OUT
    AH18                 IBUFCTRL (Prop_IBUFCTRL_HPIOB_M_I_O)
                                                      0.000     0.403 r  u_ibufds/IBUFCTRL_INST/O
                         net (fo=1, routed)           0.144     0.547    clk_ref
    BUFGCE_DIV_X1Y7      BUFGCE_DIV (Prop_BUFGCE_DIV_I_O)
                                                      0.089     0.636 r  u_bufgce_div/O
    X1Y3 (CLOCK_ROOT)    net (fo=7018, routed)        1.342     1.978    clk
    SLICE_X88Y309        FDRE                                         r  led_o_reg[1]/C
  -------------------------------------------------------------------    -------------------
    SLICE_X88Y309        FDRE (Prop_DFF_SLICEM_C_Q)
                                                      0.039     2.017 r  led_o_reg[1]/Q
                         net (fo=1, routed)           0.526     2.543    led_o_OBUF[1]
    D6                   OBUF (Prop_OUTBUF_HDIOB_M_I_O)
                                                      1.484     4.027 r  led_o_OBUF[1]_inst/O
                         net (fo=0)                   0.000     4.027    led_o[1]
    D6                                                                r  led_o[1] (OUT)
  -------------------------------------------------------------------    -------------------

Slack:                    inf
  Source:                 led_o_reg[3]/C
                            (rising edge-triggered cell FDRE clocked by clk  {rise@0.000ns fall@6.666ns period=16.665ns})
  Destination:            led_o[3]
                            (output port)
  Path Group:             (none)
  Path Type:              Min at Fast Process Corner
  Data Path Delay:        2.029ns  (logic 1.539ns (75.847%)  route 0.490ns (24.153%))
  Logic Levels:           1  (OBUF=1)
  Clock Uncertainty:      0.025ns  ((TSJ^2 + TIJ^2)^1/2 + DJ) / 2 + PE
    Total System Jitter     (TSJ):    0.050ns
    Total Input Jitter      (TIJ):    0.000ns
    Discrete Jitter          (DJ):    0.000ns
    Phase Error              (PE):    0.000ns
  Clock Net Delay (Source):      1.381ns (routing 0.554ns, distribution 0.827ns)
  Timing Exception:       False Path

    Location             Delay type                Incr(ns)  Path(ns)    Netlist Resource(s)
  -------------------------------------------------------------------    -------------------
                         (clock clk rise edge)        0.000     0.000 r  
    AH18                                              0.000     0.000 r  clk300_p_i (IN)
                         net (fo=0)                   0.079     0.079    u_ibufds/I
    HPIOBDIFFINBUF_X1Y36 DIFFINBUF (Prop_DIFFINBUF_HPIOBDIFFINBUF_DIFF_IN_P_O)
                                                      0.284     0.363 r  u_ibufds/DIFFINBUF_INST/O
                         net (fo=1, routed)           0.040     0.403    u_ibufds/OUT
    AH18                 IBUFCTRL (Prop_IBUFCTRL_HPIOB_M_I_O)
                                                      0.000     0.403 r  u_ibufds/IBUFCTRL_INST/O
                         net (fo=1, routed)           0.144     0.547    clk_ref
    BUFGCE_DIV_X1Y7      BUFGCE_DIV (Prop_BUFGCE_DIV_I_O)
                                                      0.089     0.636 r  u_bufgce_div/O
    X1Y3 (CLOCK_ROOT)    net (fo=7018, routed)        1.381     2.017    clk
    SLICE_X89Y303        FDRE                                         r  led_o_reg[3]/C
  -------------------------------------------------------------------    -------------------
    SLICE_X89Y303        FDRE (Prop_DFF_SLICEM_C_Q)
                                                      0.039     2.056 r  led_o_reg[3]/Q
                         net (fo=1, routed)           0.490     2.546    led_o_OBUF[3]
    B5                   OBUF (Prop_OUTBUF_HDIOB_M_I_O)
                                                      1.500     4.046 r  led_o_OBUF[3]_inst/O
                         net (fo=0)                   0.000     4.046    led_o[3]
    B5                                                                r  led_o[3] (OUT)
  -------------------------------------------------------------------    -------------------





--------------------------------------------------------------------------------------
Path Group:  (none)
From Clock:  
  To Clock:  clk

Max Delay             7 Endpoints
Min Delay             7 Endpoints
--------------------------------------------------------------------------------------


Max Delay Paths
--------------------------------------------------------------------------------------
Slack:                    inf
  Source:                 cpu_reset_i
                            (input port)
  Destination:            rst_sync_q_reg[0]/D
                            (rising edge-triggered cell FDRE clocked by clk  {rise@0.000ns fall@6.666ns period=16.665ns})
  Path Group:             (none)
  Path Type:              Setup (Max at Slow Process Corner)
  Data Path Delay:        2.329ns  (logic 1.222ns (52.472%)  route 1.107ns (47.528%))
  Logic Levels:           2  (IBUFCTRL=1 INBUF=1)
  Clock Path Skew:        3.162ns (DCD - SCD + CPR)
    Destination Clock Delay (DCD):    3.162ns
    Source Clock Delay      (SCD):    0.000ns
    Clock Pessimism Removal (CPR):    0.000ns
  Clock Uncertainty:      0.025ns  ((TSJ^2 + TIJ^2)^1/2 + DJ) / 2 + PE
    Total System Jitter     (TSJ):    0.050ns
    Total Input Jitter      (TIJ):    0.000ns
    Discrete Jitter          (DJ):    0.000ns
    Phase Error              (PE):    0.000ns
  Clock Net Delay (Destination): 2.196ns (routing 0.916ns, distribution 1.280ns)
  Timing Exception:       False Path

    Location             Delay type                Incr(ns)  Path(ns)    Netlist Resource(s)
  -------------------------------------------------------------------    -------------------
    M11                                               0.000     0.000 r  cpu_reset_i (IN)
                         net (fo=0)                   0.000     0.000    cpu_reset_i_IBUF_inst/I
    M11                  INBUF (Prop_INBUF_HDIOB_S_PAD_O)
                                                      1.222     1.222 r  cpu_reset_i_IBUF_inst/INBUF_INST/O
                         net (fo=1, routed)           0.000     1.222    cpu_reset_i_IBUF_inst/OUT
    M11                  IBUFCTRL (Prop_IBUFCTRL_HDIOB_S_I_O)
                                                      0.000     1.222 r  cpu_reset_i_IBUF_inst/IBUFCTRL_INST/O
                         net (fo=1, routed)           1.107     2.329    cpu_reset_i_IBUF
    SLICE_X100Y219       FDRE                                         r  rst_sync_q_reg[0]/D
  -------------------------------------------------------------------    -------------------

                         (clock clk rise edge)        0.000     0.000 r  
    AH18                                              0.000     0.000 r  clk300_p_i (IN)
                         net (fo=0)                   0.079     0.079    u_ibufds/I
    HPIOBDIFFINBUF_X1Y36 DIFFINBUF (Prop_DIFFINBUF_HPIOBDIFFINBUF_DIFF_IN_P_O)
                                                      0.429     0.508 r  u_ibufds/DIFFINBUF_INST/O
                         net (fo=1, routed)           0.040     0.548    u_ibufds/OUT
    AH18                 IBUFCTRL (Prop_IBUFCTRL_HPIOB_M_I_O)
                                                      0.000     0.548 r  u_ibufds/IBUFCTRL_INST/O
                         net (fo=1, routed)           0.286     0.834    clk_ref
    BUFGCE_DIV_X1Y7      BUFGCE_DIV (Prop_BUFGCE_DIV_I_O)
                                                      0.132     0.966 r  u_bufgce_div/O
    X1Y3 (CLOCK_ROOT)    net (fo=7018, routed)        2.196     3.162    clk
    SLICE_X100Y219       FDRE                                         r  rst_sync_q_reg[0]/C

Slack:                    inf
  Source:                 dip_i[2]
                            (input port)
  Destination:            dip_sync_q_reg[2]/D
                            (rising edge-triggered cell FDRE clocked by clk  {rise@0.000ns fall@6.666ns period=16.665ns})
  Path Group:             (none)
  Path Type:              Setup (Max at Slow Process Corner)
  Data Path Delay:        2.318ns  (logic 1.271ns (54.838%)  route 1.047ns (45.162%))
  Logic Levels:           2  (IBUFCTRL=1 INBUF=1)
  Clock Path Skew:        3.241ns (DCD - SCD + CPR)
    Destination Clock Delay (DCD):    3.241ns
    Source Clock Delay      (SCD):    0.000ns
    Clock Pessimism Removal (CPR):    0.000ns
  Clock Uncertainty:      0.025ns  ((TSJ^2 + TIJ^2)^1/2 + DJ) / 2 + PE
    Total System Jitter     (TSJ):    0.050ns
    Total Input Jitter      (TIJ):    0.000ns
    Discrete Jitter          (DJ):    0.000ns
    Phase Error              (PE):    0.000ns
  Clock Net Delay (Destination): 2.275ns (routing 0.916ns, distribution 1.359ns)
  Timing Exception:       False Path

    Location             Delay type                Incr(ns)  Path(ns)    Netlist Resource(s)
  -------------------------------------------------------------------    -------------------
    F5                                                0.000     0.000 r  dip_i[2] (IN)
                         net (fo=0)                   0.000     0.000    dip_i_IBUF[2]_inst/I
    F5                   INBUF (Prop_INBUF_HDIOB_M_PAD_O)
                                                      1.271     1.271 r  dip_i_IBUF[2]_inst/INBUF_INST/O
                         net (fo=1, routed)           0.000     1.271    dip_i_IBUF[2]_inst/OUT
    F5                   IBUFCTRL (Prop_IBUFCTRL_HDIOB_M_I_O)
                                                      0.000     1.271 r  dip_i_IBUF[2]_inst/IBUFCTRL_INST/O
                         net (fo=1, routed)           1.047     2.318    dip_i_IBUF[2]
    SLICE_X100Y305       FDRE                                         r  dip_sync_q_reg[2]/D
  -------------------------------------------------------------------    -------------------

                         (clock clk rise edge)        0.000     0.000 r  
    AH18                                              0.000     0.000 r  clk300_p_i (IN)
                         net (fo=0)                   0.079     0.079    u_ibufds/I
    HPIOBDIFFINBUF_X1Y36 DIFFINBUF (Prop_DIFFINBUF_HPIOBDIFFINBUF_DIFF_IN_P_O)
                                                      0.429     0.508 r  u_ibufds/DIFFINBUF_INST/O
                         net (fo=1, routed)           0.040     0.548    u_ibufds/OUT
    AH18                 IBUFCTRL (Prop_IBUFCTRL_HPIOB_M_I_O)
                                                      0.000     0.548 r  u_ibufds/IBUFCTRL_INST/O
                         net (fo=1, routed)           0.286     0.834    clk_ref
    BUFGCE_DIV_X1Y7      BUFGCE_DIV (Prop_BUFGCE_DIV_I_O)
                                                      0.132     0.966 r  u_bufgce_div/O
    X1Y3 (CLOCK_ROOT)    net (fo=7018, routed)        2.275     3.241    clk
    SLICE_X100Y305       FDRE                                         r  dip_sync_q_reg[2]/C

Slack:                    inf
  Source:                 dip_i[3]
                            (input port)
  Destination:            dip_sync_q_reg[3]/D
                            (rising edge-triggered cell FDRE clocked by clk  {rise@0.000ns fall@6.666ns period=16.665ns})
  Path Group:             (none)
  Path Type:              Setup (Max at Slow Process Corner)
  Data Path Delay:        2.291ns  (logic 1.273ns (55.559%)  route 1.018ns (44.441%))
  Logic Levels:           2  (IBUFCTRL=1 INBUF=1)
  Clock Path Skew:        3.194ns (DCD - SCD + CPR)
    Destination Clock Delay (DCD):    3.194ns
    Source Clock Delay      (SCD):    0.000ns
    Clock Pessimism Removal (CPR):    0.000ns
  Clock Uncertainty:      0.025ns  ((TSJ^2 + TIJ^2)^1/2 + DJ) / 2 + PE
    Total System Jitter     (TSJ):    0.050ns
    Total Input Jitter      (TIJ):    0.000ns
    Discrete Jitter          (DJ):    0.000ns
    Phase Error              (PE):    0.000ns
  Clock Net Delay (Destination): 2.228ns (routing 0.916ns, distribution 1.312ns)
  Timing Exception:       False Path

    Location             Delay type                Incr(ns)  Path(ns)    Netlist Resource(s)
  -------------------------------------------------------------------    -------------------
    F4                                                0.000     0.000 r  dip_i[3] (IN)
                         net (fo=0)                   0.000     0.000    dip_i_IBUF[3]_inst/I
    F4                   INBUF (Prop_INBUF_HDIOB_S_PAD_O)
                                                      1.273     1.273 r  dip_i_IBUF[3]_inst/INBUF_INST/O
                         net (fo=1, routed)           0.000     1.273    dip_i_IBUF[3]_inst/OUT
    F4                   IBUFCTRL (Prop_IBUFCTRL_HDIOB_S_I_O)
                                                      0.000     1.273 r  dip_i_IBUF[3]_inst/IBUFCTRL_INST/O
                         net (fo=1, routed)           1.018     2.291    dip_i_IBUF[3]
    SLICE_X91Y323        FDRE                                         r  dip_sync_q_reg[3]/D
  -------------------------------------------------------------------    -------------------

                         (clock clk rise edge)        0.000     0.000 r  
    AH18                                              0.000     0.000 r  clk300_p_i (IN)
                         net (fo=0)                   0.079     0.079    u_ibufds/I
    HPIOBDIFFINBUF_X1Y36 DIFFINBUF (Prop_DIFFINBUF_HPIOBDIFFINBUF_DIFF_IN_P_O)
                                                      0.429     0.508 r  u_ibufds/DIFFINBUF_INST/O
                         net (fo=1, routed)           0.040     0.548    u_ibufds/OUT
    AH18                 IBUFCTRL (Prop_IBUFCTRL_HPIOB_M_I_O)
                                                      0.000     0.548 r  u_ibufds/IBUFCTRL_INST/O
                         net (fo=1, routed)           0.286     0.834    clk_ref
    BUFGCE_DIV_X1Y7      BUFGCE_DIV (Prop_BUFGCE_DIV_I_O)
                                                      0.132     0.966 r  u_bufgce_div/O
    X1Y3 (CLOCK_ROOT)    net (fo=7018, routed)        2.228     3.194    clk
    SLICE_X91Y323        FDRE                                         r  dip_sync_q_reg[3]/C

Slack:                    inf
  Source:                 pb_i[0]
                            (input port)
  Destination:            pb_sync_q_reg[0]/D
                            (rising edge-triggered cell FDRE clocked by clk  {rise@0.000ns fall@6.666ns period=16.665ns})
  Path Group:             (none)
  Path Type:              Setup (Max at Slow Process Corner)
  Data Path Delay:        2.128ns  (logic 1.298ns (61.002%)  route 0.830ns (38.998%))
  Logic Levels:           2  (IBUFCTRL=1 INBUF=1)
  Clock Path Skew:        3.218ns (DCD - SCD + CPR)
    Destination Clock Delay (DCD):    3.218ns
    Source Clock Delay      (SCD):    0.000ns
    Clock Pessimism Removal (CPR):    0.000ns
  Clock Uncertainty:      0.025ns  ((TSJ^2 + TIJ^2)^1/2 + DJ) / 2 + PE
    Total System Jitter     (TSJ):    0.050ns
    Total Input Jitter      (TIJ):    0.000ns
    Discrete Jitter          (DJ):    0.000ns
    Phase Error              (PE):    0.000ns
  Clock Net Delay (Destination): 2.252ns (routing 0.916ns, distribution 1.336ns)
  Timing Exception:       False Path

    Location             Delay type                Incr(ns)  Path(ns)    Netlist Resource(s)
  -------------------------------------------------------------------    -------------------
    B4                                                0.000     0.000 r  pb_i[0] (IN)
                         net (fo=0)                   0.000     0.000    pb_i_IBUF[0]_inst/I
    B4                   INBUF (Prop_INBUF_HDIOB_S_PAD_O)
                                                      1.298     1.298 r  pb_i_IBUF[0]_inst/INBUF_INST/O
                         net (fo=1, routed)           0.000     1.298    pb_i_IBUF[0]_inst/OUT
    B4                   IBUFCTRL (Prop_IBUFCTRL_HDIOB_S_I_O)
                                                      0.000     1.298 r  pb_i_IBUF[0]_inst/IBUFCTRL_INST/O
                         net (fo=1, routed)           0.830     2.128    pb_i_IBUF[0]
    SLICE_X96Y311        FDRE                                         r  pb_sync_q_reg[0]/D
  -------------------------------------------------------------------    -------------------

                         (clock clk rise edge)        0.000     0.000 r  
    AH18                                              0.000     0.000 r  clk300_p_i (IN)
                         net (fo=0)                   0.079     0.079    u_ibufds/I
    HPIOBDIFFINBUF_X1Y36 DIFFINBUF (Prop_DIFFINBUF_HPIOBDIFFINBUF_DIFF_IN_P_O)
                                                      0.429     0.508 r  u_ibufds/DIFFINBUF_INST/O
                         net (fo=1, routed)           0.040     0.548    u_ibufds/OUT
    AH18                 IBUFCTRL (Prop_IBUFCTRL_HPIOB_M_I_O)
                                                      0.000     0.548 r  u_ibufds/IBUFCTRL_INST/O
                         net (fo=1, routed)           0.286     0.834    clk_ref
    BUFGCE_DIV_X1Y7      BUFGCE_DIV (Prop_BUFGCE_DIV_I_O)
                                                      0.132     0.966 r  u_bufgce_div/O
    X1Y3 (CLOCK_ROOT)    net (fo=7018, routed)        2.252     3.218    clk
    SLICE_X96Y311        FDRE                                         r  pb_sync_q_reg[0]/C

Slack:                    inf
  Source:                 dip_i[1]
                            (input port)
  Destination:            dip_sync_q_reg[1]/D
                            (rising edge-triggered cell FDRE clocked by clk  {rise@0.000ns fall@6.666ns period=16.665ns})
  Path Group:             (none)
  Path Type:              Setup (Max at Slow Process Corner)
  Data Path Delay:        1.956ns  (logic 1.280ns (65.432%)  route 0.676ns (34.568%))
  Logic Levels:           2  (IBUFCTRL=1 INBUF=1)
  Clock Path Skew:        3.195ns (DCD - SCD + CPR)
    Destination Clock Delay (DCD):    3.195ns
    Source Clock Delay      (SCD):    0.000ns
    Clock Pessimism Removal (CPR):    0.000ns
  Clock Uncertainty:      0.025ns  ((TSJ^2 + TIJ^2)^1/2 + DJ) / 2 + PE
    Total System Jitter     (TSJ):    0.050ns
    Total Input Jitter      (TIJ):    0.000ns
    Discrete Jitter          (DJ):    0.000ns
    Phase Error              (PE):    0.000ns
  Clock Net Delay (Destination): 2.229ns (routing 0.916ns, distribution 1.313ns)
  Timing Exception:       False Path

    Location             Delay type                Incr(ns)  Path(ns)    Netlist Resource(s)
  -------------------------------------------------------------------    -------------------
    D4                                                0.000     0.000 r  dip_i[1] (IN)
                         net (fo=0)                   0.000     0.000    dip_i_IBUF[1]_inst/I
    D4                   INBUF (Prop_INBUF_HDIOB_S_PAD_O)
                                                      1.280     1.280 r  dip_i_IBUF[1]_inst/INBUF_INST/O
                         net (fo=1, routed)           0.000     1.280    dip_i_IBUF[1]_inst/OUT
    D4                   IBUFCTRL (Prop_IBUFCTRL_HDIOB_S_I_O)
                                                      0.000     1.280 r  dip_i_IBUF[1]_inst/IBUFCTRL_INST/O
                         net (fo=1, routed)           0.676     1.956    dip_i_IBUF[1]
    SLICE_X98Y334        FDRE                                         r  dip_sync_q_reg[1]/D
  -------------------------------------------------------------------    -------------------

                         (clock clk rise edge)        0.000     0.000 r  
    AH18                                              0.000     0.000 r  clk300_p_i (IN)
                         net (fo=0)                   0.079     0.079    u_ibufds/I
    HPIOBDIFFINBUF_X1Y36 DIFFINBUF (Prop_DIFFINBUF_HPIOBDIFFINBUF_DIFF_IN_P_O)
                                                      0.429     0.508 r  u_ibufds/DIFFINBUF_INST/O
                         net (fo=1, routed)           0.040     0.548    u_ibufds/OUT
    AH18                 IBUFCTRL (Prop_IBUFCTRL_HPIOB_M_I_O)
                                                      0.000     0.548 r  u_ibufds/IBUFCTRL_INST/O
                         net (fo=1, routed)           0.286     0.834    clk_ref
    BUFGCE_DIV_X1Y7      BUFGCE_DIV (Prop_BUFGCE_DIV_I_O)
                                                      0.132     0.966 r  u_bufgce_div/O
    X1Y3 (CLOCK_ROOT)    net (fo=7018, routed)        2.229     3.195    clk
    SLICE_X98Y334        FDRE                                         r  dip_sync_q_reg[1]/C

Slack:                    inf
  Source:                 dip_i[0]
                            (input port)
  Destination:            dip_sync_q_reg[0]/D
                            (rising edge-triggered cell FDRE clocked by clk  {rise@0.000ns fall@6.666ns period=16.665ns})
  Path Group:             (none)
  Path Type:              Setup (Max at Slow Process Corner)
  Data Path Delay:        1.852ns  (logic 1.279ns (69.065%)  route 0.573ns (30.935%))
  Logic Levels:           2  (IBUFCTRL=1 INBUF=1)
  Clock Path Skew:        3.195ns (DCD - SCD + CPR)
    Destination Clock Delay (DCD):    3.195ns
    Source Clock Delay      (SCD):    0.000ns
    Clock Pessimism Removal (CPR):    0.000ns
  Clock Uncertainty:      0.025ns  ((TSJ^2 + TIJ^2)^1/2 + DJ) / 2 + PE
    Total System Jitter     (TSJ):    0.050ns
    Total Input Jitter      (TIJ):    0.000ns
    Discrete Jitter          (DJ):    0.000ns
    Phase Error              (PE):    0.000ns
  Clock Net Delay (Destination): 2.229ns (routing 0.916ns, distribution 1.313ns)
  Timing Exception:       False Path

    Location             Delay type                Incr(ns)  Path(ns)    Netlist Resource(s)
  -------------------------------------------------------------------    -------------------
    E4                                                0.000     0.000 r  dip_i[0] (IN)
                         net (fo=0)                   0.000     0.000    dip_i_IBUF[0]_inst/I
    E4                   INBUF (Prop_INBUF_HDIOB_M_PAD_O)
                                                      1.279     1.279 r  dip_i_IBUF[0]_inst/INBUF_INST/O
                         net (fo=1, routed)           0.000     1.279    dip_i_IBUF[0]_inst/OUT
    E4                   IBUFCTRL (Prop_IBUFCTRL_HDIOB_M_I_O)
                                                      0.000     1.279 r  dip_i_IBUF[0]_inst/IBUFCTRL_INST/O
                         net (fo=1, routed)           0.573     1.852    dip_i_IBUF[0]
    SLICE_X98Y334        FDRE                                         r  dip_sync_q_reg[0]/D
  -------------------------------------------------------------------    -------------------

                         (clock clk rise edge)        0.000     0.000 r  
    AH18                                              0.000     0.000 r  clk300_p_i (IN)
                         net (fo=0)                   0.079     0.079    u_ibufds/I
    HPIOBDIFFINBUF_X1Y36 DIFFINBUF (Prop_DIFFINBUF_HPIOBDIFFINBUF_DIFF_IN_P_O)
                                                      0.429     0.508 r  u_ibufds/DIFFINBUF_INST/O
                         net (fo=1, routed)           0.040     0.548    u_ibufds/OUT
    AH18                 IBUFCTRL (Prop_IBUFCTRL_HPIOB_M_I_O)
                                                      0.000     0.548 r  u_ibufds/IBUFCTRL_INST/O
                         net (fo=1, routed)           0.286     0.834    clk_ref
    BUFGCE_DIV_X1Y7      BUFGCE_DIV (Prop_BUFGCE_DIV_I_O)
                                                      0.132     0.966 r  u_bufgce_div/O
    X1Y3 (CLOCK_ROOT)    net (fo=7018, routed)        2.229     3.195    clk
    SLICE_X98Y334        FDRE                                         r  dip_sync_q_reg[0]/C

Slack:                    inf
  Source:                 pb_i[1]
                            (input port)
  Destination:            pb_sync_q_reg[1]/D
                            (rising edge-triggered cell FDRE clocked by clk  {rise@0.000ns fall@6.666ns period=16.665ns})
  Path Group:             (none)
  Path Type:              Setup (Max at Slow Process Corner)
  Data Path Delay:        1.768ns  (logic 1.298ns (73.411%)  route 0.470ns (26.589%))
  Logic Levels:           2  (IBUFCTRL=1 INBUF=1)
  Clock Path Skew:        3.195ns (DCD - SCD + CPR)
    Destination Clock Delay (DCD):    3.195ns
    Source Clock Delay      (SCD):    0.000ns
    Clock Pessimism Removal (CPR):    0.000ns
  Clock Uncertainty:      0.025ns  ((TSJ^2 + TIJ^2)^1/2 + DJ) / 2 + PE
    Total System Jitter     (TSJ):    0.050ns
    Total Input Jitter      (TIJ):    0.000ns
    Discrete Jitter          (DJ):    0.000ns
    Phase Error              (PE):    0.000ns
  Clock Net Delay (Destination): 2.229ns (routing 0.916ns, distribution 1.313ns)
  Timing Exception:       False Path

    Location             Delay type                Incr(ns)  Path(ns)    Netlist Resource(s)
  -------------------------------------------------------------------    -------------------
    C4                                                0.000     0.000 r  pb_i[1] (IN)
                         net (fo=0)                   0.000     0.000    pb_i_IBUF[1]_inst/I
    C4                   INBUF (Prop_INBUF_HDIOB_M_PAD_O)
                                                      1.298     1.298 r  pb_i_IBUF[1]_inst/INBUF_INST/O
                         net (fo=1, routed)           0.000     1.298    pb_i_IBUF[1]_inst/OUT
    C4                   IBUFCTRL (Prop_IBUFCTRL_HDIOB_M_I_O)
                                                      0.000     1.298 r  pb_i_IBUF[1]_inst/IBUFCTRL_INST/O
                         net (fo=1, routed)           0.470     1.768    pb_i_IBUF[1]
    SLICE_X99Y332        FDRE                                         r  pb_sync_q_reg[1]/D
  -------------------------------------------------------------------    -------------------

                         (clock clk rise edge)        0.000     0.000 r  
    AH18                                              0.000     0.000 r  clk300_p_i (IN)
                         net (fo=0)                   0.079     0.079    u_ibufds/I
    HPIOBDIFFINBUF_X1Y36 DIFFINBUF (Prop_DIFFINBUF_HPIOBDIFFINBUF_DIFF_IN_P_O)
                                                      0.429     0.508 r  u_ibufds/DIFFINBUF_INST/O
                         net (fo=1, routed)           0.040     0.548    u_ibufds/OUT
    AH18                 IBUFCTRL (Prop_IBUFCTRL_HPIOB_M_I_O)
                                                      0.000     0.548 r  u_ibufds/IBUFCTRL_INST/O
                         net (fo=1, routed)           0.286     0.834    clk_ref
    BUFGCE_DIV_X1Y7      BUFGCE_DIV (Prop_BUFGCE_DIV_I_O)
                                                      0.132     0.966 r  u_bufgce_div/O
    X1Y3 (CLOCK_ROOT)    net (fo=7018, routed)        2.229     3.195    clk
    SLICE_X99Y332        FDRE                                         r  pb_sync_q_reg[1]/C





Min Delay Paths
--------------------------------------------------------------------------------------
Slack:                    inf
  Source:                 pb_i[1]
                            (input port)
  Destination:            pb_sync_q_reg[1]/D
                            (rising edge-triggered cell FDRE clocked by clk  {rise@0.000ns fall@6.666ns period=16.665ns})
  Path Group:             (none)
  Path Type:              Hold (Min at Fast Process Corner)
  Data Path Delay:        1.083ns  (logic 0.874ns (80.705%)  route 0.209ns (19.295%))
  Logic Levels:           2  (IBUFCTRL=1 INBUF=1)
  Clock Path Skew:        2.353ns (DCD - SCD - CPR)
    Destination Clock Delay (DCD):    2.353ns
    Source Clock Delay      (SCD):    0.000ns
    Clock Pessimism Removal (CPR):    -0.000ns
  Clock Net Delay (Destination): 1.539ns (routing 0.616ns, distribution 0.923ns)
  Timing Exception:       False Path

    Location             Delay type                Incr(ns)  Path(ns)    Netlist Resource(s)
  -------------------------------------------------------------------    -------------------
    C4                                                0.000     0.000 r  pb_i[1] (IN)
                         net (fo=0)                   0.000     0.000    pb_i_IBUF[1]_inst/I
    C4                   INBUF (Prop_INBUF_HDIOB_M_PAD_O)
                                                      0.874     0.874 r  pb_i_IBUF[1]_inst/INBUF_INST/O
                         net (fo=1, routed)           0.000     0.874    pb_i_IBUF[1]_inst/OUT
    C4                   IBUFCTRL (Prop_IBUFCTRL_HDIOB_M_I_O)
                                                      0.000     0.874 r  pb_i_IBUF[1]_inst/IBUFCTRL_INST/O
                         net (fo=1, routed)           0.209     1.083    pb_i_IBUF[1]
    SLICE_X99Y332        FDRE                                         r  pb_sync_q_reg[1]/D
  -------------------------------------------------------------------    -------------------

                         (clock clk rise edge)        0.000     0.000 r  
    AH18                                              0.000     0.000 r  clk300_p_i (IN)
                         net (fo=0)                   0.100     0.100    u_ibufds/I
    HPIOBDIFFINBUF_X1Y36 DIFFINBUF (Prop_DIFFINBUF_HPIOBDIFFINBUF_DIFF_IN_P_O)
                                                      0.382     0.482 r  u_ibufds/DIFFINBUF_INST/O
                         net (fo=1, routed)           0.050     0.532    u_ibufds/OUT
    AH18                 IBUFCTRL (Prop_IBUFCTRL_HPIOB_M_I_O)
                                                      0.000     0.532 r  u_ibufds/IBUFCTRL_INST/O
                         net (fo=1, routed)           0.180     0.712    clk_ref
    BUFGCE_DIV_X1Y7      BUFGCE_DIV (Prop_BUFGCE_DIV_I_O)
                                                      0.101     0.813 r  u_bufgce_div/O
    X1Y3 (CLOCK_ROOT)    net (fo=7018, routed)        1.539     2.353    clk
    SLICE_X99Y332        FDRE                                         r  pb_sync_q_reg[1]/C

Slack:                    inf
  Source:                 dip_i[0]
                            (input port)
  Destination:            dip_sync_q_reg[0]/D
                            (rising edge-triggered cell FDRE clocked by clk  {rise@0.000ns fall@6.666ns period=16.665ns})
  Path Group:             (none)
  Path Type:              Hold (Min at Fast Process Corner)
  Data Path Delay:        1.117ns  (logic 0.856ns (76.634%)  route 0.261ns (23.366%))
  Logic Levels:           2  (IBUFCTRL=1 INBUF=1)
  Clock Path Skew:        2.353ns (DCD - SCD - CPR)
    Destination Clock Delay (DCD):    2.353ns
    Source Clock Delay      (SCD):    0.000ns
    Clock Pessimism Removal (CPR):    -0.000ns
  Clock Net Delay (Destination): 1.539ns (routing 0.616ns, distribution 0.923ns)
  Timing Exception:       False Path

    Location             Delay type                Incr(ns)  Path(ns)    Netlist Resource(s)
  -------------------------------------------------------------------    -------------------
    E4                                                0.000     0.000 r  dip_i[0] (IN)
                         net (fo=0)                   0.000     0.000    dip_i_IBUF[0]_inst/I
    E4                   INBUF (Prop_INBUF_HDIOB_M_PAD_O)
                                                      0.856     0.856 r  dip_i_IBUF[0]_inst/INBUF_INST/O
                         net (fo=1, routed)           0.000     0.856    dip_i_IBUF[0]_inst/OUT
    E4                   IBUFCTRL (Prop_IBUFCTRL_HDIOB_M_I_O)
                                                      0.000     0.856 r  dip_i_IBUF[0]_inst/IBUFCTRL_INST/O
                         net (fo=1, routed)           0.261     1.117    dip_i_IBUF[0]
    SLICE_X98Y334        FDRE                                         r  dip_sync_q_reg[0]/D
  -------------------------------------------------------------------    -------------------

                         (clock clk rise edge)        0.000     0.000 r  
    AH18                                              0.000     0.000 r  clk300_p_i (IN)
                         net (fo=0)                   0.100     0.100    u_ibufds/I
    HPIOBDIFFINBUF_X1Y36 DIFFINBUF (Prop_DIFFINBUF_HPIOBDIFFINBUF_DIFF_IN_P_O)
                                                      0.382     0.482 r  u_ibufds/DIFFINBUF_INST/O
                         net (fo=1, routed)           0.050     0.532    u_ibufds/OUT
    AH18                 IBUFCTRL (Prop_IBUFCTRL_HPIOB_M_I_O)
                                                      0.000     0.532 r  u_ibufds/IBUFCTRL_INST/O
                         net (fo=1, routed)           0.180     0.712    clk_ref
    BUFGCE_DIV_X1Y7      BUFGCE_DIV (Prop_BUFGCE_DIV_I_O)
                                                      0.101     0.813 r  u_bufgce_div/O
    X1Y3 (CLOCK_ROOT)    net (fo=7018, routed)        1.539     2.353    clk
    SLICE_X98Y334        FDRE                                         r  dip_sync_q_reg[0]/C

Slack:                    inf
  Source:                 dip_i[1]
                            (input port)
  Destination:            dip_sync_q_reg[1]/D
                            (rising edge-triggered cell FDRE clocked by clk  {rise@0.000ns fall@6.666ns period=16.665ns})
  Path Group:             (none)
  Path Type:              Hold (Min at Fast Process Corner)
  Data Path Delay:        1.148ns  (logic 0.856ns (74.571%)  route 0.292ns (25.429%))
  Logic Levels:           2  (IBUFCTRL=1 INBUF=1)
  Clock Path Skew:        2.353ns (DCD - SCD - CPR)
    Destination Clock Delay (DCD):    2.353ns
    Source Clock Delay      (SCD):    0.000ns
    Clock Pessimism Removal (CPR):    -0.000ns
  Clock Net Delay (Destination): 1.539ns (routing 0.616ns, distribution 0.923ns)
  Timing Exception:       False Path

    Location             Delay type                Incr(ns)  Path(ns)    Netlist Resource(s)
  -------------------------------------------------------------------    -------------------
    D4                                                0.000     0.000 r  dip_i[1] (IN)
                         net (fo=0)                   0.000     0.000    dip_i_IBUF[1]_inst/I
    D4                   INBUF (Prop_INBUF_HDIOB_S_PAD_O)
                                                      0.856     0.856 r  dip_i_IBUF[1]_inst/INBUF_INST/O
                         net (fo=1, routed)           0.000     0.856    dip_i_IBUF[1]_inst/OUT
    D4                   IBUFCTRL (Prop_IBUFCTRL_HDIOB_S_I_O)
                                                      0.000     0.856 r  dip_i_IBUF[1]_inst/IBUFCTRL_INST/O
                         net (fo=1, routed)           0.292     1.148    dip_i_IBUF[1]
    SLICE_X98Y334        FDRE                                         r  dip_sync_q_reg[1]/D
  -------------------------------------------------------------------    -------------------

                         (clock clk rise edge)        0.000     0.000 r  
    AH18                                              0.000     0.000 r  clk300_p_i (IN)
                         net (fo=0)                   0.100     0.100    u_ibufds/I
    HPIOBDIFFINBUF_X1Y36 DIFFINBUF (Prop_DIFFINBUF_HPIOBDIFFINBUF_DIFF_IN_P_O)
                                                      0.382     0.482 r  u_ibufds/DIFFINBUF_INST/O
                         net (fo=1, routed)           0.050     0.532    u_ibufds/OUT
    AH18                 IBUFCTRL (Prop_IBUFCTRL_HPIOB_M_I_O)
                                                      0.000     0.532 r  u_ibufds/IBUFCTRL_INST/O
                         net (fo=1, routed)           0.180     0.712    clk_ref
    BUFGCE_DIV_X1Y7      BUFGCE_DIV (Prop_BUFGCE_DIV_I_O)
                                                      0.101     0.813 r  u_bufgce_div/O
    X1Y3 (CLOCK_ROOT)    net (fo=7018, routed)        1.539     2.353    clk
    SLICE_X98Y334        FDRE                                         r  dip_sync_q_reg[1]/C

Slack:                    inf
  Source:                 pb_i[0]
                            (input port)
  Destination:            pb_sync_q_reg[0]/D
                            (rising edge-triggered cell FDRE clocked by clk  {rise@0.000ns fall@6.666ns period=16.665ns})
  Path Group:             (none)
  Path Type:              Hold (Min at Fast Process Corner)
  Data Path Delay:        1.245ns  (logic 0.875ns (70.278%)  route 0.370ns (29.722%))
  Logic Levels:           2  (IBUFCTRL=1 INBUF=1)
  Clock Path Skew:        2.372ns (DCD - SCD - CPR)
    Destination Clock Delay (DCD):    2.372ns
    Source Clock Delay      (SCD):    0.000ns
    Clock Pessimism Removal (CPR):    -0.000ns
  Clock Net Delay (Destination): 1.559ns (routing 0.616ns, distribution 0.943ns)
  Timing Exception:       False Path

    Location             Delay type                Incr(ns)  Path(ns)    Netlist Resource(s)
  -------------------------------------------------------------------    -------------------
    B4                                                0.000     0.000 r  pb_i[0] (IN)
                         net (fo=0)                   0.000     0.000    pb_i_IBUF[0]_inst/I
    B4                   INBUF (Prop_INBUF_HDIOB_S_PAD_O)
                                                      0.875     0.875 r  pb_i_IBUF[0]_inst/INBUF_INST/O
                         net (fo=1, routed)           0.000     0.875    pb_i_IBUF[0]_inst/OUT
    B4                   IBUFCTRL (Prop_IBUFCTRL_HDIOB_S_I_O)
                                                      0.000     0.875 r  pb_i_IBUF[0]_inst/IBUFCTRL_INST/O
                         net (fo=1, routed)           0.370     1.245    pb_i_IBUF[0]
    SLICE_X96Y311        FDRE                                         r  pb_sync_q_reg[0]/D
  -------------------------------------------------------------------    -------------------

                         (clock clk rise edge)        0.000     0.000 r  
    AH18                                              0.000     0.000 r  clk300_p_i (IN)
                         net (fo=0)                   0.100     0.100    u_ibufds/I
    HPIOBDIFFINBUF_X1Y36 DIFFINBUF (Prop_DIFFINBUF_HPIOBDIFFINBUF_DIFF_IN_P_O)
                                                      0.382     0.482 r  u_ibufds/DIFFINBUF_INST/O
                         net (fo=1, routed)           0.050     0.532    u_ibufds/OUT
    AH18                 IBUFCTRL (Prop_IBUFCTRL_HPIOB_M_I_O)
                                                      0.000     0.532 r  u_ibufds/IBUFCTRL_INST/O
                         net (fo=1, routed)           0.180     0.712    clk_ref
    BUFGCE_DIV_X1Y7      BUFGCE_DIV (Prop_BUFGCE_DIV_I_O)
                                                      0.101     0.813 r  u_bufgce_div/O
    X1Y3 (CLOCK_ROOT)    net (fo=7018, routed)        1.559     2.372    clk
    SLICE_X96Y311        FDRE                                         r  pb_sync_q_reg[0]/C

Slack:                    inf
  Source:                 cpu_reset_i
                            (input port)
  Destination:            rst_sync_q_reg[0]/D
                            (rising edge-triggered cell FDRE clocked by clk  {rise@0.000ns fall@6.666ns period=16.665ns})
  Path Group:             (none)
  Path Type:              Hold (Min at Fast Process Corner)
  Data Path Delay:        1.319ns  (logic 0.799ns (60.590%)  route 0.520ns (39.410%))
  Logic Levels:           2  (IBUFCTRL=1 INBUF=1)
  Clock Path Skew:        2.327ns (DCD - SCD - CPR)
    Destination Clock Delay (DCD):    2.327ns
    Source Clock Delay      (SCD):    0.000ns
    Clock Pessimism Removal (CPR):    -0.000ns
  Clock Net Delay (Destination): 1.513ns (routing 0.616ns, distribution 0.897ns)
  Timing Exception:       False Path

    Location             Delay type                Incr(ns)  Path(ns)    Netlist Resource(s)
  -------------------------------------------------------------------    -------------------
    M11                                               0.000     0.000 r  cpu_reset_i (IN)
                         net (fo=0)                   0.000     0.000    cpu_reset_i_IBUF_inst/I
    M11                  INBUF (Prop_INBUF_HDIOB_S_PAD_O)
                                                      0.799     0.799 r  cpu_reset_i_IBUF_inst/INBUF_INST/O
                         net (fo=1, routed)           0.000     0.799    cpu_reset_i_IBUF_inst/OUT
    M11                  IBUFCTRL (Prop_IBUFCTRL_HDIOB_S_I_O)
                                                      0.000     0.799 r  cpu_reset_i_IBUF_inst/IBUFCTRL_INST/O
                         net (fo=1, routed)           0.520     1.319    cpu_reset_i_IBUF
    SLICE_X100Y219       FDRE                                         r  rst_sync_q_reg[0]/D
  -------------------------------------------------------------------    -------------------

                         (clock clk rise edge)        0.000     0.000 r  
    AH18                                              0.000     0.000 r  clk300_p_i (IN)
                         net (fo=0)                   0.100     0.100    u_ibufds/I
    HPIOBDIFFINBUF_X1Y36 DIFFINBUF (Prop_DIFFINBUF_HPIOBDIFFINBUF_DIFF_IN_P_O)
                                                      0.382     0.482 r  u_ibufds/DIFFINBUF_INST/O
                         net (fo=1, routed)           0.050     0.532    u_ibufds/OUT
    AH18                 IBUFCTRL (Prop_IBUFCTRL_HPIOB_M_I_O)
                                                      0.000     0.532 r  u_ibufds/IBUFCTRL_INST/O
                         net (fo=1, routed)           0.180     0.712    clk_ref
    BUFGCE_DIV_X1Y7      BUFGCE_DIV (Prop_BUFGCE_DIV_I_O)
                                                      0.101     0.813 r  u_bufgce_div/O
    X1Y3 (CLOCK_ROOT)    net (fo=7018, routed)        1.513     2.327    clk
    SLICE_X100Y219       FDRE                                         r  rst_sync_q_reg[0]/C

Slack:                    inf
  Source:                 dip_i[3]
                            (input port)
  Destination:            dip_sync_q_reg[3]/D
                            (rising edge-triggered cell FDRE clocked by clk  {rise@0.000ns fall@6.666ns period=16.665ns})
  Path Group:             (none)
  Path Type:              Hold (Min at Fast Process Corner)
  Data Path Delay:        1.329ns  (logic 0.850ns (63.945%)  route 0.479ns (36.055%))
  Logic Levels:           2  (IBUFCTRL=1 INBUF=1)
  Clock Path Skew:        2.356ns (DCD - SCD - CPR)
    Destination Clock Delay (DCD):    2.356ns
    Source Clock Delay      (SCD):    0.000ns
    Clock Pessimism Removal (CPR):    -0.000ns
  Clock Net Delay (Destination): 1.543ns (routing 0.616ns, distribution 0.927ns)
  Timing Exception:       False Path

    Location             Delay type                Incr(ns)  Path(ns)    Netlist Resource(s)
  -------------------------------------------------------------------    -------------------
    F4                                                0.000     0.000 r  dip_i[3] (IN)
                         net (fo=0)                   0.000     0.000    dip_i_IBUF[3]_inst/I
    F4                   INBUF (Prop_INBUF_HDIOB_S_PAD_O)
                                                      0.850     0.850 r  dip_i_IBUF[3]_inst/INBUF_INST/O
                         net (fo=1, routed)           0.000     0.850    dip_i_IBUF[3]_inst/OUT
    F4                   IBUFCTRL (Prop_IBUFCTRL_HDIOB_S_I_O)
                                                      0.000     0.850 r  dip_i_IBUF[3]_inst/IBUFCTRL_INST/O
                         net (fo=1, routed)           0.479     1.329    dip_i_IBUF[3]
    SLICE_X91Y323        FDRE                                         r  dip_sync_q_reg[3]/D
  -------------------------------------------------------------------    -------------------

                         (clock clk rise edge)        0.000     0.000 r  
    AH18                                              0.000     0.000 r  clk300_p_i (IN)
                         net (fo=0)                   0.100     0.100    u_ibufds/I
    HPIOBDIFFINBUF_X1Y36 DIFFINBUF (Prop_DIFFINBUF_HPIOBDIFFINBUF_DIFF_IN_P_O)
                                                      0.382     0.482 r  u_ibufds/DIFFINBUF_INST/O
                         net (fo=1, routed)           0.050     0.532    u_ibufds/OUT
    AH18                 IBUFCTRL (Prop_IBUFCTRL_HPIOB_M_I_O)
                                                      0.000     0.532 r  u_ibufds/IBUFCTRL_INST/O
                         net (fo=1, routed)           0.180     0.712    clk_ref
    BUFGCE_DIV_X1Y7      BUFGCE_DIV (Prop_BUFGCE_DIV_I_O)
                                                      0.101     0.813 r  u_bufgce_div/O
    X1Y3 (CLOCK_ROOT)    net (fo=7018, routed)        1.543     2.356    clk
    SLICE_X91Y323        FDRE                                         r  dip_sync_q_reg[3]/C

Slack:                    inf
  Source:                 dip_i[2]
                            (input port)
  Destination:            dip_sync_q_reg[2]/D
                            (rising edge-triggered cell FDRE clocked by clk  {rise@0.000ns fall@6.666ns period=16.665ns})
  Path Group:             (none)
  Path Type:              Hold (Min at Fast Process Corner)
  Data Path Delay:        1.358ns  (logic 0.848ns (62.449%)  route 0.510ns (37.551%))
  Logic Levels:           2  (IBUFCTRL=1 INBUF=1)
  Clock Path Skew:        2.379ns (DCD - SCD - CPR)
    Destination Clock Delay (DCD):    2.379ns
    Source Clock Delay      (SCD):    0.000ns
    Clock Pessimism Removal (CPR):    -0.000ns
  Clock Net Delay (Destination): 1.565ns (routing 0.616ns, distribution 0.949ns)
  Timing Exception:       False Path

    Location             Delay type                Incr(ns)  Path(ns)    Netlist Resource(s)
  -------------------------------------------------------------------    -------------------
    F5                                                0.000     0.000 r  dip_i[2] (IN)
                         net (fo=0)                   0.000     0.000    dip_i_IBUF[2]_inst/I
    F5                   INBUF (Prop_INBUF_HDIOB_M_PAD_O)
                                                      0.848     0.848 r  dip_i_IBUF[2]_inst/INBUF_INST/O
                         net (fo=1, routed)           0.000     0.848    dip_i_IBUF[2]_inst/OUT
    F5                   IBUFCTRL (Prop_IBUFCTRL_HDIOB_M_I_O)
                                                      0.000     0.848 r  dip_i_IBUF[2]_inst/IBUFCTRL_INST/O
                         net (fo=1, routed)           0.510     1.358    dip_i_IBUF[2]
    SLICE_X100Y305       FDRE                                         r  dip_sync_q_reg[2]/D
  -------------------------------------------------------------------    -------------------

                         (clock clk rise edge)        0.000     0.000 r  
    AH18                                              0.000     0.000 r  clk300_p_i (IN)
                         net (fo=0)                   0.100     0.100    u_ibufds/I
    HPIOBDIFFINBUF_X1Y36 DIFFINBUF (Prop_DIFFINBUF_HPIOBDIFFINBUF_DIFF_IN_P_O)
                                                      0.382     0.482 r  u_ibufds/DIFFINBUF_INST/O
                         net (fo=1, routed)           0.050     0.532    u_ibufds/OUT
    AH18                 IBUFCTRL (Prop_IBUFCTRL_HPIOB_M_I_O)
                                                      0.000     0.532 r  u_ibufds/IBUFCTRL_INST/O
                         net (fo=1, routed)           0.180     0.712    clk_ref
    BUFGCE_DIV_X1Y7      BUFGCE_DIV (Prop_BUFGCE_DIV_I_O)
                                                      0.101     0.813 r  u_bufgce_div/O
    X1Y3 (CLOCK_ROOT)    net (fo=7018, routed)        1.565     2.379    clk
    SLICE_X100Y305       FDRE                                         r  dip_sync_q_reg[2]/C





