Copyright 1986-2022 Xilinx, Inc. All Rights Reserved. Copyright 2022-2025 Advanced Micro Devices, Inc. All Rights Reserved.
---------------------------------------------------------------------------------------------------------------------------------------------
| Tool Version : Vivado v.2025.1 (win64) Build 6140274 Thu May 22 00:12:29 MDT 2025
| Date         : Sat Aug 29 18:03:37 2026
| Host         : Krishna_NITjsr running 64-bit major release  (build 9200)
| Command      : report_ram_utilization -file C:/work/riscv-cache-extension/fpga/reports_coherent/post_route_ram.rpt
| Design       : fpga_top
| Device       : xczu7ev-ffvc1156-2-e
| Speed File   : -2
---------------------------------------------------------------------------------------------------------------------------------------------

RAM Usage Information

Table of Contents
-----------------
1. Summary
2. Memory Description
3. Memory Utilization - Inferred
4. Memory Performance - Inferred
5. Block Ram / URAM Memory Power - Inferred

1. Summary
----------

+--------------------------+------------+-----------+-------+-----------+
| Memory Type              | Total Used | Available | Util% | Inferred% |
+--------------------------+------------+-----------+-------+-----------+
| URAM                     |          0 |        96 |  0.00 |      0.00 |
| BlockRAM                 |        124 |       312 | 39.74 |    100.00 |
|  RAMB36E2                |        120 |           |       |    100.00 |
|  RAMB18E2                |          8 |           |       |    100.00 |
| LUTMs as Distributed RAM |          0 |    101760 |  0.00 |      0.00 |
+--------------------------+------------+-----------+-------+-----------+
*  Each RAMB18 is calculated as 0.5 BlockRAM
**  Tables 2, 3, 4 and 5 cover RAMs inferred by Vivado Synthesis using XPMs or RTL inference
***  XRAMs are not reported for detailed tables


2. Memory Description
---------------------

+--------------------------------------------------------------+------------+-----------+-------------+------------------------+------------------------+
| Memory Name                                                  | Array Size | RAM_STYLE | Memory Type | Port 1 Dimension / Map | Port 2 Dimension / Map |
+--------------------------------------------------------------+------------+-----------+-------------+------------------------+------------------------+
| u_soc/u_sdmem/mem                                            |    2097152 |           | RAM_SDP     | 65536x32               | 65536x32               |
|  u_soc/u_sdmem/mem_reg_0_bram_0                              |      32768 |     BLOCK |             |  A:A:4096x8            |  B:B:4096x8            |
|  u_soc/u_sdmem/mem_reg_0_bram_1                              |      32768 |     BLOCK |             |  A:A:4096x8            |  B:B:4096x8            |
|  u_soc/u_sdmem/mem_reg_0_bram_2                              |      32768 |     BLOCK |             |  A:A:4096x8            |  B:B:4096x8            |
|  u_soc/u_sdmem/mem_reg_0_bram_3                              |      32768 |     BLOCK |             |  A:A:4096x8            |  B:B:4096x8            |
|  u_soc/u_sdmem/mem_reg_0_bram_4                              |      32768 |     BLOCK |             |  A:A:4096x8            |  B:B:4096x8            |
|  u_soc/u_sdmem/mem_reg_0_bram_5                              |      32768 |     BLOCK |             |  A:A:4096x8            |  B:B:4096x8            |
|  u_soc/u_sdmem/mem_reg_0_bram_6                              |      32768 |     BLOCK |             |  A:A:4096x8            |  B:B:4096x8            |
|  u_soc/u_sdmem/mem_reg_0_bram_7                              |      32768 |     BLOCK |             |  A:A:4096x8            |  B:B:4096x8            |
|  u_soc/u_sdmem/mem_reg_0_bram_8                              |      32768 |     BLOCK |             |  A:A:4096x8            |  B:B:4096x8            |
|  u_soc/u_sdmem/mem_reg_0_bram_9                              |      32768 |     BLOCK |             |  A:A:4096x8            |  B:B:4096x8            |
|  u_soc/u_sdmem/mem_reg_0_bram_10                             |      32768 |     BLOCK |             |  A:A:4096x8            |  B:B:4096x8            |
|  u_soc/u_sdmem/mem_reg_0_bram_11                             |      32768 |     BLOCK |             |  A:A:4096x8            |  B:B:4096x8            |
|  u_soc/u_sdmem/mem_reg_0_bram_12                             |      32768 |     BLOCK |             |  A:A:4096x8            |  B:B:4096x8            |
|  u_soc/u_sdmem/mem_reg_0_bram_13                             |      32768 |     BLOCK |             |  A:A:4096x8            |  B:B:4096x8            |
|  u_soc/u_sdmem/mem_reg_0_bram_14                             |      32768 |     BLOCK |             |  A:A:4096x8            |  B:B:4096x8            |
|  u_soc/u_sdmem/mem_reg_0_bram_15                             |      32768 |     BLOCK |             |  A:A:4096x8            |  B:B:4096x8            |
|  u_soc/u_sdmem/mem_reg_1_bram_0                              |      32768 |     BLOCK |             |  A:A:4096x8            |  B:B:4096x8            |
|  u_soc/u_sdmem/mem_reg_1_bram_1                              |      32768 |     BLOCK |             |  A:A:4096x8            |  B:B:4096x8            |
|  u_soc/u_sdmem/mem_reg_1_bram_2                              |      32768 |     BLOCK |             |  A:A:4096x8            |  B:B:4096x8            |
|  u_soc/u_sdmem/mem_reg_1_bram_3                              |      32768 |     BLOCK |             |  A:A:4096x8            |  B:B:4096x8            |
|  u_soc/u_sdmem/mem_reg_1_bram_4                              |      32768 |     BLOCK |             |  A:A:4096x8            |  B:B:4096x8            |
|  u_soc/u_sdmem/mem_reg_1_bram_5                              |      32768 |     BLOCK |             |  A:A:4096x8            |  B:B:4096x8            |
|  u_soc/u_sdmem/mem_reg_1_bram_6                              |      32768 |     BLOCK |             |  A:A:4096x8            |  B:B:4096x8            |
|  u_soc/u_sdmem/mem_reg_1_bram_7                              |      32768 |     BLOCK |             |  A:A:4096x8            |  B:B:4096x8            |
|  u_soc/u_sdmem/mem_reg_1_bram_8                              |      32768 |     BLOCK |             |  A:A:4096x8            |  B:B:4096x8            |
|  u_soc/u_sdmem/mem_reg_1_bram_9                              |      32768 |     BLOCK |             |  A:A:4096x8            |  B:B:4096x8            |
|  u_soc/u_sdmem/mem_reg_1_bram_10                             |      32768 |     BLOCK |             |  A:A:4096x8            |  B:B:4096x8            |
|  u_soc/u_sdmem/mem_reg_1_bram_11                             |      32768 |     BLOCK |             |  A:A:4096x8            |  B:B:4096x8            |
|  u_soc/u_sdmem/mem_reg_1_bram_12                             |      32768 |     BLOCK |             |  A:A:4096x8            |  B:B:4096x8            |
|  u_soc/u_sdmem/mem_reg_1_bram_13                             |      32768 |     BLOCK |             |  A:A:4096x8            |  B:B:4096x8            |
|  u_soc/u_sdmem/mem_reg_1_bram_14                             |      32768 |     BLOCK |             |  A:A:4096x8            |  B:B:4096x8            |
|  u_soc/u_sdmem/mem_reg_1_bram_15                             |      32768 |     BLOCK |             |  A:A:4096x8            |  B:B:4096x8            |
|  u_soc/u_sdmem/mem_reg_2_bram_0                              |      32768 |     BLOCK |             |  A:A:4096x8            |  B:B:4096x8            |
|  u_soc/u_sdmem/mem_reg_2_bram_1                              |      32768 |     BLOCK |             |  A:A:4096x8            |  B:B:4096x8            |
|  u_soc/u_sdmem/mem_reg_2_bram_2                              |      32768 |     BLOCK |             |  A:A:4096x8            |  B:B:4096x8            |
|  u_soc/u_sdmem/mem_reg_2_bram_3                              |      32768 |     BLOCK |             |  A:A:4096x8            |  B:B:4096x8            |
|  u_soc/u_sdmem/mem_reg_2_bram_4                              |      32768 |     BLOCK |             |  A:A:4096x8            |  B:B:4096x8            |
|  u_soc/u_sdmem/mem_reg_2_bram_5                              |      32768 |     BLOCK |             |  A:A:4096x8            |  B:B:4096x8            |
|  u_soc/u_sdmem/mem_reg_2_bram_6                              |      32768 |     BLOCK |             |  A:A:4096x8            |  B:B:4096x8            |
|  u_soc/u_sdmem/mem_reg_2_bram_7                              |      32768 |     BLOCK |             |  A:A:4096x8            |  B:B:4096x8            |
|  u_soc/u_sdmem/mem_reg_2_bram_8                              |      32768 |     BLOCK |             |  A:A:4096x8            |  B:B:4096x8            |
|  u_soc/u_sdmem/mem_reg_2_bram_9                              |      32768 |     BLOCK |             |  A:A:4096x8            |  B:B:4096x8            |
|  u_soc/u_sdmem/mem_reg_2_bram_10                             |      32768 |     BLOCK |             |  A:A:4096x8            |  B:B:4096x8            |
|  u_soc/u_sdmem/mem_reg_2_bram_11                             |      32768 |     BLOCK |             |  A:A:4096x8            |  B:B:4096x8            |
|  u_soc/u_sdmem/mem_reg_2_bram_12                             |      32768 |     BLOCK |             |  A:A:4096x8            |  B:B:4096x8            |
|  u_soc/u_sdmem/mem_reg_2_bram_13                             |      32768 |     BLOCK |             |  A:A:4096x8            |  B:B:4096x8            |
|  u_soc/u_sdmem/mem_reg_2_bram_14                             |      32768 |     BLOCK |             |  A:A:4096x8            |  B:B:4096x8            |
|  u_soc/u_sdmem/mem_reg_2_bram_15                             |      32768 |     BLOCK |             |  A:A:4096x8            |  B:B:4096x8            |
|  u_soc/u_sdmem/mem_reg_3_bram_0                              |      32768 |     BLOCK |             |  A:A:4096x8            |  B:B:4096x8            |
|  u_soc/u_sdmem/mem_reg_3_bram_1                              |      32768 |     BLOCK |             |  A:A:4096x8            |  B:B:4096x8            |
|  u_soc/u_sdmem/mem_reg_3_bram_2                              |      32768 |     BLOCK |             |  A:A:4096x8            |  B:B:4096x8            |
|  u_soc/u_sdmem/mem_reg_3_bram_3                              |      32768 |     BLOCK |             |  A:A:4096x8            |  B:B:4096x8            |
|  u_soc/u_sdmem/mem_reg_3_bram_4                              |      32768 |     BLOCK |             |  A:A:4096x8            |  B:B:4096x8            |
|  u_soc/u_sdmem/mem_reg_3_bram_5                              |      32768 |     BLOCK |             |  A:A:4096x8            |  B:B:4096x8            |
|  u_soc/u_sdmem/mem_reg_3_bram_6                              |      32768 |     BLOCK |             |  A:A:4096x8            |  B:B:4096x8            |
|  u_soc/u_sdmem/mem_reg_3_bram_7                              |      32768 |     BLOCK |             |  A:A:4096x8            |  B:B:4096x8            |
|  u_soc/u_sdmem/mem_reg_3_bram_8                              |      32768 |     BLOCK |             |  A:A:4096x8            |  B:B:4096x8            |
|  u_soc/u_sdmem/mem_reg_3_bram_9                              |      32768 |     BLOCK |             |  A:A:4096x8            |  B:B:4096x8            |
|  u_soc/u_sdmem/mem_reg_3_bram_10                             |      32768 |     BLOCK |             |  A:A:4096x8            |  B:B:4096x8            |
|  u_soc/u_sdmem/mem_reg_3_bram_11                             |      32768 |     BLOCK |             |  A:A:4096x8            |  B:B:4096x8            |
|  u_soc/u_sdmem/mem_reg_3_bram_12                             |      32768 |     BLOCK |             |  A:A:4096x8            |  B:B:4096x8            |
|  u_soc/u_sdmem/mem_reg_3_bram_13                             |      32768 |     BLOCK |             |  A:A:4096x8            |  B:B:4096x8            |
|  u_soc/u_sdmem/mem_reg_3_bram_14                             |      32768 |     BLOCK |             |  A:A:4096x8            |  B:B:4096x8            |
|  u_soc/u_sdmem/mem_reg_3_bram_15                             |      32768 |     BLOCK |             |  A:A:4096x8            |  B:B:4096x8            |
| u_soc/g_pe[0].u_pe/u_itcm/mem                                |     262144 |           | RAM_TDP     | 8192x32                | 8192x32                |
|  u_soc/g_pe[0].u_pe/u_itcm/mem_reg_0_bram_0                  |      32768 |     BLOCK |             |  A:A:4096x8            |  B:B:4096x8            |
|  u_soc/g_pe[0].u_pe/u_itcm/mem_reg_0_bram_1                  |      32768 |     BLOCK |             |  A:A:4096x8            |  B:B:4096x8            |
|  u_soc/g_pe[0].u_pe/u_itcm/mem_reg_1_bram_0                  |      32768 |     BLOCK |             |  A:A:4096x8            |  B:B:4096x8            |
|  u_soc/g_pe[0].u_pe/u_itcm/mem_reg_1_bram_1                  |      32768 |     BLOCK |             |  A:A:4096x8            |  B:B:4096x8            |
|  u_soc/g_pe[0].u_pe/u_itcm/mem_reg_2_bram_0                  |      32768 |     BLOCK |             |  A:A:4096x8            |  B:B:4096x8            |
|  u_soc/g_pe[0].u_pe/u_itcm/mem_reg_2_bram_1                  |      32768 |     BLOCK |             |  A:A:4096x8            |  B:B:4096x8            |
|  u_soc/g_pe[0].u_pe/u_itcm/mem_reg_3_bram_0                  |      32768 |     BLOCK |             |  A:A:4096x8            |  B:B:4096x8            |
|  u_soc/g_pe[0].u_pe/u_itcm/mem_reg_3_bram_1                  |      32768 |     BLOCK |             |  A:A:4096x8            |  B:B:4096x8            |
| u_soc/g_pe[1].u_pe/u_itcm/mem                                |     262144 |           | RAM_TDP     | 8192x32                | 8192x32                |
|  u_soc/g_pe[1].u_pe/u_itcm/mem_reg_0_bram_0                  |      32768 |     BLOCK |             |  A:A:4096x8            |  B:B:4096x8            |
|  u_soc/g_pe[1].u_pe/u_itcm/mem_reg_0_bram_1                  |      32768 |     BLOCK |             |  A:A:4096x8            |  B:B:4096x8            |
|  u_soc/g_pe[1].u_pe/u_itcm/mem_reg_1_bram_0                  |      32768 |     BLOCK |             |  A:A:4096x8            |  B:B:4096x8            |
|  u_soc/g_pe[1].u_pe/u_itcm/mem_reg_1_bram_1                  |      32768 |     BLOCK |             |  A:A:4096x8            |  B:B:4096x8            |
|  u_soc/g_pe[1].u_pe/u_itcm/mem_reg_2_bram_0                  |      32768 |     BLOCK |             |  A:A:4096x8            |  B:B:4096x8            |
|  u_soc/g_pe[1].u_pe/u_itcm/mem_reg_2_bram_1                  |      32768 |     BLOCK |             |  A:A:4096x8            |  B:B:4096x8            |
|  u_soc/g_pe[1].u_pe/u_itcm/mem_reg_3_bram_0                  |      32768 |     BLOCK |             |  A:A:4096x8            |  B:B:4096x8            |
|  u_soc/g_pe[1].u_pe/u_itcm/mem_reg_3_bram_1                  |      32768 |     BLOCK |             |  A:A:4096x8            |  B:B:4096x8            |
| u_soc/g_pe[2].u_pe/u_itcm/mem                                |     262144 |           | RAM_TDP     | 8192x32                | 8192x32                |
|  u_soc/g_pe[2].u_pe/u_itcm/mem_reg_0_bram_0                  |      32768 |     BLOCK |             |  A:A:4096x8            |  B:B:4096x8            |
|  u_soc/g_pe[2].u_pe/u_itcm/mem_reg_0_bram_1                  |      32768 |     BLOCK |             |  A:A:4096x8            |  B:B:4096x8            |
|  u_soc/g_pe[2].u_pe/u_itcm/mem_reg_1_bram_0                  |      32768 |     BLOCK |             |  A:A:4096x8            |  B:B:4096x8            |
|  u_soc/g_pe[2].u_pe/u_itcm/mem_reg_1_bram_1                  |      32768 |     BLOCK |             |  A:A:4096x8            |  B:B:4096x8            |
|  u_soc/g_pe[2].u_pe/u_itcm/mem_reg_2_bram_0                  |      32768 |     BLOCK |             |  A:A:4096x8            |  B:B:4096x8            |
|  u_soc/g_pe[2].u_pe/u_itcm/mem_reg_2_bram_1                  |      32768 |     BLOCK |             |  A:A:4096x8            |  B:B:4096x8            |
|  u_soc/g_pe[2].u_pe/u_itcm/mem_reg_3_bram_0                  |      32768 |     BLOCK |             |  A:A:4096x8            |  B:B:4096x8            |
|  u_soc/g_pe[2].u_pe/u_itcm/mem_reg_3_bram_1                  |      32768 |     BLOCK |             |  A:A:4096x8            |  B:B:4096x8            |
| u_soc/g_pe[3].u_pe/u_itcm/mem                                |     262144 |           | RAM_TDP     | 8192x32                | 8192x32                |
|  u_soc/g_pe[3].u_pe/u_itcm/mem_reg_0_bram_0                  |      32768 |     BLOCK |             |  A:A:4096x8            |  B:B:4096x8            |
|  u_soc/g_pe[3].u_pe/u_itcm/mem_reg_0_bram_1                  |      32768 |     BLOCK |             |  A:A:4096x8            |  B:B:4096x8            |
|  u_soc/g_pe[3].u_pe/u_itcm/mem_reg_1_bram_0                  |      32768 |     BLOCK |             |  A:A:4096x8            |  B:B:4096x8            |
|  u_soc/g_pe[3].u_pe/u_itcm/mem_reg_1_bram_1                  |      32768 |     BLOCK |             |  A:A:4096x8            |  B:B:4096x8            |
|  u_soc/g_pe[3].u_pe/u_itcm/mem_reg_2_bram_0                  |      32768 |     BLOCK |             |  A:A:4096x8            |  B:B:4096x8            |
|  u_soc/g_pe[3].u_pe/u_itcm/mem_reg_2_bram_1                  |      32768 |     BLOCK |             |  A:A:4096x8            |  B:B:4096x8            |
|  u_soc/g_pe[3].u_pe/u_itcm/mem_reg_3_bram_0                  |      32768 |     BLOCK |             |  A:A:4096x8            |  B:B:4096x8            |
|  u_soc/g_pe[3].u_pe/u_itcm/mem_reg_3_bram_1                  |      32768 |     BLOCK |             |  A:A:4096x8            |  B:B:4096x8            |
| u_soc/u_simem/mem                                            |     262144 |           | RAM_SDP     | 8192x32                | 8192x32                |
|  u_soc/u_simem/mem_reg_0_bram_0                              |      32768 |     BLOCK |             |  A:A:4096x8            |  B:B:4096x8            |
|  u_soc/u_simem/mem_reg_0_bram_1                              |      32768 |     BLOCK |             |  A:A:4096x8            |  B:B:4096x8            |
|  u_soc/u_simem/mem_reg_1_bram_0                              |      32768 |     BLOCK |             |  A:A:4096x8            |  B:B:4096x8            |
|  u_soc/u_simem/mem_reg_1_bram_1                              |      32768 |     BLOCK |             |  A:A:4096x8            |  B:B:4096x8            |
|  u_soc/u_simem/mem_reg_2_bram_0                              |      32768 |     BLOCK |             |  A:A:4096x8            |  B:B:4096x8            |
|  u_soc/u_simem/mem_reg_2_bram_1                              |      32768 |     BLOCK |             |  A:A:4096x8            |  B:B:4096x8            |
|  u_soc/u_simem/mem_reg_3_bram_0                              |      32768 |     BLOCK |             |  A:A:4096x8            |  B:B:4096x8            |
|  u_soc/u_simem/mem_reg_3_bram_1                              |      32768 |     BLOCK |             |  A:A:4096x8            |  B:B:4096x8            |
| u_soc/g_dcache.u_dcache/g_dcu[0].u_dcu/u_data_ram/mem        |      16384 |           | RAM_SDP     | 64x256                 | 64x256                 |
|  u_soc/g_dcache.u_dcache/g_dcu[0].u_dcu/u_data_ram/mem_reg_0 |       4096 |      AUTO |             |  B:B:64x64             |  A:A:64x64             |
|  u_soc/g_dcache.u_dcache/g_dcu[0].u_dcu/u_data_ram/mem_reg_1 |       4096 |      AUTO |             |  B:B:64x64             |  A:A:64x64             |
|  u_soc/g_dcache.u_dcache/g_dcu[0].u_dcu/u_data_ram/mem_reg_2 |       4096 |      AUTO |             |  B:B:64x64             |  A:A:64x64             |
|  u_soc/g_dcache.u_dcache/g_dcu[0].u_dcu/u_data_ram/mem_reg_3 |       4096 |      AUTO |             |  B:B:64x64             |  A:A:64x64             |
| u_soc/g_dcache.u_dcache/g_dcu[1].u_dcu/u_data_ram/mem        |      16384 |           | RAM_SDP     | 64x256                 | 64x256                 |
|  u_soc/g_dcache.u_dcache/g_dcu[1].u_dcu/u_data_ram/mem_reg_0 |       4096 |      AUTO |             |  B:B:64x64             |  A:A:64x64             |
|  u_soc/g_dcache.u_dcache/g_dcu[1].u_dcu/u_data_ram/mem_reg_1 |       4096 |      AUTO |             |  B:B:64x64             |  A:A:64x64             |
|  u_soc/g_dcache.u_dcache/g_dcu[1].u_dcu/u_data_ram/mem_reg_2 |       4096 |      AUTO |             |  B:B:64x64             |  A:A:64x64             |
|  u_soc/g_dcache.u_dcache/g_dcu[1].u_dcu/u_data_ram/mem_reg_3 |       4096 |      AUTO |             |  B:B:64x64             |  A:A:64x64             |
| u_soc/g_dcache.u_dcache/g_dcu[2].u_dcu/u_data_ram/mem        |      16384 |           | RAM_SDP     | 64x256                 | 64x256                 |
|  u_soc/g_dcache.u_dcache/g_dcu[2].u_dcu/u_data_ram/mem_reg_0 |       4096 |      AUTO |             |  B:B:64x64             |  A:A:64x64             |
|  u_soc/g_dcache.u_dcache/g_dcu[2].u_dcu/u_data_ram/mem_reg_1 |       4096 |      AUTO |             |  B:B:64x64             |  A:A:64x64             |
|  u_soc/g_dcache.u_dcache/g_dcu[2].u_dcu/u_data_ram/mem_reg_2 |       4096 |      AUTO |             |  B:B:64x64             |  A:A:64x64             |
|  u_soc/g_dcache.u_dcache/g_dcu[2].u_dcu/u_data_ram/mem_reg_3 |       4096 |      AUTO |             |  B:B:64x64             |  A:A:64x64             |
| u_soc/g_dcache.u_dcache/g_dcu[3].u_dcu/u_data_ram/mem        |      16384 |           | RAM_SDP     | 64x256                 | 64x256                 |
|  u_soc/g_dcache.u_dcache/g_dcu[3].u_dcu/u_data_ram/mem_reg_0 |       4096 |      AUTO |             |  B:B:64x64             |  A:A:64x64             |
|  u_soc/g_dcache.u_dcache/g_dcu[3].u_dcu/u_data_ram/mem_reg_1 |       4096 |      AUTO |             |  B:B:64x64             |  A:A:64x64             |
|  u_soc/g_dcache.u_dcache/g_dcu[3].u_dcu/u_data_ram/mem_reg_2 |       4096 |      AUTO |             |  B:B:64x64             |  A:A:64x64             |
|  u_soc/g_dcache.u_dcache/g_dcu[3].u_dcu/u_data_ram/mem_reg_3 |       4096 |      AUTO |             |  B:B:64x64             |  A:A:64x64             |
| u_soc/g_dcache.u_dcache/g_dcu[0].u_dcu/u_tag_ram/mem         |       2816 |           | RAM_SDP     | 512x44                 | 512x44                 |
|  u_soc/g_dcache.u_dcache/g_dcu[0].u_dcu/u_tag_ram/mem_reg_0  |      11264 |      AUTO |             |  B:B:64x22             |  A:A:64x22             |
|  u_soc/g_dcache.u_dcache/g_dcu[0].u_dcu/u_tag_ram/mem_reg_1  |      11264 |      AUTO |             |  B:B:64x22             |  A:A:64x22             |
| u_soc/g_dcache.u_dcache/g_dcu[1].u_dcu/u_tag_ram/mem         |       2816 |           | RAM_SDP     | 512x44                 | 512x44                 |
|  u_soc/g_dcache.u_dcache/g_dcu[1].u_dcu/u_tag_ram/mem_reg_0  |      11264 |      AUTO |             |  B:B:64x22             |  A:A:64x22             |
|  u_soc/g_dcache.u_dcache/g_dcu[1].u_dcu/u_tag_ram/mem_reg_1  |      11264 |      AUTO |             |  B:B:64x22             |  A:A:64x22             |
| u_soc/g_dcache.u_dcache/g_dcu[2].u_dcu/u_tag_ram/mem         |       2816 |           | RAM_SDP     | 512x44                 | 512x44                 |
|  u_soc/g_dcache.u_dcache/g_dcu[2].u_dcu/u_tag_ram/mem_reg_0  |      11264 |      AUTO |             |  B:B:64x22             |  A:A:64x22             |
|  u_soc/g_dcache.u_dcache/g_dcu[2].u_dcu/u_tag_ram/mem_reg_1  |      11264 |      AUTO |             |  B:B:64x22             |  A:A:64x22             |
| u_soc/g_dcache.u_dcache/g_dcu[3].u_dcu/u_tag_ram/mem         |       2816 |           | RAM_SDP     | 512x44                 | 512x44                 |
|  u_soc/g_dcache.u_dcache/g_dcu[3].u_dcu/u_tag_ram/mem_reg_0  |      11264 |      AUTO |             |  B:B:64x22             |  A:A:64x22             |
|  u_soc/g_dcache.u_dcache/g_dcu[3].u_dcu/u_tag_ram/mem_reg_1  |      11264 |      AUTO |             |  B:B:64x22             |  A:A:64x22             |
+--------------------------------------------------------------+------------+-----------+-------------+------------------------+------------------------+


3. Memory Utilization - Inferred
--------------------------------

+--------------------------------------------------------------+-----------+-----------+----------------+-----------+-----------+---------+---------------+---------------+---------+---------------+---------------+---------+---------------+---------------+---------+---------------+---------------+
| Memory Name                                                  | Primitive | RAM STYLE | Available Bits | Used Bits | Bit Util% | A Depth | A Depth Avail | A Depth Util% | A Width | A Width Avail | A Width Util% | B Depth | B Depth Avail | B Depth Util% | B Width | B Width Avail | B Width Util% |
+--------------------------------------------------------------+-----------+-----------+----------------+-----------+-----------+---------+---------------+---------------+---------+---------------+---------------+---------+---------------+---------------+---------+---------------+---------------+
| u_soc/u_sdmem/mem                                            |           |           |                |           |           |         |               |               |         |               |               |         |               |               |         |               |               |
|  u_soc/u_sdmem/mem_reg_0_bram_0                              | RAMB36E2  |     BLOCK |          36864 |     32768 |     88.89 |    4096 |          4096 |        100.00 |       8 |             9 |         88.89 |    4096 |          4096 |        100.00 |       8 |             9 |         88.89 |
|  u_soc/u_sdmem/mem_reg_0_bram_1                              | RAMB36E2  |     BLOCK |          36864 |     32768 |     88.89 |    4096 |          4096 |        100.00 |       8 |             9 |         88.89 |    4096 |          4096 |        100.00 |       8 |             9 |         88.89 |
|  u_soc/u_sdmem/mem_reg_0_bram_2                              | RAMB36E2  |     BLOCK |          36864 |     32768 |     88.89 |    4096 |          4096 |        100.00 |       8 |             9 |         88.89 |    4096 |          4096 |        100.00 |       8 |             9 |         88.89 |
|  u_soc/u_sdmem/mem_reg_0_bram_3                              | RAMB36E2  |     BLOCK |          36864 |     32768 |     88.89 |    4096 |          4096 |        100.00 |       8 |             9 |         88.89 |    4096 |          4096 |        100.00 |       8 |             9 |         88.89 |
|  u_soc/u_sdmem/mem_reg_0_bram_4                              | RAMB36E2  |     BLOCK |          36864 |     32768 |     88.89 |    4096 |          4096 |        100.00 |       8 |             9 |         88.89 |    4096 |          4096 |        100.00 |       8 |             9 |         88.89 |
|  u_soc/u_sdmem/mem_reg_0_bram_5                              | RAMB36E2  |     BLOCK |          36864 |     32768 |     88.89 |    4096 |          4096 |        100.00 |       8 |             9 |         88.89 |    4096 |          4096 |        100.00 |       8 |             9 |         88.89 |
|  u_soc/u_sdmem/mem_reg_0_bram_6                              | RAMB36E2  |     BLOCK |          36864 |     32768 |     88.89 |    4096 |          4096 |        100.00 |       8 |             9 |         88.89 |    4096 |          4096 |        100.00 |       8 |             9 |         88.89 |
|  u_soc/u_sdmem/mem_reg_0_bram_7                              | RAMB36E2  |     BLOCK |          36864 |     32768 |     88.89 |    4096 |          4096 |        100.00 |       8 |             9 |         88.89 |    4096 |          4096 |        100.00 |       8 |             9 |         88.89 |
|  u_soc/u_sdmem/mem_reg_0_bram_8                              | RAMB36E2  |     BLOCK |          36864 |     32768 |     88.89 |    4096 |          4096 |        100.00 |       8 |             9 |         88.89 |    4096 |          4096 |        100.00 |       8 |             9 |         88.89 |
|  u_soc/u_sdmem/mem_reg_0_bram_9                              | RAMB36E2  |     BLOCK |          36864 |     32768 |     88.89 |    4096 |          4096 |        100.00 |       8 |             9 |         88.89 |    4096 |          4096 |        100.00 |       8 |             9 |         88.89 |
|  u_soc/u_sdmem/mem_reg_0_bram_10                             | RAMB36E2  |     BLOCK |          36864 |     32768 |     88.89 |    4096 |          4096 |        100.00 |       8 |             9 |         88.89 |    4096 |          4096 |        100.00 |       8 |             9 |         88.89 |
|  u_soc/u_sdmem/mem_reg_0_bram_11                             | RAMB36E2  |     BLOCK |          36864 |     32768 |     88.89 |    4096 |          4096 |        100.00 |       8 |             9 |         88.89 |    4096 |          4096 |        100.00 |       8 |             9 |         88.89 |
|  u_soc/u_sdmem/mem_reg_0_bram_12                             | RAMB36E2  |     BLOCK |          36864 |     32768 |     88.89 |    4096 |          4096 |        100.00 |       8 |             9 |         88.89 |    4096 |          4096 |        100.00 |       8 |             9 |         88.89 |
|  u_soc/u_sdmem/mem_reg_0_bram_13                             | RAMB36E2  |     BLOCK |          36864 |     32768 |     88.89 |    4096 |          4096 |        100.00 |       8 |             9 |         88.89 |    4096 |          4096 |        100.00 |       8 |             9 |         88.89 |
|  u_soc/u_sdmem/mem_reg_0_bram_14                             | RAMB36E2  |     BLOCK |          36864 |     32768 |     88.89 |    4096 |          4096 |        100.00 |       8 |             9 |         88.89 |    4096 |          4096 |        100.00 |       8 |             9 |         88.89 |
|  u_soc/u_sdmem/mem_reg_0_bram_15                             | RAMB36E2  |     BLOCK |          36864 |     32768 |     88.89 |    4096 |          4096 |        100.00 |       8 |             9 |         88.89 |    4096 |          4096 |        100.00 |       8 |             9 |         88.89 |
|  u_soc/u_sdmem/mem_reg_1_bram_0                              | RAMB36E2  |     BLOCK |          36864 |     32768 |     88.89 |    4096 |          4096 |        100.00 |       8 |             9 |         88.89 |    4096 |          4096 |        100.00 |       8 |             9 |         88.89 |
|  u_soc/u_sdmem/mem_reg_1_bram_1                              | RAMB36E2  |     BLOCK |          36864 |     32768 |     88.89 |    4096 |          4096 |        100.00 |       8 |             9 |         88.89 |    4096 |          4096 |        100.00 |       8 |             9 |         88.89 |
|  u_soc/u_sdmem/mem_reg_1_bram_2                              | RAMB36E2  |     BLOCK |          36864 |     32768 |     88.89 |    4096 |          4096 |        100.00 |       8 |             9 |         88.89 |    4096 |          4096 |        100.00 |       8 |             9 |         88.89 |
|  u_soc/u_sdmem/mem_reg_1_bram_3                              | RAMB36E2  |     BLOCK |          36864 |     32768 |     88.89 |    4096 |          4096 |        100.00 |       8 |             9 |         88.89 |    4096 |          4096 |        100.00 |       8 |             9 |         88.89 |
|  u_soc/u_sdmem/mem_reg_1_bram_4                              | RAMB36E2  |     BLOCK |          36864 |     32768 |     88.89 |    4096 |          4096 |        100.00 |       8 |             9 |         88.89 |    4096 |          4096 |        100.00 |       8 |             9 |         88.89 |
|  u_soc/u_sdmem/mem_reg_1_bram_5                              | RAMB36E2  |     BLOCK |          36864 |     32768 |     88.89 |    4096 |          4096 |        100.00 |       8 |             9 |         88.89 |    4096 |          4096 |        100.00 |       8 |             9 |         88.89 |
|  u_soc/u_sdmem/mem_reg_1_bram_6                              | RAMB36E2  |     BLOCK |          36864 |     32768 |     88.89 |    4096 |          4096 |        100.00 |       8 |             9 |         88.89 |    4096 |          4096 |        100.00 |       8 |             9 |         88.89 |
|  u_soc/u_sdmem/mem_reg_1_bram_7                              | RAMB36E2  |     BLOCK |          36864 |     32768 |     88.89 |    4096 |          4096 |        100.00 |       8 |             9 |         88.89 |    4096 |          4096 |        100.00 |       8 |             9 |         88.89 |
|  u_soc/u_sdmem/mem_reg_1_bram_8                              | RAMB36E2  |     BLOCK |          36864 |     32768 |     88.89 |    4096 |          4096 |        100.00 |       8 |             9 |         88.89 |    4096 |          4096 |        100.00 |       8 |             9 |         88.89 |
|  u_soc/u_sdmem/mem_reg_1_bram_9                              | RAMB36E2  |     BLOCK |          36864 |     32768 |     88.89 |    4096 |          4096 |        100.00 |       8 |             9 |         88.89 |    4096 |          4096 |        100.00 |       8 |             9 |         88.89 |
|  u_soc/u_sdmem/mem_reg_1_bram_10                             | RAMB36E2  |     BLOCK |          36864 |     32768 |     88.89 |    4096 |          4096 |        100.00 |       8 |             9 |         88.89 |    4096 |          4096 |        100.00 |       8 |             9 |         88.89 |
|  u_soc/u_sdmem/mem_reg_1_bram_11                             | RAMB36E2  |     BLOCK |          36864 |     32768 |     88.89 |    4096 |          4096 |        100.00 |       8 |             9 |         88.89 |    4096 |          4096 |        100.00 |       8 |             9 |         88.89 |
|  u_soc/u_sdmem/mem_reg_1_bram_12                             | RAMB36E2  |     BLOCK |          36864 |     32768 |     88.89 |    4096 |          4096 |        100.00 |       8 |             9 |         88.89 |    4096 |          4096 |        100.00 |       8 |             9 |         88.89 |
|  u_soc/u_sdmem/mem_reg_1_bram_13                             | RAMB36E2  |     BLOCK |          36864 |     32768 |     88.89 |    4096 |          4096 |        100.00 |       8 |             9 |         88.89 |    4096 |          4096 |        100.00 |       8 |             9 |         88.89 |
|  u_soc/u_sdmem/mem_reg_1_bram_14                             | RAMB36E2  |     BLOCK |          36864 |     32768 |     88.89 |    4096 |          4096 |        100.00 |       8 |             9 |         88.89 |    4096 |          4096 |        100.00 |       8 |             9 |         88.89 |
|  u_soc/u_sdmem/mem_reg_1_bram_15                             | RAMB36E2  |     BLOCK |          36864 |     32768 |     88.89 |    4096 |          4096 |        100.00 |       8 |             9 |         88.89 |    4096 |          4096 |        100.00 |       8 |             9 |         88.89 |
|  u_soc/u_sdmem/mem_reg_2_bram_0                              | RAMB36E2  |     BLOCK |          36864 |     32768 |     88.89 |    4096 |          4096 |        100.00 |       8 |             9 |         88.89 |    4096 |          4096 |        100.00 |       8 |             9 |         88.89 |
|  u_soc/u_sdmem/mem_reg_2_bram_1                              | RAMB36E2  |     BLOCK |          36864 |     32768 |     88.89 |    4096 |          4096 |        100.00 |       8 |             9 |         88.89 |    4096 |          4096 |        100.00 |       8 |             9 |         88.89 |
|  u_soc/u_sdmem/mem_reg_2_bram_2                              | RAMB36E2  |     BLOCK |          36864 |     32768 |     88.89 |    4096 |          4096 |        100.00 |       8 |             9 |         88.89 |    4096 |          4096 |        100.00 |       8 |             9 |         88.89 |
|  u_soc/u_sdmem/mem_reg_2_bram_3                              | RAMB36E2  |     BLOCK |          36864 |     32768 |     88.89 |    4096 |          4096 |        100.00 |       8 |             9 |         88.89 |    4096 |          4096 |        100.00 |       8 |             9 |         88.89 |
|  u_soc/u_sdmem/mem_reg_2_bram_4                              | RAMB36E2  |     BLOCK |          36864 |     32768 |     88.89 |    4096 |          4096 |        100.00 |       8 |             9 |         88.89 |    4096 |          4096 |        100.00 |       8 |             9 |         88.89 |
|  u_soc/u_sdmem/mem_reg_2_bram_5                              | RAMB36E2  |     BLOCK |          36864 |     32768 |     88.89 |    4096 |          4096 |        100.00 |       8 |             9 |         88.89 |    4096 |          4096 |        100.00 |       8 |             9 |         88.89 |
|  u_soc/u_sdmem/mem_reg_2_bram_6                              | RAMB36E2  |     BLOCK |          36864 |     32768 |     88.89 |    4096 |          4096 |        100.00 |       8 |             9 |         88.89 |    4096 |          4096 |        100.00 |       8 |             9 |         88.89 |
|  u_soc/u_sdmem/mem_reg_2_bram_7                              | RAMB36E2  |     BLOCK |          36864 |     32768 |     88.89 |    4096 |          4096 |        100.00 |       8 |             9 |         88.89 |    4096 |          4096 |        100.00 |       8 |             9 |         88.89 |
|  u_soc/u_sdmem/mem_reg_2_bram_8                              | RAMB36E2  |     BLOCK |          36864 |     32768 |     88.89 |    4096 |          4096 |        100.00 |       8 |             9 |         88.89 |    4096 |          4096 |        100.00 |       8 |             9 |         88.89 |
|  u_soc/u_sdmem/mem_reg_2_bram_9                              | RAMB36E2  |     BLOCK |          36864 |     32768 |     88.89 |    4096 |          4096 |        100.00 |       8 |             9 |         88.89 |    4096 |          4096 |        100.00 |       8 |             9 |         88.89 |
|  u_soc/u_sdmem/mem_reg_2_bram_10                             | RAMB36E2  |     BLOCK |          36864 |     32768 |     88.89 |    4096 |          4096 |        100.00 |       8 |             9 |         88.89 |    4096 |          4096 |        100.00 |       8 |             9 |         88.89 |
|  u_soc/u_sdmem/mem_reg_2_bram_11                             | RAMB36E2  |     BLOCK |          36864 |     32768 |     88.89 |    4096 |          4096 |        100.00 |       8 |             9 |         88.89 |    4096 |          4096 |        100.00 |       8 |             9 |         88.89 |
|  u_soc/u_sdmem/mem_reg_2_bram_12                             | RAMB36E2  |     BLOCK |          36864 |     32768 |     88.89 |    4096 |          4096 |        100.00 |       8 |             9 |         88.89 |    4096 |          4096 |        100.00 |       8 |             9 |         88.89 |
|  u_soc/u_sdmem/mem_reg_2_bram_13                             | RAMB36E2  |     BLOCK |          36864 |     32768 |     88.89 |    4096 |          4096 |        100.00 |       8 |             9 |         88.89 |    4096 |          4096 |        100.00 |       8 |             9 |         88.89 |
|  u_soc/u_sdmem/mem_reg_2_bram_14                             | RAMB36E2  |     BLOCK |          36864 |     32768 |     88.89 |    4096 |          4096 |        100.00 |       8 |             9 |         88.89 |    4096 |          4096 |        100.00 |       8 |             9 |         88.89 |
|  u_soc/u_sdmem/mem_reg_2_bram_15                             | RAMB36E2  |     BLOCK |          36864 |     32768 |     88.89 |    4096 |          4096 |        100.00 |       8 |             9 |         88.89 |    4096 |          4096 |        100.00 |       8 |             9 |         88.89 |
|  u_soc/u_sdmem/mem_reg_3_bram_0                              | RAMB36E2  |     BLOCK |          36864 |     32768 |     88.89 |    4096 |          4096 |        100.00 |       8 |             9 |         88.89 |    4096 |          4096 |        100.00 |       8 |             9 |         88.89 |
|  u_soc/u_sdmem/mem_reg_3_bram_1                              | RAMB36E2  |     BLOCK |          36864 |     32768 |     88.89 |    4096 |          4096 |        100.00 |       8 |             9 |         88.89 |    4096 |          4096 |        100.00 |       8 |             9 |         88.89 |
|  u_soc/u_sdmem/mem_reg_3_bram_2                              | RAMB36E2  |     BLOCK |          36864 |     32768 |     88.89 |    4096 |          4096 |        100.00 |       8 |             9 |         88.89 |    4096 |          4096 |        100.00 |       8 |             9 |         88.89 |
|  u_soc/u_sdmem/mem_reg_3_bram_3                              | RAMB36E2  |     BLOCK |          36864 |     32768 |     88.89 |    4096 |          4096 |        100.00 |       8 |             9 |         88.89 |    4096 |          4096 |        100.00 |       8 |             9 |         88.89 |
|  u_soc/u_sdmem/mem_reg_3_bram_4                              | RAMB36E2  |     BLOCK |          36864 |     32768 |     88.89 |    4096 |          4096 |        100.00 |       8 |             9 |         88.89 |    4096 |          4096 |        100.00 |       8 |             9 |         88.89 |
|  u_soc/u_sdmem/mem_reg_3_bram_5                              | RAMB36E2  |     BLOCK |          36864 |     32768 |     88.89 |    4096 |          4096 |        100.00 |       8 |             9 |         88.89 |    4096 |          4096 |        100.00 |       8 |             9 |         88.89 |
|  u_soc/u_sdmem/mem_reg_3_bram_6                              | RAMB36E2  |     BLOCK |          36864 |     32768 |     88.89 |    4096 |          4096 |        100.00 |       8 |             9 |         88.89 |    4096 |          4096 |        100.00 |       8 |             9 |         88.89 |
|  u_soc/u_sdmem/mem_reg_3_bram_7                              | RAMB36E2  |     BLOCK |          36864 |     32768 |     88.89 |    4096 |          4096 |        100.00 |       8 |             9 |         88.89 |    4096 |          4096 |        100.00 |       8 |             9 |         88.89 |
|  u_soc/u_sdmem/mem_reg_3_bram_8                              | RAMB36E2  |     BLOCK |          36864 |     32768 |     88.89 |    4096 |          4096 |        100.00 |       8 |             9 |         88.89 |    4096 |          4096 |        100.00 |       8 |             9 |         88.89 |
|  u_soc/u_sdmem/mem_reg_3_bram_9                              | RAMB36E2  |     BLOCK |          36864 |     32768 |     88.89 |    4096 |          4096 |        100.00 |       8 |             9 |         88.89 |    4096 |          4096 |        100.00 |       8 |             9 |         88.89 |
|  u_soc/u_sdmem/mem_reg_3_bram_10                             | RAMB36E2  |     BLOCK |          36864 |     32768 |     88.89 |    4096 |          4096 |        100.00 |       8 |             9 |         88.89 |    4096 |          4096 |        100.00 |       8 |             9 |         88.89 |
|  u_soc/u_sdmem/mem_reg_3_bram_11                             | RAMB36E2  |     BLOCK |          36864 |     32768 |     88.89 |    4096 |          4096 |        100.00 |       8 |             9 |         88.89 |    4096 |          4096 |        100.00 |       8 |             9 |         88.89 |
|  u_soc/u_sdmem/mem_reg_3_bram_12                             | RAMB36E2  |     BLOCK |          36864 |     32768 |     88.89 |    4096 |          4096 |        100.00 |       8 |             9 |         88.89 |    4096 |          4096 |        100.00 |       8 |             9 |         88.89 |
|  u_soc/u_sdmem/mem_reg_3_bram_13                             | RAMB36E2  |     BLOCK |          36864 |     32768 |     88.89 |    4096 |          4096 |        100.00 |       8 |             9 |         88.89 |    4096 |          4096 |        100.00 |       8 |             9 |         88.89 |
|  u_soc/u_sdmem/mem_reg_3_bram_14                             | RAMB36E2  |     BLOCK |          36864 |     32768 |     88.89 |    4096 |          4096 |        100.00 |       8 |             9 |         88.89 |    4096 |          4096 |        100.00 |       8 |             9 |         88.89 |
|  u_soc/u_sdmem/mem_reg_3_bram_15                             | RAMB36E2  |     BLOCK |          36864 |     32768 |     88.89 |    4096 |          4096 |        100.00 |       8 |             9 |         88.89 |    4096 |          4096 |        100.00 |       8 |             9 |         88.89 |
| u_soc/g_pe[0].u_pe/u_itcm/mem                                |           |           |                |           |           |         |               |               |         |               |               |         |               |               |         |               |               |
|  u_soc/g_pe[0].u_pe/u_itcm/mem_reg_0_bram_0                  | RAMB36E2  |     BLOCK |          36864 |     32768 |     88.89 |    4096 |          4096 |        100.00 |       8 |             9 |         88.89 |    4096 |          4096 |        100.00 |       8 |             9 |         88.89 |
|  u_soc/g_pe[0].u_pe/u_itcm/mem_reg_0_bram_1                  | RAMB36E2  |     BLOCK |          36864 |     32768 |     88.89 |    4096 |          4096 |        100.00 |       8 |             9 |         88.89 |    4096 |          4096 |        100.00 |       8 |             9 |         88.89 |
|  u_soc/g_pe[0].u_pe/u_itcm/mem_reg_1_bram_0                  | RAMB36E2  |     BLOCK |          36864 |     32768 |     88.89 |    4096 |          4096 |        100.00 |       8 |             9 |         88.89 |    4096 |          4096 |        100.00 |       8 |             9 |         88.89 |
|  u_soc/g_pe[0].u_pe/u_itcm/mem_reg_1_bram_1                  | RAMB36E2  |     BLOCK |          36864 |     32768 |     88.89 |    4096 |          4096 |        100.00 |       8 |             9 |         88.89 |    4096 |          4096 |        100.00 |       8 |             9 |         88.89 |
|  u_soc/g_pe[0].u_pe/u_itcm/mem_reg_2_bram_0                  | RAMB36E2  |     BLOCK |          36864 |     32768 |     88.89 |    4096 |          4096 |        100.00 |       8 |             9 |         88.89 |    4096 |          4096 |        100.00 |       8 |             9 |         88.89 |
|  u_soc/g_pe[0].u_pe/u_itcm/mem_reg_2_bram_1                  | RAMB36E2  |     BLOCK |          36864 |     32768 |     88.89 |    4096 |          4096 |        100.00 |       8 |             9 |         88.89 |    4096 |          4096 |        100.00 |       8 |             9 |         88.89 |
|  u_soc/g_pe[0].u_pe/u_itcm/mem_reg_3_bram_0                  | RAMB36E2  |     BLOCK |          36864 |     32768 |     88.89 |    4096 |          4096 |        100.00 |       8 |             9 |         88.89 |    4096 |          4096 |        100.00 |       8 |             9 |         88.89 |
|  u_soc/g_pe[0].u_pe/u_itcm/mem_reg_3_bram_1                  | RAMB36E2  |     BLOCK |          36864 |     32768 |     88.89 |    4096 |          4096 |        100.00 |       8 |             9 |         88.89 |    4096 |          4096 |        100.00 |       8 |             9 |         88.89 |
| u_soc/g_pe[1].u_pe/u_itcm/mem                                |           |           |                |           |           |         |               |               |         |               |               |         |               |               |         |               |               |
|  u_soc/g_pe[1].u_pe/u_itcm/mem_reg_0_bram_0                  | RAMB36E2  |     BLOCK |          36864 |     32768 |     88.89 |    4096 |          4096 |        100.00 |       8 |             9 |         88.89 |    4096 |          4096 |        100.00 |       8 |             9 |         88.89 |
|  u_soc/g_pe[1].u_pe/u_itcm/mem_reg_0_bram_1                  | RAMB36E2  |     BLOCK |          36864 |     32768 |     88.89 |    4096 |          4096 |        100.00 |       8 |             9 |         88.89 |    4096 |          4096 |        100.00 |       8 |             9 |         88.89 |
|  u_soc/g_pe[1].u_pe/u_itcm/mem_reg_1_bram_0                  | RAMB36E2  |     BLOCK |          36864 |     32768 |     88.89 |    4096 |          4096 |        100.00 |       8 |             9 |         88.89 |    4096 |          4096 |        100.00 |       8 |             9 |         88.89 |
|  u_soc/g_pe[1].u_pe/u_itcm/mem_reg_1_bram_1                  | RAMB36E2  |     BLOCK |          36864 |     32768 |     88.89 |    4096 |          4096 |        100.00 |       8 |             9 |         88.89 |    4096 |          4096 |        100.00 |       8 |             9 |         88.89 |
|  u_soc/g_pe[1].u_pe/u_itcm/mem_reg_2_bram_0                  | RAMB36E2  |     BLOCK |          36864 |     32768 |     88.89 |    4096 |          4096 |        100.00 |       8 |             9 |         88.89 |    4096 |          4096 |        100.00 |       8 |             9 |         88.89 |
|  u_soc/g_pe[1].u_pe/u_itcm/mem_reg_2_bram_1                  | RAMB36E2  |     BLOCK |          36864 |     32768 |     88.89 |    4096 |          4096 |        100.00 |       8 |             9 |         88.89 |    4096 |          4096 |        100.00 |       8 |             9 |         88.89 |
|  u_soc/g_pe[1].u_pe/u_itcm/mem_reg_3_bram_0                  | RAMB36E2  |     BLOCK |          36864 |     32768 |     88.89 |    4096 |          4096 |        100.00 |       8 |             9 |         88.89 |    4096 |          4096 |        100.00 |       8 |             9 |         88.89 |
|  u_soc/g_pe[1].u_pe/u_itcm/mem_reg_3_bram_1                  | RAMB36E2  |     BLOCK |          36864 |     32768 |     88.89 |    4096 |          4096 |        100.00 |       8 |             9 |         88.89 |    4096 |          4096 |        100.00 |       8 |             9 |         88.89 |
| u_soc/g_pe[2].u_pe/u_itcm/mem                                |           |           |                |           |           |         |               |               |         |               |               |         |               |               |         |               |               |
|  u_soc/g_pe[2].u_pe/u_itcm/mem_reg_0_bram_0                  | RAMB36E2  |     BLOCK |          36864 |     32768 |     88.89 |    4096 |          4096 |        100.00 |       8 |             9 |         88.89 |    4096 |          4096 |        100.00 |       8 |             9 |         88.89 |
|  u_soc/g_pe[2].u_pe/u_itcm/mem_reg_0_bram_1                  | RAMB36E2  |     BLOCK |          36864 |     32768 |     88.89 |    4096 |          4096 |        100.00 |       8 |             9 |         88.89 |    4096 |          4096 |        100.00 |       8 |             9 |         88.89 |
|  u_soc/g_pe[2].u_pe/u_itcm/mem_reg_1_bram_0                  | RAMB36E2  |     BLOCK |          36864 |     32768 |     88.89 |    4096 |          4096 |        100.00 |       8 |             9 |         88.89 |    4096 |          4096 |        100.00 |       8 |             9 |         88.89 |
|  u_soc/g_pe[2].u_pe/u_itcm/mem_reg_1_bram_1                  | RAMB36E2  |     BLOCK |          36864 |     32768 |     88.89 |    4096 |          4096 |        100.00 |       8 |             9 |         88.89 |    4096 |          4096 |        100.00 |       8 |             9 |         88.89 |
|  u_soc/g_pe[2].u_pe/u_itcm/mem_reg_2_bram_0                  | RAMB36E2  |     BLOCK |          36864 |     32768 |     88.89 |    4096 |          4096 |        100.00 |       8 |             9 |         88.89 |    4096 |          4096 |        100.00 |       8 |             9 |         88.89 |
|  u_soc/g_pe[2].u_pe/u_itcm/mem_reg_2_bram_1                  | RAMB36E2  |     BLOCK |          36864 |     32768 |     88.89 |    4096 |          4096 |        100.00 |       8 |             9 |         88.89 |    4096 |          4096 |        100.00 |       8 |             9 |         88.89 |
|  u_soc/g_pe[2].u_pe/u_itcm/mem_reg_3_bram_0                  | RAMB36E2  |     BLOCK |          36864 |     32768 |     88.89 |    4096 |          4096 |        100.00 |       8 |             9 |         88.89 |    4096 |          4096 |        100.00 |       8 |             9 |         88.89 |
|  u_soc/g_pe[2].u_pe/u_itcm/mem_reg_3_bram_1                  | RAMB36E2  |     BLOCK |          36864 |     32768 |     88.89 |    4096 |          4096 |        100.00 |       8 |             9 |         88.89 |    4096 |          4096 |        100.00 |       8 |             9 |         88.89 |
| u_soc/g_pe[3].u_pe/u_itcm/mem                                |           |           |                |           |           |         |               |               |         |               |               |         |               |               |         |               |               |
|  u_soc/g_pe[3].u_pe/u_itcm/mem_reg_0_bram_0                  | RAMB36E2  |     BLOCK |          36864 |     32768 |     88.89 |    4096 |          4096 |        100.00 |       8 |             9 |         88.89 |    4096 |          4096 |        100.00 |       8 |             9 |         88.89 |
|  u_soc/g_pe[3].u_pe/u_itcm/mem_reg_0_bram_1                  | RAMB36E2  |     BLOCK |          36864 |     32768 |     88.89 |    4096 |          4096 |        100.00 |       8 |             9 |         88.89 |    4096 |          4096 |        100.00 |       8 |             9 |         88.89 |
|  u_soc/g_pe[3].u_pe/u_itcm/mem_reg_1_bram_0                  | RAMB36E2  |     BLOCK |          36864 |     32768 |     88.89 |    4096 |          4096 |        100.00 |       8 |             9 |         88.89 |    4096 |          4096 |        100.00 |       8 |             9 |         88.89 |
|  u_soc/g_pe[3].u_pe/u_itcm/mem_reg_1_bram_1                  | RAMB36E2  |     BLOCK |          36864 |     32768 |     88.89 |    4096 |          4096 |        100.00 |       8 |             9 |         88.89 |    4096 |          4096 |        100.00 |       8 |             9 |         88.89 |
|  u_soc/g_pe[3].u_pe/u_itcm/mem_reg_2_bram_0                  | RAMB36E2  |     BLOCK |          36864 |     32768 |     88.89 |    4096 |          4096 |        100.00 |       8 |             9 |         88.89 |    4096 |          4096 |        100.00 |       8 |             9 |         88.89 |
|  u_soc/g_pe[3].u_pe/u_itcm/mem_reg_2_bram_1                  | RAMB36E2  |     BLOCK |          36864 |     32768 |     88.89 |    4096 |          4096 |        100.00 |       8 |             9 |         88.89 |    4096 |          4096 |        100.00 |       8 |             9 |         88.89 |
|  u_soc/g_pe[3].u_pe/u_itcm/mem_reg_3_bram_0                  | RAMB36E2  |     BLOCK |          36864 |     32768 |     88.89 |    4096 |          4096 |        100.00 |       8 |             9 |         88.89 |    4096 |          4096 |        100.00 |       8 |             9 |         88.89 |
|  u_soc/g_pe[3].u_pe/u_itcm/mem_reg_3_bram_1                  | RAMB36E2  |     BLOCK |          36864 |     32768 |     88.89 |    4096 |          4096 |        100.00 |       8 |             9 |         88.89 |    4096 |          4096 |        100.00 |       8 |             9 |         88.89 |
| u_soc/u_simem/mem                                            |           |           |                |           |           |         |               |               |         |               |               |         |               |               |         |               |               |
|  u_soc/u_simem/mem_reg_0_bram_0                              | RAMB36E2  |     BLOCK |          36864 |     32768 |     88.89 |    4096 |          4096 |        100.00 |       8 |             9 |         88.89 |    4096 |          4096 |        100.00 |       8 |             9 |         88.89 |
|  u_soc/u_simem/mem_reg_0_bram_1                              | RAMB36E2  |     BLOCK |          36864 |     32768 |     88.89 |    4096 |          4096 |        100.00 |       8 |             9 |         88.89 |    4096 |          4096 |        100.00 |       8 |             9 |         88.89 |
|  u_soc/u_simem/mem_reg_1_bram_0                              | RAMB36E2  |     BLOCK |          36864 |     32768 |     88.89 |    4096 |          4096 |        100.00 |       8 |             9 |         88.89 |    4096 |          4096 |        100.00 |       8 |             9 |         88.89 |
|  u_soc/u_simem/mem_reg_1_bram_1                              | RAMB36E2  |     BLOCK |          36864 |     32768 |     88.89 |    4096 |          4096 |        100.00 |       8 |             9 |         88.89 |    4096 |          4096 |        100.00 |       8 |             9 |         88.89 |
|  u_soc/u_simem/mem_reg_2_bram_0                              | RAMB36E2  |     BLOCK |          36864 |     32768 |     88.89 |    4096 |          4096 |        100.00 |       8 |             9 |         88.89 |    4096 |          4096 |        100.00 |       8 |             9 |         88.89 |
|  u_soc/u_simem/mem_reg_2_bram_1                              | RAMB36E2  |     BLOCK |          36864 |     32768 |     88.89 |    4096 |          4096 |        100.00 |       8 |             9 |         88.89 |    4096 |          4096 |        100.00 |       8 |             9 |         88.89 |
|  u_soc/u_simem/mem_reg_3_bram_0                              | RAMB36E2  |     BLOCK |          36864 |     32768 |     88.89 |    4096 |          4096 |        100.00 |       8 |             9 |         88.89 |    4096 |          4096 |        100.00 |       8 |             9 |         88.89 |
|  u_soc/u_simem/mem_reg_3_bram_1                              | RAMB36E2  |     BLOCK |          36864 |     32768 |     88.89 |    4096 |          4096 |        100.00 |       8 |             9 |         88.89 |    4096 |          4096 |        100.00 |       8 |             9 |         88.89 |
| u_soc/g_dcache.u_dcache/g_dcu[0].u_dcu/u_data_ram/mem        |           |           |                |           |           |         |               |               |         |               |               |         |               |               |         |               |               |
|  u_soc/g_dcache.u_dcache/g_dcu[0].u_dcu/u_data_ram/mem_reg_0 | RAMB36E2  |      AUTO |          36864 |      4096 |     11.11 |      64 |           512 |         12.50 |      64 |            72 |         88.89 |      64 |           512 |         12.50 |      64 |            72 |         88.89 |
|  u_soc/g_dcache.u_dcache/g_dcu[0].u_dcu/u_data_ram/mem_reg_1 | RAMB36E2  |      AUTO |          36864 |      4096 |     11.11 |      64 |           512 |         12.50 |      64 |            72 |         88.89 |      64 |           512 |         12.50 |      64 |            72 |         88.89 |
|  u_soc/g_dcache.u_dcache/g_dcu[0].u_dcu/u_data_ram/mem_reg_2 | RAMB36E2  |      AUTO |          36864 |      4096 |     11.11 |      64 |           512 |         12.50 |      64 |            72 |         88.89 |      64 |           512 |         12.50 |      64 |            72 |         88.89 |
|  u_soc/g_dcache.u_dcache/g_dcu[0].u_dcu/u_data_ram/mem_reg_3 | RAMB36E2  |      AUTO |          36864 |      4096 |     11.11 |      64 |           512 |         12.50 |      64 |            72 |         88.89 |      64 |           512 |         12.50 |      64 |            72 |         88.89 |
| u_soc/g_dcache.u_dcache/g_dcu[1].u_dcu/u_data_ram/mem        |           |           |                |           |           |         |               |               |         |               |               |         |               |               |         |               |               |
|  u_soc/g_dcache.u_dcache/g_dcu[1].u_dcu/u_data_ram/mem_reg_0 | RAMB36E2  |      AUTO |          36864 |      4096 |     11.11 |      64 |           512 |         12.50 |      64 |            72 |         88.89 |      64 |           512 |         12.50 |      64 |            72 |         88.89 |
|  u_soc/g_dcache.u_dcache/g_dcu[1].u_dcu/u_data_ram/mem_reg_1 | RAMB36E2  |      AUTO |          36864 |      4096 |     11.11 |      64 |           512 |         12.50 |      64 |            72 |         88.89 |      64 |           512 |         12.50 |      64 |            72 |         88.89 |
|  u_soc/g_dcache.u_dcache/g_dcu[1].u_dcu/u_data_ram/mem_reg_2 | RAMB36E2  |      AUTO |          36864 |      4096 |     11.11 |      64 |           512 |         12.50 |      64 |            72 |         88.89 |      64 |           512 |         12.50 |      64 |            72 |         88.89 |
|  u_soc/g_dcache.u_dcache/g_dcu[1].u_dcu/u_data_ram/mem_reg_3 | RAMB36E2  |      AUTO |          36864 |      4096 |     11.11 |      64 |           512 |         12.50 |      64 |            72 |         88.89 |      64 |           512 |         12.50 |      64 |            72 |         88.89 |
| u_soc/g_dcache.u_dcache/g_dcu[2].u_dcu/u_data_ram/mem        |           |           |                |           |           |         |               |               |         |               |               |         |               |               |         |               |               |
|  u_soc/g_dcache.u_dcache/g_dcu[2].u_dcu/u_data_ram/mem_reg_0 | RAMB36E2  |      AUTO |          36864 |      4096 |     11.11 |      64 |           512 |         12.50 |      64 |            72 |         88.89 |      64 |           512 |         12.50 |      64 |            72 |         88.89 |
|  u_soc/g_dcache.u_dcache/g_dcu[2].u_dcu/u_data_ram/mem_reg_1 | RAMB36E2  |      AUTO |          36864 |      4096 |     11.11 |      64 |           512 |         12.50 |      64 |            72 |         88.89 |      64 |           512 |         12.50 |      64 |            72 |         88.89 |
|  u_soc/g_dcache.u_dcache/g_dcu[2].u_dcu/u_data_ram/mem_reg_2 | RAMB36E2  |      AUTO |          36864 |      4096 |     11.11 |      64 |           512 |         12.50 |      64 |            72 |         88.89 |      64 |           512 |         12.50 |      64 |            72 |         88.89 |
|  u_soc/g_dcache.u_dcache/g_dcu[2].u_dcu/u_data_ram/mem_reg_3 | RAMB36E2  |      AUTO |          36864 |      4096 |     11.11 |      64 |           512 |         12.50 |      64 |            72 |         88.89 |      64 |           512 |         12.50 |      64 |            72 |         88.89 |
| u_soc/g_dcache.u_dcache/g_dcu[3].u_dcu/u_data_ram/mem        |           |           |                |           |           |         |               |               |         |               |               |         |               |               |         |               |               |
|  u_soc/g_dcache.u_dcache/g_dcu[3].u_dcu/u_data_ram/mem_reg_0 | RAMB36E2  |      AUTO |          36864 |      4096 |     11.11 |      64 |           512 |         12.50 |      64 |            72 |         88.89 |      64 |           512 |         12.50 |      64 |            72 |         88.89 |
|  u_soc/g_dcache.u_dcache/g_dcu[3].u_dcu/u_data_ram/mem_reg_1 | RAMB36E2  |      AUTO |          36864 |      4096 |     11.11 |      64 |           512 |         12.50 |      64 |            72 |         88.89 |      64 |           512 |         12.50 |      64 |            72 |         88.89 |
|  u_soc/g_dcache.u_dcache/g_dcu[3].u_dcu/u_data_ram/mem_reg_2 | RAMB36E2  |      AUTO |          36864 |      4096 |     11.11 |      64 |           512 |         12.50 |      64 |            72 |         88.89 |      64 |           512 |         12.50 |      64 |            72 |         88.89 |
|  u_soc/g_dcache.u_dcache/g_dcu[3].u_dcu/u_data_ram/mem_reg_3 | RAMB36E2  |      AUTO |          36864 |      4096 |     11.11 |      64 |           512 |         12.50 |      64 |            72 |         88.89 |      64 |           512 |         12.50 |      64 |            72 |         88.89 |
| u_soc/g_dcache.u_dcache/g_dcu[0].u_dcu/u_tag_ram/mem         |           |           |                |           |           |         |               |               |         |               |               |         |               |               |         |               |               |
|  u_soc/g_dcache.u_dcache/g_dcu[0].u_dcu/u_tag_ram/mem_reg_0  | RAMB18E2  |      AUTO |          18432 |      1408 |      7.64 |      64 |           512 |         12.50 |      22 |            36 |         61.11 |      64 |           512 |         12.50 |      22 |            36 |         61.11 |
|  u_soc/g_dcache.u_dcache/g_dcu[0].u_dcu/u_tag_ram/mem_reg_1  | RAMB18E2  |      AUTO |          18432 |      1408 |      7.64 |      64 |           512 |         12.50 |      22 |            36 |         61.11 |      64 |           512 |         12.50 |      22 |            36 |         61.11 |
| u_soc/g_dcache.u_dcache/g_dcu[1].u_dcu/u_tag_ram/mem         |           |           |                |           |           |         |               |               |         |               |               |         |               |               |         |               |               |
|  u_soc/g_dcache.u_dcache/g_dcu[1].u_dcu/u_tag_ram/mem_reg_0  | RAMB18E2  |      AUTO |          18432 |      1408 |      7.64 |      64 |           512 |         12.50 |      22 |            36 |         61.11 |      64 |           512 |         12.50 |      22 |            36 |         61.11 |
|  u_soc/g_dcache.u_dcache/g_dcu[1].u_dcu/u_tag_ram/mem_reg_1  | RAMB18E2  |      AUTO |          18432 |      1408 |      7.64 |      64 |           512 |         12.50 |      22 |            36 |         61.11 |      64 |           512 |         12.50 |      22 |            36 |         61.11 |
| u_soc/g_dcache.u_dcache/g_dcu[2].u_dcu/u_tag_ram/mem         |           |           |                |           |           |         |               |               |         |               |               |         |               |               |         |               |               |
|  u_soc/g_dcache.u_dcache/g_dcu[2].u_dcu/u_tag_ram/mem_reg_0  | RAMB18E2  |      AUTO |          18432 |      1408 |      7.64 |      64 |           512 |         12.50 |      22 |            36 |         61.11 |      64 |           512 |         12.50 |      22 |            36 |         61.11 |
|  u_soc/g_dcache.u_dcache/g_dcu[2].u_dcu/u_tag_ram/mem_reg_1  | RAMB18E2  |      AUTO |          18432 |      1408 |      7.64 |      64 |           512 |         12.50 |      22 |            36 |         61.11 |      64 |           512 |         12.50 |      22 |            36 |         61.11 |
| u_soc/g_dcache.u_dcache/g_dcu[3].u_dcu/u_tag_ram/mem         |           |           |                |           |           |         |               |               |         |               |               |         |               |               |         |               |               |
|  u_soc/g_dcache.u_dcache/g_dcu[3].u_dcu/u_tag_ram/mem_reg_0  | RAMB18E2  |      AUTO |          18432 |      1408 |      7.64 |      64 |           512 |         12.50 |      22 |            36 |         61.11 |      64 |           512 |         12.50 |      22 |            36 |         61.11 |
|  u_soc/g_dcache.u_dcache/g_dcu[3].u_dcu/u_tag_ram/mem_reg_1  | RAMB18E2  |      AUTO |          18432 |      1408 |      7.64 |      64 |           512 |         12.50 |      22 |            36 |         61.11 |      64 |           512 |         12.50 |      22 |            36 |         61.11 |
+--------------------------------------------------------------+-----------+-----------+----------------+-----------+-----------+---------+---------------+---------------+---------+---------------+---------------+---------+---------------+---------------+---------+---------------+---------------+


4. Memory Performance - Inferred
--------------------------------

+--------------------------------------------------------------+-----------+------------------------+------------------------+--------------+-------------------------+-------------+-------------------------+-----------+--------+--------+---------+-----------+--------+--------+---------+
| Memory Name                                                  | Primitive | Port 1 Dimension / Map | Port 2 Dimension / Map | Port A Type  | Port A Requirement (ns) | Port B Type | Port B Requirement (ns) | A Cascade | IREG_A | OREG_A | DOA_REG | B Cascade | IREG_B | OREG_B | DOB_REG |
+--------------------------------------------------------------+-----------+------------------------+------------------------+--------------+-------------------------+-------------+-------------------------+-----------+--------+--------+---------+-----------+--------+--------+---------+
| u_soc/u_sdmem/mem                                            |           | 65536x32               | 65536x32               |              |                         |             |                         |           |        |        |         |           |        |        |         |
|  u_soc/u_sdmem/mem_reg_0_bram_0                              | RAMB36E2  |  A:A:4096x8            |  B:B:4096x8            |        Write |                    10.0 |        Read |                    10.0 |      NONE |        |        |       0 |     FIRST |        |        |       0 |
|  u_soc/u_sdmem/mem_reg_0_bram_1                              | RAMB36E2  |  A:A:4096x8            |  B:B:4096x8            |        Write |                    10.0 |        Read |                    10.0 |      NONE |        |        |       0 |    MIDDLE |        |        |       0 |
|  u_soc/u_sdmem/mem_reg_0_bram_2                              | RAMB36E2  |  A:A:4096x8            |  B:B:4096x8            |        Write |                    10.0 |        Read |                    10.0 |      NONE |        |        |       0 |    MIDDLE |        |        |       0 |
|  u_soc/u_sdmem/mem_reg_0_bram_3                              | RAMB36E2  |  A:A:4096x8            |  B:B:4096x8            |        Write |                    10.0 |        Read |                    10.0 |      NONE |        |        |       0 |    MIDDLE |        |        |       0 |
|  u_soc/u_sdmem/mem_reg_0_bram_4                              | RAMB36E2  |  A:A:4096x8            |  B:B:4096x8            |        Write |                    10.0 |        Read |                    10.0 |      NONE |        |        |       0 |    MIDDLE |        |        |       0 |
|  u_soc/u_sdmem/mem_reg_0_bram_5                              | RAMB36E2  |  A:A:4096x8            |  B:B:4096x8            |        Write |                    10.0 |        Read |                    10.0 |      NONE |        |        |       0 |    MIDDLE |        |        |       0 |
|  u_soc/u_sdmem/mem_reg_0_bram_6                              | RAMB36E2  |  A:A:4096x8            |  B:B:4096x8            |        Write |                    10.0 |        Read |                    10.0 |      NONE |        |        |       0 |    MIDDLE |        |        |       0 |
|  u_soc/u_sdmem/mem_reg_0_bram_7                              | RAMB36E2  |  A:A:4096x8            |  B:B:4096x8            |        Write |                    10.0 |        Read |                    10.0 |      NONE |        |        |       0 |      LAST |        |        |       0 |
|  u_soc/u_sdmem/mem_reg_0_bram_8                              | RAMB36E2  |  A:A:4096x8            |  B:B:4096x8            |        Write |                    10.0 |        Read |                    10.0 |      NONE |        |        |       0 |     FIRST |        |        |       0 |
|  u_soc/u_sdmem/mem_reg_0_bram_9                              | RAMB36E2  |  A:A:4096x8            |  B:B:4096x8            |        Write |                    10.0 |        Read |                    10.0 |      NONE |        |        |       0 |    MIDDLE |        |        |       0 |
|  u_soc/u_sdmem/mem_reg_0_bram_10                             | RAMB36E2  |  A:A:4096x8            |  B:B:4096x8            |        Write |                    10.0 |        Read |                    10.0 |      NONE |        |        |       0 |    MIDDLE |        |        |       0 |
|  u_soc/u_sdmem/mem_reg_0_bram_11                             | RAMB36E2  |  A:A:4096x8            |  B:B:4096x8            |        Write |                    10.0 |        Read |                    10.0 |      NONE |        |        |       0 |    MIDDLE |        |        |       0 |
|  u_soc/u_sdmem/mem_reg_0_bram_12                             | RAMB36E2  |  A:A:4096x8            |  B:B:4096x8            |        Write |                    10.0 |        Read |                    10.0 |      NONE |        |        |       0 |    MIDDLE |        |        |       0 |
|  u_soc/u_sdmem/mem_reg_0_bram_13                             | RAMB36E2  |  A:A:4096x8            |  B:B:4096x8            |        Write |                    10.0 |        Read |                    10.0 |      NONE |        |        |       0 |    MIDDLE |        |        |       0 |
|  u_soc/u_sdmem/mem_reg_0_bram_14                             | RAMB36E2  |  A:A:4096x8            |  B:B:4096x8            |        Write |                    10.0 |        Read |                    10.0 |      NONE |        |        |       0 |    MIDDLE |        |        |       0 |
|  u_soc/u_sdmem/mem_reg_0_bram_15                             | RAMB36E2  |  A:A:4096x8            |  B:B:4096x8            |        Write |                    10.0 |        Read |                    10.0 |      NONE |        |        |       0 |      LAST |        |        |       0 |
|  u_soc/u_sdmem/mem_reg_1_bram_0                              | RAMB36E2  |  A:A:4096x8            |  B:B:4096x8            |        Write |                    10.0 |        Read |                    10.0 |      NONE |        |        |       0 |     FIRST |        |        |       0 |
|  u_soc/u_sdmem/mem_reg_1_bram_1                              | RAMB36E2  |  A:A:4096x8            |  B:B:4096x8            |        Write |                    10.0 |        Read |                    10.0 |      NONE |        |        |       0 |    MIDDLE |        |        |       0 |
|  u_soc/u_sdmem/mem_reg_1_bram_2                              | RAMB36E2  |  A:A:4096x8            |  B:B:4096x8            |        Write |                    10.0 |        Read |                    10.0 |      NONE |        |        |       0 |    MIDDLE |        |        |       0 |
|  u_soc/u_sdmem/mem_reg_1_bram_3                              | RAMB36E2  |  A:A:4096x8            |  B:B:4096x8            |        Write |                    10.0 |        Read |                    10.0 |      NONE |        |        |       0 |    MIDDLE |        |        |       0 |
|  u_soc/u_sdmem/mem_reg_1_bram_4                              | RAMB36E2  |  A:A:4096x8            |  B:B:4096x8            |        Write |                    10.0 |        Read |                    10.0 |      NONE |        |        |       0 |    MIDDLE |        |        |       0 |
|  u_soc/u_sdmem/mem_reg_1_bram_5                              | RAMB36E2  |  A:A:4096x8            |  B:B:4096x8            |        Write |                    10.0 |        Read |                    10.0 |      NONE |        |        |       0 |    MIDDLE |        |        |       0 |
|  u_soc/u_sdmem/mem_reg_1_bram_6                              | RAMB36E2  |  A:A:4096x8            |  B:B:4096x8            |        Write |                    10.0 |        Read |                    10.0 |      NONE |        |        |       0 |    MIDDLE |        |        |       0 |
|  u_soc/u_sdmem/mem_reg_1_bram_7                              | RAMB36E2  |  A:A:4096x8            |  B:B:4096x8            |        Write |                    10.0 |        Read |                    10.0 |      NONE |        |        |       0 |      LAST |        |        |       0 |
|  u_soc/u_sdmem/mem_reg_1_bram_8                              | RAMB36E2  |  A:A:4096x8            |  B:B:4096x8            |        Write |                    10.0 |        Read |                    10.0 |      NONE |        |        |       0 |     FIRST |        |        |       0 |
|  u_soc/u_sdmem/mem_reg_1_bram_9                              | RAMB36E2  |  A:A:4096x8            |  B:B:4096x8            |        Write |                    10.0 |        Read |                    10.0 |      NONE |        |        |       0 |    MIDDLE |        |        |       0 |
|  u_soc/u_sdmem/mem_reg_1_bram_10                             | RAMB36E2  |  A:A:4096x8            |  B:B:4096x8            |        Write |                    10.0 |        Read |                    10.0 |      NONE |        |        |       0 |    MIDDLE |        |        |       0 |
|  u_soc/u_sdmem/mem_reg_1_bram_11                             | RAMB36E2  |  A:A:4096x8            |  B:B:4096x8            |        Write |                    10.0 |        Read |                    10.0 |      NONE |        |        |       0 |    MIDDLE |        |        |       0 |
|  u_soc/u_sdmem/mem_reg_1_bram_12                             | RAMB36E2  |  A:A:4096x8            |  B:B:4096x8            |        Write |                    10.0 |        Read |                    10.0 |      NONE |        |        |       0 |    MIDDLE |        |        |       0 |
|  u_soc/u_sdmem/mem_reg_1_bram_13                             | RAMB36E2  |  A:A:4096x8            |  B:B:4096x8            |        Write |                    10.0 |        Read |                    10.0 |      NONE |        |        |       0 |    MIDDLE |        |        |       0 |
|  u_soc/u_sdmem/mem_reg_1_bram_14                             | RAMB36E2  |  A:A:4096x8            |  B:B:4096x8            |        Write |                    10.0 |        Read |                    10.0 |      NONE |        |        |       0 |    MIDDLE |        |        |       0 |
|  u_soc/u_sdmem/mem_reg_1_bram_15                             | RAMB36E2  |  A:A:4096x8            |  B:B:4096x8            |        Write |                    10.0 |        Read |                    10.0 |      NONE |        |        |       0 |      LAST |        |        |       0 |
|  u_soc/u_sdmem/mem_reg_2_bram_0                              | RAMB36E2  |  A:A:4096x8            |  B:B:4096x8            |        Write |                    10.0 |        Read |                    10.0 |      NONE |        |        |       0 |     FIRST |        |        |       0 |
|  u_soc/u_sdmem/mem_reg_2_bram_1                              | RAMB36E2  |  A:A:4096x8            |  B:B:4096x8            |        Write |                    10.0 |        Read |                    10.0 |      NONE |        |        |       0 |    MIDDLE |        |        |       0 |
|  u_soc/u_sdmem/mem_reg_2_bram_2                              | RAMB36E2  |  A:A:4096x8            |  B:B:4096x8            |        Write |                    10.0 |        Read |                    10.0 |      NONE |        |        |       0 |    MIDDLE |        |        |       0 |
|  u_soc/u_sdmem/mem_reg_2_bram_3                              | RAMB36E2  |  A:A:4096x8            |  B:B:4096x8            |        Write |                    10.0 |        Read |                    10.0 |      NONE |        |        |       0 |    MIDDLE |        |        |       0 |
|  u_soc/u_sdmem/mem_reg_2_bram_4                              | RAMB36E2  |  A:A:4096x8            |  B:B:4096x8            |        Write |                    10.0 |        Read |                    10.0 |      NONE |        |        |       0 |    MIDDLE |        |        |       0 |
|  u_soc/u_sdmem/mem_reg_2_bram_5                              | RAMB36E2  |  A:A:4096x8            |  B:B:4096x8            |        Write |                    10.0 |        Read |                    10.0 |      NONE |        |        |       0 |    MIDDLE |        |        |       0 |
|  u_soc/u_sdmem/mem_reg_2_bram_6                              | RAMB36E2  |  A:A:4096x8            |  B:B:4096x8            |        Write |                    10.0 |        Read |                    10.0 |      NONE |        |        |       0 |    MIDDLE |        |        |       0 |
|  u_soc/u_sdmem/mem_reg_2_bram_7                              | RAMB36E2  |  A:A:4096x8            |  B:B:4096x8            |        Write |                    10.0 |        Read |                    10.0 |      NONE |        |        |       0 |      LAST |        |        |       0 |
|  u_soc/u_sdmem/mem_reg_2_bram_8                              | RAMB36E2  |  A:A:4096x8            |  B:B:4096x8            |        Write |                    10.0 |        Read |                    10.0 |      NONE |        |        |       0 |     FIRST |        |        |       0 |
|  u_soc/u_sdmem/mem_reg_2_bram_9                              | RAMB36E2  |  A:A:4096x8            |  B:B:4096x8            |        Write |                    10.0 |        Read |                    10.0 |      NONE |        |        |       0 |    MIDDLE |        |        |       0 |
|  u_soc/u_sdmem/mem_reg_2_bram_10                             | RAMB36E2  |  A:A:4096x8            |  B:B:4096x8            |        Write |                    10.0 |        Read |                    10.0 |      NONE |        |        |       0 |    MIDDLE |        |        |       0 |
|  u_soc/u_sdmem/mem_reg_2_bram_11                             | RAMB36E2  |  A:A:4096x8            |  B:B:4096x8            |        Write |                    10.0 |        Read |                    10.0 |      NONE |        |        |       0 |    MIDDLE |        |        |       0 |
|  u_soc/u_sdmem/mem_reg_2_bram_12                             | RAMB36E2  |  A:A:4096x8            |  B:B:4096x8            |        Write |                    10.0 |        Read |                    10.0 |      NONE |        |        |       0 |    MIDDLE |        |        |       0 |
|  u_soc/u_sdmem/mem_reg_2_bram_13                             | RAMB36E2  |  A:A:4096x8            |  B:B:4096x8            |        Write |                    10.0 |        Read |                    10.0 |      NONE |        |        |       0 |    MIDDLE |        |        |       0 |
|  u_soc/u_sdmem/mem_reg_2_bram_14                             | RAMB36E2  |  A:A:4096x8            |  B:B:4096x8            |        Write |                    10.0 |        Read |                    10.0 |      NONE |        |        |       0 |    MIDDLE |        |        |       0 |
|  u_soc/u_sdmem/mem_reg_2_bram_15                             | RAMB36E2  |  A:A:4096x8            |  B:B:4096x8            |        Write |                    10.0 |        Read |                    10.0 |      NONE |        |        |       0 |      LAST |        |        |       0 |
|  u_soc/u_sdmem/mem_reg_3_bram_0                              | RAMB36E2  |  A:A:4096x8            |  B:B:4096x8            |        Write |                    10.0 |        Read |                    10.0 |      NONE |        |        |       0 |     FIRST |        |        |       0 |
|  u_soc/u_sdmem/mem_reg_3_bram_1                              | RAMB36E2  |  A:A:4096x8            |  B:B:4096x8            |        Write |                    10.0 |        Read |                    10.0 |      NONE |        |        |       0 |    MIDDLE |        |        |       0 |
|  u_soc/u_sdmem/mem_reg_3_bram_2                              | RAMB36E2  |  A:A:4096x8            |  B:B:4096x8            |        Write |                    10.0 |        Read |                    10.0 |      NONE |        |        |       0 |    MIDDLE |        |        |       0 |
|  u_soc/u_sdmem/mem_reg_3_bram_3                              | RAMB36E2  |  A:A:4096x8            |  B:B:4096x8            |        Write |                    10.0 |        Read |                    10.0 |      NONE |        |        |       0 |    MIDDLE |        |        |       0 |
|  u_soc/u_sdmem/mem_reg_3_bram_4                              | RAMB36E2  |  A:A:4096x8            |  B:B:4096x8            |        Write |                    10.0 |        Read |                    10.0 |      NONE |        |        |       0 |    MIDDLE |        |        |       0 |
|  u_soc/u_sdmem/mem_reg_3_bram_5                              | RAMB36E2  |  A:A:4096x8            |  B:B:4096x8            |        Write |                    10.0 |        Read |                    10.0 |      NONE |        |        |       0 |    MIDDLE |        |        |       0 |
|  u_soc/u_sdmem/mem_reg_3_bram_6                              | RAMB36E2  |  A:A:4096x8            |  B:B:4096x8            |        Write |                    10.0 |        Read |                    10.0 |      NONE |        |        |       0 |    MIDDLE |        |        |       0 |
|  u_soc/u_sdmem/mem_reg_3_bram_7                              | RAMB36E2  |  A:A:4096x8            |  B:B:4096x8            |        Write |                    10.0 |        Read |                    10.0 |      NONE |        |        |       0 |      LAST |        |        |       0 |
|  u_soc/u_sdmem/mem_reg_3_bram_8                              | RAMB36E2  |  A:A:4096x8            |  B:B:4096x8            |        Write |                    10.0 |        Read |                    10.0 |      NONE |        |        |       0 |     FIRST |        |        |       0 |
|  u_soc/u_sdmem/mem_reg_3_bram_9                              | RAMB36E2  |  A:A:4096x8            |  B:B:4096x8            |        Write |                    10.0 |        Read |                    10.0 |      NONE |        |        |       0 |    MIDDLE |        |        |       0 |
|  u_soc/u_sdmem/mem_reg_3_bram_10                             | RAMB36E2  |  A:A:4096x8            |  B:B:4096x8            |        Write |                    10.0 |        Read |                    10.0 |      NONE |        |        |       0 |    MIDDLE |        |        |       0 |
|  u_soc/u_sdmem/mem_reg_3_bram_11                             | RAMB36E2  |  A:A:4096x8            |  B:B:4096x8            |        Write |                    10.0 |        Read |                    10.0 |      NONE |        |        |       0 |    MIDDLE |        |        |       0 |
|  u_soc/u_sdmem/mem_reg_3_bram_12                             | RAMB36E2  |  A:A:4096x8            |  B:B:4096x8            |        Write |                    10.0 |        Read |                    10.0 |      NONE |        |        |       0 |    MIDDLE |        |        |       0 |
|  u_soc/u_sdmem/mem_reg_3_bram_13                             | RAMB36E2  |  A:A:4096x8            |  B:B:4096x8            |        Write |                    10.0 |        Read |                    10.0 |      NONE |        |        |       0 |    MIDDLE |        |        |       0 |
|  u_soc/u_sdmem/mem_reg_3_bram_14                             | RAMB36E2  |  A:A:4096x8            |  B:B:4096x8            |        Write |                    10.0 |        Read |                    10.0 |      NONE |        |        |       0 |    MIDDLE |        |        |       0 |
|  u_soc/u_sdmem/mem_reg_3_bram_15                             | RAMB36E2  |  A:A:4096x8            |  B:B:4096x8            |        Write |                    10.0 |        Read |                    10.0 |      NONE |        |        |       0 |      LAST |        |        |       0 |
| u_soc/g_pe[0].u_pe/u_itcm/mem                                |           | 8192x32                | 8192x32                |              |                         |             |                         |           |        |        |         |           |        |        |         |
|  u_soc/g_pe[0].u_pe/u_itcm/mem_reg_0_bram_0                  | RAMB36E2  |  A:A:4096x8            |  B:B:4096x8            | Read / Write |                    10.0 |        Read |                    10.0 |     FIRST |        |        |       0 |     FIRST |        |        |       0 |
|  u_soc/g_pe[0].u_pe/u_itcm/mem_reg_0_bram_1                  | RAMB36E2  |  A:A:4096x8            |  B:B:4096x8            | Read / Write |                    10.0 |        Read |                    10.0 |      LAST |        |        |       0 |      LAST |        |        |       0 |
|  u_soc/g_pe[0].u_pe/u_itcm/mem_reg_1_bram_0                  | RAMB36E2  |  A:A:4096x8            |  B:B:4096x8            | Read / Write |                    10.0 |        Read |                    10.0 |     FIRST |        |        |       0 |     FIRST |        |        |       0 |
|  u_soc/g_pe[0].u_pe/u_itcm/mem_reg_1_bram_1                  | RAMB36E2  |  A:A:4096x8            |  B:B:4096x8            | Read / Write |                    10.0 |        Read |                    10.0 |      LAST |        |        |       0 |      LAST |        |        |       0 |
|  u_soc/g_pe[0].u_pe/u_itcm/mem_reg_2_bram_0                  | RAMB36E2  |  A:A:4096x8            |  B:B:4096x8            | Read / Write |                    10.0 |        Read |                    10.0 |     FIRST |        |        |       0 |     FIRST |        |        |       0 |
|  u_soc/g_pe[0].u_pe/u_itcm/mem_reg_2_bram_1                  | RAMB36E2  |  A:A:4096x8            |  B:B:4096x8            | Read / Write |                    10.0 |        Read |                    10.0 |      LAST |        |        |       0 |      LAST |        |        |       0 |
|  u_soc/g_pe[0].u_pe/u_itcm/mem_reg_3_bram_0                  | RAMB36E2  |  A:A:4096x8            |  B:B:4096x8            | Read / Write |                    10.0 |        Read |                    10.0 |     FIRST |        |        |       0 |     FIRST |        |        |       0 |
|  u_soc/g_pe[0].u_pe/u_itcm/mem_reg_3_bram_1                  | RAMB36E2  |  A:A:4096x8            |  B:B:4096x8            | Read / Write |                    10.0 |        Read |                    10.0 |      LAST |        |        |       0 |      LAST |        |        |       0 |
| u_soc/g_pe[1].u_pe/u_itcm/mem                                |           | 8192x32                | 8192x32                |              |                         |             |                         |           |        |        |         |           |        |        |         |
|  u_soc/g_pe[1].u_pe/u_itcm/mem_reg_0_bram_0                  | RAMB36E2  |  A:A:4096x8            |  B:B:4096x8            | Read / Write |                    10.0 |        Read |                    10.0 |     FIRST |        |        |       0 |     FIRST |        |        |       0 |
|  u_soc/g_pe[1].u_pe/u_itcm/mem_reg_0_bram_1                  | RAMB36E2  |  A:A:4096x8            |  B:B:4096x8            | Read / Write |                    10.0 |        Read |                    10.0 |      LAST |        |        |       0 |      LAST |        |        |       0 |
|  u_soc/g_pe[1].u_pe/u_itcm/mem_reg_1_bram_0                  | RAMB36E2  |  A:A:4096x8            |  B:B:4096x8            | Read / Write |                    10.0 |        Read |                    10.0 |     FIRST |        |        |       0 |     FIRST |        |        |       0 |
|  u_soc/g_pe[1].u_pe/u_itcm/mem_reg_1_bram_1                  | RAMB36E2  |  A:A:4096x8            |  B:B:4096x8            | Read / Write |                    10.0 |        Read |                    10.0 |      LAST |        |        |       0 |      LAST |        |        |       0 |
|  u_soc/g_pe[1].u_pe/u_itcm/mem_reg_2_bram_0                  | RAMB36E2  |  A:A:4096x8            |  B:B:4096x8            | Read / Write |                    10.0 |        Read |                    10.0 |     FIRST |        |        |       0 |     FIRST |        |        |       0 |
|  u_soc/g_pe[1].u_pe/u_itcm/mem_reg_2_bram_1                  | RAMB36E2  |  A:A:4096x8            |  B:B:4096x8            | Read / Write |                    10.0 |        Read |                    10.0 |      LAST |        |        |       0 |      LAST |        |        |       0 |
|  u_soc/g_pe[1].u_pe/u_itcm/mem_reg_3_bram_0                  | RAMB36E2  |  A:A:4096x8            |  B:B:4096x8            | Read / Write |                    10.0 |        Read |                    10.0 |     FIRST |        |        |       0 |     FIRST |        |        |       0 |
|  u_soc/g_pe[1].u_pe/u_itcm/mem_reg_3_bram_1                  | RAMB36E2  |  A:A:4096x8            |  B:B:4096x8            | Read / Write |                    10.0 |        Read |                    10.0 |      LAST |        |        |       0 |      LAST |        |        |       0 |
| u_soc/g_pe[2].u_pe/u_itcm/mem                                |           | 8192x32                | 8192x32                |              |                         |             |                         |           |        |        |         |           |        |        |         |
|  u_soc/g_pe[2].u_pe/u_itcm/mem_reg_0_bram_0                  | RAMB36E2  |  A:A:4096x8            |  B:B:4096x8            | Read / Write |                    10.0 |        Read |                    10.0 |     FIRST |        |        |       0 |     FIRST |        |        |       0 |
|  u_soc/g_pe[2].u_pe/u_itcm/mem_reg_0_bram_1                  | RAMB36E2  |  A:A:4096x8            |  B:B:4096x8            | Read / Write |                    10.0 |        Read |                    10.0 |      LAST |        |        |       0 |      LAST |        |        |       0 |
|  u_soc/g_pe[2].u_pe/u_itcm/mem_reg_1_bram_0                  | RAMB36E2  |  A:A:4096x8            |  B:B:4096x8            | Read / Write |                    10.0 |        Read |                    10.0 |     FIRST |        |        |       0 |     FIRST |        |        |       0 |
|  u_soc/g_pe[2].u_pe/u_itcm/mem_reg_1_bram_1                  | RAMB36E2  |  A:A:4096x8            |  B:B:4096x8            | Read / Write |                    10.0 |        Read |                    10.0 |      LAST |        |        |       0 |      LAST |        |        |       0 |
|  u_soc/g_pe[2].u_pe/u_itcm/mem_reg_2_bram_0                  | RAMB36E2  |  A:A:4096x8            |  B:B:4096x8            | Read / Write |                    10.0 |        Read |                    10.0 |     FIRST |        |        |       0 |     FIRST |        |        |       0 |
|  u_soc/g_pe[2].u_pe/u_itcm/mem_reg_2_bram_1                  | RAMB36E2  |  A:A:4096x8            |  B:B:4096x8            | Read / Write |                    10.0 |        Read |                    10.0 |      LAST |        |        |       0 |      LAST |        |        |       0 |
|  u_soc/g_pe[2].u_pe/u_itcm/mem_reg_3_bram_0                  | RAMB36E2  |  A:A:4096x8            |  B:B:4096x8            | Read / Write |                    10.0 |        Read |                    10.0 |     FIRST |        |        |       0 |     FIRST |        |        |       0 |
|  u_soc/g_pe[2].u_pe/u_itcm/mem_reg_3_bram_1                  | RAMB36E2  |  A:A:4096x8            |  B:B:4096x8            | Read / Write |                    10.0 |        Read |                    10.0 |      LAST |        |        |       0 |      LAST |        |        |       0 |
| u_soc/g_pe[3].u_pe/u_itcm/mem                                |           | 8192x32                | 8192x32                |              |                         |             |                         |           |        |        |         |           |        |        |         |
|  u_soc/g_pe[3].u_pe/u_itcm/mem_reg_0_bram_0                  | RAMB36E2  |  A:A:4096x8            |  B:B:4096x8            | Read / Write |                    10.0 |        Read |                    10.0 |     FIRST |        |        |       0 |     FIRST |        |        |       0 |
|  u_soc/g_pe[3].u_pe/u_itcm/mem_reg_0_bram_1                  | RAMB36E2  |  A:A:4096x8            |  B:B:4096x8            | Read / Write |                    10.0 |        Read |                    10.0 |      LAST |        |        |       0 |      LAST |        |        |       0 |
|  u_soc/g_pe[3].u_pe/u_itcm/mem_reg_1_bram_0                  | RAMB36E2  |  A:A:4096x8            |  B:B:4096x8            | Read / Write |                    10.0 |        Read |                    10.0 |     FIRST |        |        |       0 |     FIRST |        |        |       0 |
|  u_soc/g_pe[3].u_pe/u_itcm/mem_reg_1_bram_1                  | RAMB36E2  |  A:A:4096x8            |  B:B:4096x8            | Read / Write |                    10.0 |        Read |                    10.0 |      LAST |        |        |       0 |      LAST |        |        |       0 |
|  u_soc/g_pe[3].u_pe/u_itcm/mem_reg_2_bram_0                  | RAMB36E2  |  A:A:4096x8            |  B:B:4096x8            | Read / Write |                    10.0 |        Read |                    10.0 |     FIRST |        |        |       0 |     FIRST |        |        |       0 |
|  u_soc/g_pe[3].u_pe/u_itcm/mem_reg_2_bram_1                  | RAMB36E2  |  A:A:4096x8            |  B:B:4096x8            | Read / Write |                    10.0 |        Read |                    10.0 |      LAST |        |        |       0 |      LAST |        |        |       0 |
|  u_soc/g_pe[3].u_pe/u_itcm/mem_reg_3_bram_0                  | RAMB36E2  |  A:A:4096x8            |  B:B:4096x8            | Read / Write |                    10.0 |        Read |                    10.0 |     FIRST |        |        |       0 |     FIRST |        |        |       0 |
|  u_soc/g_pe[3].u_pe/u_itcm/mem_reg_3_bram_1                  | RAMB36E2  |  A:A:4096x8            |  B:B:4096x8            | Read / Write |                    10.0 |        Read |                    10.0 |      LAST |        |        |       0 |      LAST |        |        |       0 |
| u_soc/u_simem/mem                                            |           | 8192x32                | 8192x32                |              |                         |             |                         |           |        |        |         |           |        |        |         |
|  u_soc/u_simem/mem_reg_0_bram_0                              | RAMB36E2  |  A:A:4096x8            |  B:B:4096x8            |        Write |                    10.0 |        Read |                    10.0 |      NONE |        |        |       0 |     FIRST |        |        |       0 |
|  u_soc/u_simem/mem_reg_0_bram_1                              | RAMB36E2  |  A:A:4096x8            |  B:B:4096x8            |        Write |                    10.0 |        Read |                    10.0 |      NONE |        |        |       0 |      LAST |        |        |       0 |
|  u_soc/u_simem/mem_reg_1_bram_0                              | RAMB36E2  |  A:A:4096x8            |  B:B:4096x8            |        Write |                    10.0 |        Read |                    10.0 |      NONE |        |        |       0 |     FIRST |        |        |       0 |
|  u_soc/u_simem/mem_reg_1_bram_1                              | RAMB36E2  |  A:A:4096x8            |  B:B:4096x8            |        Write |                    10.0 |        Read |                    10.0 |      NONE |        |        |       0 |      LAST |        |        |       0 |
|  u_soc/u_simem/mem_reg_2_bram_0                              | RAMB36E2  |  A:A:4096x8            |  B:B:4096x8            |        Write |                    10.0 |        Read |                    10.0 |      NONE |        |        |       0 |     FIRST |        |        |       0 |
|  u_soc/u_simem/mem_reg_2_bram_1                              | RAMB36E2  |  A:A:4096x8            |  B:B:4096x8            |        Write |                    10.0 |        Read |                    10.0 |      NONE |        |        |       0 |      LAST |        |        |       0 |
|  u_soc/u_simem/mem_reg_3_bram_0                              | RAMB36E2  |  A:A:4096x8            |  B:B:4096x8            |        Write |                    10.0 |        Read |                    10.0 |      NONE |        |        |       0 |     FIRST |        |        |       0 |
|  u_soc/u_simem/mem_reg_3_bram_1                              | RAMB36E2  |  A:A:4096x8            |  B:B:4096x8            |        Write |                    10.0 |        Read |                    10.0 |      NONE |        |        |       0 |      LAST |        |        |       0 |
| u_soc/g_dcache.u_dcache/g_dcu[0].u_dcu/u_data_ram/mem        |           | 64x256                 | 64x256                 |              |                         |             |                         |           |        |        |         |           |        |        |         |
|  u_soc/g_dcache.u_dcache/g_dcu[0].u_dcu/u_data_ram/mem_reg_0 | RAMB36E2  |  B:B:64x64             |  A:A:64x64             |         Read |                    10.0 |       Write |                    10.0 |      NONE |        |        |       0 |      NONE |        |        |       0 |
|  u_soc/g_dcache.u_dcache/g_dcu[0].u_dcu/u_data_ram/mem_reg_1 | RAMB36E2  |  B:B:64x64             |  A:A:64x64             |         Read |                    10.0 |       Write |                    10.0 |      NONE |        |        |       0 |      NONE |        |        |       0 |
|  u_soc/g_dcache.u_dcache/g_dcu[0].u_dcu/u_data_ram/mem_reg_2 | RAMB36E2  |  B:B:64x64             |  A:A:64x64             |         Read |                    10.0 |       Write |                    10.0 |      NONE |        |        |       0 |      NONE |        |        |       0 |
|  u_soc/g_dcache.u_dcache/g_dcu[0].u_dcu/u_data_ram/mem_reg_3 | RAMB36E2  |  B:B:64x64             |  A:A:64x64             |         Read |                    10.0 |       Write |                    10.0 |      NONE |        |        |       0 |      NONE |        |        |       0 |
| u_soc/g_dcache.u_dcache/g_dcu[1].u_dcu/u_data_ram/mem        |           | 64x256                 | 64x256                 |              |                         |             |                         |           |        |        |         |           |        |        |         |
|  u_soc/g_dcache.u_dcache/g_dcu[1].u_dcu/u_data_ram/mem_reg_0 | RAMB36E2  |  B:B:64x64             |  A:A:64x64             |         Read |                    10.0 |       Write |                    10.0 |      NONE |        |        |       0 |      NONE |        |        |       0 |
|  u_soc/g_dcache.u_dcache/g_dcu[1].u_dcu/u_data_ram/mem_reg_1 | RAMB36E2  |  B:B:64x64             |  A:A:64x64             |         Read |                    10.0 |       Write |                    10.0 |      NONE |        |        |       0 |      NONE |        |        |       0 |
|  u_soc/g_dcache.u_dcache/g_dcu[1].u_dcu/u_data_ram/mem_reg_2 | RAMB36E2  |  B:B:64x64             |  A:A:64x64             |         Read |                    10.0 |       Write |                    10.0 |      NONE |        |        |       0 |      NONE |        |        |       0 |
|  u_soc/g_dcache.u_dcache/g_dcu[1].u_dcu/u_data_ram/mem_reg_3 | RAMB36E2  |  B:B:64x64             |  A:A:64x64             |         Read |                    10.0 |       Write |                    10.0 |      NONE |        |        |       0 |      NONE |        |        |       0 |
| u_soc/g_dcache.u_dcache/g_dcu[2].u_dcu/u_data_ram/mem        |           | 64x256                 | 64x256                 |              |                         |             |                         |           |        |        |         |           |        |        |         |
|  u_soc/g_dcache.u_dcache/g_dcu[2].u_dcu/u_data_ram/mem_reg_0 | RAMB36E2  |  B:B:64x64             |  A:A:64x64             |         Read |                    10.0 |       Write |                    10.0 |      NONE |        |        |       0 |      NONE |        |        |       0 |
|  u_soc/g_dcache.u_dcache/g_dcu[2].u_dcu/u_data_ram/mem_reg_1 | RAMB36E2  |  B:B:64x64             |  A:A:64x64             |         Read |                    10.0 |       Write |                    10.0 |      NONE |        |        |       0 |      NONE |        |        |       0 |
|  u_soc/g_dcache.u_dcache/g_dcu[2].u_dcu/u_data_ram/mem_reg_2 | RAMB36E2  |  B:B:64x64             |  A:A:64x64             |         Read |                    10.0 |       Write |                    10.0 |      NONE |        |        |       0 |      NONE |        |        |       0 |
|  u_soc/g_dcache.u_dcache/g_dcu[2].u_dcu/u_data_ram/mem_reg_3 | RAMB36E2  |  B:B:64x64             |  A:A:64x64             |         Read |                    10.0 |       Write |                    10.0 |      NONE |        |        |       0 |      NONE |        |        |       0 |
| u_soc/g_dcache.u_dcache/g_dcu[3].u_dcu/u_data_ram/mem        |           | 64x256                 | 64x256                 |              |                         |             |                         |           |        |        |         |           |        |        |         |
|  u_soc/g_dcache.u_dcache/g_dcu[3].u_dcu/u_data_ram/mem_reg_0 | RAMB36E2  |  B:B:64x64             |  A:A:64x64             |         Read |                    10.0 |       Write |                    10.0 |      NONE |        |        |       0 |      NONE |        |        |       0 |
|  u_soc/g_dcache.u_dcache/g_dcu[3].u_dcu/u_data_ram/mem_reg_1 | RAMB36E2  |  B:B:64x64             |  A:A:64x64             |         Read |                    10.0 |       Write |                    10.0 |      NONE |        |        |       0 |      NONE |        |        |       0 |
|  u_soc/g_dcache.u_dcache/g_dcu[3].u_dcu/u_data_ram/mem_reg_2 | RAMB36E2  |  B:B:64x64             |  A:A:64x64             |         Read |                    10.0 |       Write |                    10.0 |      NONE |        |        |       0 |      NONE |        |        |       0 |
|  u_soc/g_dcache.u_dcache/g_dcu[3].u_dcu/u_data_ram/mem_reg_3 | RAMB36E2  |  B:B:64x64             |  A:A:64x64             |         Read |                    10.0 |       Write |                    10.0 |      NONE |        |        |       0 |      NONE |        |        |       0 |
| u_soc/g_dcache.u_dcache/g_dcu[0].u_dcu/u_tag_ram/mem         |           | 512x44                 | 512x44                 |              |                         |             |                         |           |        |        |         |           |        |        |         |
|  u_soc/g_dcache.u_dcache/g_dcu[0].u_dcu/u_tag_ram/mem_reg_0  | RAMB18E2  |  B:B:64x22             |  A:A:64x22             |         Read |                    10.0 |       Write |                    10.0 |      NONE |        |        |       0 |      NONE |        |        |       0 |
|  u_soc/g_dcache.u_dcache/g_dcu[0].u_dcu/u_tag_ram/mem_reg_1  | RAMB18E2  |  B:B:64x22             |  A:A:64x22             |         Read |                    10.0 |       Write |                    10.0 |      NONE |        |        |       0 |      NONE |        |        |       0 |
| u_soc/g_dcache.u_dcache/g_dcu[1].u_dcu/u_tag_ram/mem         |           | 512x44                 | 512x44                 |              |                         |             |                         |           |        |        |         |           |        |        |         |
|  u_soc/g_dcache.u_dcache/g_dcu[1].u_dcu/u_tag_ram/mem_reg_0  | RAMB18E2  |  B:B:64x22             |  A:A:64x22             |         Read |                    10.0 |       Write |                    10.0 |      NONE |        |        |       0 |      NONE |        |        |       0 |
|  u_soc/g_dcache.u_dcache/g_dcu[1].u_dcu/u_tag_ram/mem_reg_1  | RAMB18E2  |  B:B:64x22             |  A:A:64x22             |         Read |                    10.0 |       Write |                    10.0 |      NONE |        |        |       0 |      NONE |        |        |       0 |
| u_soc/g_dcache.u_dcache/g_dcu[2].u_dcu/u_tag_ram/mem         |           | 512x44                 | 512x44                 |              |                         |             |                         |           |        |        |         |           |        |        |         |
|  u_soc/g_dcache.u_dcache/g_dcu[2].u_dcu/u_tag_ram/mem_reg_0  | RAMB18E2  |  B:B:64x22             |  A:A:64x22             |         Read |                    10.0 |       Write |                    10.0 |      NONE |        |        |       0 |      NONE |        |        |       0 |
|  u_soc/g_dcache.u_dcache/g_dcu[2].u_dcu/u_tag_ram/mem_reg_1  | RAMB18E2  |  B:B:64x22             |  A:A:64x22             |         Read |                    10.0 |       Write |                    10.0 |      NONE |        |        |       0 |      NONE |        |        |       0 |
| u_soc/g_dcache.u_dcache/g_dcu[3].u_dcu/u_tag_ram/mem         |           | 512x44                 | 512x44                 |              |                         |             |                         |           |        |        |         |           |        |        |         |
|  u_soc/g_dcache.u_dcache/g_dcu[3].u_dcu/u_tag_ram/mem_reg_0  | RAMB18E2  |  B:B:64x22             |  A:A:64x22             |         Read |                    10.0 |       Write |                    10.0 |      NONE |        |        |       0 |      NONE |        |        |       0 |
|  u_soc/g_dcache.u_dcache/g_dcu[3].u_dcu/u_tag_ram/mem_reg_1  | RAMB18E2  |  B:B:64x22             |  A:A:64x22             |         Read |                    10.0 |       Write |                    10.0 |      NONE |        |        |       0 |      NONE |        |        |       0 |
+--------------------------------------------------------------+-----------+------------------------+------------------------+--------------+-------------------------+-------------+-------------------------+-----------+--------+--------+---------+-----------+--------+--------+---------+


5. Block Ram / URAM Memory Power - Inferred
-------------------------------------------

+--------------------------------------------------------------+-----------+------------------------+------------------------+--------------------+---------------+-------------------+-----------+--------------------+---------------+-------------------+-----------+
| Memory Name                                                  | Primitive | Port 1 Dimension / Map | Port 2 Dimension / Map | Port A Power Gated | Port A Enable | Port A WRITE_MODE | A Cascade | Port B Power Gated | Port B Enable | Port B WRITE_MODE | B Cascade |
+--------------------------------------------------------------+-----------+------------------------+------------------------+--------------------+---------------+-------------------+-----------+--------------------+---------------+-------------------+-----------+
| u_soc/u_sdmem/mem                                            |           | 65536x32               | 65536x32               |                    |               |                   |           |                    |               |                   |           |
|  u_soc/u_sdmem/mem_reg_0_bram_0                              | RAMB36E2  |  A:A:4096x8            |  B:B:4096x8            |        ENARDEN=NEW |        SIGNAL |        READ_FIRST |      NONE |        ENARDEN=NEW |        SIGNAL |       WRITE_FIRST |     FIRST |
|  u_soc/u_sdmem/mem_reg_0_bram_1                              | RAMB36E2  |  A:A:4096x8            |  B:B:4096x8            |        ENARDEN=NEW |        SIGNAL |        READ_FIRST |      NONE |        ENARDEN=NEW |        SIGNAL |       WRITE_FIRST |    MIDDLE |
|  u_soc/u_sdmem/mem_reg_0_bram_2                              | RAMB36E2  |  A:A:4096x8            |  B:B:4096x8            |        ENARDEN=NEW |        SIGNAL |        READ_FIRST |      NONE |        ENARDEN=NEW |        SIGNAL |       WRITE_FIRST |    MIDDLE |
|  u_soc/u_sdmem/mem_reg_0_bram_3                              | RAMB36E2  |  A:A:4096x8            |  B:B:4096x8            |        ENARDEN=NEW |        SIGNAL |        READ_FIRST |      NONE |        ENARDEN=NEW |        SIGNAL |       WRITE_FIRST |    MIDDLE |
|  u_soc/u_sdmem/mem_reg_0_bram_4                              | RAMB36E2  |  A:A:4096x8            |  B:B:4096x8            |        ENARDEN=NEW |        SIGNAL |        READ_FIRST |      NONE |        ENARDEN=NEW |        SIGNAL |       WRITE_FIRST |    MIDDLE |
|  u_soc/u_sdmem/mem_reg_0_bram_5                              | RAMB36E2  |  A:A:4096x8            |  B:B:4096x8            |        ENARDEN=NEW |        SIGNAL |        READ_FIRST |      NONE |        ENARDEN=NEW |        SIGNAL |       WRITE_FIRST |    MIDDLE |
|  u_soc/u_sdmem/mem_reg_0_bram_6                              | RAMB36E2  |  A:A:4096x8            |  B:B:4096x8            |        ENARDEN=NEW |        SIGNAL |        READ_FIRST |      NONE |        ENARDEN=NEW |        SIGNAL |       WRITE_FIRST |    MIDDLE |
|  u_soc/u_sdmem/mem_reg_0_bram_7                              | RAMB36E2  |  A:A:4096x8            |  B:B:4096x8            |        ENARDEN=NEW |        SIGNAL |        READ_FIRST |      NONE |        ENARDEN=NEW |        SIGNAL |       WRITE_FIRST |      LAST |
|  u_soc/u_sdmem/mem_reg_0_bram_8                              | RAMB36E2  |  A:A:4096x8            |  B:B:4096x8            |        ENARDEN=NEW |        SIGNAL |        READ_FIRST |      NONE |        ENARDEN=NEW |        SIGNAL |       WRITE_FIRST |     FIRST |
|  u_soc/u_sdmem/mem_reg_0_bram_9                              | RAMB36E2  |  A:A:4096x8            |  B:B:4096x8            |        ENARDEN=NEW |        SIGNAL |        READ_FIRST |      NONE |        ENARDEN=NEW |        SIGNAL |       WRITE_FIRST |    MIDDLE |
|  u_soc/u_sdmem/mem_reg_0_bram_10                             | RAMB36E2  |  A:A:4096x8            |  B:B:4096x8            |        ENARDEN=NEW |        SIGNAL |        READ_FIRST |      NONE |        ENARDEN=NEW |        SIGNAL |       WRITE_FIRST |    MIDDLE |
|  u_soc/u_sdmem/mem_reg_0_bram_11                             | RAMB36E2  |  A:A:4096x8            |  B:B:4096x8            |        ENARDEN=NEW |        SIGNAL |        READ_FIRST |      NONE |        ENARDEN=NEW |        SIGNAL |       WRITE_FIRST |    MIDDLE |
|  u_soc/u_sdmem/mem_reg_0_bram_12                             | RAMB36E2  |  A:A:4096x8            |  B:B:4096x8            |        ENARDEN=NEW |        SIGNAL |        READ_FIRST |      NONE |        ENARDEN=NEW |        SIGNAL |       WRITE_FIRST |    MIDDLE |
|  u_soc/u_sdmem/mem_reg_0_bram_13                             | RAMB36E2  |  A:A:4096x8            |  B:B:4096x8            |        ENARDEN=NEW |        SIGNAL |        READ_FIRST |      NONE |        ENARDEN=NEW |        SIGNAL |       WRITE_FIRST |    MIDDLE |
|  u_soc/u_sdmem/mem_reg_0_bram_14                             | RAMB36E2  |  A:A:4096x8            |  B:B:4096x8            |        ENARDEN=NEW |        SIGNAL |        READ_FIRST |      NONE |        ENARDEN=NEW |        SIGNAL |       WRITE_FIRST |    MIDDLE |
|  u_soc/u_sdmem/mem_reg_0_bram_15                             | RAMB36E2  |  A:A:4096x8            |  B:B:4096x8            |        ENARDEN=NEW |        SIGNAL |        READ_FIRST |      NONE |        ENARDEN=NEW |        SIGNAL |       WRITE_FIRST |      LAST |
|  u_soc/u_sdmem/mem_reg_1_bram_0                              | RAMB36E2  |  A:A:4096x8            |  B:B:4096x8            |        ENARDEN=NEW |        SIGNAL |        READ_FIRST |      NONE |        ENARDEN=NEW |        SIGNAL |       WRITE_FIRST |     FIRST |
|  u_soc/u_sdmem/mem_reg_1_bram_1                              | RAMB36E2  |  A:A:4096x8            |  B:B:4096x8            |        ENARDEN=NEW |        SIGNAL |        READ_FIRST |      NONE |        ENARDEN=NEW |        SIGNAL |       WRITE_FIRST |    MIDDLE |
|  u_soc/u_sdmem/mem_reg_1_bram_2                              | RAMB36E2  |  A:A:4096x8            |  B:B:4096x8            |        ENARDEN=NEW |        SIGNAL |        READ_FIRST |      NONE |        ENARDEN=NEW |        SIGNAL |       WRITE_FIRST |    MIDDLE |
|  u_soc/u_sdmem/mem_reg_1_bram_3                              | RAMB36E2  |  A:A:4096x8            |  B:B:4096x8            |        ENARDEN=NEW |        SIGNAL |        READ_FIRST |      NONE |        ENARDEN=NEW |        SIGNAL |       WRITE_FIRST |    MIDDLE |
|  u_soc/u_sdmem/mem_reg_1_bram_4                              | RAMB36E2  |  A:A:4096x8            |  B:B:4096x8            |        ENARDEN=NEW |        SIGNAL |        READ_FIRST |      NONE |        ENARDEN=NEW |        SIGNAL |       WRITE_FIRST |    MIDDLE |
|  u_soc/u_sdmem/mem_reg_1_bram_5                              | RAMB36E2  |  A:A:4096x8            |  B:B:4096x8            |        ENARDEN=NEW |        SIGNAL |        READ_FIRST |      NONE |        ENARDEN=NEW |        SIGNAL |       WRITE_FIRST |    MIDDLE |
|  u_soc/u_sdmem/mem_reg_1_bram_6                              | RAMB36E2  |  A:A:4096x8            |  B:B:4096x8            |        ENARDEN=NEW |        SIGNAL |        READ_FIRST |      NONE |        ENARDEN=NEW |        SIGNAL |       WRITE_FIRST |    MIDDLE |
|  u_soc/u_sdmem/mem_reg_1_bram_7                              | RAMB36E2  |  A:A:4096x8            |  B:B:4096x8            |        ENARDEN=NEW |        SIGNAL |        READ_FIRST |      NONE |        ENARDEN=NEW |        SIGNAL |       WRITE_FIRST |      LAST |
|  u_soc/u_sdmem/mem_reg_1_bram_8                              | RAMB36E2  |  A:A:4096x8            |  B:B:4096x8            |        ENARDEN=NEW |        SIGNAL |        READ_FIRST |      NONE |        ENARDEN=NEW |        SIGNAL |       WRITE_FIRST |     FIRST |
|  u_soc/u_sdmem/mem_reg_1_bram_9                              | RAMB36E2  |  A:A:4096x8            |  B:B:4096x8            |        ENARDEN=NEW |        SIGNAL |        READ_FIRST |      NONE |        ENARDEN=NEW |        SIGNAL |       WRITE_FIRST |    MIDDLE |
|  u_soc/u_sdmem/mem_reg_1_bram_10                             | RAMB36E2  |  A:A:4096x8            |  B:B:4096x8            |        ENARDEN=NEW |        SIGNAL |        READ_FIRST |      NONE |        ENARDEN=NEW |        SIGNAL |       WRITE_FIRST |    MIDDLE |
|  u_soc/u_sdmem/mem_reg_1_bram_11                             | RAMB36E2  |  A:A:4096x8            |  B:B:4096x8            |        ENARDEN=NEW |        SIGNAL |        READ_FIRST |      NONE |        ENARDEN=NEW |        SIGNAL |       WRITE_FIRST |    MIDDLE |
|  u_soc/u_sdmem/mem_reg_1_bram_12                             | RAMB36E2  |  A:A:4096x8            |  B:B:4096x8            |        ENARDEN=NEW |        SIGNAL |        READ_FIRST |      NONE |        ENARDEN=NEW |        SIGNAL |       WRITE_FIRST |    MIDDLE |
|  u_soc/u_sdmem/mem_reg_1_bram_13                             | RAMB36E2  |  A:A:4096x8            |  B:B:4096x8            |        ENARDEN=NEW |        SIGNAL |        READ_FIRST |      NONE |        ENARDEN=NEW |        SIGNAL |       WRITE_FIRST |    MIDDLE |
|  u_soc/u_sdmem/mem_reg_1_bram_14                             | RAMB36E2  |  A:A:4096x8            |  B:B:4096x8            |        ENARDEN=NEW |        SIGNAL |        READ_FIRST |      NONE |        ENARDEN=NEW |        SIGNAL |       WRITE_FIRST |    MIDDLE |
|  u_soc/u_sdmem/mem_reg_1_bram_15                             | RAMB36E2  |  A:A:4096x8            |  B:B:4096x8            |        ENARDEN=NEW |        SIGNAL |        READ_FIRST |      NONE |        ENARDEN=NEW |        SIGNAL |       WRITE_FIRST |      LAST |
|  u_soc/u_sdmem/mem_reg_2_bram_0                              | RAMB36E2  |  A:A:4096x8            |  B:B:4096x8            |        ENARDEN=NEW |        SIGNAL |        READ_FIRST |      NONE |        ENARDEN=NEW |        SIGNAL |       WRITE_FIRST |     FIRST |
|  u_soc/u_sdmem/mem_reg_2_bram_1                              | RAMB36E2  |  A:A:4096x8            |  B:B:4096x8            |        ENARDEN=NEW |        SIGNAL |        READ_FIRST |      NONE |        ENARDEN=NEW |        SIGNAL |       WRITE_FIRST |    MIDDLE |
|  u_soc/u_sdmem/mem_reg_2_bram_2                              | RAMB36E2  |  A:A:4096x8            |  B:B:4096x8            |        ENARDEN=NEW |        SIGNAL |        READ_FIRST |      NONE |        ENARDEN=NEW |        SIGNAL |       WRITE_FIRST |    MIDDLE |
|  u_soc/u_sdmem/mem_reg_2_bram_3                              | RAMB36E2  |  A:A:4096x8            |  B:B:4096x8            |        ENARDEN=NEW |        SIGNAL |        READ_FIRST |      NONE |        ENARDEN=NEW |        SIGNAL |       WRITE_FIRST |    MIDDLE |
|  u_soc/u_sdmem/mem_reg_2_bram_4                              | RAMB36E2  |  A:A:4096x8            |  B:B:4096x8            |        ENARDEN=NEW |        SIGNAL |        READ_FIRST |      NONE |        ENARDEN=NEW |        SIGNAL |       WRITE_FIRST |    MIDDLE |
|  u_soc/u_sdmem/mem_reg_2_bram_5                              | RAMB36E2  |  A:A:4096x8            |  B:B:4096x8            |        ENARDEN=NEW |        SIGNAL |        READ_FIRST |      NONE |        ENARDEN=NEW |        SIGNAL |       WRITE_FIRST |    MIDDLE |
|  u_soc/u_sdmem/mem_reg_2_bram_6                              | RAMB36E2  |  A:A:4096x8            |  B:B:4096x8            |        ENARDEN=NEW |        SIGNAL |        READ_FIRST |      NONE |        ENARDEN=NEW |        SIGNAL |       WRITE_FIRST |    MIDDLE |
|  u_soc/u_sdmem/mem_reg_2_bram_7                              | RAMB36E2  |  A:A:4096x8            |  B:B:4096x8            |        ENARDEN=NEW |        SIGNAL |        READ_FIRST |      NONE |        ENARDEN=NEW |        SIGNAL |       WRITE_FIRST |      LAST |
|  u_soc/u_sdmem/mem_reg_2_bram_8                              | RAMB36E2  |  A:A:4096x8            |  B:B:4096x8            |        ENARDEN=NEW |        SIGNAL |        READ_FIRST |      NONE |        ENARDEN=NEW |        SIGNAL |       WRITE_FIRST |     FIRST |
|  u_soc/u_sdmem/mem_reg_2_bram_9                              | RAMB36E2  |  A:A:4096x8            |  B:B:4096x8            |        ENARDEN=NEW |        SIGNAL |        READ_FIRST |      NONE |        ENARDEN=NEW |        SIGNAL |       WRITE_FIRST |    MIDDLE |
|  u_soc/u_sdmem/mem_reg_2_bram_10                             | RAMB36E2  |  A:A:4096x8            |  B:B:4096x8            |        ENARDEN=NEW |        SIGNAL |        READ_FIRST |      NONE |        ENARDEN=NEW |        SIGNAL |       WRITE_FIRST |    MIDDLE |
|  u_soc/u_sdmem/mem_reg_2_bram_11                             | RAMB36E2  |  A:A:4096x8            |  B:B:4096x8            |        ENARDEN=NEW |        SIGNAL |        READ_FIRST |      NONE |        ENARDEN=NEW |        SIGNAL |       WRITE_FIRST |    MIDDLE |
|  u_soc/u_sdmem/mem_reg_2_bram_12                             | RAMB36E2  |  A:A:4096x8            |  B:B:4096x8            |        ENARDEN=NEW |        SIGNAL |        READ_FIRST |      NONE |        ENARDEN=NEW |        SIGNAL |       WRITE_FIRST |    MIDDLE |
|  u_soc/u_sdmem/mem_reg_2_bram_13                             | RAMB36E2  |  A:A:4096x8            |  B:B:4096x8            |        ENARDEN=NEW |        SIGNAL |        READ_FIRST |      NONE |        ENARDEN=NEW |        SIGNAL |       WRITE_FIRST |    MIDDLE |
|  u_soc/u_sdmem/mem_reg_2_bram_14                             | RAMB36E2  |  A:A:4096x8            |  B:B:4096x8            |        ENARDEN=NEW |        SIGNAL |        READ_FIRST |      NONE |        ENARDEN=NEW |        SIGNAL |       WRITE_FIRST |    MIDDLE |
|  u_soc/u_sdmem/mem_reg_2_bram_15                             | RAMB36E2  |  A:A:4096x8            |  B:B:4096x8            |        ENARDEN=NEW |        SIGNAL |        READ_FIRST |      NONE |        ENARDEN=NEW |        SIGNAL |       WRITE_FIRST |      LAST |
|  u_soc/u_sdmem/mem_reg_3_bram_0                              | RAMB36E2  |  A:A:4096x8            |  B:B:4096x8            |        ENARDEN=NEW |        SIGNAL |        READ_FIRST |      NONE |        ENARDEN=NEW |        SIGNAL |       WRITE_FIRST |     FIRST |
|  u_soc/u_sdmem/mem_reg_3_bram_1                              | RAMB36E2  |  A:A:4096x8            |  B:B:4096x8            |        ENARDEN=NEW |        SIGNAL |        READ_FIRST |      NONE |        ENARDEN=NEW |        SIGNAL |       WRITE_FIRST |    MIDDLE |
|  u_soc/u_sdmem/mem_reg_3_bram_2                              | RAMB36E2  |  A:A:4096x8            |  B:B:4096x8            |        ENARDEN=NEW |        SIGNAL |        READ_FIRST |      NONE |        ENARDEN=NEW |        SIGNAL |       WRITE_FIRST |    MIDDLE |
|  u_soc/u_sdmem/mem_reg_3_bram_3                              | RAMB36E2  |  A:A:4096x8            |  B:B:4096x8            |        ENARDEN=NEW |        SIGNAL |        READ_FIRST |      NONE |        ENARDEN=NEW |        SIGNAL |       WRITE_FIRST |    MIDDLE |
|  u_soc/u_sdmem/mem_reg_3_bram_4                              | RAMB36E2  |  A:A:4096x8            |  B:B:4096x8            |        ENARDEN=NEW |        SIGNAL |        READ_FIRST |      NONE |        ENARDEN=NEW |        SIGNAL |       WRITE_FIRST |    MIDDLE |
|  u_soc/u_sdmem/mem_reg_3_bram_5                              | RAMB36E2  |  A:A:4096x8            |  B:B:4096x8            |        ENARDEN=NEW |        SIGNAL |        READ_FIRST |      NONE |        ENARDEN=NEW |        SIGNAL |       WRITE_FIRST |    MIDDLE |
|  u_soc/u_sdmem/mem_reg_3_bram_6                              | RAMB36E2  |  A:A:4096x8            |  B:B:4096x8            |        ENARDEN=NEW |        SIGNAL |        READ_FIRST |      NONE |        ENARDEN=NEW |        SIGNAL |       WRITE_FIRST |    MIDDLE |
|  u_soc/u_sdmem/mem_reg_3_bram_7                              | RAMB36E2  |  A:A:4096x8            |  B:B:4096x8            |        ENARDEN=NEW |        SIGNAL |        READ_FIRST |      NONE |        ENARDEN=NEW |        SIGNAL |       WRITE_FIRST |      LAST |
|  u_soc/u_sdmem/mem_reg_3_bram_8                              | RAMB36E2  |  A:A:4096x8            |  B:B:4096x8            |        ENARDEN=NEW |        SIGNAL |        READ_FIRST |      NONE |        ENARDEN=NEW |        SIGNAL |       WRITE_FIRST |     FIRST |
|  u_soc/u_sdmem/mem_reg_3_bram_9                              | RAMB36E2  |  A:A:4096x8            |  B:B:4096x8            |        ENARDEN=NEW |        SIGNAL |        READ_FIRST |      NONE |        ENARDEN=NEW |        SIGNAL |       WRITE_FIRST |    MIDDLE |
|  u_soc/u_sdmem/mem_reg_3_bram_10                             | RAMB36E2  |  A:A:4096x8            |  B:B:4096x8            |        ENARDEN=NEW |        SIGNAL |        READ_FIRST |      NONE |        ENARDEN=NEW |        SIGNAL |       WRITE_FIRST |    MIDDLE |
|  u_soc/u_sdmem/mem_reg_3_bram_11                             | RAMB36E2  |  A:A:4096x8            |  B:B:4096x8            |        ENARDEN=NEW |        SIGNAL |        READ_FIRST |      NONE |        ENARDEN=NEW |        SIGNAL |       WRITE_FIRST |    MIDDLE |
|  u_soc/u_sdmem/mem_reg_3_bram_12                             | RAMB36E2  |  A:A:4096x8            |  B:B:4096x8            |        ENARDEN=NEW |        SIGNAL |        READ_FIRST |      NONE |        ENARDEN=NEW |        SIGNAL |       WRITE_FIRST |    MIDDLE |
|  u_soc/u_sdmem/mem_reg_3_bram_13                             | RAMB36E2  |  A:A:4096x8            |  B:B:4096x8            |        ENARDEN=NEW |        SIGNAL |        READ_FIRST |      NONE |        ENARDEN=NEW |        SIGNAL |       WRITE_FIRST |    MIDDLE |
|  u_soc/u_sdmem/mem_reg_3_bram_14                             | RAMB36E2  |  A:A:4096x8            |  B:B:4096x8            |        ENARDEN=NEW |        SIGNAL |        READ_FIRST |      NONE |        ENARDEN=NEW |        SIGNAL |       WRITE_FIRST |    MIDDLE |
|  u_soc/u_sdmem/mem_reg_3_bram_15                             | RAMB36E2  |  A:A:4096x8            |  B:B:4096x8            |        ENARDEN=NEW |        SIGNAL |        READ_FIRST |      NONE |        ENARDEN=NEW |        SIGNAL |       WRITE_FIRST |      LAST |
| u_soc/g_pe[0].u_pe/u_itcm/mem                                |           | 8192x32                | 8192x32                |                    |               |                   |           |                    |               |                   |           |
|  u_soc/g_pe[0].u_pe/u_itcm/mem_reg_0_bram_0                  | RAMB36E2  |  A:A:4096x8            |  B:B:4096x8            |                    |        SIGNAL |        READ_FIRST |     FIRST |                    |        SIGNAL |       WRITE_FIRST |     FIRST |
|  u_soc/g_pe[0].u_pe/u_itcm/mem_reg_0_bram_1                  | RAMB36E2  |  A:A:4096x8            |  B:B:4096x8            |                    |        SIGNAL |        READ_FIRST |      LAST |                    |        SIGNAL |       WRITE_FIRST |      LAST |
|  u_soc/g_pe[0].u_pe/u_itcm/mem_reg_1_bram_0                  | RAMB36E2  |  A:A:4096x8            |  B:B:4096x8            |                    |        SIGNAL |        READ_FIRST |     FIRST |                    |        SIGNAL |       WRITE_FIRST |     FIRST |
|  u_soc/g_pe[0].u_pe/u_itcm/mem_reg_1_bram_1                  | RAMB36E2  |  A:A:4096x8            |  B:B:4096x8            |                    |        SIGNAL |        READ_FIRST |      LAST |                    |        SIGNAL |       WRITE_FIRST |      LAST |
|  u_soc/g_pe[0].u_pe/u_itcm/mem_reg_2_bram_0                  | RAMB36E2  |  A:A:4096x8            |  B:B:4096x8            |                    |        SIGNAL |        READ_FIRST |     FIRST |                    |        SIGNAL |       WRITE_FIRST |     FIRST |
|  u_soc/g_pe[0].u_pe/u_itcm/mem_reg_2_bram_1                  | RAMB36E2  |  A:A:4096x8            |  B:B:4096x8            |                    |        SIGNAL |        READ_FIRST |      LAST |                    |        SIGNAL |       WRITE_FIRST |      LAST |
|  u_soc/g_pe[0].u_pe/u_itcm/mem_reg_3_bram_0                  | RAMB36E2  |  A:A:4096x8            |  B:B:4096x8            |                    |        SIGNAL |        READ_FIRST |     FIRST |                    |        SIGNAL |       WRITE_FIRST |     FIRST |
|  u_soc/g_pe[0].u_pe/u_itcm/mem_reg_3_bram_1                  | RAMB36E2  |  A:A:4096x8            |  B:B:4096x8            |                    |        SIGNAL |        READ_FIRST |      LAST |                    |        SIGNAL |       WRITE_FIRST |      LAST |
| u_soc/g_pe[1].u_pe/u_itcm/mem                                |           | 8192x32                | 8192x32                |                    |               |                   |           |                    |               |                   |           |
|  u_soc/g_pe[1].u_pe/u_itcm/mem_reg_0_bram_0                  | RAMB36E2  |  A:A:4096x8            |  B:B:4096x8            |                    |        SIGNAL |        READ_FIRST |     FIRST |                    |        SIGNAL |       WRITE_FIRST |     FIRST |
|  u_soc/g_pe[1].u_pe/u_itcm/mem_reg_0_bram_1                  | RAMB36E2  |  A:A:4096x8            |  B:B:4096x8            |                    |        SIGNAL |        READ_FIRST |      LAST |                    |        SIGNAL |       WRITE_FIRST |      LAST |
|  u_soc/g_pe[1].u_pe/u_itcm/mem_reg_1_bram_0                  | RAMB36E2  |  A:A:4096x8            |  B:B:4096x8            |                    |        SIGNAL |        READ_FIRST |     FIRST |                    |        SIGNAL |       WRITE_FIRST |     FIRST |
|  u_soc/g_pe[1].u_pe/u_itcm/mem_reg_1_bram_1                  | RAMB36E2  |  A:A:4096x8            |  B:B:4096x8            |                    |        SIGNAL |        READ_FIRST |      LAST |                    |        SIGNAL |       WRITE_FIRST |      LAST |
|  u_soc/g_pe[1].u_pe/u_itcm/mem_reg_2_bram_0                  | RAMB36E2  |  A:A:4096x8            |  B:B:4096x8            |                    |        SIGNAL |        READ_FIRST |     FIRST |                    |        SIGNAL |       WRITE_FIRST |     FIRST |
|  u_soc/g_pe[1].u_pe/u_itcm/mem_reg_2_bram_1                  | RAMB36E2  |  A:A:4096x8            |  B:B:4096x8            |                    |        SIGNAL |        READ_FIRST |      LAST |                    |        SIGNAL |       WRITE_FIRST |      LAST |
|  u_soc/g_pe[1].u_pe/u_itcm/mem_reg_3_bram_0                  | RAMB36E2  |  A:A:4096x8            |  B:B:4096x8            |                    |        SIGNAL |        READ_FIRST |     FIRST |                    |        SIGNAL |       WRITE_FIRST |     FIRST |
|  u_soc/g_pe[1].u_pe/u_itcm/mem_reg_3_bram_1                  | RAMB36E2  |  A:A:4096x8            |  B:B:4096x8            |                    |        SIGNAL |        READ_FIRST |      LAST |                    |        SIGNAL |       WRITE_FIRST |      LAST |
| u_soc/g_pe[2].u_pe/u_itcm/mem                                |           | 8192x32                | 8192x32                |                    |               |                   |           |                    |               |                   |           |
|  u_soc/g_pe[2].u_pe/u_itcm/mem_reg_0_bram_0                  | RAMB36E2  |  A:A:4096x8            |  B:B:4096x8            |                    |        SIGNAL |        READ_FIRST |     FIRST |                    |        SIGNAL |       WRITE_FIRST |     FIRST |
|  u_soc/g_pe[2].u_pe/u_itcm/mem_reg_0_bram_1                  | RAMB36E2  |  A:A:4096x8            |  B:B:4096x8            |                    |        SIGNAL |        READ_FIRST |      LAST |                    |        SIGNAL |       WRITE_FIRST |      LAST |
|  u_soc/g_pe[2].u_pe/u_itcm/mem_reg_1_bram_0                  | RAMB36E2  |  A:A:4096x8            |  B:B:4096x8            |                    |        SIGNAL |        READ_FIRST |     FIRST |                    |        SIGNAL |       WRITE_FIRST |     FIRST |
|  u_soc/g_pe[2].u_pe/u_itcm/mem_reg_1_bram_1                  | RAMB36E2  |  A:A:4096x8            |  B:B:4096x8            |                    |        SIGNAL |        READ_FIRST |      LAST |                    |        SIGNAL |       WRITE_FIRST |      LAST |
|  u_soc/g_pe[2].u_pe/u_itcm/mem_reg_2_bram_0                  | RAMB36E2  |  A:A:4096x8            |  B:B:4096x8            |                    |        SIGNAL |        READ_FIRST |     FIRST |                    |        SIGNAL |       WRITE_FIRST |     FIRST |
|  u_soc/g_pe[2].u_pe/u_itcm/mem_reg_2_bram_1                  | RAMB36E2  |  A:A:4096x8            |  B:B:4096x8            |                    |        SIGNAL |        READ_FIRST |      LAST |                    |        SIGNAL |       WRITE_FIRST |      LAST |
|  u_soc/g_pe[2].u_pe/u_itcm/mem_reg_3_bram_0                  | RAMB36E2  |  A:A:4096x8            |  B:B:4096x8            |                    |        SIGNAL |        READ_FIRST |     FIRST |                    |        SIGNAL |       WRITE_FIRST |     FIRST |
|  u_soc/g_pe[2].u_pe/u_itcm/mem_reg_3_bram_1                  | RAMB36E2  |  A:A:4096x8            |  B:B:4096x8            |                    |        SIGNAL |        READ_FIRST |      LAST |                    |        SIGNAL |       WRITE_FIRST |      LAST |
| u_soc/g_pe[3].u_pe/u_itcm/mem                                |           | 8192x32                | 8192x32                |                    |               |                   |           |                    |               |                   |           |
|  u_soc/g_pe[3].u_pe/u_itcm/mem_reg_0_bram_0                  | RAMB36E2  |  A:A:4096x8            |  B:B:4096x8            |                    |        SIGNAL |        READ_FIRST |     FIRST |                    |        SIGNAL |       WRITE_FIRST |     FIRST |
|  u_soc/g_pe[3].u_pe/u_itcm/mem_reg_0_bram_1                  | RAMB36E2  |  A:A:4096x8            |  B:B:4096x8            |                    |        SIGNAL |        READ_FIRST |      LAST |                    |        SIGNAL |       WRITE_FIRST |      LAST |
|  u_soc/g_pe[3].u_pe/u_itcm/mem_reg_1_bram_0                  | RAMB36E2  |  A:A:4096x8            |  B:B:4096x8            |                    |        SIGNAL |        READ_FIRST |     FIRST |                    |        SIGNAL |       WRITE_FIRST |     FIRST |
|  u_soc/g_pe[3].u_pe/u_itcm/mem_reg_1_bram_1                  | RAMB36E2  |  A:A:4096x8            |  B:B:4096x8            |                    |        SIGNAL |        READ_FIRST |      LAST |                    |        SIGNAL |       WRITE_FIRST |      LAST |
|  u_soc/g_pe[3].u_pe/u_itcm/mem_reg_2_bram_0                  | RAMB36E2  |  A:A:4096x8            |  B:B:4096x8            |                    |        SIGNAL |        READ_FIRST |     FIRST |                    |        SIGNAL |       WRITE_FIRST |     FIRST |
|  u_soc/g_pe[3].u_pe/u_itcm/mem_reg_2_bram_1                  | RAMB36E2  |  A:A:4096x8            |  B:B:4096x8            |                    |        SIGNAL |        READ_FIRST |      LAST |                    |        SIGNAL |       WRITE_FIRST |      LAST |
|  u_soc/g_pe[3].u_pe/u_itcm/mem_reg_3_bram_0                  | RAMB36E2  |  A:A:4096x8            |  B:B:4096x8            |                    |        SIGNAL |        READ_FIRST |     FIRST |                    |        SIGNAL |       WRITE_FIRST |     FIRST |
|  u_soc/g_pe[3].u_pe/u_itcm/mem_reg_3_bram_1                  | RAMB36E2  |  A:A:4096x8            |  B:B:4096x8            |                    |        SIGNAL |        READ_FIRST |      LAST |                    |        SIGNAL |       WRITE_FIRST |      LAST |
| u_soc/u_simem/mem                                            |           | 8192x32                | 8192x32                |                    |               |                   |           |                    |               |                   |           |
|  u_soc/u_simem/mem_reg_0_bram_0                              | RAMB36E2  |  A:A:4096x8            |  B:B:4096x8            |                    |        SIGNAL |        READ_FIRST |      NONE |                    |        SIGNAL |       WRITE_FIRST |     FIRST |
|  u_soc/u_simem/mem_reg_0_bram_1                              | RAMB36E2  |  A:A:4096x8            |  B:B:4096x8            |        ENARDEN=NEW |        SIGNAL |        READ_FIRST |      NONE |        ENARDEN=NEW |        SIGNAL |       WRITE_FIRST |      LAST |
|  u_soc/u_simem/mem_reg_1_bram_0                              | RAMB36E2  |  A:A:4096x8            |  B:B:4096x8            |                    |        SIGNAL |        READ_FIRST |      NONE |                    |        SIGNAL |       WRITE_FIRST |     FIRST |
|  u_soc/u_simem/mem_reg_1_bram_1                              | RAMB36E2  |  A:A:4096x8            |  B:B:4096x8            |        ENARDEN=NEW |        SIGNAL |        READ_FIRST |      NONE |        ENARDEN=NEW |        SIGNAL |       WRITE_FIRST |      LAST |
|  u_soc/u_simem/mem_reg_2_bram_0                              | RAMB36E2  |  A:A:4096x8            |  B:B:4096x8            |                    |        SIGNAL |        READ_FIRST |      NONE |                    |        SIGNAL |       WRITE_FIRST |     FIRST |
|  u_soc/u_simem/mem_reg_2_bram_1                              | RAMB36E2  |  A:A:4096x8            |  B:B:4096x8            |        ENARDEN=NEW |        SIGNAL |        READ_FIRST |      NONE |        ENARDEN=NEW |        SIGNAL |       WRITE_FIRST |      LAST |
|  u_soc/u_simem/mem_reg_3_bram_0                              | RAMB36E2  |  A:A:4096x8            |  B:B:4096x8            |                    |        SIGNAL |        READ_FIRST |      NONE |                    |        SIGNAL |       WRITE_FIRST |     FIRST |
|  u_soc/u_simem/mem_reg_3_bram_1                              | RAMB36E2  |  A:A:4096x8            |  B:B:4096x8            |        ENARDEN=NEW |        SIGNAL |        READ_FIRST |      NONE |        ENARDEN=NEW |        SIGNAL |       WRITE_FIRST |      LAST |
| u_soc/g_dcache.u_dcache/g_dcu[0].u_dcu/u_data_ram/mem        |           | 64x256                 | 64x256                 |                    |               |                   |           |                    |               |                   |           |
|  u_soc/g_dcache.u_dcache/g_dcu[0].u_dcu/u_data_ram/mem_reg_0 | RAMB36E2  |  B:B:64x64             |  A:A:64x64             |                    |         POWER |        READ_FIRST |      NONE |                    |         POWER |        READ_FIRST |      NONE |
|  u_soc/g_dcache.u_dcache/g_dcu[0].u_dcu/u_data_ram/mem_reg_1 | RAMB36E2  |  B:B:64x64             |  A:A:64x64             |                    |         POWER |        READ_FIRST |      NONE |                    |         POWER |        READ_FIRST |      NONE |
|  u_soc/g_dcache.u_dcache/g_dcu[0].u_dcu/u_data_ram/mem_reg_2 | RAMB36E2  |  B:B:64x64             |  A:A:64x64             |                    |         POWER |        READ_FIRST |      NONE |                    |         POWER |        READ_FIRST |      NONE |
|  u_soc/g_dcache.u_dcache/g_dcu[0].u_dcu/u_data_ram/mem_reg_3 | RAMB36E2  |  B:B:64x64             |  A:A:64x64             |                    |         POWER |        READ_FIRST |      NONE |                    |         POWER |        READ_FIRST |      NONE |
| u_soc/g_dcache.u_dcache/g_dcu[1].u_dcu/u_data_ram/mem        |           | 64x256                 | 64x256                 |                    |               |                   |           |                    |               |                   |           |
|  u_soc/g_dcache.u_dcache/g_dcu[1].u_dcu/u_data_ram/mem_reg_0 | RAMB36E2  |  B:B:64x64             |  A:A:64x64             |                    |         POWER |        READ_FIRST |      NONE |                    |         POWER |        READ_FIRST |      NONE |
|  u_soc/g_dcache.u_dcache/g_dcu[1].u_dcu/u_data_ram/mem_reg_1 | RAMB36E2  |  B:B:64x64             |  A:A:64x64             |                    |         POWER |        READ_FIRST |      NONE |                    |         POWER |        READ_FIRST |      NONE |
|  u_soc/g_dcache.u_dcache/g_dcu[1].u_dcu/u_data_ram/mem_reg_2 | RAMB36E2  |  B:B:64x64             |  A:A:64x64             |                    |         POWER |        READ_FIRST |      NONE |                    |         POWER |        READ_FIRST |      NONE |
|  u_soc/g_dcache.u_dcache/g_dcu[1].u_dcu/u_data_ram/mem_reg_3 | RAMB36E2  |  B:B:64x64             |  A:A:64x64             |                    |         POWER |        READ_FIRST |      NONE |                    |         POWER |        READ_FIRST |      NONE |
| u_soc/g_dcache.u_dcache/g_dcu[2].u_dcu/u_data_ram/mem        |           | 64x256                 | 64x256                 |                    |               |                   |           |                    |               |                   |           |
|  u_soc/g_dcache.u_dcache/g_dcu[2].u_dcu/u_data_ram/mem_reg_0 | RAMB36E2  |  B:B:64x64             |  A:A:64x64             |                    |         POWER |        READ_FIRST |      NONE |                    |         POWER |        READ_FIRST |      NONE |
|  u_soc/g_dcache.u_dcache/g_dcu[2].u_dcu/u_data_ram/mem_reg_1 | RAMB36E2  |  B:B:64x64             |  A:A:64x64             |                    |         POWER |        READ_FIRST |      NONE |                    |         POWER |        READ_FIRST |      NONE |
|  u_soc/g_dcache.u_dcache/g_dcu[2].u_dcu/u_data_ram/mem_reg_2 | RAMB36E2  |  B:B:64x64             |  A:A:64x64             |                    |         POWER |        READ_FIRST |      NONE |                    |         POWER |        READ_FIRST |      NONE |
|  u_soc/g_dcache.u_dcache/g_dcu[2].u_dcu/u_data_ram/mem_reg_3 | RAMB36E2  |  B:B:64x64             |  A:A:64x64             |                    |         POWER |        READ_FIRST |      NONE |                    |         POWER |        READ_FIRST |      NONE |
| u_soc/g_dcache.u_dcache/g_dcu[3].u_dcu/u_data_ram/mem        |           | 64x256                 | 64x256                 |                    |               |                   |           |                    |               |                   |           |
|  u_soc/g_dcache.u_dcache/g_dcu[3].u_dcu/u_data_ram/mem_reg_0 | RAMB36E2  |  B:B:64x64             |  A:A:64x64             |                    |         POWER |        READ_FIRST |      NONE |                    |         POWER |        READ_FIRST |      NONE |
|  u_soc/g_dcache.u_dcache/g_dcu[3].u_dcu/u_data_ram/mem_reg_1 | RAMB36E2  |  B:B:64x64             |  A:A:64x64             |                    |         POWER |        READ_FIRST |      NONE |                    |         POWER |        READ_FIRST |      NONE |
|  u_soc/g_dcache.u_dcache/g_dcu[3].u_dcu/u_data_ram/mem_reg_2 | RAMB36E2  |  B:B:64x64             |  A:A:64x64             |                    |         POWER |        READ_FIRST |      NONE |                    |         POWER |        READ_FIRST |      NONE |
|  u_soc/g_dcache.u_dcache/g_dcu[3].u_dcu/u_data_ram/mem_reg_3 | RAMB36E2  |  B:B:64x64             |  A:A:64x64             |                    |         POWER |        READ_FIRST |      NONE |                    |         POWER |        READ_FIRST |      NONE |
| u_soc/g_dcache.u_dcache/g_dcu[0].u_dcu/u_tag_ram/mem         |           | 512x44                 | 512x44                 |                    |               |                   |           |                    |               |                   |           |
|  u_soc/g_dcache.u_dcache/g_dcu[0].u_dcu/u_tag_ram/mem_reg_0  | RAMB18E2  |  B:B:64x22             |  A:A:64x22             |                    |         POWER |        READ_FIRST |      NONE |                    |         POWER |        READ_FIRST |      NONE |
|  u_soc/g_dcache.u_dcache/g_dcu[0].u_dcu/u_tag_ram/mem_reg_1  | RAMB18E2  |  B:B:64x22             |  A:A:64x22             |                    |         POWER |        READ_FIRST |      NONE |                    |         POWER |        READ_FIRST |      NONE |
| u_soc/g_dcache.u_dcache/g_dcu[1].u_dcu/u_tag_ram/mem         |           | 512x44                 | 512x44                 |                    |               |                   |           |                    |               |                   |           |
|  u_soc/g_dcache.u_dcache/g_dcu[1].u_dcu/u_tag_ram/mem_reg_0  | RAMB18E2  |  B:B:64x22             |  A:A:64x22             |                    |         POWER |        READ_FIRST |      NONE |                    |         POWER |        READ_FIRST |      NONE |
|  u_soc/g_dcache.u_dcache/g_dcu[1].u_dcu/u_tag_ram/mem_reg_1  | RAMB18E2  |  B:B:64x22             |  A:A:64x22             |                    |         POWER |        READ_FIRST |      NONE |                    |         POWER |        READ_FIRST |      NONE |
| u_soc/g_dcache.u_dcache/g_dcu[2].u_dcu/u_tag_ram/mem         |           | 512x44                 | 512x44                 |                    |               |                   |           |                    |               |                   |           |
|  u_soc/g_dcache.u_dcache/g_dcu[2].u_dcu/u_tag_ram/mem_reg_0  | RAMB18E2  |  B:B:64x22             |  A:A:64x22             |                    |         POWER |        READ_FIRST |      NONE |                    |         POWER |        READ_FIRST |      NONE |
|  u_soc/g_dcache.u_dcache/g_dcu[2].u_dcu/u_tag_ram/mem_reg_1  | RAMB18E2  |  B:B:64x22             |  A:A:64x22             |                    |         POWER |        READ_FIRST |      NONE |                    |         POWER |        READ_FIRST |      NONE |
| u_soc/g_dcache.u_dcache/g_dcu[3].u_dcu/u_tag_ram/mem         |           | 512x44                 | 512x44                 |                    |               |                   |           |                    |               |                   |           |
|  u_soc/g_dcache.u_dcache/g_dcu[3].u_dcu/u_tag_ram/mem_reg_0  | RAMB18E2  |  B:B:64x22             |  A:A:64x22             |                    |         POWER |        READ_FIRST |      NONE |                    |         POWER |        READ_FIRST |      NONE |
|  u_soc/g_dcache.u_dcache/g_dcu[3].u_dcu/u_tag_ram/mem_reg_1  | RAMB18E2  |  B:B:64x22             |  A:A:64x22             |                    |         POWER |        READ_FIRST |      NONE |                    |         POWER |        READ_FIRST |      NONE |
+--------------------------------------------------------------+-----------+------------------------+------------------------+--------------------+---------------+-------------------+-----------+--------------------+---------------+-------------------+-----------+


