Copyright 1986-2022 Xilinx, Inc. All Rights Reserved. Copyright 2022-2025 Advanced Micro Devices, Inc. All Rights Reserved.
------------------------------------------------------------------------------------------------------------------------------------------------------------------------------------
| Tool Version      : Vivado v.2025.1 (win64) Build 6140274 Thu May 22 00:12:29 MDT 2025
| Date              : Mon Aug 31 19:53:15 2026
| Host              : Krishna_NITjsr running 64-bit major release  (build 9200)
| Command           : report_timing_summary -delay_type min_max -max_paths 10 -report_unconstrained -file C:/work/riscv-cache-extension/fpga/reports_baseline/post_route_timing.rpt
| Design            : fpga_top
| Device            : xczu7ev-ffvc1156
| Speed File        : -2  PRODUCTION 1.30 05-15-2022
| Design State      : Routed
| Temperature Grade : E
------------------------------------------------------------------------------------------------------------------------------------------------------------------------------------

Timing Summary Report

------------------------------------------------------------------------------------------------
| Timer Settings
| --------------
------------------------------------------------------------------------------------------------

  Enable Multi Corner Analysis               :  Yes
  Enable Pessimism Removal                   :  Yes
  Pessimism Removal Resolution               :  Nearest Common Node
  Enable Input Delay Default Clock           :  No
  Enable Preset / Clear Arcs                 :  No
  Disable Flight Delays                      :  No
  Ignore I/O Paths                           :  No
  Timing Early Launch at Borrowing Latches   :  No
  Borrow Time for Max Delay Exceptions       :  Yes
  Merge Timing Exceptions                    :  Yes
  Inter-SLR Compensation                     :  Conservative

  Corner  Analyze    Analyze    
  Name    Max Paths  Min Paths  
  ------  ---------  ---------  
  Slow    Yes        Yes        
  Fast    Yes        Yes        


------------------------------------------------------------------------------------------------
| Report Methodology
| ------------------
------------------------------------------------------------------------------------------------

No report available as report_methodology has not been run prior. Run report_methodology on the current design for the summary of methodology violations.



check_timing report

Table of Contents
-----------------
1. checking no_clock (0)
2. checking constant_clock (0)
3. checking pulse_width_clock (0)
4. checking unconstrained_internal_endpoints (0)
5. checking no_input_delay (7)
6. checking no_output_delay (4)
7. checking multiple_clock (0)
8. checking generated_clocks (0)
9. checking loops (0)
10. checking partial_input_delay (0)
11. checking partial_output_delay (0)
12. checking latch_loops (0)

1. checking no_clock (0)
------------------------
 There are 0 register/latch pins with no clock.


2. checking constant_clock (0)
------------------------------
 There are 0 register/latch pins with constant_clock.


3. checking pulse_width_clock (0)
---------------------------------
 There are 0 register/latch pins which need pulse_width check


4. checking unconstrained_internal_endpoints (0)
------------------------------------------------
 There are 0 pins that are not constrained for maximum delay.

 There are 0 pins that are not constrained for maximum delay due to constant clock.


5. checking no_input_delay (7)
------------------------------
 There are 0 input ports with no input delay specified.

 There are 7 input ports with no input delay but user has a false path constraint. (MEDIUM)


6. checking no_output_delay (4)
-------------------------------
 There are 0 ports with no output delay specified.

 There are 4 ports with no output delay but user has a false path constraint (MEDIUM)

 There are 0 ports with no output delay but with a timing clock defined on it or propagating through it


7. checking multiple_clock (0)
------------------------------
 There are 0 register/latch pins with multiple clocks.


8. checking generated_clocks (0)
--------------------------------
 There are 0 generated clocks that are not connected to a clock source.


9. checking loops (0)
---------------------
 There are 0 combinational loops in the design.


10. checking partial_input_delay (0)
------------------------------------
 There are 0 input ports with partial input delay specified.


11. checking partial_output_delay (0)
-------------------------------------
 There are 0 ports with partial output delay specified.


12. checking latch_loops (0)
----------------------------
 There are 0 combinational latch loops in the design through latch input



------------------------------------------------------------------------------------------------
| Design Timing Summary
| ---------------------
------------------------------------------------------------------------------------------------

    WNS(ns)      TNS(ns)  TNS Failing Endpoints  TNS Total Endpoints      WHS(ns)      THS(ns)  THS Failing Endpoints  THS Total Endpoints     WPWS(ns)     TPWS(ns)  TPWS Failing Endpoints  TPWS Total Endpoints  
    -------      -------  ---------------------  -------------------      -------      -------  ---------------------  -------------------     --------     --------  ----------------------  --------------------  
     -1.475     -723.289                   1546                37921        0.011        0.000                      0                37921        2.262        0.000                       0                 11878  


Timing constraints are not met.


------------------------------------------------------------------------------------------------
| Clock Summary
| -------------
------------------------------------------------------------------------------------------------

Clock   Waveform(ns)         Period(ns)      Frequency(MHz)
-----   ------------         ----------      --------------
clk300  {0.000 1.666}        3.333           300.030         
  clk   {0.000 3.333}        9.999           100.010         


------------------------------------------------------------------------------------------------
| Intra Clock Table
| -----------------
------------------------------------------------------------------------------------------------

Clock             WNS(ns)      TNS(ns)  TNS Failing Endpoints  TNS Total Endpoints      WHS(ns)      THS(ns)  THS Failing Endpoints  THS Total Endpoints     WPWS(ns)     TPWS(ns)  TPWS Failing Endpoints  TPWS Total Endpoints  
-----             -------      -------  ---------------------  -------------------      -------      -------  ---------------------  -------------------     --------     --------  ----------------------  --------------------  
clk300                                                                                                                                                          2.262        0.000                       0                     1  
  clk              -1.475     -723.289                   1546                26635        0.011        0.000                      0                26635        2.791        0.000                       0                 11877  


------------------------------------------------------------------------------------------------
| Inter Clock Table
| -----------------
------------------------------------------------------------------------------------------------

From Clock    To Clock          WNS(ns)      TNS(ns)  TNS Failing Endpoints  TNS Total Endpoints      WHS(ns)      THS(ns)  THS Failing Endpoints  THS Total Endpoints  
----------    --------          -------      -------  ---------------------  -------------------      -------      -------  ---------------------  -------------------  


------------------------------------------------------------------------------------------------
| Other Path Groups Table
| -----------------------
------------------------------------------------------------------------------------------------

Path Group         From Clock         To Clock               WNS(ns)      TNS(ns)  TNS Failing Endpoints  TNS Total Endpoints      WHS(ns)      THS(ns)  THS Failing Endpoints  THS Total Endpoints  
----------         ----------         --------               -------      -------  ---------------------  -------------------      -------      -------  ---------------------  -------------------  
**async_default**  clk                clk                      2.764        0.000                      0                11286        0.022        0.000                      0                11286  


------------------------------------------------------------------------------------------------
| User Ignored Path Table
| -----------------------
------------------------------------------------------------------------------------------------

Path Group    From Clock    To Clock    
----------    ----------    --------    
(none)        clk                         
(none)                      clk           


------------------------------------------------------------------------------------------------
| Unconstrained Path Table
| ------------------------
------------------------------------------------------------------------------------------------

Path Group    From Clock    To Clock    
----------    ----------    --------    


------------------------------------------------------------------------------------------------
| Timing Details
| --------------
------------------------------------------------------------------------------------------------


---------------------------------------------------------------------------------------------------
From Clock:  clk300
  To Clock:  clk300

Setup :           NA  Failing Endpoints,  Worst Slack           NA  ,  Total Violation           NA
Hold  :           NA  Failing Endpoints,  Worst Slack           NA  ,  Total Violation           NA
PW    :            0  Failing Endpoints,  Worst Slack        2.262ns,  Total Violation        0.000ns
---------------------------------------------------------------------------------------------------


Pulse Width Checks
--------------------------------------------------------------------------------------
Clock Name:         clk300
Waveform(ns):       { 0.000 1.666 }
Period(ns):         3.333
Sources:            { clk300_p_i }

Check Type  Corner  Lib Pin       Reference Pin  Required(ns)  Actual(ns)  Slack(ns)  Location         Pin
Min Period  n/a     BUFGCE_DIV/I  n/a            1.071         3.333       2.262      BUFGCE_DIV_X1Y7  u_bufgce_div/I



---------------------------------------------------------------------------------------------------
From Clock:  clk
  To Clock:  clk

Setup :         1546  Failing Endpoints,  Worst Slack       -1.475ns,  Total Violation     -723.289ns
Hold  :            0  Failing Endpoints,  Worst Slack        0.011ns,  Total Violation        0.000ns
PW    :            0  Failing Endpoints,  Worst Slack        2.791ns,  Total Violation        0.000ns
---------------------------------------------------------------------------------------------------


Max Delay Paths
--------------------------------------------------------------------------------------
Slack (VIOLATED) :        -1.475ns  (required time - arrival time)
  Source:                 u_soc/g_pe[2].u_pe/u_core/core_i/id_stage_i/alu_operand_b_ex_o_reg[1]/C
                            (rising edge-triggered cell FDCE clocked by clk  {rise@0.000ns fall@3.333ns period=9.999ns})
  Destination:            u_soc/g_pe[2].u_pe/u_core/core_i/if_stage_i/pc_id_o_reg[22]/CE
                            (rising edge-triggered cell FDCE clocked by clk  {rise@0.000ns fall@3.333ns period=9.999ns})
  Path Group:             clk
  Path Type:              Setup (Max at Slow Process Corner)
  Requirement:            9.999ns  (clk rise@9.999ns - clk rise@0.000ns)
  Data Path Delay:        11.311ns  (logic 1.338ns (11.829%)  route 9.973ns (88.171%))
  Logic Levels:           17  (CARRY8=4 LUT2=1 LUT3=2 LUT4=1 LUT5=2 LUT6=7)
  Clock Path Skew:        -0.067ns (DCD - SCD + CPR)
    Destination Clock Delay (DCD):    5.146ns = ( 15.145 - 9.999 ) 
    Source Clock Delay      (SCD):    5.765ns
    Clock Pessimism Removal (CPR):    0.552ns
  Clock Uncertainty:      0.035ns  ((TSJ^2 + TIJ^2)^1/2 + DJ) / 2 + PE
    Total System Jitter     (TSJ):    0.071ns
    Total Input Jitter      (TIJ):    0.000ns
    Discrete Jitter          (DJ):    0.000ns
    Phase Error              (PE):    0.000ns
  Clock Net Delay (Source):      2.687ns (routing 1.828ns, distribution 0.859ns)
  Clock Net Delay (Destination): 2.423ns (routing 1.666ns, distribution 0.757ns)

    Location             Delay type                Incr(ns)  Path(ns)    Netlist Resource(s)
  -------------------------------------------------------------------    -------------------
                         (clock clk rise edge)        0.000     0.000 r  
    AH18                                              0.000     0.000 r  clk300_p_i (IN)
                         net (fo=0)                   0.100     0.100    u_ibufds/I
    HPIOBDIFFINBUF_X1Y36 DIFFINBUF (Prop_DIFFINBUF_HPIOBDIFFINBUF_DIFF_IN_P_O)
                                                      0.525     0.625 r  u_ibufds/DIFFINBUF_INST/O
                         net (fo=1, routed)           0.050     0.675    u_ibufds/OUT
    AH18                 IBUFCTRL (Prop_IBUFCTRL_HPIOB_M_I_O)
                                                      0.000     0.675 r  u_ibufds/IBUFCTRL_INST/O
                         net (fo=1, routed)           0.322     0.997    clk_ref
    BUFGCE_DIV_X1Y7      BUFGCE_DIV (Prop_BUFGCE_DIV_I_O)
                                                      0.152     1.149 r  u_bufgce_div/O
                         net (fo=3477, routed)        1.901     3.050    u_soc/g_pe[2].u_pe/u_core/core_i/sleep_unit_i/core_clock_gate_i/clk
    BUFGCE_X0Y104        BUFGCE (Prop_BUFCE_BUFGCE_I_O)
                                                      0.028     3.078 r  u_soc/g_pe[2].u_pe/u_core/core_i/sleep_unit_i/core_clock_gate_i/u_bufgce/O
    X2Y1 (CLOCK_ROOT)    net (fo=2101, routed)        2.687     5.765    u_soc/g_pe[2].u_pe/u_core/core_i/id_stage_i/clk_0
    SLICE_X86Y115        FDCE                                         r  u_soc/g_pe[2].u_pe/u_core/core_i/id_stage_i/alu_operand_b_ex_o_reg[1]/C
  -------------------------------------------------------------------    -------------------
    SLICE_X86Y115        FDCE (Prop_HFF_SLICEM_C_Q)
                                                      0.079     5.844 r  u_soc/g_pe[2].u_pe/u_core/core_i/id_stage_i/alu_operand_b_ex_o_reg[1]/Q
                         net (fo=52, routed)          0.491     6.335    u_soc/g_pe[2].u_pe/u_core/core_i/id_stage_i/alu_operand_b_ex_o_reg[31]_0[1]
    SLICE_X75Y126        LUT3 (Prop_B6LUT_SLICEL_I1_O)
                                                      0.090     6.425 r  u_soc/g_pe[2].u_pe/u_core/core_i/id_stage_i/rdata_offset_q[1]_i_8__1/O
                         net (fo=1, routed)           0.009     6.434    u_soc/g_pe[2].u_pe/u_core/core_i/id_stage_i/rdata_offset_q[1]_i_8__1_n_0
    SLICE_X75Y126        CARRY8 (Prop_CARRY8_SLICEL_S[1]_CO[7])
                                                      0.186     6.620 r  u_soc/g_pe[2].u_pe/u_core/core_i/id_stage_i/rdata_offset_q_reg[1]_i_1__1/CO[7]
                         net (fo=1, routed)           0.026     6.646    u_soc/g_pe[2].u_pe/u_core/core_i/id_stage_i/rdata_offset_q_reg[1]_i_1__1_n_0
    SLICE_X75Y127        CARRY8 (Prop_CARRY8_SLICEL_CI_CO[7])
                                                      0.015     6.661 r  u_soc/g_pe[2].u_pe/u_core/core_i/id_stage_i/mem_reg_0_bram_0_i_3__1/CO[7]
                         net (fo=1, routed)           0.026     6.687    u_soc/g_pe[2].u_pe/u_core/core_i/id_stage_i/mem_reg_0_bram_0_i_3__1_n_0
    SLICE_X75Y128        CARRY8 (Prop_CARRY8_SLICEL_CI_CO[7])
                                                      0.015     6.702 r  u_soc/g_pe[2].u_pe/u_core/core_i/id_stage_i/addr_q_reg[17]_i_1__1/CO[7]
                         net (fo=1, routed)           0.026     6.728    u_soc/g_pe[2].u_pe/u_core/core_i/id_stage_i/addr_q_reg[17]_i_1__1_n_0
    SLICE_X75Y129        CARRY8 (Prop_CARRY8_SLICEL_CI_O[7])
                                                      0.123     6.851 r  u_soc/g_pe[2].u_pe/u_core/core_i/id_stage_i/addr_q_reg[31]_i_2__1/O[7]
                         net (fo=13, routed)          0.427     7.279    u_soc/g_pe[2].u_pe/u_core/core_i/id_stage_i/alu_operand_a_ex_o_reg[30]_0[3]
    SLICE_X71Y122        LUT6 (Prop_G6LUT_SLICEM_I2_O)
                                                      0.052     7.331 f  u_soc/g_pe[2].u_pe/u_core/core_i/id_stage_i/d_rvalid_o_i_3__0/O
                         net (fo=5, routed)           0.686     8.017    u_soc/g_pe[2].u_pe/u_core/core_i/id_stage_i/tgt_q_reg[2]
    SLICE_X72Y123        LUT6 (Prop_G6LUT_SLICEL_I2_O)
                                                      0.035     8.052 f  u_soc/g_pe[2].u_pe/u_core/core_i/id_stage_i/mem_reg_0_bram_0_i_22__0/O
                         net (fo=4, routed)           0.099     8.151    u_soc/g_pe[2].u_pe/u_core/core_i/id_stage_i/mem_reg_0_bram_0_i_22__0_n_0
    SLICE_X72Y125        LUT5 (Prop_D5LUT_SLICEL_I4_O)
                                                      0.096     8.247 r  u_soc/g_pe[2].u_pe/u_core/core_i/id_stage_i/FSM_sequential_state_q[1]_i_3__0/O
                         net (fo=4, routed)           1.167     9.414    u_soc/g_nodcache.g_bypass[2].u_bypass/dcu_req_2
    SLICE_X74Y147        LUT3 (Prop_H5LUT_SLICEM_I2_O)
                                                      0.066     9.480 r  u_soc/g_nodcache.g_bypass[2].u_bypass/i___104_i_2__0/O
                         net (fo=1, routed)           1.375    10.855    u_soc/g_pe[2].u_pe/u_core/core_i/id_stage_i/dcu_gnt_2
    SLICE_X71Y123        LUT6 (Prop_F6LUT_SLICEM_I0_O)
                                                      0.037    10.892 r  u_soc/g_pe[2].u_pe/u_core/core_i/id_stage_i/i___104_i_1__0/O
                         net (fo=11, routed)          0.950    11.842    u_soc/g_pe[2].u_pe/u_core/core_i/id_stage_i/controller_i/i___36_i_3__0_0
    SLICE_X72Y121        LUT5 (Prop_A6LUT_SLICEL_I0_O)
                                                      0.050    11.892 r  u_soc/g_pe[2].u_pe/u_core/core_i/id_stage_i/controller_i/i___36_i_4__0/O
                         net (fo=1, routed)           0.724    12.616    u_soc/g_pe[2].u_pe/u_core/core_i/id_stage_i/controller_i/lsu_ready_ex
    SLICE_X72Y123        LUT6 (Prop_H6LUT_SLICEL_I1_O)
                                                      0.124    12.740 r  u_soc/g_pe[2].u_pe/u_core/core_i/id_stage_i/controller_i/i___36_i_3__0/O
                         net (fo=1, routed)           0.443    13.183    u_soc/g_pe[2].u_pe/u_core/core_i/ex_stage_i/mult_i/regfile_waddr_lsu[4]_i_2__1
    SLICE_X76Y123        LUT6 (Prop_H6LUT_SLICEL_I2_O)
                                                      0.124    13.307 r  u_soc/g_pe[2].u_pe/u_core/core_i/ex_stage_i/mult_i/i___36_i_2__0/O
                         net (fo=2, routed)           0.205    13.512    u_soc/g_pe[2].u_pe/u_core/core_i/ex_stage_i/mult_i/ex_valid_o03_out
    SLICE_X76Y120        LUT2 (Prop_B6LUT_SLICEL_I0_O)
                                                      0.051    13.563 r  u_soc/g_pe[2].u_pe/u_core/core_i/ex_stage_i/mult_i/i___36_i_1__0/O
                         net (fo=11, routed)          0.765    14.328    u_soc/g_pe[2].u_pe/u_core/ex_ready
    SLICE_X74Y112        LUT6 (Prop_G6LUT_SLICEM_I4_O)
                                                      0.037    14.365 r  u_soc/g_pe[2].u_pe/u_core/i___175/O
                         net (fo=7, routed)           0.277    14.642    u_soc/g_pe[2].u_pe/u_core/core_i/if_stage_i/prefetch_buffer_i/fifo_i/id_ready
    SLICE_X72Y108        LUT6 (Prop_G6LUT_SLICEL_I4_O)
                                                      0.123    14.765 r  u_soc/g_pe[2].u_pe/u_core/core_i/if_stage_i/prefetch_buffer_i/fifo_i/state[1]_i_3__1/O
                         net (fo=4, routed)           0.301    15.067    u_soc/g_pe[2].u_pe/u_core/core_i/if_stage_i/prefetch_buffer_i/fifo_i/status_cnt_q_reg[0]_1
    SLICE_X72Y103        LUT4 (Prop_E6LUT_SLICEL_I0_O)
                                                      0.035    15.102 r  u_soc/g_pe[2].u_pe/u_core/core_i/if_stage_i/prefetch_buffer_i/fifo_i/instr_rdata_id_o[31]_i_1__1/O
                         net (fo=72, routed)          1.975    17.077    u_soc/g_pe[2].u_pe/u_core/core_i/if_stage_i/instr_valid_id_o0
    SLICE_X80Y112        FDCE                                         r  u_soc/g_pe[2].u_pe/u_core/core_i/if_stage_i/pc_id_o_reg[22]/CE
  -------------------------------------------------------------------    -------------------

                         (clock clk rise edge)        9.999     9.999 r  
    AH18                                              0.000     9.999 r  clk300_p_i (IN)
                         net (fo=0)                   0.079    10.078    u_ibufds/I
    HPIOBDIFFINBUF_X1Y36 DIFFINBUF (Prop_DIFFINBUF_HPIOBDIFFINBUF_DIFF_IN_P_O)
                                                      0.429    10.507 r  u_ibufds/DIFFINBUF_INST/O
                         net (fo=1, routed)           0.040    10.547    u_ibufds/OUT
    AH18                 IBUFCTRL (Prop_IBUFCTRL_HPIOB_M_I_O)
                                                      0.000    10.547 r  u_ibufds/IBUFCTRL_INST/O
                         net (fo=1, routed)           0.286    10.833    clk_ref
    BUFGCE_DIV_X1Y7      BUFGCE_DIV (Prop_BUFGCE_DIV_I_O)
                                                      0.132    10.965 r  u_bufgce_div/O
                         net (fo=3477, routed)        1.733    12.698    u_soc/g_pe[2].u_pe/u_core/core_i/sleep_unit_i/core_clock_gate_i/clk
    BUFGCE_X0Y104        BUFGCE (Prop_BUFCE_BUFGCE_I_O)
                                                      0.024    12.722 r  u_soc/g_pe[2].u_pe/u_core/core_i/sleep_unit_i/core_clock_gate_i/u_bufgce/O
    X2Y1 (CLOCK_ROOT)    net (fo=2101, routed)        2.423    15.145    u_soc/g_pe[2].u_pe/u_core/core_i/if_stage_i/clk_0
    SLICE_X80Y112        FDCE                                         r  u_soc/g_pe[2].u_pe/u_core/core_i/if_stage_i/pc_id_o_reg[22]/C
                         clock pessimism              0.552    15.697    
                         clock uncertainty           -0.035    15.662    
    SLICE_X80Y112        FDCE (Setup_EFF_SLICEL_C_CE)
                                                     -0.060    15.602    u_soc/g_pe[2].u_pe/u_core/core_i/if_stage_i/pc_id_o_reg[22]
  -------------------------------------------------------------------
                         required time                         15.602    
                         arrival time                         -17.077    
  -------------------------------------------------------------------
                         slack                                 -1.475    

Slack (VIOLATED) :        -1.475ns  (required time - arrival time)
  Source:                 u_soc/g_pe[2].u_pe/u_core/core_i/id_stage_i/alu_operand_b_ex_o_reg[1]/C
                            (rising edge-triggered cell FDCE clocked by clk  {rise@0.000ns fall@3.333ns period=9.999ns})
  Destination:            u_soc/g_pe[2].u_pe/u_core/core_i/if_stage_i/pc_id_o_reg[27]/CE
                            (rising edge-triggered cell FDCE clocked by clk  {rise@0.000ns fall@3.333ns period=9.999ns})
  Path Group:             clk
  Path Type:              Setup (Max at Slow Process Corner)
  Requirement:            9.999ns  (clk rise@9.999ns - clk rise@0.000ns)
  Data Path Delay:        11.309ns  (logic 1.338ns (11.831%)  route 9.971ns (88.169%))
  Logic Levels:           17  (CARRY8=4 LUT2=1 LUT3=2 LUT4=1 LUT5=2 LUT6=7)
  Clock Path Skew:        -0.069ns (DCD - SCD + CPR)
    Destination Clock Delay (DCD):    5.144ns = ( 15.143 - 9.999 ) 
    Source Clock Delay      (SCD):    5.765ns
    Clock Pessimism Removal (CPR):    0.552ns
  Clock Uncertainty:      0.035ns  ((TSJ^2 + TIJ^2)^1/2 + DJ) / 2 + PE
    Total System Jitter     (TSJ):    0.071ns
    Total Input Jitter      (TIJ):    0.000ns
    Discrete Jitter          (DJ):    0.000ns
    Phase Error              (PE):    0.000ns
  Clock Net Delay (Source):      2.687ns (routing 1.828ns, distribution 0.859ns)
  Clock Net Delay (Destination): 2.421ns (routing 1.666ns, distribution 0.755ns)

    Location             Delay type                Incr(ns)  Path(ns)    Netlist Resource(s)
  -------------------------------------------------------------------    -------------------
                         (clock clk rise edge)        0.000     0.000 r  
    AH18                                              0.000     0.000 r  clk300_p_i (IN)
                         net (fo=0)                   0.100     0.100    u_ibufds/I
    HPIOBDIFFINBUF_X1Y36 DIFFINBUF (Prop_DIFFINBUF_HPIOBDIFFINBUF_DIFF_IN_P_O)
                                                      0.525     0.625 r  u_ibufds/DIFFINBUF_INST/O
                         net (fo=1, routed)           0.050     0.675    u_ibufds/OUT
    AH18                 IBUFCTRL (Prop_IBUFCTRL_HPIOB_M_I_O)
                                                      0.000     0.675 r  u_ibufds/IBUFCTRL_INST/O
                         net (fo=1, routed)           0.322     0.997    clk_ref
    BUFGCE_DIV_X1Y7      BUFGCE_DIV (Prop_BUFGCE_DIV_I_O)
                                                      0.152     1.149 r  u_bufgce_div/O
                         net (fo=3477, routed)        1.901     3.050    u_soc/g_pe[2].u_pe/u_core/core_i/sleep_unit_i/core_clock_gate_i/clk
    BUFGCE_X0Y104        BUFGCE (Prop_BUFCE_BUFGCE_I_O)
                                                      0.028     3.078 r  u_soc/g_pe[2].u_pe/u_core/core_i/sleep_unit_i/core_clock_gate_i/u_bufgce/O
    X2Y1 (CLOCK_ROOT)    net (fo=2101, routed)        2.687     5.765    u_soc/g_pe[2].u_pe/u_core/core_i/id_stage_i/clk_0
    SLICE_X86Y115        FDCE                                         r  u_soc/g_pe[2].u_pe/u_core/core_i/id_stage_i/alu_operand_b_ex_o_reg[1]/C
  -------------------------------------------------------------------    -------------------
    SLICE_X86Y115        FDCE (Prop_HFF_SLICEM_C_Q)
                                                      0.079     5.844 r  u_soc/g_pe[2].u_pe/u_core/core_i/id_stage_i/alu_operand_b_ex_o_reg[1]/Q
                         net (fo=52, routed)          0.491     6.335    u_soc/g_pe[2].u_pe/u_core/core_i/id_stage_i/alu_operand_b_ex_o_reg[31]_0[1]
    SLICE_X75Y126        LUT3 (Prop_B6LUT_SLICEL_I1_O)
                                                      0.090     6.425 r  u_soc/g_pe[2].u_pe/u_core/core_i/id_stage_i/rdata_offset_q[1]_i_8__1/O
                         net (fo=1, routed)           0.009     6.434    u_soc/g_pe[2].u_pe/u_core/core_i/id_stage_i/rdata_offset_q[1]_i_8__1_n_0
    SLICE_X75Y126        CARRY8 (Prop_CARRY8_SLICEL_S[1]_CO[7])
                                                      0.186     6.620 r  u_soc/g_pe[2].u_pe/u_core/core_i/id_stage_i/rdata_offset_q_reg[1]_i_1__1/CO[7]
                         net (fo=1, routed)           0.026     6.646    u_soc/g_pe[2].u_pe/u_core/core_i/id_stage_i/rdata_offset_q_reg[1]_i_1__1_n_0
    SLICE_X75Y127        CARRY8 (Prop_CARRY8_SLICEL_CI_CO[7])
                                                      0.015     6.661 r  u_soc/g_pe[2].u_pe/u_core/core_i/id_stage_i/mem_reg_0_bram_0_i_3__1/CO[7]
                         net (fo=1, routed)           0.026     6.687    u_soc/g_pe[2].u_pe/u_core/core_i/id_stage_i/mem_reg_0_bram_0_i_3__1_n_0
    SLICE_X75Y128        CARRY8 (Prop_CARRY8_SLICEL_CI_CO[7])
                                                      0.015     6.702 r  u_soc/g_pe[2].u_pe/u_core/core_i/id_stage_i/addr_q_reg[17]_i_1__1/CO[7]
                         net (fo=1, routed)           0.026     6.728    u_soc/g_pe[2].u_pe/u_core/core_i/id_stage_i/addr_q_reg[17]_i_1__1_n_0
    SLICE_X75Y129        CARRY8 (Prop_CARRY8_SLICEL_CI_O[7])
                                                      0.123     6.851 r  u_soc/g_pe[2].u_pe/u_core/core_i/id_stage_i/addr_q_reg[31]_i_2__1/O[7]
                         net (fo=13, routed)          0.427     7.279    u_soc/g_pe[2].u_pe/u_core/core_i/id_stage_i/alu_operand_a_ex_o_reg[30]_0[3]
    SLICE_X71Y122        LUT6 (Prop_G6LUT_SLICEM_I2_O)
                                                      0.052     7.331 f  u_soc/g_pe[2].u_pe/u_core/core_i/id_stage_i/d_rvalid_o_i_3__0/O
                         net (fo=5, routed)           0.686     8.017    u_soc/g_pe[2].u_pe/u_core/core_i/id_stage_i/tgt_q_reg[2]
    SLICE_X72Y123        LUT6 (Prop_G6LUT_SLICEL_I2_O)
                                                      0.035     8.052 f  u_soc/g_pe[2].u_pe/u_core/core_i/id_stage_i/mem_reg_0_bram_0_i_22__0/O
                         net (fo=4, routed)           0.099     8.151    u_soc/g_pe[2].u_pe/u_core/core_i/id_stage_i/mem_reg_0_bram_0_i_22__0_n_0
    SLICE_X72Y125        LUT5 (Prop_D5LUT_SLICEL_I4_O)
                                                      0.096     8.247 r  u_soc/g_pe[2].u_pe/u_core/core_i/id_stage_i/FSM_sequential_state_q[1]_i_3__0/O
                         net (fo=4, routed)           1.167     9.414    u_soc/g_nodcache.g_bypass[2].u_bypass/dcu_req_2
    SLICE_X74Y147        LUT3 (Prop_H5LUT_SLICEM_I2_O)
                                                      0.066     9.480 r  u_soc/g_nodcache.g_bypass[2].u_bypass/i___104_i_2__0/O
                         net (fo=1, routed)           1.375    10.855    u_soc/g_pe[2].u_pe/u_core/core_i/id_stage_i/dcu_gnt_2
    SLICE_X71Y123        LUT6 (Prop_F6LUT_SLICEM_I0_O)
                                                      0.037    10.892 r  u_soc/g_pe[2].u_pe/u_core/core_i/id_stage_i/i___104_i_1__0/O
                         net (fo=11, routed)          0.950    11.842    u_soc/g_pe[2].u_pe/u_core/core_i/id_stage_i/controller_i/i___36_i_3__0_0
    SLICE_X72Y121        LUT5 (Prop_A6LUT_SLICEL_I0_O)
                                                      0.050    11.892 r  u_soc/g_pe[2].u_pe/u_core/core_i/id_stage_i/controller_i/i___36_i_4__0/O
                         net (fo=1, routed)           0.724    12.616    u_soc/g_pe[2].u_pe/u_core/core_i/id_stage_i/controller_i/lsu_ready_ex
    SLICE_X72Y123        LUT6 (Prop_H6LUT_SLICEL_I1_O)
                                                      0.124    12.740 r  u_soc/g_pe[2].u_pe/u_core/core_i/id_stage_i/controller_i/i___36_i_3__0/O
                         net (fo=1, routed)           0.443    13.183    u_soc/g_pe[2].u_pe/u_core/core_i/ex_stage_i/mult_i/regfile_waddr_lsu[4]_i_2__1
    SLICE_X76Y123        LUT6 (Prop_H6LUT_SLICEL_I2_O)
                                                      0.124    13.307 r  u_soc/g_pe[2].u_pe/u_core/core_i/ex_stage_i/mult_i/i___36_i_2__0/O
                         net (fo=2, routed)           0.205    13.512    u_soc/g_pe[2].u_pe/u_core/core_i/ex_stage_i/mult_i/ex_valid_o03_out
    SLICE_X76Y120        LUT2 (Prop_B6LUT_SLICEL_I0_O)
                                                      0.051    13.563 r  u_soc/g_pe[2].u_pe/u_core/core_i/ex_stage_i/mult_i/i___36_i_1__0/O
                         net (fo=11, routed)          0.765    14.328    u_soc/g_pe[2].u_pe/u_core/ex_ready
    SLICE_X74Y112        LUT6 (Prop_G6LUT_SLICEM_I4_O)
                                                      0.037    14.365 r  u_soc/g_pe[2].u_pe/u_core/i___175/O
                         net (fo=7, routed)           0.277    14.642    u_soc/g_pe[2].u_pe/u_core/core_i/if_stage_i/prefetch_buffer_i/fifo_i/id_ready
    SLICE_X72Y108        LUT6 (Prop_G6LUT_SLICEL_I4_O)
                                                      0.123    14.765 r  u_soc/g_pe[2].u_pe/u_core/core_i/if_stage_i/prefetch_buffer_i/fifo_i/state[1]_i_3__1/O
                         net (fo=4, routed)           0.301    15.067    u_soc/g_pe[2].u_pe/u_core/core_i/if_stage_i/prefetch_buffer_i/fifo_i/status_cnt_q_reg[0]_1
    SLICE_X72Y103        LUT4 (Prop_E6LUT_SLICEL_I0_O)
                                                      0.035    15.102 r  u_soc/g_pe[2].u_pe/u_core/core_i/if_stage_i/prefetch_buffer_i/fifo_i/instr_rdata_id_o[31]_i_1__1/O
                         net (fo=72, routed)          1.973    17.075    u_soc/g_pe[2].u_pe/u_core/core_i/if_stage_i/instr_valid_id_o0
    SLICE_X80Y112        FDCE                                         r  u_soc/g_pe[2].u_pe/u_core/core_i/if_stage_i/pc_id_o_reg[27]/CE
  -------------------------------------------------------------------    -------------------

                         (clock clk rise edge)        9.999     9.999 r  
    AH18                                              0.000     9.999 r  clk300_p_i (IN)
                         net (fo=0)                   0.079    10.078    u_ibufds/I
    HPIOBDIFFINBUF_X1Y36 DIFFINBUF (Prop_DIFFINBUF_HPIOBDIFFINBUF_DIFF_IN_P_O)
                                                      0.429    10.507 r  u_ibufds/DIFFINBUF_INST/O
                         net (fo=1, routed)           0.040    10.547    u_ibufds/OUT
    AH18                 IBUFCTRL (Prop_IBUFCTRL_HPIOB_M_I_O)
                                                      0.000    10.547 r  u_ibufds/IBUFCTRL_INST/O
                         net (fo=1, routed)           0.286    10.833    clk_ref
    BUFGCE_DIV_X1Y7      BUFGCE_DIV (Prop_BUFGCE_DIV_I_O)
                                                      0.132    10.965 r  u_bufgce_div/O
                         net (fo=3477, routed)        1.733    12.698    u_soc/g_pe[2].u_pe/u_core/core_i/sleep_unit_i/core_clock_gate_i/clk
    BUFGCE_X0Y104        BUFGCE (Prop_BUFCE_BUFGCE_I_O)
                                                      0.024    12.722 r  u_soc/g_pe[2].u_pe/u_core/core_i/sleep_unit_i/core_clock_gate_i/u_bufgce/O
    X2Y1 (CLOCK_ROOT)    net (fo=2101, routed)        2.421    15.143    u_soc/g_pe[2].u_pe/u_core/core_i/if_stage_i/clk_0
    SLICE_X80Y112        FDCE                                         r  u_soc/g_pe[2].u_pe/u_core/core_i/if_stage_i/pc_id_o_reg[27]/C
                         clock pessimism              0.552    15.695    
                         clock uncertainty           -0.035    15.660    
    SLICE_X80Y112        FDCE (Setup_AFF_SLICEL_C_CE)
                                                     -0.060    15.600    u_soc/g_pe[2].u_pe/u_core/core_i/if_stage_i/pc_id_o_reg[27]
  -------------------------------------------------------------------
                         required time                         15.600    
                         arrival time                         -17.075    
  -------------------------------------------------------------------
                         slack                                 -1.475    

Slack (VIOLATED) :        -1.471ns  (required time - arrival time)
  Source:                 u_soc/g_pe[2].u_pe/u_core/core_i/id_stage_i/alu_operand_b_ex_o_reg[1]/C
                            (rising edge-triggered cell FDCE clocked by clk  {rise@0.000ns fall@3.333ns period=9.999ns})
  Destination:            u_soc/g_pe[2].u_pe/u_core/core_i/id_stage_i/mhpmevent_load_o_reg/D
                            (rising edge-triggered cell FDCE clocked by clk  {rise@0.000ns fall@3.333ns period=9.999ns})
  Path Group:             clk
  Path Type:              Setup (Max at Slow Process Corner)
  Requirement:            9.999ns  (clk rise@9.999ns - clk rise@0.000ns)
  Data Path Delay:        11.400ns  (logic 1.496ns (13.123%)  route 9.904ns (86.877%))
  Logic Levels:           18  (CARRY8=4 LUT2=2 LUT3=3 LUT5=3 LUT6=6)
  Clock Path Skew:        -0.060ns (DCD - SCD + CPR)
    Destination Clock Delay (DCD):    5.153ns = ( 15.152 - 9.999 ) 
    Source Clock Delay      (SCD):    5.765ns
    Clock Pessimism Removal (CPR):    0.552ns
  Clock Uncertainty:      0.035ns  ((TSJ^2 + TIJ^2)^1/2 + DJ) / 2 + PE
    Total System Jitter     (TSJ):    0.071ns
    Total Input Jitter      (TIJ):    0.000ns
    Discrete Jitter          (DJ):    0.000ns
    Phase Error              (PE):    0.000ns
  Clock Net Delay (Source):      2.687ns (routing 1.828ns, distribution 0.859ns)
  Clock Net Delay (Destination): 2.430ns (routing 1.666ns, distribution 0.764ns)

    Location             Delay type                Incr(ns)  Path(ns)    Netlist Resource(s)
  -------------------------------------------------------------------    -------------------
                         (clock clk rise edge)        0.000     0.000 r  
    AH18                                              0.000     0.000 r  clk300_p_i (IN)
                         net (fo=0)                   0.100     0.100    u_ibufds/I
    HPIOBDIFFINBUF_X1Y36 DIFFINBUF (Prop_DIFFINBUF_HPIOBDIFFINBUF_DIFF_IN_P_O)
                                                      0.525     0.625 r  u_ibufds/DIFFINBUF_INST/O
                         net (fo=1, routed)           0.050     0.675    u_ibufds/OUT
    AH18                 IBUFCTRL (Prop_IBUFCTRL_HPIOB_M_I_O)
                                                      0.000     0.675 r  u_ibufds/IBUFCTRL_INST/O
                         net (fo=1, routed)           0.322     0.997    clk_ref
    BUFGCE_DIV_X1Y7      BUFGCE_DIV (Prop_BUFGCE_DIV_I_O)
                                                      0.152     1.149 r  u_bufgce_div/O
                         net (fo=3477, routed)        1.901     3.050    u_soc/g_pe[2].u_pe/u_core/core_i/sleep_unit_i/core_clock_gate_i/clk
    BUFGCE_X0Y104        BUFGCE (Prop_BUFCE_BUFGCE_I_O)
                                                      0.028     3.078 r  u_soc/g_pe[2].u_pe/u_core/core_i/sleep_unit_i/core_clock_gate_i/u_bufgce/O
    X2Y1 (CLOCK_ROOT)    net (fo=2101, routed)        2.687     5.765    u_soc/g_pe[2].u_pe/u_core/core_i/id_stage_i/clk_0
    SLICE_X86Y115        FDCE                                         r  u_soc/g_pe[2].u_pe/u_core/core_i/id_stage_i/alu_operand_b_ex_o_reg[1]/C
  -------------------------------------------------------------------    -------------------
    SLICE_X86Y115        FDCE (Prop_HFF_SLICEM_C_Q)
                                                      0.079     5.844 r  u_soc/g_pe[2].u_pe/u_core/core_i/id_stage_i/alu_operand_b_ex_o_reg[1]/Q
                         net (fo=52, routed)          0.491     6.335    u_soc/g_pe[2].u_pe/u_core/core_i/id_stage_i/alu_operand_b_ex_o_reg[31]_0[1]
    SLICE_X75Y126        LUT3 (Prop_B6LUT_SLICEL_I1_O)
                                                      0.090     6.425 r  u_soc/g_pe[2].u_pe/u_core/core_i/id_stage_i/rdata_offset_q[1]_i_8__1/O
                         net (fo=1, routed)           0.009     6.434    u_soc/g_pe[2].u_pe/u_core/core_i/id_stage_i/rdata_offset_q[1]_i_8__1_n_0
    SLICE_X75Y126        CARRY8 (Prop_CARRY8_SLICEL_S[1]_CO[7])
                                                      0.186     6.620 r  u_soc/g_pe[2].u_pe/u_core/core_i/id_stage_i/rdata_offset_q_reg[1]_i_1__1/CO[7]
                         net (fo=1, routed)           0.026     6.646    u_soc/g_pe[2].u_pe/u_core/core_i/id_stage_i/rdata_offset_q_reg[1]_i_1__1_n_0
    SLICE_X75Y127        CARRY8 (Prop_CARRY8_SLICEL_CI_CO[7])
                                                      0.015     6.661 r  u_soc/g_pe[2].u_pe/u_core/core_i/id_stage_i/mem_reg_0_bram_0_i_3__1/CO[7]
                         net (fo=1, routed)           0.026     6.687    u_soc/g_pe[2].u_pe/u_core/core_i/id_stage_i/mem_reg_0_bram_0_i_3__1_n_0
    SLICE_X75Y128        CARRY8 (Prop_CARRY8_SLICEL_CI_CO[7])
                                                      0.015     6.702 r  u_soc/g_pe[2].u_pe/u_core/core_i/id_stage_i/addr_q_reg[17]_i_1__1/CO[7]
                         net (fo=1, routed)           0.026     6.728    u_soc/g_pe[2].u_pe/u_core/core_i/id_stage_i/addr_q_reg[17]_i_1__1_n_0
    SLICE_X75Y129        CARRY8 (Prop_CARRY8_SLICEL_CI_O[7])
                                                      0.123     6.851 r  u_soc/g_pe[2].u_pe/u_core/core_i/id_stage_i/addr_q_reg[31]_i_2__1/O[7]
                         net (fo=13, routed)          0.427     7.279    u_soc/g_pe[2].u_pe/u_core/core_i/id_stage_i/alu_operand_a_ex_o_reg[30]_0[3]
    SLICE_X71Y122        LUT6 (Prop_G6LUT_SLICEM_I2_O)
                                                      0.052     7.331 f  u_soc/g_pe[2].u_pe/u_core/core_i/id_stage_i/d_rvalid_o_i_3__0/O
                         net (fo=5, routed)           0.686     8.017    u_soc/g_pe[2].u_pe/u_core/core_i/id_stage_i/tgt_q_reg[2]
    SLICE_X72Y123        LUT6 (Prop_G6LUT_SLICEL_I2_O)
                                                      0.035     8.052 f  u_soc/g_pe[2].u_pe/u_core/core_i/id_stage_i/mem_reg_0_bram_0_i_22__0/O
                         net (fo=4, routed)           0.099     8.151    u_soc/g_pe[2].u_pe/u_core/core_i/id_stage_i/mem_reg_0_bram_0_i_22__0_n_0
    SLICE_X72Y125        LUT5 (Prop_D5LUT_SLICEL_I4_O)
                                                      0.096     8.247 r  u_soc/g_pe[2].u_pe/u_core/core_i/id_stage_i/FSM_sequential_state_q[1]_i_3__0/O
                         net (fo=4, routed)           1.167     9.414    u_soc/g_nodcache.g_bypass[2].u_bypass/dcu_req_2
    SLICE_X74Y147        LUT3 (Prop_H5LUT_SLICEM_I2_O)
                                                      0.066     9.480 r  u_soc/g_nodcache.g_bypass[2].u_bypass/i___104_i_2__0/O
                         net (fo=1, routed)           1.375    10.855    u_soc/g_pe[2].u_pe/u_core/core_i/id_stage_i/dcu_gnt_2
    SLICE_X71Y123        LUT6 (Prop_F6LUT_SLICEM_I0_O)
                                                      0.037    10.892 r  u_soc/g_pe[2].u_pe/u_core/core_i/id_stage_i/i___104_i_1__0/O
                         net (fo=11, routed)          0.950    11.842    u_soc/g_pe[2].u_pe/u_core/core_i/id_stage_i/controller_i/i___36_i_3__0_0
    SLICE_X72Y121        LUT5 (Prop_A6LUT_SLICEL_I0_O)
                                                      0.050    11.892 r  u_soc/g_pe[2].u_pe/u_core/core_i/id_stage_i/controller_i/i___36_i_4__0/O
                         net (fo=1, routed)           0.724    12.616    u_soc/g_pe[2].u_pe/u_core/core_i/id_stage_i/controller_i/lsu_ready_ex
    SLICE_X72Y123        LUT6 (Prop_H6LUT_SLICEL_I1_O)
                                                      0.124    12.740 r  u_soc/g_pe[2].u_pe/u_core/core_i/id_stage_i/controller_i/i___36_i_3__0/O
                         net (fo=1, routed)           0.443    13.183    u_soc/g_pe[2].u_pe/u_core/core_i/ex_stage_i/mult_i/regfile_waddr_lsu[4]_i_2__1
    SLICE_X76Y123        LUT6 (Prop_H6LUT_SLICEL_I2_O)
                                                      0.124    13.307 r  u_soc/g_pe[2].u_pe/u_core/core_i/ex_stage_i/mult_i/i___36_i_2__0/O
                         net (fo=2, routed)           0.205    13.512    u_soc/g_pe[2].u_pe/u_core/core_i/ex_stage_i/mult_i/ex_valid_o03_out
    SLICE_X76Y120        LUT2 (Prop_B6LUT_SLICEL_I0_O)
                                                      0.051    13.563 r  u_soc/g_pe[2].u_pe/u_core/core_i/ex_stage_i/mult_i/i___36_i_1__0/O
                         net (fo=11, routed)          0.765    14.328    u_soc/g_pe[2].u_pe/u_core/ex_ready
    SLICE_X74Y112        LUT6 (Prop_G6LUT_SLICEM_I4_O)
                                                      0.037    14.365 r  u_soc/g_pe[2].u_pe/u_core/i___175/O
                         net (fo=7, routed)           0.469    14.835    u_soc/g_pe[2].u_pe/u_core/core_i/if_stage_i/id_ready
    SLICE_X73Y113        LUT2 (Prop_A5LUT_SLICEM_I0_O)
                                                      0.070    14.905 r  u_soc/g_pe[2].u_pe/u_core/core_i/if_stage_i/id_valid_q_i_1__1/O
                         net (fo=25, routed)          0.607    15.511    u_soc/g_pe[2].u_pe/u_core/core_i/if_stage_i/ctrl_fsm_cs_reg[3]
    SLICE_X74Y112        LUT5 (Prop_D5LUT_SLICEM_I0_O)
                                                      0.097    15.608 r  u_soc/g_pe[2].u_pe/u_core/core_i/if_stage_i/mhpmevent_minstret_o_i_1__1/O
                         net (fo=6, routed)           0.628    16.236    u_soc/g_pe[2].u_pe/u_core/core_i/if_stage_i/illegal_c_insn_id_o_reg_2
    SLICE_X76Y111        LUT3 (Prop_G6LUT_SLICEL_I0_O)
                                                      0.149    16.385 r  u_soc/g_pe[2].u_pe/u_core/core_i/if_stage_i/mhpmevent_load_o_i_1__1/O
                         net (fo=1, routed)           0.780    17.165    u_soc/g_pe[2].u_pe/u_core/core_i/id_stage_i/mhpmevent_load_o0
    SLICE_X80Y108        FDCE                                         r  u_soc/g_pe[2].u_pe/u_core/core_i/id_stage_i/mhpmevent_load_o_reg/D
  -------------------------------------------------------------------    -------------------

                         (clock clk rise edge)        9.999     9.999 r  
    AH18                                              0.000     9.999 r  clk300_p_i (IN)
                         net (fo=0)                   0.079    10.078    u_ibufds/I
    HPIOBDIFFINBUF_X1Y36 DIFFINBUF (Prop_DIFFINBUF_HPIOBDIFFINBUF_DIFF_IN_P_O)
                                                      0.429    10.507 r  u_ibufds/DIFFINBUF_INST/O
                         net (fo=1, routed)           0.040    10.547    u_ibufds/OUT
    AH18                 IBUFCTRL (Prop_IBUFCTRL_HPIOB_M_I_O)
                                                      0.000    10.547 r  u_ibufds/IBUFCTRL_INST/O
                         net (fo=1, routed)           0.286    10.833    clk_ref
    BUFGCE_DIV_X1Y7      BUFGCE_DIV (Prop_BUFGCE_DIV_I_O)
                                                      0.132    10.965 r  u_bufgce_div/O
                         net (fo=3477, routed)        1.733    12.698    u_soc/g_pe[2].u_pe/u_core/core_i/sleep_unit_i/core_clock_gate_i/clk
    BUFGCE_X0Y104        BUFGCE (Prop_BUFCE_BUFGCE_I_O)
                                                      0.024    12.722 r  u_soc/g_pe[2].u_pe/u_core/core_i/sleep_unit_i/core_clock_gate_i/u_bufgce/O
    X2Y1 (CLOCK_ROOT)    net (fo=2101, routed)        2.430    15.152    u_soc/g_pe[2].u_pe/u_core/core_i/id_stage_i/clk_0
    SLICE_X80Y108        FDCE                                         r  u_soc/g_pe[2].u_pe/u_core/core_i/id_stage_i/mhpmevent_load_o_reg/C
                         clock pessimism              0.552    15.704    
                         clock uncertainty           -0.035    15.669    
    SLICE_X80Y108        FDCE (Setup_FFF_SLICEL_C_D)
                                                      0.025    15.694    u_soc/g_pe[2].u_pe/u_core/core_i/id_stage_i/mhpmevent_load_o_reg
  -------------------------------------------------------------------
                         required time                         15.694    
                         arrival time                         -17.165    
  -------------------------------------------------------------------
                         slack                                 -1.471    

Slack (VIOLATED) :        -1.467ns  (required time - arrival time)
  Source:                 u_soc/g_pe[2].u_pe/u_core/core_i/id_stage_i/alu_operand_b_ex_o_reg[1]/C
                            (rising edge-triggered cell FDCE clocked by clk  {rise@0.000ns fall@3.333ns period=9.999ns})
  Destination:            u_soc/g_pe[2].u_pe/u_core/core_i/id_stage_i/data_req_ex_o_reg/CE
                            (rising edge-triggered cell FDCE clocked by clk  {rise@0.000ns fall@3.333ns period=9.999ns})
  Path Group:             clk
  Path Type:              Setup (Max at Slow Process Corner)
  Requirement:            9.999ns  (clk rise@9.999ns - clk rise@0.000ns)
  Data Path Delay:        11.258ns  (logic 1.300ns (11.548%)  route 9.958ns (88.452%))
  Logic Levels:           17  (CARRY8=4 LUT2=2 LUT3=2 LUT5=2 LUT6=7)
  Clock Path Skew:        -0.113ns (DCD - SCD + CPR)
    Destination Clock Delay (DCD):    5.135ns = ( 15.134 - 9.999 ) 
    Source Clock Delay      (SCD):    5.765ns
    Clock Pessimism Removal (CPR):    0.517ns
  Clock Uncertainty:      0.035ns  ((TSJ^2 + TIJ^2)^1/2 + DJ) / 2 + PE
    Total System Jitter     (TSJ):    0.071ns
    Total Input Jitter      (TIJ):    0.000ns
    Discrete Jitter          (DJ):    0.000ns
    Phase Error              (PE):    0.000ns
  Clock Net Delay (Source):      2.687ns (routing 1.828ns, distribution 0.859ns)
  Clock Net Delay (Destination): 2.412ns (routing 1.666ns, distribution 0.746ns)

    Location             Delay type                Incr(ns)  Path(ns)    Netlist Resource(s)
  -------------------------------------------------------------------    -------------------
                         (clock clk rise edge)        0.000     0.000 r  
    AH18                                              0.000     0.000 r  clk300_p_i (IN)
                         net (fo=0)                   0.100     0.100    u_ibufds/I
    HPIOBDIFFINBUF_X1Y36 DIFFINBUF (Prop_DIFFINBUF_HPIOBDIFFINBUF_DIFF_IN_P_O)
                                                      0.525     0.625 r  u_ibufds/DIFFINBUF_INST/O
                         net (fo=1, routed)           0.050     0.675    u_ibufds/OUT
    AH18                 IBUFCTRL (Prop_IBUFCTRL_HPIOB_M_I_O)
                                                      0.000     0.675 r  u_ibufds/IBUFCTRL_INST/O
                         net (fo=1, routed)           0.322     0.997    clk_ref
    BUFGCE_DIV_X1Y7      BUFGCE_DIV (Prop_BUFGCE_DIV_I_O)
                                                      0.152     1.149 r  u_bufgce_div/O
                         net (fo=3477, routed)        1.901     3.050    u_soc/g_pe[2].u_pe/u_core/core_i/sleep_unit_i/core_clock_gate_i/clk
    BUFGCE_X0Y104        BUFGCE (Prop_BUFCE_BUFGCE_I_O)
                                                      0.028     3.078 r  u_soc/g_pe[2].u_pe/u_core/core_i/sleep_unit_i/core_clock_gate_i/u_bufgce/O
    X2Y1 (CLOCK_ROOT)    net (fo=2101, routed)        2.687     5.765    u_soc/g_pe[2].u_pe/u_core/core_i/id_stage_i/clk_0
    SLICE_X86Y115        FDCE                                         r  u_soc/g_pe[2].u_pe/u_core/core_i/id_stage_i/alu_operand_b_ex_o_reg[1]/C
  -------------------------------------------------------------------    -------------------
    SLICE_X86Y115        FDCE (Prop_HFF_SLICEM_C_Q)
                                                      0.079     5.844 r  u_soc/g_pe[2].u_pe/u_core/core_i/id_stage_i/alu_operand_b_ex_o_reg[1]/Q
                         net (fo=52, routed)          0.491     6.335    u_soc/g_pe[2].u_pe/u_core/core_i/id_stage_i/alu_operand_b_ex_o_reg[31]_0[1]
    SLICE_X75Y126        LUT3 (Prop_B6LUT_SLICEL_I1_O)
                                                      0.090     6.425 r  u_soc/g_pe[2].u_pe/u_core/core_i/id_stage_i/rdata_offset_q[1]_i_8__1/O
                         net (fo=1, routed)           0.009     6.434    u_soc/g_pe[2].u_pe/u_core/core_i/id_stage_i/rdata_offset_q[1]_i_8__1_n_0
    SLICE_X75Y126        CARRY8 (Prop_CARRY8_SLICEL_S[1]_CO[7])
                                                      0.186     6.620 r  u_soc/g_pe[2].u_pe/u_core/core_i/id_stage_i/rdata_offset_q_reg[1]_i_1__1/CO[7]
                         net (fo=1, routed)           0.026     6.646    u_soc/g_pe[2].u_pe/u_core/core_i/id_stage_i/rdata_offset_q_reg[1]_i_1__1_n_0
    SLICE_X75Y127        CARRY8 (Prop_CARRY8_SLICEL_CI_CO[7])
                                                      0.015     6.661 r  u_soc/g_pe[2].u_pe/u_core/core_i/id_stage_i/mem_reg_0_bram_0_i_3__1/CO[7]
                         net (fo=1, routed)           0.026     6.687    u_soc/g_pe[2].u_pe/u_core/core_i/id_stage_i/mem_reg_0_bram_0_i_3__1_n_0
    SLICE_X75Y128        CARRY8 (Prop_CARRY8_SLICEL_CI_CO[7])
                                                      0.015     6.702 r  u_soc/g_pe[2].u_pe/u_core/core_i/id_stage_i/addr_q_reg[17]_i_1__1/CO[7]
                         net (fo=1, routed)           0.026     6.728    u_soc/g_pe[2].u_pe/u_core/core_i/id_stage_i/addr_q_reg[17]_i_1__1_n_0
    SLICE_X75Y129        CARRY8 (Prop_CARRY8_SLICEL_CI_O[7])
                                                      0.123     6.851 r  u_soc/g_pe[2].u_pe/u_core/core_i/id_stage_i/addr_q_reg[31]_i_2__1/O[7]
                         net (fo=13, routed)          0.427     7.279    u_soc/g_pe[2].u_pe/u_core/core_i/id_stage_i/alu_operand_a_ex_o_reg[30]_0[3]
    SLICE_X71Y122        LUT6 (Prop_G6LUT_SLICEM_I2_O)
                                                      0.052     7.331 f  u_soc/g_pe[2].u_pe/u_core/core_i/id_stage_i/d_rvalid_o_i_3__0/O
                         net (fo=5, routed)           0.686     8.017    u_soc/g_pe[2].u_pe/u_core/core_i/id_stage_i/tgt_q_reg[2]
    SLICE_X72Y123        LUT6 (Prop_G6LUT_SLICEL_I2_O)
                                                      0.035     8.052 f  u_soc/g_pe[2].u_pe/u_core/core_i/id_stage_i/mem_reg_0_bram_0_i_22__0/O
                         net (fo=4, routed)           0.099     8.151    u_soc/g_pe[2].u_pe/u_core/core_i/id_stage_i/mem_reg_0_bram_0_i_22__0_n_0
    SLICE_X72Y125        LUT5 (Prop_D5LUT_SLICEL_I4_O)
                                                      0.096     8.247 r  u_soc/g_pe[2].u_pe/u_core/core_i/id_stage_i/FSM_sequential_state_q[1]_i_3__0/O
                         net (fo=4, routed)           1.167     9.414    u_soc/g_nodcache.g_bypass[2].u_bypass/dcu_req_2
    SLICE_X74Y147        LUT3 (Prop_H5LUT_SLICEM_I2_O)
                                                      0.066     9.480 r  u_soc/g_nodcache.g_bypass[2].u_bypass/i___104_i_2__0/O
                         net (fo=1, routed)           1.375    10.855    u_soc/g_pe[2].u_pe/u_core/core_i/id_stage_i/dcu_gnt_2
    SLICE_X71Y123        LUT6 (Prop_F6LUT_SLICEM_I0_O)
                                                      0.037    10.892 r  u_soc/g_pe[2].u_pe/u_core/core_i/id_stage_i/i___104_i_1__0/O
                         net (fo=11, routed)          0.950    11.842    u_soc/g_pe[2].u_pe/u_core/core_i/id_stage_i/controller_i/i___36_i_3__0_0
    SLICE_X72Y121        LUT5 (Prop_A6LUT_SLICEL_I0_O)
                                                      0.050    11.892 r  u_soc/g_pe[2].u_pe/u_core/core_i/id_stage_i/controller_i/i___36_i_4__0/O
                         net (fo=1, routed)           0.724    12.616    u_soc/g_pe[2].u_pe/u_core/core_i/id_stage_i/controller_i/lsu_ready_ex
    SLICE_X72Y123        LUT6 (Prop_H6LUT_SLICEL_I1_O)
                                                      0.124    12.740 r  u_soc/g_pe[2].u_pe/u_core/core_i/id_stage_i/controller_i/i___36_i_3__0/O
                         net (fo=1, routed)           0.443    13.183    u_soc/g_pe[2].u_pe/u_core/core_i/ex_stage_i/mult_i/regfile_waddr_lsu[4]_i_2__1
    SLICE_X76Y123        LUT6 (Prop_H6LUT_SLICEL_I2_O)
                                                      0.124    13.307 r  u_soc/g_pe[2].u_pe/u_core/core_i/ex_stage_i/mult_i/i___36_i_2__0/O
                         net (fo=2, routed)           0.205    13.512    u_soc/g_pe[2].u_pe/u_core/core_i/ex_stage_i/mult_i/ex_valid_o03_out
    SLICE_X76Y120        LUT2 (Prop_B6LUT_SLICEL_I0_O)
                                                      0.051    13.563 r  u_soc/g_pe[2].u_pe/u_core/core_i/ex_stage_i/mult_i/i___36_i_1__0/O
                         net (fo=11, routed)          0.765    14.328    u_soc/g_pe[2].u_pe/u_core/ex_ready
    SLICE_X74Y112        LUT6 (Prop_G6LUT_SLICEM_I4_O)
                                                      0.037    14.365 r  u_soc/g_pe[2].u_pe/u_core/i___175/O
                         net (fo=7, routed)           0.469    14.835    u_soc/g_pe[2].u_pe/u_core/core_i/if_stage_i/id_ready
    SLICE_X73Y113        LUT2 (Prop_A5LUT_SLICEM_I0_O)
                                                      0.070    14.905 r  u_soc/g_pe[2].u_pe/u_core/core_i/if_stage_i/id_valid_q_i_1__1/O
                         net (fo=25, routed)          0.686    15.590    u_soc/g_pe[2].u_pe/u_core/core_i_n_292
    SLICE_X76Y119        LUT6 (Prop_G6LUT_SLICEL_I3_O)
                                                      0.050    15.640 r  u_soc/g_pe[2].u_pe/u_core/i___36/O
                         net (fo=7, routed)           1.383    17.023    u_soc/g_pe[2].u_pe/u_core/core_i/id_stage_i/E[0]
    SLICE_X76Y120        FDCE                                         r  u_soc/g_pe[2].u_pe/u_core/core_i/id_stage_i/data_req_ex_o_reg/CE
  -------------------------------------------------------------------    -------------------

                         (clock clk rise edge)        9.999     9.999 r  
    AH18                                              0.000     9.999 r  clk300_p_i (IN)
                         net (fo=0)                   0.079    10.078    u_ibufds/I
    HPIOBDIFFINBUF_X1Y36 DIFFINBUF (Prop_DIFFINBUF_HPIOBDIFFINBUF_DIFF_IN_P_O)
                                                      0.429    10.507 r  u_ibufds/DIFFINBUF_INST/O
                         net (fo=1, routed)           0.040    10.547    u_ibufds/OUT
    AH18                 IBUFCTRL (Prop_IBUFCTRL_HPIOB_M_I_O)
                                                      0.000    10.547 r  u_ibufds/IBUFCTRL_INST/O
                         net (fo=1, routed)           0.286    10.833    clk_ref
    BUFGCE_DIV_X1Y7      BUFGCE_DIV (Prop_BUFGCE_DIV_I_O)
                                                      0.132    10.965 r  u_bufgce_div/O
                         net (fo=3477, routed)        1.733    12.698    u_soc/g_pe[2].u_pe/u_core/core_i/sleep_unit_i/core_clock_gate_i/clk
    BUFGCE_X0Y104        BUFGCE (Prop_BUFCE_BUFGCE_I_O)
                                                      0.024    12.722 r  u_soc/g_pe[2].u_pe/u_core/core_i/sleep_unit_i/core_clock_gate_i/u_bufgce/O
    X2Y1 (CLOCK_ROOT)    net (fo=2101, routed)        2.412    15.134    u_soc/g_pe[2].u_pe/u_core/core_i/id_stage_i/clk_0
    SLICE_X76Y120        FDCE                                         r  u_soc/g_pe[2].u_pe/u_core/core_i/id_stage_i/data_req_ex_o_reg/C
                         clock pessimism              0.517    15.651    
                         clock uncertainty           -0.035    15.616    
    SLICE_X76Y120        FDCE (Setup_AFF_SLICEL_C_CE)
                                                     -0.060    15.556    u_soc/g_pe[2].u_pe/u_core/core_i/id_stage_i/data_req_ex_o_reg
  -------------------------------------------------------------------
                         required time                         15.556    
                         arrival time                         -17.023    
  -------------------------------------------------------------------
                         slack                                 -1.467    

Slack (VIOLATED) :        -1.466ns  (required time - arrival time)
  Source:                 u_soc/g_pe[2].u_pe/u_core/core_i/id_stage_i/alu_operand_b_ex_o_reg[1]/C
                            (rising edge-triggered cell FDCE clocked by clk  {rise@0.000ns fall@3.333ns period=9.999ns})
  Destination:            u_soc/g_pe[2].u_pe/u_core/core_i/id_stage_i/mhpmevent_store_o_reg/D
                            (rising edge-triggered cell FDCE clocked by clk  {rise@0.000ns fall@3.333ns period=9.999ns})
  Path Group:             clk
  Path Type:              Setup (Max at Slow Process Corner)
  Requirement:            9.999ns  (clk rise@9.999ns - clk rise@0.000ns)
  Data Path Delay:        11.387ns  (logic 1.507ns (13.234%)  route 9.880ns (86.766%))
  Logic Levels:           18  (CARRY8=4 LUT2=2 LUT3=3 LUT5=3 LUT6=6)
  Clock Path Skew:        -0.067ns (DCD - SCD + CPR)
    Destination Clock Delay (DCD):    5.146ns = ( 15.145 - 9.999 ) 
    Source Clock Delay      (SCD):    5.765ns
    Clock Pessimism Removal (CPR):    0.552ns
  Clock Uncertainty:      0.035ns  ((TSJ^2 + TIJ^2)^1/2 + DJ) / 2 + PE
    Total System Jitter     (TSJ):    0.071ns
    Total Input Jitter      (TIJ):    0.000ns
    Discrete Jitter          (DJ):    0.000ns
    Phase Error              (PE):    0.000ns
  Clock Net Delay (Source):      2.687ns (routing 1.828ns, distribution 0.859ns)
  Clock Net Delay (Destination): 2.423ns (routing 1.666ns, distribution 0.757ns)

    Location             Delay type                Incr(ns)  Path(ns)    Netlist Resource(s)
  -------------------------------------------------------------------    -------------------
                         (clock clk rise edge)        0.000     0.000 r  
    AH18                                              0.000     0.000 r  clk300_p_i (IN)
                         net (fo=0)                   0.100     0.100    u_ibufds/I
    HPIOBDIFFINBUF_X1Y36 DIFFINBUF (Prop_DIFFINBUF_HPIOBDIFFINBUF_DIFF_IN_P_O)
                                                      0.525     0.625 r  u_ibufds/DIFFINBUF_INST/O
                         net (fo=1, routed)           0.050     0.675    u_ibufds/OUT
    AH18                 IBUFCTRL (Prop_IBUFCTRL_HPIOB_M_I_O)
                                                      0.000     0.675 r  u_ibufds/IBUFCTRL_INST/O
                         net (fo=1, routed)           0.322     0.997    clk_ref
    BUFGCE_DIV_X1Y7      BUFGCE_DIV (Prop_BUFGCE_DIV_I_O)
                                                      0.152     1.149 r  u_bufgce_div/O
                         net (fo=3477, routed)        1.901     3.050    u_soc/g_pe[2].u_pe/u_core/core_i/sleep_unit_i/core_clock_gate_i/clk
    BUFGCE_X0Y104        BUFGCE (Prop_BUFCE_BUFGCE_I_O)
                                                      0.028     3.078 r  u_soc/g_pe[2].u_pe/u_core/core_i/sleep_unit_i/core_clock_gate_i/u_bufgce/O
    X2Y1 (CLOCK_ROOT)    net (fo=2101, routed)        2.687     5.765    u_soc/g_pe[2].u_pe/u_core/core_i/id_stage_i/clk_0
    SLICE_X86Y115        FDCE                                         r  u_soc/g_pe[2].u_pe/u_core/core_i/id_stage_i/alu_operand_b_ex_o_reg[1]/C
  -------------------------------------------------------------------    -------------------
    SLICE_X86Y115        FDCE (Prop_HFF_SLICEM_C_Q)
                                                      0.079     5.844 r  u_soc/g_pe[2].u_pe/u_core/core_i/id_stage_i/alu_operand_b_ex_o_reg[1]/Q
                         net (fo=52, routed)          0.491     6.335    u_soc/g_pe[2].u_pe/u_core/core_i/id_stage_i/alu_operand_b_ex_o_reg[31]_0[1]
    SLICE_X75Y126        LUT3 (Prop_B6LUT_SLICEL_I1_O)
                                                      0.090     6.425 r  u_soc/g_pe[2].u_pe/u_core/core_i/id_stage_i/rdata_offset_q[1]_i_8__1/O
                         net (fo=1, routed)           0.009     6.434    u_soc/g_pe[2].u_pe/u_core/core_i/id_stage_i/rdata_offset_q[1]_i_8__1_n_0
    SLICE_X75Y126        CARRY8 (Prop_CARRY8_SLICEL_S[1]_CO[7])
                                                      0.186     6.620 r  u_soc/g_pe[2].u_pe/u_core/core_i/id_stage_i/rdata_offset_q_reg[1]_i_1__1/CO[7]
                         net (fo=1, routed)           0.026     6.646    u_soc/g_pe[2].u_pe/u_core/core_i/id_stage_i/rdata_offset_q_reg[1]_i_1__1_n_0
    SLICE_X75Y127        CARRY8 (Prop_CARRY8_SLICEL_CI_CO[7])
                                                      0.015     6.661 r  u_soc/g_pe[2].u_pe/u_core/core_i/id_stage_i/mem_reg_0_bram_0_i_3__1/CO[7]
                         net (fo=1, routed)           0.026     6.687    u_soc/g_pe[2].u_pe/u_core/core_i/id_stage_i/mem_reg_0_bram_0_i_3__1_n_0
    SLICE_X75Y128        CARRY8 (Prop_CARRY8_SLICEL_CI_CO[7])
                                                      0.015     6.702 r  u_soc/g_pe[2].u_pe/u_core/core_i/id_stage_i/addr_q_reg[17]_i_1__1/CO[7]
                         net (fo=1, routed)           0.026     6.728    u_soc/g_pe[2].u_pe/u_core/core_i/id_stage_i/addr_q_reg[17]_i_1__1_n_0
    SLICE_X75Y129        CARRY8 (Prop_CARRY8_SLICEL_CI_O[7])
                                                      0.123     6.851 r  u_soc/g_pe[2].u_pe/u_core/core_i/id_stage_i/addr_q_reg[31]_i_2__1/O[7]
                         net (fo=13, routed)          0.427     7.279    u_soc/g_pe[2].u_pe/u_core/core_i/id_stage_i/alu_operand_a_ex_o_reg[30]_0[3]
    SLICE_X71Y122        LUT6 (Prop_G6LUT_SLICEM_I2_O)
                                                      0.052     7.331 f  u_soc/g_pe[2].u_pe/u_core/core_i/id_stage_i/d_rvalid_o_i_3__0/O
                         net (fo=5, routed)           0.686     8.017    u_soc/g_pe[2].u_pe/u_core/core_i/id_stage_i/tgt_q_reg[2]
    SLICE_X72Y123        LUT6 (Prop_G6LUT_SLICEL_I2_O)
                                                      0.035     8.052 f  u_soc/g_pe[2].u_pe/u_core/core_i/id_stage_i/mem_reg_0_bram_0_i_22__0/O
                         net (fo=4, routed)           0.099     8.151    u_soc/g_pe[2].u_pe/u_core/core_i/id_stage_i/mem_reg_0_bram_0_i_22__0_n_0
    SLICE_X72Y125        LUT5 (Prop_D5LUT_SLICEL_I4_O)
                                                      0.096     8.247 r  u_soc/g_pe[2].u_pe/u_core/core_i/id_stage_i/FSM_sequential_state_q[1]_i_3__0/O
                         net (fo=4, routed)           1.167     9.414    u_soc/g_nodcache.g_bypass[2].u_bypass/dcu_req_2
    SLICE_X74Y147        LUT3 (Prop_H5LUT_SLICEM_I2_O)
                                                      0.066     9.480 r  u_soc/g_nodcache.g_bypass[2].u_bypass/i___104_i_2__0/O
                         net (fo=1, routed)           1.375    10.855    u_soc/g_pe[2].u_pe/u_core/core_i/id_stage_i/dcu_gnt_2
    SLICE_X71Y123        LUT6 (Prop_F6LUT_SLICEM_I0_O)
                                                      0.037    10.892 r  u_soc/g_pe[2].u_pe/u_core/core_i/id_stage_i/i___104_i_1__0/O
                         net (fo=11, routed)          0.950    11.842    u_soc/g_pe[2].u_pe/u_core/core_i/id_stage_i/controller_i/i___36_i_3__0_0
    SLICE_X72Y121        LUT5 (Prop_A6LUT_SLICEL_I0_O)
                                                      0.050    11.892 r  u_soc/g_pe[2].u_pe/u_core/core_i/id_stage_i/controller_i/i___36_i_4__0/O
                         net (fo=1, routed)           0.724    12.616    u_soc/g_pe[2].u_pe/u_core/core_i/id_stage_i/controller_i/lsu_ready_ex
    SLICE_X72Y123        LUT6 (Prop_H6LUT_SLICEL_I1_O)
                                                      0.124    12.740 r  u_soc/g_pe[2].u_pe/u_core/core_i/id_stage_i/controller_i/i___36_i_3__0/O
                         net (fo=1, routed)           0.443    13.183    u_soc/g_pe[2].u_pe/u_core/core_i/ex_stage_i/mult_i/regfile_waddr_lsu[4]_i_2__1
    SLICE_X76Y123        LUT6 (Prop_H6LUT_SLICEL_I2_O)
                                                      0.124    13.307 r  u_soc/g_pe[2].u_pe/u_core/core_i/ex_stage_i/mult_i/i___36_i_2__0/O
                         net (fo=2, routed)           0.205    13.512    u_soc/g_pe[2].u_pe/u_core/core_i/ex_stage_i/mult_i/ex_valid_o03_out
    SLICE_X76Y120        LUT2 (Prop_B6LUT_SLICEL_I0_O)
                                                      0.051    13.563 r  u_soc/g_pe[2].u_pe/u_core/core_i/ex_stage_i/mult_i/i___36_i_1__0/O
                         net (fo=11, routed)          0.765    14.328    u_soc/g_pe[2].u_pe/u_core/ex_ready
    SLICE_X74Y112        LUT6 (Prop_G6LUT_SLICEM_I4_O)
                                                      0.037    14.365 r  u_soc/g_pe[2].u_pe/u_core/i___175/O
                         net (fo=7, routed)           0.469    14.835    u_soc/g_pe[2].u_pe/u_core/core_i/if_stage_i/id_ready
    SLICE_X73Y113        LUT2 (Prop_A5LUT_SLICEM_I0_O)
                                                      0.070    14.905 r  u_soc/g_pe[2].u_pe/u_core/core_i/if_stage_i/id_valid_q_i_1__1/O
                         net (fo=25, routed)          0.607    15.511    u_soc/g_pe[2].u_pe/u_core/core_i/if_stage_i/ctrl_fsm_cs_reg[3]
    SLICE_X74Y112        LUT5 (Prop_D5LUT_SLICEM_I0_O)
                                                      0.097    15.608 r  u_soc/g_pe[2].u_pe/u_core/core_i/if_stage_i/mhpmevent_minstret_o_i_1__1/O
                         net (fo=6, routed)           0.628    16.236    u_soc/g_pe[2].u_pe/u_core/core_i/if_stage_i/illegal_c_insn_id_o_reg_2
    SLICE_X76Y111        LUT3 (Prop_G5LUT_SLICEL_I1_O)
                                                      0.160    16.396 r  u_soc/g_pe[2].u_pe/u_core/core_i/if_stage_i/mhpmevent_store_o_i_1__1/O
                         net (fo=1, routed)           0.756    17.152    u_soc/g_pe[2].u_pe/u_core/core_i/id_stage_i/mhpmevent_store_o0
    SLICE_X76Y111        FDCE                                         r  u_soc/g_pe[2].u_pe/u_core/core_i/id_stage_i/mhpmevent_store_o_reg/D
  -------------------------------------------------------------------    -------------------

                         (clock clk rise edge)        9.999     9.999 r  
    AH18                                              0.000     9.999 r  clk300_p_i (IN)
                         net (fo=0)                   0.079    10.078    u_ibufds/I
    HPIOBDIFFINBUF_X1Y36 DIFFINBUF (Prop_DIFFINBUF_HPIOBDIFFINBUF_DIFF_IN_P_O)
                                                      0.429    10.507 r  u_ibufds/DIFFINBUF_INST/O
                         net (fo=1, routed)           0.040    10.547    u_ibufds/OUT
    AH18                 IBUFCTRL (Prop_IBUFCTRL_HPIOB_M_I_O)
                                                      0.000    10.547 r  u_ibufds/IBUFCTRL_INST/O
                         net (fo=1, routed)           0.286    10.833    clk_ref
    BUFGCE_DIV_X1Y7      BUFGCE_DIV (Prop_BUFGCE_DIV_I_O)
                                                      0.132    10.965 r  u_bufgce_div/O
                         net (fo=3477, routed)        1.733    12.698    u_soc/g_pe[2].u_pe/u_core/core_i/sleep_unit_i/core_clock_gate_i/clk
    BUFGCE_X0Y104        BUFGCE (Prop_BUFCE_BUFGCE_I_O)
                                                      0.024    12.722 r  u_soc/g_pe[2].u_pe/u_core/core_i/sleep_unit_i/core_clock_gate_i/u_bufgce/O
    X2Y1 (CLOCK_ROOT)    net (fo=2101, routed)        2.423    15.145    u_soc/g_pe[2].u_pe/u_core/core_i/id_stage_i/clk_0
    SLICE_X76Y111        FDCE                                         r  u_soc/g_pe[2].u_pe/u_core/core_i/id_stage_i/mhpmevent_store_o_reg/C
                         clock pessimism              0.552    15.697    
                         clock uncertainty           -0.035    15.662    
    SLICE_X76Y111        FDCE (Setup_AFF2_SLICEL_C_D)
                                                      0.025    15.687    u_soc/g_pe[2].u_pe/u_core/core_i/id_stage_i/mhpmevent_store_o_reg
  -------------------------------------------------------------------
                         required time                         15.687    
                         arrival time                         -17.152    
  -------------------------------------------------------------------
                         slack                                 -1.466    

Slack (VIOLATED) :        -1.460ns  (required time - arrival time)
  Source:                 u_soc/g_pe[2].u_pe/u_core/core_i/id_stage_i/alu_operand_b_ex_o_reg[1]/C
                            (rising edge-triggered cell FDCE clocked by clk  {rise@0.000ns fall@3.333ns period=9.999ns})
  Destination:            u_soc/g_pe[2].u_pe/u_core/core_i/id_stage_i/csr_op_ex_o_reg[1]/CE
                            (rising edge-triggered cell FDCE clocked by clk  {rise@0.000ns fall@3.333ns period=9.999ns})
  Path Group:             clk
  Path Type:              Setup (Max at Slow Process Corner)
  Requirement:            9.999ns  (clk rise@9.999ns - clk rise@0.000ns)
  Data Path Delay:        11.296ns  (logic 1.300ns (11.508%)  route 9.996ns (88.492%))
  Logic Levels:           17  (CARRY8=4 LUT2=2 LUT3=2 LUT5=2 LUT6=7)
  Clock Path Skew:        -0.067ns (DCD - SCD + CPR)
    Destination Clock Delay (DCD):    5.146ns = ( 15.145 - 9.999 ) 
    Source Clock Delay      (SCD):    5.765ns
    Clock Pessimism Removal (CPR):    0.552ns
  Clock Uncertainty:      0.035ns  ((TSJ^2 + TIJ^2)^1/2 + DJ) / 2 + PE
    Total System Jitter     (TSJ):    0.071ns
    Total Input Jitter      (TIJ):    0.000ns
    Discrete Jitter          (DJ):    0.000ns
    Phase Error              (PE):    0.000ns
  Clock Net Delay (Source):      2.687ns (routing 1.828ns, distribution 0.859ns)
  Clock Net Delay (Destination): 2.423ns (routing 1.666ns, distribution 0.757ns)

    Location             Delay type                Incr(ns)  Path(ns)    Netlist Resource(s)
  -------------------------------------------------------------------    -------------------
                         (clock clk rise edge)        0.000     0.000 r  
    AH18                                              0.000     0.000 r  clk300_p_i (IN)
                         net (fo=0)                   0.100     0.100    u_ibufds/I
    HPIOBDIFFINBUF_X1Y36 DIFFINBUF (Prop_DIFFINBUF_HPIOBDIFFINBUF_DIFF_IN_P_O)
                                                      0.525     0.625 r  u_ibufds/DIFFINBUF_INST/O
                         net (fo=1, routed)           0.050     0.675    u_ibufds/OUT
    AH18                 IBUFCTRL (Prop_IBUFCTRL_HPIOB_M_I_O)
                                                      0.000     0.675 r  u_ibufds/IBUFCTRL_INST/O
                         net (fo=1, routed)           0.322     0.997    clk_ref
    BUFGCE_DIV_X1Y7      BUFGCE_DIV (Prop_BUFGCE_DIV_I_O)
                                                      0.152     1.149 r  u_bufgce_div/O
                         net (fo=3477, routed)        1.901     3.050    u_soc/g_pe[2].u_pe/u_core/core_i/sleep_unit_i/core_clock_gate_i/clk
    BUFGCE_X0Y104        BUFGCE (Prop_BUFCE_BUFGCE_I_O)
                                                      0.028     3.078 r  u_soc/g_pe[2].u_pe/u_core/core_i/sleep_unit_i/core_clock_gate_i/u_bufgce/O
    X2Y1 (CLOCK_ROOT)    net (fo=2101, routed)        2.687     5.765    u_soc/g_pe[2].u_pe/u_core/core_i/id_stage_i/clk_0
    SLICE_X86Y115        FDCE                                         r  u_soc/g_pe[2].u_pe/u_core/core_i/id_stage_i/alu_operand_b_ex_o_reg[1]/C
  -------------------------------------------------------------------    -------------------
    SLICE_X86Y115        FDCE (Prop_HFF_SLICEM_C_Q)
                                                      0.079     5.844 r  u_soc/g_pe[2].u_pe/u_core/core_i/id_stage_i/alu_operand_b_ex_o_reg[1]/Q
                         net (fo=52, routed)          0.491     6.335    u_soc/g_pe[2].u_pe/u_core/core_i/id_stage_i/alu_operand_b_ex_o_reg[31]_0[1]
    SLICE_X75Y126        LUT3 (Prop_B6LUT_SLICEL_I1_O)
                                                      0.090     6.425 r  u_soc/g_pe[2].u_pe/u_core/core_i/id_stage_i/rdata_offset_q[1]_i_8__1/O
                         net (fo=1, routed)           0.009     6.434    u_soc/g_pe[2].u_pe/u_core/core_i/id_stage_i/rdata_offset_q[1]_i_8__1_n_0
    SLICE_X75Y126        CARRY8 (Prop_CARRY8_SLICEL_S[1]_CO[7])
                                                      0.186     6.620 r  u_soc/g_pe[2].u_pe/u_core/core_i/id_stage_i/rdata_offset_q_reg[1]_i_1__1/CO[7]
                         net (fo=1, routed)           0.026     6.646    u_soc/g_pe[2].u_pe/u_core/core_i/id_stage_i/rdata_offset_q_reg[1]_i_1__1_n_0
    SLICE_X75Y127        CARRY8 (Prop_CARRY8_SLICEL_CI_CO[7])
                                                      0.015     6.661 r  u_soc/g_pe[2].u_pe/u_core/core_i/id_stage_i/mem_reg_0_bram_0_i_3__1/CO[7]
                         net (fo=1, routed)           0.026     6.687    u_soc/g_pe[2].u_pe/u_core/core_i/id_stage_i/mem_reg_0_bram_0_i_3__1_n_0
    SLICE_X75Y128        CARRY8 (Prop_CARRY8_SLICEL_CI_CO[7])
                                                      0.015     6.702 r  u_soc/g_pe[2].u_pe/u_core/core_i/id_stage_i/addr_q_reg[17]_i_1__1/CO[7]
                         net (fo=1, routed)           0.026     6.728    u_soc/g_pe[2].u_pe/u_core/core_i/id_stage_i/addr_q_reg[17]_i_1__1_n_0
    SLICE_X75Y129        CARRY8 (Prop_CARRY8_SLICEL_CI_O[7])
                                                      0.123     6.851 r  u_soc/g_pe[2].u_pe/u_core/core_i/id_stage_i/addr_q_reg[31]_i_2__1/O[7]
                         net (fo=13, routed)          0.427     7.279    u_soc/g_pe[2].u_pe/u_core/core_i/id_stage_i/alu_operand_a_ex_o_reg[30]_0[3]
    SLICE_X71Y122        LUT6 (Prop_G6LUT_SLICEM_I2_O)
                                                      0.052     7.331 f  u_soc/g_pe[2].u_pe/u_core/core_i/id_stage_i/d_rvalid_o_i_3__0/O
                         net (fo=5, routed)           0.686     8.017    u_soc/g_pe[2].u_pe/u_core/core_i/id_stage_i/tgt_q_reg[2]
    SLICE_X72Y123        LUT6 (Prop_G6LUT_SLICEL_I2_O)
                                                      0.035     8.052 f  u_soc/g_pe[2].u_pe/u_core/core_i/id_stage_i/mem_reg_0_bram_0_i_22__0/O
                         net (fo=4, routed)           0.099     8.151    u_soc/g_pe[2].u_pe/u_core/core_i/id_stage_i/mem_reg_0_bram_0_i_22__0_n_0
    SLICE_X72Y125        LUT5 (Prop_D5LUT_SLICEL_I4_O)
                                                      0.096     8.247 r  u_soc/g_pe[2].u_pe/u_core/core_i/id_stage_i/FSM_sequential_state_q[1]_i_3__0/O
                         net (fo=4, routed)           1.167     9.414    u_soc/g_nodcache.g_bypass[2].u_bypass/dcu_req_2
    SLICE_X74Y147        LUT3 (Prop_H5LUT_SLICEM_I2_O)
                                                      0.066     9.480 r  u_soc/g_nodcache.g_bypass[2].u_bypass/i___104_i_2__0/O
                         net (fo=1, routed)           1.375    10.855    u_soc/g_pe[2].u_pe/u_core/core_i/id_stage_i/dcu_gnt_2
    SLICE_X71Y123        LUT6 (Prop_F6LUT_SLICEM_I0_O)
                                                      0.037    10.892 r  u_soc/g_pe[2].u_pe/u_core/core_i/id_stage_i/i___104_i_1__0/O
                         net (fo=11, routed)          0.950    11.842    u_soc/g_pe[2].u_pe/u_core/core_i/id_stage_i/controller_i/i___36_i_3__0_0
    SLICE_X72Y121        LUT5 (Prop_A6LUT_SLICEL_I0_O)
                                                      0.050    11.892 r  u_soc/g_pe[2].u_pe/u_core/core_i/id_stage_i/controller_i/i___36_i_4__0/O
                         net (fo=1, routed)           0.724    12.616    u_soc/g_pe[2].u_pe/u_core/core_i/id_stage_i/controller_i/lsu_ready_ex
    SLICE_X72Y123        LUT6 (Prop_H6LUT_SLICEL_I1_O)
                                                      0.124    12.740 r  u_soc/g_pe[2].u_pe/u_core/core_i/id_stage_i/controller_i/i___36_i_3__0/O
                         net (fo=1, routed)           0.443    13.183    u_soc/g_pe[2].u_pe/u_core/core_i/ex_stage_i/mult_i/regfile_waddr_lsu[4]_i_2__1
    SLICE_X76Y123        LUT6 (Prop_H6LUT_SLICEL_I2_O)
                                                      0.124    13.307 r  u_soc/g_pe[2].u_pe/u_core/core_i/ex_stage_i/mult_i/i___36_i_2__0/O
                         net (fo=2, routed)           0.205    13.512    u_soc/g_pe[2].u_pe/u_core/core_i/ex_stage_i/mult_i/ex_valid_o03_out
    SLICE_X76Y120        LUT2 (Prop_B6LUT_SLICEL_I0_O)
                                                      0.051    13.563 r  u_soc/g_pe[2].u_pe/u_core/core_i/ex_stage_i/mult_i/i___36_i_1__0/O
                         net (fo=11, routed)          0.765    14.328    u_soc/g_pe[2].u_pe/u_core/ex_ready
    SLICE_X74Y112        LUT6 (Prop_G6LUT_SLICEM_I4_O)
                                                      0.037    14.365 r  u_soc/g_pe[2].u_pe/u_core/i___175/O
                         net (fo=7, routed)           0.469    14.835    u_soc/g_pe[2].u_pe/u_core/core_i/if_stage_i/id_ready
    SLICE_X73Y113        LUT2 (Prop_A5LUT_SLICEM_I0_O)
                                                      0.070    14.905 r  u_soc/g_pe[2].u_pe/u_core/core_i/if_stage_i/id_valid_q_i_1__1/O
                         net (fo=25, routed)          0.686    15.590    u_soc/g_pe[2].u_pe/u_core/core_i_n_292
    SLICE_X76Y119        LUT6 (Prop_G6LUT_SLICEL_I3_O)
                                                      0.050    15.640 r  u_soc/g_pe[2].u_pe/u_core/i___36/O
                         net (fo=7, routed)           1.421    17.061    u_soc/g_pe[2].u_pe/u_core/core_i/id_stage_i/E[0]
    SLICE_X75Y113        FDCE                                         r  u_soc/g_pe[2].u_pe/u_core/core_i/id_stage_i/csr_op_ex_o_reg[1]/CE
  -------------------------------------------------------------------    -------------------

                         (clock clk rise edge)        9.999     9.999 r  
    AH18                                              0.000     9.999 r  clk300_p_i (IN)
                         net (fo=0)                   0.079    10.078    u_ibufds/I
    HPIOBDIFFINBUF_X1Y36 DIFFINBUF (Prop_DIFFINBUF_HPIOBDIFFINBUF_DIFF_IN_P_O)
                                                      0.429    10.507 r  u_ibufds/DIFFINBUF_INST/O
                         net (fo=1, routed)           0.040    10.547    u_ibufds/OUT
    AH18                 IBUFCTRL (Prop_IBUFCTRL_HPIOB_M_I_O)
                                                      0.000    10.547 r  u_ibufds/IBUFCTRL_INST/O
                         net (fo=1, routed)           0.286    10.833    clk_ref
    BUFGCE_DIV_X1Y7      BUFGCE_DIV (Prop_BUFGCE_DIV_I_O)
                                                      0.132    10.965 r  u_bufgce_div/O
                         net (fo=3477, routed)        1.733    12.698    u_soc/g_pe[2].u_pe/u_core/core_i/sleep_unit_i/core_clock_gate_i/clk
    BUFGCE_X0Y104        BUFGCE (Prop_BUFCE_BUFGCE_I_O)
                                                      0.024    12.722 r  u_soc/g_pe[2].u_pe/u_core/core_i/sleep_unit_i/core_clock_gate_i/u_bufgce/O
    X2Y1 (CLOCK_ROOT)    net (fo=2101, routed)        2.423    15.145    u_soc/g_pe[2].u_pe/u_core/core_i/id_stage_i/clk_0
    SLICE_X75Y113        FDCE                                         r  u_soc/g_pe[2].u_pe/u_core/core_i/id_stage_i/csr_op_ex_o_reg[1]/C
                         clock pessimism              0.552    15.697    
                         clock uncertainty           -0.035    15.662    
    SLICE_X75Y113        FDCE (Setup_GFF2_SLICEL_C_CE)
                                                     -0.060    15.602    u_soc/g_pe[2].u_pe/u_core/core_i/id_stage_i/csr_op_ex_o_reg[1]
  -------------------------------------------------------------------
                         required time                         15.602    
                         arrival time                         -17.061    
  -------------------------------------------------------------------
                         slack                                 -1.460    

Slack (VIOLATED) :        -1.460ns  (required time - arrival time)
  Source:                 u_soc/g_pe[2].u_pe/u_core/core_i/id_stage_i/alu_operand_b_ex_o_reg[1]/C
                            (rising edge-triggered cell FDCE clocked by clk  {rise@0.000ns fall@3.333ns period=9.999ns})
  Destination:            u_soc/g_pe[2].u_pe/u_core/core_i/id_stage_i/regfile_we_ex_o_reg/CE
                            (rising edge-triggered cell FDCE clocked by clk  {rise@0.000ns fall@3.333ns period=9.999ns})
  Path Group:             clk
  Path Type:              Setup (Max at Slow Process Corner)
  Requirement:            9.999ns  (clk rise@9.999ns - clk rise@0.000ns)
  Data Path Delay:        11.296ns  (logic 1.300ns (11.508%)  route 9.996ns (88.492%))
  Logic Levels:           17  (CARRY8=4 LUT2=2 LUT3=2 LUT5=2 LUT6=7)
  Clock Path Skew:        -0.067ns (DCD - SCD + CPR)
    Destination Clock Delay (DCD):    5.146ns = ( 15.145 - 9.999 ) 
    Source Clock Delay      (SCD):    5.765ns
    Clock Pessimism Removal (CPR):    0.552ns
  Clock Uncertainty:      0.035ns  ((TSJ^2 + TIJ^2)^1/2 + DJ) / 2 + PE
    Total System Jitter     (TSJ):    0.071ns
    Total Input Jitter      (TIJ):    0.000ns
    Discrete Jitter          (DJ):    0.000ns
    Phase Error              (PE):    0.000ns
  Clock Net Delay (Source):      2.687ns (routing 1.828ns, distribution 0.859ns)
  Clock Net Delay (Destination): 2.423ns (routing 1.666ns, distribution 0.757ns)

    Location             Delay type                Incr(ns)  Path(ns)    Netlist Resource(s)
  -------------------------------------------------------------------    -------------------
                         (clock clk rise edge)        0.000     0.000 r  
    AH18                                              0.000     0.000 r  clk300_p_i (IN)
                         net (fo=0)                   0.100     0.100    u_ibufds/I
    HPIOBDIFFINBUF_X1Y36 DIFFINBUF (Prop_DIFFINBUF_HPIOBDIFFINBUF_DIFF_IN_P_O)
                                                      0.525     0.625 r  u_ibufds/DIFFINBUF_INST/O
                         net (fo=1, routed)           0.050     0.675    u_ibufds/OUT
    AH18                 IBUFCTRL (Prop_IBUFCTRL_HPIOB_M_I_O)
                                                      0.000     0.675 r  u_ibufds/IBUFCTRL_INST/O
                         net (fo=1, routed)           0.322     0.997    clk_ref
    BUFGCE_DIV_X1Y7      BUFGCE_DIV (Prop_BUFGCE_DIV_I_O)
                                                      0.152     1.149 r  u_bufgce_div/O
                         net (fo=3477, routed)        1.901     3.050    u_soc/g_pe[2].u_pe/u_core/core_i/sleep_unit_i/core_clock_gate_i/clk
    BUFGCE_X0Y104        BUFGCE (Prop_BUFCE_BUFGCE_I_O)
                                                      0.028     3.078 r  u_soc/g_pe[2].u_pe/u_core/core_i/sleep_unit_i/core_clock_gate_i/u_bufgce/O
    X2Y1 (CLOCK_ROOT)    net (fo=2101, routed)        2.687     5.765    u_soc/g_pe[2].u_pe/u_core/core_i/id_stage_i/clk_0
    SLICE_X86Y115        FDCE                                         r  u_soc/g_pe[2].u_pe/u_core/core_i/id_stage_i/alu_operand_b_ex_o_reg[1]/C
  -------------------------------------------------------------------    -------------------
    SLICE_X86Y115        FDCE (Prop_HFF_SLICEM_C_Q)
                                                      0.079     5.844 r  u_soc/g_pe[2].u_pe/u_core/core_i/id_stage_i/alu_operand_b_ex_o_reg[1]/Q
                         net (fo=52, routed)          0.491     6.335    u_soc/g_pe[2].u_pe/u_core/core_i/id_stage_i/alu_operand_b_ex_o_reg[31]_0[1]
    SLICE_X75Y126        LUT3 (Prop_B6LUT_SLICEL_I1_O)
                                                      0.090     6.425 r  u_soc/g_pe[2].u_pe/u_core/core_i/id_stage_i/rdata_offset_q[1]_i_8__1/O
                         net (fo=1, routed)           0.009     6.434    u_soc/g_pe[2].u_pe/u_core/core_i/id_stage_i/rdata_offset_q[1]_i_8__1_n_0
    SLICE_X75Y126        CARRY8 (Prop_CARRY8_SLICEL_S[1]_CO[7])
                                                      0.186     6.620 r  u_soc/g_pe[2].u_pe/u_core/core_i/id_stage_i/rdata_offset_q_reg[1]_i_1__1/CO[7]
                         net (fo=1, routed)           0.026     6.646    u_soc/g_pe[2].u_pe/u_core/core_i/id_stage_i/rdata_offset_q_reg[1]_i_1__1_n_0
    SLICE_X75Y127        CARRY8 (Prop_CARRY8_SLICEL_CI_CO[7])
                                                      0.015     6.661 r  u_soc/g_pe[2].u_pe/u_core/core_i/id_stage_i/mem_reg_0_bram_0_i_3__1/CO[7]
                         net (fo=1, routed)           0.026     6.687    u_soc/g_pe[2].u_pe/u_core/core_i/id_stage_i/mem_reg_0_bram_0_i_3__1_n_0
    SLICE_X75Y128        CARRY8 (Prop_CARRY8_SLICEL_CI_CO[7])
                                                      0.015     6.702 r  u_soc/g_pe[2].u_pe/u_core/core_i/id_stage_i/addr_q_reg[17]_i_1__1/CO[7]
                         net (fo=1, routed)           0.026     6.728    u_soc/g_pe[2].u_pe/u_core/core_i/id_stage_i/addr_q_reg[17]_i_1__1_n_0
    SLICE_X75Y129        CARRY8 (Prop_CARRY8_SLICEL_CI_O[7])
                                                      0.123     6.851 r  u_soc/g_pe[2].u_pe/u_core/core_i/id_stage_i/addr_q_reg[31]_i_2__1/O[7]
                         net (fo=13, routed)          0.427     7.279    u_soc/g_pe[2].u_pe/u_core/core_i/id_stage_i/alu_operand_a_ex_o_reg[30]_0[3]
    SLICE_X71Y122        LUT6 (Prop_G6LUT_SLICEM_I2_O)
                                                      0.052     7.331 f  u_soc/g_pe[2].u_pe/u_core/core_i/id_stage_i/d_rvalid_o_i_3__0/O
                         net (fo=5, routed)           0.686     8.017    u_soc/g_pe[2].u_pe/u_core/core_i/id_stage_i/tgt_q_reg[2]
    SLICE_X72Y123        LUT6 (Prop_G6LUT_SLICEL_I2_O)
                                                      0.035     8.052 f  u_soc/g_pe[2].u_pe/u_core/core_i/id_stage_i/mem_reg_0_bram_0_i_22__0/O
                         net (fo=4, routed)           0.099     8.151    u_soc/g_pe[2].u_pe/u_core/core_i/id_stage_i/mem_reg_0_bram_0_i_22__0_n_0
    SLICE_X72Y125        LUT5 (Prop_D5LUT_SLICEL_I4_O)
                                                      0.096     8.247 r  u_soc/g_pe[2].u_pe/u_core/core_i/id_stage_i/FSM_sequential_state_q[1]_i_3__0/O
                         net (fo=4, routed)           1.167     9.414    u_soc/g_nodcache.g_bypass[2].u_bypass/dcu_req_2
    SLICE_X74Y147        LUT3 (Prop_H5LUT_SLICEM_I2_O)
                                                      0.066     9.480 r  u_soc/g_nodcache.g_bypass[2].u_bypass/i___104_i_2__0/O
                         net (fo=1, routed)           1.375    10.855    u_soc/g_pe[2].u_pe/u_core/core_i/id_stage_i/dcu_gnt_2
    SLICE_X71Y123        LUT6 (Prop_F6LUT_SLICEM_I0_O)
                                                      0.037    10.892 r  u_soc/g_pe[2].u_pe/u_core/core_i/id_stage_i/i___104_i_1__0/O
                         net (fo=11, routed)          0.950    11.842    u_soc/g_pe[2].u_pe/u_core/core_i/id_stage_i/controller_i/i___36_i_3__0_0
    SLICE_X72Y121        LUT5 (Prop_A6LUT_SLICEL_I0_O)
                                                      0.050    11.892 r  u_soc/g_pe[2].u_pe/u_core/core_i/id_stage_i/controller_i/i___36_i_4__0/O
                         net (fo=1, routed)           0.724    12.616    u_soc/g_pe[2].u_pe/u_core/core_i/id_stage_i/controller_i/lsu_ready_ex
    SLICE_X72Y123        LUT6 (Prop_H6LUT_SLICEL_I1_O)
                                                      0.124    12.740 r  u_soc/g_pe[2].u_pe/u_core/core_i/id_stage_i/controller_i/i___36_i_3__0/O
                         net (fo=1, routed)           0.443    13.183    u_soc/g_pe[2].u_pe/u_core/core_i/ex_stage_i/mult_i/regfile_waddr_lsu[4]_i_2__1
    SLICE_X76Y123        LUT6 (Prop_H6LUT_SLICEL_I2_O)
                                                      0.124    13.307 r  u_soc/g_pe[2].u_pe/u_core/core_i/ex_stage_i/mult_i/i___36_i_2__0/O
                         net (fo=2, routed)           0.205    13.512    u_soc/g_pe[2].u_pe/u_core/core_i/ex_stage_i/mult_i/ex_valid_o03_out
    SLICE_X76Y120        LUT2 (Prop_B6LUT_SLICEL_I0_O)
                                                      0.051    13.563 r  u_soc/g_pe[2].u_pe/u_core/core_i/ex_stage_i/mult_i/i___36_i_1__0/O
                         net (fo=11, routed)          0.765    14.328    u_soc/g_pe[2].u_pe/u_core/ex_ready
    SLICE_X74Y112        LUT6 (Prop_G6LUT_SLICEM_I4_O)
                                                      0.037    14.365 r  u_soc/g_pe[2].u_pe/u_core/i___175/O
                         net (fo=7, routed)           0.469    14.835    u_soc/g_pe[2].u_pe/u_core/core_i/if_stage_i/id_ready
    SLICE_X73Y113        LUT2 (Prop_A5LUT_SLICEM_I0_O)
                                                      0.070    14.905 r  u_soc/g_pe[2].u_pe/u_core/core_i/if_stage_i/id_valid_q_i_1__1/O
                         net (fo=25, routed)          0.686    15.590    u_soc/g_pe[2].u_pe/u_core/core_i_n_292
    SLICE_X76Y119        LUT6 (Prop_G6LUT_SLICEL_I3_O)
                                                      0.050    15.640 r  u_soc/g_pe[2].u_pe/u_core/i___36/O
                         net (fo=7, routed)           1.421    17.061    u_soc/g_pe[2].u_pe/u_core/core_i/id_stage_i/E[0]
    SLICE_X75Y113        FDCE                                         r  u_soc/g_pe[2].u_pe/u_core/core_i/id_stage_i/regfile_we_ex_o_reg/CE
  -------------------------------------------------------------------    -------------------

                         (clock clk rise edge)        9.999     9.999 r  
    AH18                                              0.000     9.999 r  clk300_p_i (IN)
                         net (fo=0)                   0.079    10.078    u_ibufds/I
    HPIOBDIFFINBUF_X1Y36 DIFFINBUF (Prop_DIFFINBUF_HPIOBDIFFINBUF_DIFF_IN_P_O)
                                                      0.429    10.507 r  u_ibufds/DIFFINBUF_INST/O
                         net (fo=1, routed)           0.040    10.547    u_ibufds/OUT
    AH18                 IBUFCTRL (Prop_IBUFCTRL_HPIOB_M_I_O)
                                                      0.000    10.547 r  u_ibufds/IBUFCTRL_INST/O
                         net (fo=1, routed)           0.286    10.833    clk_ref
    BUFGCE_DIV_X1Y7      BUFGCE_DIV (Prop_BUFGCE_DIV_I_O)
                                                      0.132    10.965 r  u_bufgce_div/O
                         net (fo=3477, routed)        1.733    12.698    u_soc/g_pe[2].u_pe/u_core/core_i/sleep_unit_i/core_clock_gate_i/clk
    BUFGCE_X0Y104        BUFGCE (Prop_BUFCE_BUFGCE_I_O)
                                                      0.024    12.722 r  u_soc/g_pe[2].u_pe/u_core/core_i/sleep_unit_i/core_clock_gate_i/u_bufgce/O
    X2Y1 (CLOCK_ROOT)    net (fo=2101, routed)        2.423    15.145    u_soc/g_pe[2].u_pe/u_core/core_i/id_stage_i/clk_0
    SLICE_X75Y113        FDCE                                         r  u_soc/g_pe[2].u_pe/u_core/core_i/id_stage_i/regfile_we_ex_o_reg/C
                         clock pessimism              0.552    15.697    
                         clock uncertainty           -0.035    15.662    
    SLICE_X75Y113        FDCE (Setup_FFF2_SLICEL_C_CE)
                                                     -0.060    15.602    u_soc/g_pe[2].u_pe/u_core/core_i/id_stage_i/regfile_we_ex_o_reg
  -------------------------------------------------------------------
                         required time                         15.602    
                         arrival time                         -17.061    
  -------------------------------------------------------------------
                         slack                                 -1.460    

Slack (VIOLATED) :        -1.458ns  (required time - arrival time)
  Source:                 u_soc/g_pe[2].u_pe/u_core/core_i/id_stage_i/alu_operand_b_ex_o_reg[1]/C
                            (rising edge-triggered cell FDCE clocked by clk  {rise@0.000ns fall@3.333ns period=9.999ns})
  Destination:            u_soc/g_pe[2].u_pe/u_core/core_i/id_stage_i/csr_op_ex_o_reg[0]/CE
                            (rising edge-triggered cell FDCE clocked by clk  {rise@0.000ns fall@3.333ns period=9.999ns})
  Path Group:             clk
  Path Type:              Setup (Max at Slow Process Corner)
  Requirement:            9.999ns  (clk rise@9.999ns - clk rise@0.000ns)
  Data Path Delay:        11.294ns  (logic 1.300ns (11.510%)  route 9.994ns (88.490%))
  Logic Levels:           17  (CARRY8=4 LUT2=2 LUT3=2 LUT5=2 LUT6=7)
  Clock Path Skew:        -0.067ns (DCD - SCD + CPR)
    Destination Clock Delay (DCD):    5.146ns = ( 15.145 - 9.999 ) 
    Source Clock Delay      (SCD):    5.765ns
    Clock Pessimism Removal (CPR):    0.552ns
  Clock Uncertainty:      0.035ns  ((TSJ^2 + TIJ^2)^1/2 + DJ) / 2 + PE
    Total System Jitter     (TSJ):    0.071ns
    Total Input Jitter      (TIJ):    0.000ns
    Discrete Jitter          (DJ):    0.000ns
    Phase Error              (PE):    0.000ns
  Clock Net Delay (Source):      2.687ns (routing 1.828ns, distribution 0.859ns)
  Clock Net Delay (Destination): 2.423ns (routing 1.666ns, distribution 0.757ns)

    Location             Delay type                Incr(ns)  Path(ns)    Netlist Resource(s)
  -------------------------------------------------------------------    -------------------
                         (clock clk rise edge)        0.000     0.000 r  
    AH18                                              0.000     0.000 r  clk300_p_i (IN)
                         net (fo=0)                   0.100     0.100    u_ibufds/I
    HPIOBDIFFINBUF_X1Y36 DIFFINBUF (Prop_DIFFINBUF_HPIOBDIFFINBUF_DIFF_IN_P_O)
                                                      0.525     0.625 r  u_ibufds/DIFFINBUF_INST/O
                         net (fo=1, routed)           0.050     0.675    u_ibufds/OUT
    AH18                 IBUFCTRL (Prop_IBUFCTRL_HPIOB_M_I_O)
                                                      0.000     0.675 r  u_ibufds/IBUFCTRL_INST/O
                         net (fo=1, routed)           0.322     0.997    clk_ref
    BUFGCE_DIV_X1Y7      BUFGCE_DIV (Prop_BUFGCE_DIV_I_O)
                                                      0.152     1.149 r  u_bufgce_div/O
                         net (fo=3477, routed)        1.901     3.050    u_soc/g_pe[2].u_pe/u_core/core_i/sleep_unit_i/core_clock_gate_i/clk
    BUFGCE_X0Y104        BUFGCE (Prop_BUFCE_BUFGCE_I_O)
                                                      0.028     3.078 r  u_soc/g_pe[2].u_pe/u_core/core_i/sleep_unit_i/core_clock_gate_i/u_bufgce/O
    X2Y1 (CLOCK_ROOT)    net (fo=2101, routed)        2.687     5.765    u_soc/g_pe[2].u_pe/u_core/core_i/id_stage_i/clk_0
    SLICE_X86Y115        FDCE                                         r  u_soc/g_pe[2].u_pe/u_core/core_i/id_stage_i/alu_operand_b_ex_o_reg[1]/C
  -------------------------------------------------------------------    -------------------
    SLICE_X86Y115        FDCE (Prop_HFF_SLICEM_C_Q)
                                                      0.079     5.844 r  u_soc/g_pe[2].u_pe/u_core/core_i/id_stage_i/alu_operand_b_ex_o_reg[1]/Q
                         net (fo=52, routed)          0.491     6.335    u_soc/g_pe[2].u_pe/u_core/core_i/id_stage_i/alu_operand_b_ex_o_reg[31]_0[1]
    SLICE_X75Y126        LUT3 (Prop_B6LUT_SLICEL_I1_O)
                                                      0.090     6.425 r  u_soc/g_pe[2].u_pe/u_core/core_i/id_stage_i/rdata_offset_q[1]_i_8__1/O
                         net (fo=1, routed)           0.009     6.434    u_soc/g_pe[2].u_pe/u_core/core_i/id_stage_i/rdata_offset_q[1]_i_8__1_n_0
    SLICE_X75Y126        CARRY8 (Prop_CARRY8_SLICEL_S[1]_CO[7])
                                                      0.186     6.620 r  u_soc/g_pe[2].u_pe/u_core/core_i/id_stage_i/rdata_offset_q_reg[1]_i_1__1/CO[7]
                         net (fo=1, routed)           0.026     6.646    u_soc/g_pe[2].u_pe/u_core/core_i/id_stage_i/rdata_offset_q_reg[1]_i_1__1_n_0
    SLICE_X75Y127        CARRY8 (Prop_CARRY8_SLICEL_CI_CO[7])
                                                      0.015     6.661 r  u_soc/g_pe[2].u_pe/u_core/core_i/id_stage_i/mem_reg_0_bram_0_i_3__1/CO[7]
                         net (fo=1, routed)           0.026     6.687    u_soc/g_pe[2].u_pe/u_core/core_i/id_stage_i/mem_reg_0_bram_0_i_3__1_n_0
    SLICE_X75Y128        CARRY8 (Prop_CARRY8_SLICEL_CI_CO[7])
                                                      0.015     6.702 r  u_soc/g_pe[2].u_pe/u_core/core_i/id_stage_i/addr_q_reg[17]_i_1__1/CO[7]
                         net (fo=1, routed)           0.026     6.728    u_soc/g_pe[2].u_pe/u_core/core_i/id_stage_i/addr_q_reg[17]_i_1__1_n_0
    SLICE_X75Y129        CARRY8 (Prop_CARRY8_SLICEL_CI_O[7])
                                                      0.123     6.851 r  u_soc/g_pe[2].u_pe/u_core/core_i/id_stage_i/addr_q_reg[31]_i_2__1/O[7]
                         net (fo=13, routed)          0.427     7.279    u_soc/g_pe[2].u_pe/u_core/core_i/id_stage_i/alu_operand_a_ex_o_reg[30]_0[3]
    SLICE_X71Y122        LUT6 (Prop_G6LUT_SLICEM_I2_O)
                                                      0.052     7.331 f  u_soc/g_pe[2].u_pe/u_core/core_i/id_stage_i/d_rvalid_o_i_3__0/O
                         net (fo=5, routed)           0.686     8.017    u_soc/g_pe[2].u_pe/u_core/core_i/id_stage_i/tgt_q_reg[2]
    SLICE_X72Y123        LUT6 (Prop_G6LUT_SLICEL_I2_O)
                                                      0.035     8.052 f  u_soc/g_pe[2].u_pe/u_core/core_i/id_stage_i/mem_reg_0_bram_0_i_22__0/O
                         net (fo=4, routed)           0.099     8.151    u_soc/g_pe[2].u_pe/u_core/core_i/id_stage_i/mem_reg_0_bram_0_i_22__0_n_0
    SLICE_X72Y125        LUT5 (Prop_D5LUT_SLICEL_I4_O)
                                                      0.096     8.247 r  u_soc/g_pe[2].u_pe/u_core/core_i/id_stage_i/FSM_sequential_state_q[1]_i_3__0/O
                         net (fo=4, routed)           1.167     9.414    u_soc/g_nodcache.g_bypass[2].u_bypass/dcu_req_2
    SLICE_X74Y147        LUT3 (Prop_H5LUT_SLICEM_I2_O)
                                                      0.066     9.480 r  u_soc/g_nodcache.g_bypass[2].u_bypass/i___104_i_2__0/O
                         net (fo=1, routed)           1.375    10.855    u_soc/g_pe[2].u_pe/u_core/core_i/id_stage_i/dcu_gnt_2
    SLICE_X71Y123        LUT6 (Prop_F6LUT_SLICEM_I0_O)
                                                      0.037    10.892 r  u_soc/g_pe[2].u_pe/u_core/core_i/id_stage_i/i___104_i_1__0/O
                         net (fo=11, routed)          0.950    11.842    u_soc/g_pe[2].u_pe/u_core/core_i/id_stage_i/controller_i/i___36_i_3__0_0
    SLICE_X72Y121        LUT5 (Prop_A6LUT_SLICEL_I0_O)
                                                      0.050    11.892 r  u_soc/g_pe[2].u_pe/u_core/core_i/id_stage_i/controller_i/i___36_i_4__0/O
                         net (fo=1, routed)           0.724    12.616    u_soc/g_pe[2].u_pe/u_core/core_i/id_stage_i/controller_i/lsu_ready_ex
    SLICE_X72Y123        LUT6 (Prop_H6LUT_SLICEL_I1_O)
                                                      0.124    12.740 r  u_soc/g_pe[2].u_pe/u_core/core_i/id_stage_i/controller_i/i___36_i_3__0/O
                         net (fo=1, routed)           0.443    13.183    u_soc/g_pe[2].u_pe/u_core/core_i/ex_stage_i/mult_i/regfile_waddr_lsu[4]_i_2__1
    SLICE_X76Y123        LUT6 (Prop_H6LUT_SLICEL_I2_O)
                                                      0.124    13.307 r  u_soc/g_pe[2].u_pe/u_core/core_i/ex_stage_i/mult_i/i___36_i_2__0/O
                         net (fo=2, routed)           0.205    13.512    u_soc/g_pe[2].u_pe/u_core/core_i/ex_stage_i/mult_i/ex_valid_o03_out
    SLICE_X76Y120        LUT2 (Prop_B6LUT_SLICEL_I0_O)
                                                      0.051    13.563 r  u_soc/g_pe[2].u_pe/u_core/core_i/ex_stage_i/mult_i/i___36_i_1__0/O
                         net (fo=11, routed)          0.765    14.328    u_soc/g_pe[2].u_pe/u_core/ex_ready
    SLICE_X74Y112        LUT6 (Prop_G6LUT_SLICEM_I4_O)
                                                      0.037    14.365 r  u_soc/g_pe[2].u_pe/u_core/i___175/O
                         net (fo=7, routed)           0.469    14.835    u_soc/g_pe[2].u_pe/u_core/core_i/if_stage_i/id_ready
    SLICE_X73Y113        LUT2 (Prop_A5LUT_SLICEM_I0_O)
                                                      0.070    14.905 r  u_soc/g_pe[2].u_pe/u_core/core_i/if_stage_i/id_valid_q_i_1__1/O
                         net (fo=25, routed)          0.686    15.590    u_soc/g_pe[2].u_pe/u_core/core_i_n_292
    SLICE_X76Y119        LUT6 (Prop_G6LUT_SLICEL_I3_O)
                                                      0.050    15.640 r  u_soc/g_pe[2].u_pe/u_core/i___36/O
                         net (fo=7, routed)           1.419    17.059    u_soc/g_pe[2].u_pe/u_core/core_i/id_stage_i/E[0]
    SLICE_X75Y113        FDCE                                         r  u_soc/g_pe[2].u_pe/u_core/core_i/id_stage_i/csr_op_ex_o_reg[0]/CE
  -------------------------------------------------------------------    -------------------

                         (clock clk rise edge)        9.999     9.999 r  
    AH18                                              0.000     9.999 r  clk300_p_i (IN)
                         net (fo=0)                   0.079    10.078    u_ibufds/I
    HPIOBDIFFINBUF_X1Y36 DIFFINBUF (Prop_DIFFINBUF_HPIOBDIFFINBUF_DIFF_IN_P_O)
                                                      0.429    10.507 r  u_ibufds/DIFFINBUF_INST/O
                         net (fo=1, routed)           0.040    10.547    u_ibufds/OUT
    AH18                 IBUFCTRL (Prop_IBUFCTRL_HPIOB_M_I_O)
                                                      0.000    10.547 r  u_ibufds/IBUFCTRL_INST/O
                         net (fo=1, routed)           0.286    10.833    clk_ref
    BUFGCE_DIV_X1Y7      BUFGCE_DIV (Prop_BUFGCE_DIV_I_O)
                                                      0.132    10.965 r  u_bufgce_div/O
                         net (fo=3477, routed)        1.733    12.698    u_soc/g_pe[2].u_pe/u_core/core_i/sleep_unit_i/core_clock_gate_i/clk
    BUFGCE_X0Y104        BUFGCE (Prop_BUFCE_BUFGCE_I_O)
                                                      0.024    12.722 r  u_soc/g_pe[2].u_pe/u_core/core_i/sleep_unit_i/core_clock_gate_i/u_bufgce/O
    X2Y1 (CLOCK_ROOT)    net (fo=2101, routed)        2.423    15.145    u_soc/g_pe[2].u_pe/u_core/core_i/id_stage_i/clk_0
    SLICE_X75Y113        FDCE                                         r  u_soc/g_pe[2].u_pe/u_core/core_i/id_stage_i/csr_op_ex_o_reg[0]/C
                         clock pessimism              0.552    15.697    
                         clock uncertainty           -0.035    15.662    
    SLICE_X75Y113        FDCE (Setup_HFF_SLICEL_C_CE)
                                                     -0.060    15.602    u_soc/g_pe[2].u_pe/u_core/core_i/id_stage_i/csr_op_ex_o_reg[0]
  -------------------------------------------------------------------
                         required time                         15.602    
                         arrival time                         -17.059    
  -------------------------------------------------------------------
                         slack                                 -1.458    

Slack (VIOLATED) :        -1.455ns  (required time - arrival time)
  Source:                 u_soc/g_pe[2].u_pe/u_core/core_i/id_stage_i/alu_operand_b_ex_o_reg[1]/C
                            (rising edge-triggered cell FDCE clocked by clk  {rise@0.000ns fall@3.333ns period=9.999ns})
  Destination:            u_soc/g_pe[2].u_pe/u_core/core_i/id_stage_i/branch_in_ex_o_reg/CE
                            (rising edge-triggered cell FDCE clocked by clk  {rise@0.000ns fall@3.333ns period=9.999ns})
  Path Group:             clk
  Path Type:              Setup (Max at Slow Process Corner)
  Requirement:            9.999ns  (clk rise@9.999ns - clk rise@0.000ns)
  Data Path Delay:        11.292ns  (logic 1.300ns (11.512%)  route 9.992ns (88.488%))
  Logic Levels:           17  (CARRY8=4 LUT2=2 LUT3=2 LUT5=2 LUT6=7)
  Clock Path Skew:        -0.066ns (DCD - SCD + CPR)
    Destination Clock Delay (DCD):    5.147ns = ( 15.146 - 9.999 ) 
    Source Clock Delay      (SCD):    5.765ns
    Clock Pessimism Removal (CPR):    0.552ns
  Clock Uncertainty:      0.035ns  ((TSJ^2 + TIJ^2)^1/2 + DJ) / 2 + PE
    Total System Jitter     (TSJ):    0.071ns
    Total Input Jitter      (TIJ):    0.000ns
    Discrete Jitter          (DJ):    0.000ns
    Phase Error              (PE):    0.000ns
  Clock Net Delay (Source):      2.687ns (routing 1.828ns, distribution 0.859ns)
  Clock Net Delay (Destination): 2.424ns (routing 1.666ns, distribution 0.758ns)

    Location             Delay type                Incr(ns)  Path(ns)    Netlist Resource(s)
  -------------------------------------------------------------------    -------------------
                         (clock clk rise edge)        0.000     0.000 r  
    AH18                                              0.000     0.000 r  clk300_p_i (IN)
                         net (fo=0)                   0.100     0.100    u_ibufds/I
    HPIOBDIFFINBUF_X1Y36 DIFFINBUF (Prop_DIFFINBUF_HPIOBDIFFINBUF_DIFF_IN_P_O)
                                                      0.525     0.625 r  u_ibufds/DIFFINBUF_INST/O
                         net (fo=1, routed)           0.050     0.675    u_ibufds/OUT
    AH18                 IBUFCTRL (Prop_IBUFCTRL_HPIOB_M_I_O)
                                                      0.000     0.675 r  u_ibufds/IBUFCTRL_INST/O
                         net (fo=1, routed)           0.322     0.997    clk_ref
    BUFGCE_DIV_X1Y7      BUFGCE_DIV (Prop_BUFGCE_DIV_I_O)
                                                      0.152     1.149 r  u_bufgce_div/O
                         net (fo=3477, routed)        1.901     3.050    u_soc/g_pe[2].u_pe/u_core/core_i/sleep_unit_i/core_clock_gate_i/clk
    BUFGCE_X0Y104        BUFGCE (Prop_BUFCE_BUFGCE_I_O)
                                                      0.028     3.078 r  u_soc/g_pe[2].u_pe/u_core/core_i/sleep_unit_i/core_clock_gate_i/u_bufgce/O
    X2Y1 (CLOCK_ROOT)    net (fo=2101, routed)        2.687     5.765    u_soc/g_pe[2].u_pe/u_core/core_i/id_stage_i/clk_0
    SLICE_X86Y115        FDCE                                         r  u_soc/g_pe[2].u_pe/u_core/core_i/id_stage_i/alu_operand_b_ex_o_reg[1]/C
  -------------------------------------------------------------------    -------------------
    SLICE_X86Y115        FDCE (Prop_HFF_SLICEM_C_Q)
                                                      0.079     5.844 r  u_soc/g_pe[2].u_pe/u_core/core_i/id_stage_i/alu_operand_b_ex_o_reg[1]/Q
                         net (fo=52, routed)          0.491     6.335    u_soc/g_pe[2].u_pe/u_core/core_i/id_stage_i/alu_operand_b_ex_o_reg[31]_0[1]
    SLICE_X75Y126        LUT3 (Prop_B6LUT_SLICEL_I1_O)
                                                      0.090     6.425 r  u_soc/g_pe[2].u_pe/u_core/core_i/id_stage_i/rdata_offset_q[1]_i_8__1/O
                         net (fo=1, routed)           0.009     6.434    u_soc/g_pe[2].u_pe/u_core/core_i/id_stage_i/rdata_offset_q[1]_i_8__1_n_0
    SLICE_X75Y126        CARRY8 (Prop_CARRY8_SLICEL_S[1]_CO[7])
                                                      0.186     6.620 r  u_soc/g_pe[2].u_pe/u_core/core_i/id_stage_i/rdata_offset_q_reg[1]_i_1__1/CO[7]
                         net (fo=1, routed)           0.026     6.646    u_soc/g_pe[2].u_pe/u_core/core_i/id_stage_i/rdata_offset_q_reg[1]_i_1__1_n_0
    SLICE_X75Y127        CARRY8 (Prop_CARRY8_SLICEL_CI_CO[7])
                                                      0.015     6.661 r  u_soc/g_pe[2].u_pe/u_core/core_i/id_stage_i/mem_reg_0_bram_0_i_3__1/CO[7]
                         net (fo=1, routed)           0.026     6.687    u_soc/g_pe[2].u_pe/u_core/core_i/id_stage_i/mem_reg_0_bram_0_i_3__1_n_0
    SLICE_X75Y128        CARRY8 (Prop_CARRY8_SLICEL_CI_CO[7])
                                                      0.015     6.702 r  u_soc/g_pe[2].u_pe/u_core/core_i/id_stage_i/addr_q_reg[17]_i_1__1/CO[7]
                         net (fo=1, routed)           0.026     6.728    u_soc/g_pe[2].u_pe/u_core/core_i/id_stage_i/addr_q_reg[17]_i_1__1_n_0
    SLICE_X75Y129        CARRY8 (Prop_CARRY8_SLICEL_CI_O[7])
                                                      0.123     6.851 r  u_soc/g_pe[2].u_pe/u_core/core_i/id_stage_i/addr_q_reg[31]_i_2__1/O[7]
                         net (fo=13, routed)          0.427     7.279    u_soc/g_pe[2].u_pe/u_core/core_i/id_stage_i/alu_operand_a_ex_o_reg[30]_0[3]
    SLICE_X71Y122        LUT6 (Prop_G6LUT_SLICEM_I2_O)
                                                      0.052     7.331 f  u_soc/g_pe[2].u_pe/u_core/core_i/id_stage_i/d_rvalid_o_i_3__0/O
                         net (fo=5, routed)           0.686     8.017    u_soc/g_pe[2].u_pe/u_core/core_i/id_stage_i/tgt_q_reg[2]
    SLICE_X72Y123        LUT6 (Prop_G6LUT_SLICEL_I2_O)
                                                      0.035     8.052 f  u_soc/g_pe[2].u_pe/u_core/core_i/id_stage_i/mem_reg_0_bram_0_i_22__0/O
                         net (fo=4, routed)           0.099     8.151    u_soc/g_pe[2].u_pe/u_core/core_i/id_stage_i/mem_reg_0_bram_0_i_22__0_n_0
    SLICE_X72Y125        LUT5 (Prop_D5LUT_SLICEL_I4_O)
                                                      0.096     8.247 r  u_soc/g_pe[2].u_pe/u_core/core_i/id_stage_i/FSM_sequential_state_q[1]_i_3__0/O
                         net (fo=4, routed)           1.167     9.414    u_soc/g_nodcache.g_bypass[2].u_bypass/dcu_req_2
    SLICE_X74Y147        LUT3 (Prop_H5LUT_SLICEM_I2_O)
                                                      0.066     9.480 r  u_soc/g_nodcache.g_bypass[2].u_bypass/i___104_i_2__0/O
                         net (fo=1, routed)           1.375    10.855    u_soc/g_pe[2].u_pe/u_core/core_i/id_stage_i/dcu_gnt_2
    SLICE_X71Y123        LUT6 (Prop_F6LUT_SLICEM_I0_O)
                                                      0.037    10.892 r  u_soc/g_pe[2].u_pe/u_core/core_i/id_stage_i/i___104_i_1__0/O
                         net (fo=11, routed)          0.950    11.842    u_soc/g_pe[2].u_pe/u_core/core_i/id_stage_i/controller_i/i___36_i_3__0_0
    SLICE_X72Y121        LUT5 (Prop_A6LUT_SLICEL_I0_O)
                                                      0.050    11.892 r  u_soc/g_pe[2].u_pe/u_core/core_i/id_stage_i/controller_i/i___36_i_4__0/O
                         net (fo=1, routed)           0.724    12.616    u_soc/g_pe[2].u_pe/u_core/core_i/id_stage_i/controller_i/lsu_ready_ex
    SLICE_X72Y123        LUT6 (Prop_H6LUT_SLICEL_I1_O)
                                                      0.124    12.740 r  u_soc/g_pe[2].u_pe/u_core/core_i/id_stage_i/controller_i/i___36_i_3__0/O
                         net (fo=1, routed)           0.443    13.183    u_soc/g_pe[2].u_pe/u_core/core_i/ex_stage_i/mult_i/regfile_waddr_lsu[4]_i_2__1
    SLICE_X76Y123        LUT6 (Prop_H6LUT_SLICEL_I2_O)
                                                      0.124    13.307 r  u_soc/g_pe[2].u_pe/u_core/core_i/ex_stage_i/mult_i/i___36_i_2__0/O
                         net (fo=2, routed)           0.205    13.512    u_soc/g_pe[2].u_pe/u_core/core_i/ex_stage_i/mult_i/ex_valid_o03_out
    SLICE_X76Y120        LUT2 (Prop_B6LUT_SLICEL_I0_O)
                                                      0.051    13.563 r  u_soc/g_pe[2].u_pe/u_core/core_i/ex_stage_i/mult_i/i___36_i_1__0/O
                         net (fo=11, routed)          0.765    14.328    u_soc/g_pe[2].u_pe/u_core/ex_ready
    SLICE_X74Y112        LUT6 (Prop_G6LUT_SLICEM_I4_O)
                                                      0.037    14.365 r  u_soc/g_pe[2].u_pe/u_core/i___175/O
                         net (fo=7, routed)           0.469    14.835    u_soc/g_pe[2].u_pe/u_core/core_i/if_stage_i/id_ready
    SLICE_X73Y113        LUT2 (Prop_A5LUT_SLICEM_I0_O)
                                                      0.070    14.905 r  u_soc/g_pe[2].u_pe/u_core/core_i/if_stage_i/id_valid_q_i_1__1/O
                         net (fo=25, routed)          0.686    15.590    u_soc/g_pe[2].u_pe/u_core/core_i_n_292
    SLICE_X76Y119        LUT6 (Prop_G6LUT_SLICEL_I3_O)
                                                      0.050    15.640 r  u_soc/g_pe[2].u_pe/u_core/i___36/O
                         net (fo=7, routed)           1.417    17.058    u_soc/g_pe[2].u_pe/u_core/core_i/id_stage_i/E[0]
    SLICE_X76Y114        FDCE                                         r  u_soc/g_pe[2].u_pe/u_core/core_i/id_stage_i/branch_in_ex_o_reg/CE
  -------------------------------------------------------------------    -------------------

                         (clock clk rise edge)        9.999     9.999 r  
    AH18                                              0.000     9.999 r  clk300_p_i (IN)
                         net (fo=0)                   0.079    10.078    u_ibufds/I
    HPIOBDIFFINBUF_X1Y36 DIFFINBUF (Prop_DIFFINBUF_HPIOBDIFFINBUF_DIFF_IN_P_O)
                                                      0.429    10.507 r  u_ibufds/DIFFINBUF_INST/O
                         net (fo=1, routed)           0.040    10.547    u_ibufds/OUT
    AH18                 IBUFCTRL (Prop_IBUFCTRL_HPIOB_M_I_O)
                                                      0.000    10.547 r  u_ibufds/IBUFCTRL_INST/O
                         net (fo=1, routed)           0.286    10.833    clk_ref
    BUFGCE_DIV_X1Y7      BUFGCE_DIV (Prop_BUFGCE_DIV_I_O)
                                                      0.132    10.965 r  u_bufgce_div/O
                         net (fo=3477, routed)        1.733    12.698    u_soc/g_pe[2].u_pe/u_core/core_i/sleep_unit_i/core_clock_gate_i/clk
    BUFGCE_X0Y104        BUFGCE (Prop_BUFCE_BUFGCE_I_O)
                                                      0.024    12.722 r  u_soc/g_pe[2].u_pe/u_core/core_i/sleep_unit_i/core_clock_gate_i/u_bufgce/O
    X2Y1 (CLOCK_ROOT)    net (fo=2101, routed)        2.424    15.146    u_soc/g_pe[2].u_pe/u_core/core_i/id_stage_i/clk_0
    SLICE_X76Y114        FDCE                                         r  u_soc/g_pe[2].u_pe/u_core/core_i/id_stage_i/branch_in_ex_o_reg/C
                         clock pessimism              0.552    15.698    
                         clock uncertainty           -0.035    15.663    
    SLICE_X76Y114        FDCE (Setup_AFF_SLICEL_C_CE)
                                                     -0.060    15.603    u_soc/g_pe[2].u_pe/u_core/core_i/id_stage_i/branch_in_ex_o_reg
  -------------------------------------------------------------------
                         required time                         15.603    
                         arrival time                         -17.058    
  -------------------------------------------------------------------
                         slack                                 -1.455    

Slack (VIOLATED) :        -1.438ns  (required time - arrival time)
  Source:                 u_soc/g_pe[2].u_pe/u_core/core_i/id_stage_i/alu_operand_b_ex_o_reg[1]/C
                            (rising edge-triggered cell FDCE clocked by clk  {rise@0.000ns fall@3.333ns period=9.999ns})
  Destination:            u_soc/g_pe[2].u_pe/u_core/core_i/if_stage_i/pc_id_o_reg[29]/CE
                            (rising edge-triggered cell FDCE clocked by clk  {rise@0.000ns fall@3.333ns period=9.999ns})
  Path Group:             clk
  Path Type:              Setup (Max at Slow Process Corner)
  Requirement:            9.999ns  (clk rise@9.999ns - clk rise@0.000ns)
  Data Path Delay:        11.336ns  (logic 1.338ns (11.803%)  route 9.998ns (88.197%))
  Logic Levels:           17  (CARRY8=4 LUT2=1 LUT3=2 LUT4=1 LUT5=2 LUT6=7)
  Clock Path Skew:        -0.005ns (DCD - SCD + CPR)
    Destination Clock Delay (DCD):    5.208ns = ( 15.207 - 9.999 ) 
    Source Clock Delay      (SCD):    5.765ns
    Clock Pessimism Removal (CPR):    0.552ns
  Clock Uncertainty:      0.035ns  ((TSJ^2 + TIJ^2)^1/2 + DJ) / 2 + PE
    Total System Jitter     (TSJ):    0.071ns
    Total Input Jitter      (TIJ):    0.000ns
    Discrete Jitter          (DJ):    0.000ns
    Phase Error              (PE):    0.000ns
  Clock Net Delay (Source):      2.687ns (routing 1.828ns, distribution 0.859ns)
  Clock Net Delay (Destination): 2.485ns (routing 1.666ns, distribution 0.819ns)

    Location             Delay type                Incr(ns)  Path(ns)    Netlist Resource(s)
  -------------------------------------------------------------------    -------------------
                         (clock clk rise edge)        0.000     0.000 r  
    AH18                                              0.000     0.000 r  clk300_p_i (IN)
                         net (fo=0)                   0.100     0.100    u_ibufds/I
    HPIOBDIFFINBUF_X1Y36 DIFFINBUF (Prop_DIFFINBUF_HPIOBDIFFINBUF_DIFF_IN_P_O)
                                                      0.525     0.625 r  u_ibufds/DIFFINBUF_INST/O
                         net (fo=1, routed)           0.050     0.675    u_ibufds/OUT
    AH18                 IBUFCTRL (Prop_IBUFCTRL_HPIOB_M_I_O)
                                                      0.000     0.675 r  u_ibufds/IBUFCTRL_INST/O
                         net (fo=1, routed)           0.322     0.997    clk_ref
    BUFGCE_DIV_X1Y7      BUFGCE_DIV (Prop_BUFGCE_DIV_I_O)
                                                      0.152     1.149 r  u_bufgce_div/O
                         net (fo=3477, routed)        1.901     3.050    u_soc/g_pe[2].u_pe/u_core/core_i/sleep_unit_i/core_clock_gate_i/clk
    BUFGCE_X0Y104        BUFGCE (Prop_BUFCE_BUFGCE_I_O)
                                                      0.028     3.078 r  u_soc/g_pe[2].u_pe/u_core/core_i/sleep_unit_i/core_clock_gate_i/u_bufgce/O
    X2Y1 (CLOCK_ROOT)    net (fo=2101, routed)        2.687     5.765    u_soc/g_pe[2].u_pe/u_core/core_i/id_stage_i/clk_0
    SLICE_X86Y115        FDCE                                         r  u_soc/g_pe[2].u_pe/u_core/core_i/id_stage_i/alu_operand_b_ex_o_reg[1]/C
  -------------------------------------------------------------------    -------------------
    SLICE_X86Y115        FDCE (Prop_HFF_SLICEM_C_Q)
                                                      0.079     5.844 r  u_soc/g_pe[2].u_pe/u_core/core_i/id_stage_i/alu_operand_b_ex_o_reg[1]/Q
                         net (fo=52, routed)          0.491     6.335    u_soc/g_pe[2].u_pe/u_core/core_i/id_stage_i/alu_operand_b_ex_o_reg[31]_0[1]
    SLICE_X75Y126        LUT3 (Prop_B6LUT_SLICEL_I1_O)
                                                      0.090     6.425 r  u_soc/g_pe[2].u_pe/u_core/core_i/id_stage_i/rdata_offset_q[1]_i_8__1/O
                         net (fo=1, routed)           0.009     6.434    u_soc/g_pe[2].u_pe/u_core/core_i/id_stage_i/rdata_offset_q[1]_i_8__1_n_0
    SLICE_X75Y126        CARRY8 (Prop_CARRY8_SLICEL_S[1]_CO[7])
                                                      0.186     6.620 r  u_soc/g_pe[2].u_pe/u_core/core_i/id_stage_i/rdata_offset_q_reg[1]_i_1__1/CO[7]
                         net (fo=1, routed)           0.026     6.646    u_soc/g_pe[2].u_pe/u_core/core_i/id_stage_i/rdata_offset_q_reg[1]_i_1__1_n_0
    SLICE_X75Y127        CARRY8 (Prop_CARRY8_SLICEL_CI_CO[7])
                                                      0.015     6.661 r  u_soc/g_pe[2].u_pe/u_core/core_i/id_stage_i/mem_reg_0_bram_0_i_3__1/CO[7]
                         net (fo=1, routed)           0.026     6.687    u_soc/g_pe[2].u_pe/u_core/core_i/id_stage_i/mem_reg_0_bram_0_i_3__1_n_0
    SLICE_X75Y128        CARRY8 (Prop_CARRY8_SLICEL_CI_CO[7])
                                                      0.015     6.702 r  u_soc/g_pe[2].u_pe/u_core/core_i/id_stage_i/addr_q_reg[17]_i_1__1/CO[7]
                         net (fo=1, routed)           0.026     6.728    u_soc/g_pe[2].u_pe/u_core/core_i/id_stage_i/addr_q_reg[17]_i_1__1_n_0
    SLICE_X75Y129        CARRY8 (Prop_CARRY8_SLICEL_CI_O[7])
                                                      0.123     6.851 r  u_soc/g_pe[2].u_pe/u_core/core_i/id_stage_i/addr_q_reg[31]_i_2__1/O[7]
                         net (fo=13, routed)          0.427     7.279    u_soc/g_pe[2].u_pe/u_core/core_i/id_stage_i/alu_operand_a_ex_o_reg[30]_0[3]
    SLICE_X71Y122        LUT6 (Prop_G6LUT_SLICEM_I2_O)
                                                      0.052     7.331 f  u_soc/g_pe[2].u_pe/u_core/core_i/id_stage_i/d_rvalid_o_i_3__0/O
                         net (fo=5, routed)           0.686     8.017    u_soc/g_pe[2].u_pe/u_core/core_i/id_stage_i/tgt_q_reg[2]
    SLICE_X72Y123        LUT6 (Prop_G6LUT_SLICEL_I2_O)
                                                      0.035     8.052 f  u_soc/g_pe[2].u_pe/u_core/core_i/id_stage_i/mem_reg_0_bram_0_i_22__0/O
                         net (fo=4, routed)           0.099     8.151    u_soc/g_pe[2].u_pe/u_core/core_i/id_stage_i/mem_reg_0_bram_0_i_22__0_n_0
    SLICE_X72Y125        LUT5 (Prop_D5LUT_SLICEL_I4_O)
                                                      0.096     8.247 r  u_soc/g_pe[2].u_pe/u_core/core_i/id_stage_i/FSM_sequential_state_q[1]_i_3__0/O
                         net (fo=4, routed)           1.167     9.414    u_soc/g_nodcache.g_bypass[2].u_bypass/dcu_req_2
    SLICE_X74Y147        LUT3 (Prop_H5LUT_SLICEM_I2_O)
                                                      0.066     9.480 r  u_soc/g_nodcache.g_bypass[2].u_bypass/i___104_i_2__0/O
                         net (fo=1, routed)           1.375    10.855    u_soc/g_pe[2].u_pe/u_core/core_i/id_stage_i/dcu_gnt_2
    SLICE_X71Y123        LUT6 (Prop_F6LUT_SLICEM_I0_O)
                                                      0.037    10.892 r  u_soc/g_pe[2].u_pe/u_core/core_i/id_stage_i/i___104_i_1__0/O
                         net (fo=11, routed)          0.950    11.842    u_soc/g_pe[2].u_pe/u_core/core_i/id_stage_i/controller_i/i___36_i_3__0_0
    SLICE_X72Y121        LUT5 (Prop_A6LUT_SLICEL_I0_O)
                                                      0.050    11.892 r  u_soc/g_pe[2].u_pe/u_core/core_i/id_stage_i/controller_i/i___36_i_4__0/O
                         net (fo=1, routed)           0.724    12.616    u_soc/g_pe[2].u_pe/u_core/core_i/id_stage_i/controller_i/lsu_ready_ex
    SLICE_X72Y123        LUT6 (Prop_H6LUT_SLICEL_I1_O)
                                                      0.124    12.740 r  u_soc/g_pe[2].u_pe/u_core/core_i/id_stage_i/controller_i/i___36_i_3__0/O
                         net (fo=1, routed)           0.443    13.183    u_soc/g_pe[2].u_pe/u_core/core_i/ex_stage_i/mult_i/regfile_waddr_lsu[4]_i_2__1
    SLICE_X76Y123        LUT6 (Prop_H6LUT_SLICEL_I2_O)
                                                      0.124    13.307 r  u_soc/g_pe[2].u_pe/u_core/core_i/ex_stage_i/mult_i/i___36_i_2__0/O
                         net (fo=2, routed)           0.205    13.512    u_soc/g_pe[2].u_pe/u_core/core_i/ex_stage_i/mult_i/ex_valid_o03_out
    SLICE_X76Y120        LUT2 (Prop_B6LUT_SLICEL_I0_O)
                                                      0.051    13.563 r  u_soc/g_pe[2].u_pe/u_core/core_i/ex_stage_i/mult_i/i___36_i_1__0/O
                         net (fo=11, routed)          0.765    14.328    u_soc/g_pe[2].u_pe/u_core/ex_ready
    SLICE_X74Y112        LUT6 (Prop_G6LUT_SLICEM_I4_O)
                                                      0.037    14.365 r  u_soc/g_pe[2].u_pe/u_core/i___175/O
                         net (fo=7, routed)           0.277    14.642    u_soc/g_pe[2].u_pe/u_core/core_i/if_stage_i/prefetch_buffer_i/fifo_i/id_ready
    SLICE_X72Y108        LUT6 (Prop_G6LUT_SLICEL_I4_O)
                                                      0.123    14.765 r  u_soc/g_pe[2].u_pe/u_core/core_i/if_stage_i/prefetch_buffer_i/fifo_i/state[1]_i_3__1/O
                         net (fo=4, routed)           0.301    15.067    u_soc/g_pe[2].u_pe/u_core/core_i/if_stage_i/prefetch_buffer_i/fifo_i/status_cnt_q_reg[0]_1
    SLICE_X72Y103        LUT4 (Prop_E6LUT_SLICEL_I0_O)
                                                      0.035    15.102 r  u_soc/g_pe[2].u_pe/u_core/core_i/if_stage_i/prefetch_buffer_i/fifo_i/instr_rdata_id_o[31]_i_1__1/O
                         net (fo=72, routed)          2.000    17.102    u_soc/g_pe[2].u_pe/u_core/core_i/if_stage_i/instr_valid_id_o0
    SLICE_X79Y110        FDCE                                         r  u_soc/g_pe[2].u_pe/u_core/core_i/if_stage_i/pc_id_o_reg[29]/CE
  -------------------------------------------------------------------    -------------------

                         (clock clk rise edge)        9.999     9.999 r  
    AH18                                              0.000     9.999 r  clk300_p_i (IN)
                         net (fo=0)                   0.079    10.078    u_ibufds/I
    HPIOBDIFFINBUF_X1Y36 DIFFINBUF (Prop_DIFFINBUF_HPIOBDIFFINBUF_DIFF_IN_P_O)
                                                      0.429    10.507 r  u_ibufds/DIFFINBUF_INST/O
                         net (fo=1, routed)           0.040    10.547    u_ibufds/OUT
    AH18                 IBUFCTRL (Prop_IBUFCTRL_HPIOB_M_I_O)
                                                      0.000    10.547 r  u_ibufds/IBUFCTRL_INST/O
                         net (fo=1, routed)           0.286    10.833    clk_ref
    BUFGCE_DIV_X1Y7      BUFGCE_DIV (Prop_BUFGCE_DIV_I_O)
                                                      0.132    10.965 r  u_bufgce_div/O
                         net (fo=3477, routed)        1.733    12.698    u_soc/g_pe[2].u_pe/u_core/core_i/sleep_unit_i/core_clock_gate_i/clk
    BUFGCE_X0Y104        BUFGCE (Prop_BUFCE_BUFGCE_I_O)
                                                      0.024    12.722 r  u_soc/g_pe[2].u_pe/u_core/core_i/sleep_unit_i/core_clock_gate_i/u_bufgce/O
    X2Y1 (CLOCK_ROOT)    net (fo=2101, routed)        2.485    15.207    u_soc/g_pe[2].u_pe/u_core/core_i/if_stage_i/clk_0
    SLICE_X79Y110        FDCE                                         r  u_soc/g_pe[2].u_pe/u_core/core_i/if_stage_i/pc_id_o_reg[29]/C
                         clock pessimism              0.552    15.759    
                         clock uncertainty           -0.035    15.724    
    SLICE_X79Y110        FDCE (Setup_DFF2_SLICEM_C_CE)
                                                     -0.060    15.664    u_soc/g_pe[2].u_pe/u_core/core_i/if_stage_i/pc_id_o_reg[29]
  -------------------------------------------------------------------
                         required time                         15.664    
                         arrival time                         -17.102    
  -------------------------------------------------------------------
                         slack                                 -1.438    





Min Delay Paths
--------------------------------------------------------------------------------------
Slack (MET) :             0.011ns  (arrival time - required time)
  Source:                 u_soc/g_nodcache.g_bypass[1].u_bypass/wdata_q_reg[10]/C
                            (rising edge-triggered cell FDCE clocked by clk  {rise@0.000ns fall@3.333ns period=9.999ns})
  Destination:            u_soc/g_pe[1].u_axi_dcu/w_data_q_reg[10]/D
                            (rising edge-triggered cell FDCE clocked by clk  {rise@0.000ns fall@3.333ns period=9.999ns})
  Path Group:             clk
  Path Type:              Hold (Min at Slow Process Corner)
  Requirement:            0.000ns  (clk rise@0.000ns - clk rise@0.000ns)
  Data Path Delay:        0.147ns  (logic 0.058ns (39.456%)  route 0.089ns (60.544%))
  Logic Levels:           0  
  Clock Path Skew:        0.074ns (DCD - SCD - CPR)
    Destination Clock Delay (DCD):    3.283ns
    Source Clock Delay      (SCD):    2.883ns
    Clock Pessimism Removal (CPR):    0.326ns
  Clock Net Delay (Source):      1.917ns (routing 0.732ns, distribution 1.185ns)
  Clock Net Delay (Destination): 2.134ns (routing 0.803ns, distribution 1.331ns)

    Location             Delay type                Incr(ns)  Path(ns)    Netlist Resource(s)
  -------------------------------------------------------------------    -------------------
                         (clock clk rise edge)        0.000     0.000 r  
    AH18                                              0.000     0.000 r  clk300_p_i (IN)
                         net (fo=0)                   0.079     0.079    u_ibufds/I
    HPIOBDIFFINBUF_X1Y36 DIFFINBUF (Prop_DIFFINBUF_HPIOBDIFFINBUF_DIFF_IN_P_O)
                                                      0.429     0.508 r  u_ibufds/DIFFINBUF_INST/O
                         net (fo=1, routed)           0.040     0.548    u_ibufds/OUT
    AH18                 IBUFCTRL (Prop_IBUFCTRL_HPIOB_M_I_O)
                                                      0.000     0.548 r  u_ibufds/IBUFCTRL_INST/O
                         net (fo=1, routed)           0.286     0.834    clk_ref
    BUFGCE_DIV_X1Y7      BUFGCE_DIV (Prop_BUFGCE_DIV_I_O)
                                                      0.132     0.966 r  u_bufgce_div/O
    X1Y2 (CLOCK_ROOT)    net (fo=3477, routed)        1.917     2.883    u_soc/g_nodcache.g_bypass[1].u_bypass/clk
    SLICE_X74Y162        FDCE                                         r  u_soc/g_nodcache.g_bypass[1].u_bypass/wdata_q_reg[10]/C
  -------------------------------------------------------------------    -------------------
    SLICE_X74Y162        FDCE (Prop_HFF_SLICEM_C_Q)
                                                      0.058     2.941 r  u_soc/g_nodcache.g_bypass[1].u_bypass/wdata_q_reg[10]/Q
                         net (fo=1, routed)           0.089     3.030    u_soc/g_pe[1].u_axi_dcu/w_data_q_reg[31]_1[10]
    SLICE_X73Y162        FDCE                                         r  u_soc/g_pe[1].u_axi_dcu/w_data_q_reg[10]/D
  -------------------------------------------------------------------    -------------------

                         (clock clk rise edge)        0.000     0.000 r  
    AH18                                              0.000     0.000 r  clk300_p_i (IN)
                         net (fo=0)                   0.100     0.100    u_ibufds/I
    HPIOBDIFFINBUF_X1Y36 DIFFINBUF (Prop_DIFFINBUF_HPIOBDIFFINBUF_DIFF_IN_P_O)
                                                      0.525     0.625 r  u_ibufds/DIFFINBUF_INST/O
                         net (fo=1, routed)           0.050     0.675    u_ibufds/OUT
    AH18                 IBUFCTRL (Prop_IBUFCTRL_HPIOB_M_I_O)
                                                      0.000     0.675 r  u_ibufds/IBUFCTRL_INST/O
                         net (fo=1, routed)           0.322     0.997    clk_ref
    BUFGCE_DIV_X1Y7      BUFGCE_DIV (Prop_BUFGCE_DIV_I_O)
                                                      0.152     1.149 r  u_bufgce_div/O
    X1Y2 (CLOCK_ROOT)    net (fo=3477, routed)        2.134     3.283    u_soc/g_pe[1].u_axi_dcu/clk
    SLICE_X73Y162        FDCE                                         r  u_soc/g_pe[1].u_axi_dcu/w_data_q_reg[10]/C
                         clock pessimism             -0.326     2.957    
    SLICE_X73Y162        FDCE (Hold_HFF2_SLICEM_C_D)
                                                      0.062     3.019    u_soc/g_pe[1].u_axi_dcu/w_data_q_reg[10]
  -------------------------------------------------------------------
                         required time                         -3.019    
                         arrival time                           3.030    
  -------------------------------------------------------------------
                         slack                                  0.011    

Slack (MET) :             0.011ns  (arrival time - required time)
  Source:                 u_soc/u_ctrl/cycle_q_reg[20]/C
                            (rising edge-triggered cell FDCE clocked by clk  {rise@0.000ns fall@3.333ns period=9.999ns})
  Destination:            u_soc/u_ctrl/r_data_q_reg[20]/D
                            (rising edge-triggered cell FDCE clocked by clk  {rise@0.000ns fall@3.333ns period=9.999ns})
  Path Group:             clk
  Path Type:              Hold (Min at Slow Process Corner)
  Requirement:            0.000ns  (clk rise@0.000ns - clk rise@0.000ns)
  Data Path Delay:        0.177ns  (logic 0.080ns (45.112%)  route 0.097ns (54.888%))
  Logic Levels:           1  (LUT4=1)
  Clock Path Skew:        0.106ns (DCD - SCD - CPR)
    Destination Clock Delay (DCD):    3.306ns
    Source Clock Delay      (SCD):    2.874ns
    Clock Pessimism Removal (CPR):    0.326ns
  Clock Net Delay (Source):      1.908ns (routing 0.732ns, distribution 1.176ns)
  Clock Net Delay (Destination): 2.157ns (routing 0.803ns, distribution 1.354ns)

    Location             Delay type                Incr(ns)  Path(ns)    Netlist Resource(s)
  -------------------------------------------------------------------    -------------------
                         (clock clk rise edge)        0.000     0.000 r  
    AH18                                              0.000     0.000 r  clk300_p_i (IN)
                         net (fo=0)                   0.079     0.079    u_ibufds/I
    HPIOBDIFFINBUF_X1Y36 DIFFINBUF (Prop_DIFFINBUF_HPIOBDIFFINBUF_DIFF_IN_P_O)
                                                      0.429     0.508 r  u_ibufds/DIFFINBUF_INST/O
                         net (fo=1, routed)           0.040     0.548    u_ibufds/OUT
    AH18                 IBUFCTRL (Prop_IBUFCTRL_HPIOB_M_I_O)
                                                      0.000     0.548 r  u_ibufds/IBUFCTRL_INST/O
                         net (fo=1, routed)           0.286     0.834    clk_ref
    BUFGCE_DIV_X1Y7      BUFGCE_DIV (Prop_BUFGCE_DIV_I_O)
                                                      0.132     0.966 r  u_bufgce_div/O
    X1Y2 (CLOCK_ROOT)    net (fo=3477, routed)        1.908     2.874    u_soc/u_ctrl/clk
    SLICE_X73Y166        FDCE                                         r  u_soc/u_ctrl/cycle_q_reg[20]/C
  -------------------------------------------------------------------    -------------------
    SLICE_X73Y166        FDCE (Prop_EFF_SLICEM_C_Q)
                                                      0.058     2.932 r  u_soc/u_ctrl/cycle_q_reg[20]/Q
                         net (fo=3, routed)           0.075     3.007    u_soc/u_ctrl/cycle_cnt[20]
    SLICE_X72Y166        LUT4 (Prop_G6LUT_SLICEL_I2_O)
                                                      0.022     3.029 r  u_soc/u_ctrl/r_data_q[20]_i_1/O
                         net (fo=1, routed)           0.022     3.051    u_soc/u_ctrl/r_data_q[20]_i_1_n_0
    SLICE_X72Y166        FDCE                                         r  u_soc/u_ctrl/r_data_q_reg[20]/D
  -------------------------------------------------------------------    -------------------

                         (clock clk rise edge)        0.000     0.000 r  
    AH18                                              0.000     0.000 r  clk300_p_i (IN)
                         net (fo=0)                   0.100     0.100    u_ibufds/I
    HPIOBDIFFINBUF_X1Y36 DIFFINBUF (Prop_DIFFINBUF_HPIOBDIFFINBUF_DIFF_IN_P_O)
                                                      0.525     0.625 r  u_ibufds/DIFFINBUF_INST/O
                         net (fo=1, routed)           0.050     0.675    u_ibufds/OUT
    AH18                 IBUFCTRL (Prop_IBUFCTRL_HPIOB_M_I_O)
                                                      0.000     0.675 r  u_ibufds/IBUFCTRL_INST/O
                         net (fo=1, routed)           0.322     0.997    clk_ref
    BUFGCE_DIV_X1Y7      BUFGCE_DIV (Prop_BUFGCE_DIV_I_O)
                                                      0.152     1.149 r  u_bufgce_div/O
    X1Y2 (CLOCK_ROOT)    net (fo=3477, routed)        2.157     3.306    u_soc/u_ctrl/clk
    SLICE_X72Y166        FDCE                                         r  u_soc/u_ctrl/r_data_q_reg[20]/C
                         clock pessimism             -0.326     2.980    
    SLICE_X72Y166        FDCE (Hold_GFF_SLICEL_C_D)
                                                      0.060     3.040    u_soc/u_ctrl/r_data_q_reg[20]
  -------------------------------------------------------------------
                         required time                         -3.040    
                         arrival time                           3.051    
  -------------------------------------------------------------------
                         slack                                  0.011    

Slack (MET) :             0.012ns  (arrival time - required time)
  Source:                 u_soc/g_nodcache.g_bypass[3].u_bypass/perf_wr_wait_o_reg[12]/C
                            (rising edge-triggered cell FDCE clocked by clk  {rise@0.000ns fall@3.333ns period=9.999ns})
  Destination:            u_soc/g_nodcache.g_bypass[3].u_bypass/perf_wr_wait_o_reg[16]/D
                            (rising edge-triggered cell FDCE clocked by clk  {rise@0.000ns fall@3.333ns period=9.999ns})
  Path Group:             clk
  Path Type:              Hold (Min at Slow Process Corner)
  Requirement:            0.000ns  (clk rise@0.000ns - clk rise@0.000ns)
  Data Path Delay:        0.277ns  (logic 0.171ns (61.643%)  route 0.106ns (38.357%))
  Logic Levels:           2  (CARRY8=2)
  Clock Path Skew:        0.205ns (DCD - SCD - CPR)
    Destination Clock Delay (DCD):    3.328ns
    Source Clock Delay      (SCD):    2.869ns
    Clock Pessimism Removal (CPR):    0.254ns
  Clock Net Delay (Source):      1.903ns (routing 0.732ns, distribution 1.171ns)
  Clock Net Delay (Destination): 2.179ns (routing 0.803ns, distribution 1.376ns)

    Location             Delay type                Incr(ns)  Path(ns)    Netlist Resource(s)
  -------------------------------------------------------------------    -------------------
                         (clock clk rise edge)        0.000     0.000 r  
    AH18                                              0.000     0.000 r  clk300_p_i (IN)
                         net (fo=0)                   0.079     0.079    u_ibufds/I
    HPIOBDIFFINBUF_X1Y36 DIFFINBUF (Prop_DIFFINBUF_HPIOBDIFFINBUF_DIFF_IN_P_O)
                                                      0.429     0.508 r  u_ibufds/DIFFINBUF_INST/O
                         net (fo=1, routed)           0.040     0.548    u_ibufds/OUT
    AH18                 IBUFCTRL (Prop_IBUFCTRL_HPIOB_M_I_O)
                                                      0.000     0.548 r  u_ibufds/IBUFCTRL_INST/O
                         net (fo=1, routed)           0.286     0.834    clk_ref
    BUFGCE_DIV_X1Y7      BUFGCE_DIV (Prop_BUFGCE_DIV_I_O)
                                                      0.132     0.966 r  u_bufgce_div/O
    X1Y2 (CLOCK_ROOT)    net (fo=3477, routed)        1.903     2.869    u_soc/g_nodcache.g_bypass[3].u_bypass/clk
    SLICE_X69Y179        FDCE                                         r  u_soc/g_nodcache.g_bypass[3].u_bypass/perf_wr_wait_o_reg[12]/C
  -------------------------------------------------------------------    -------------------
    SLICE_X69Y179        FDCE (Prop_EFF_SLICEL_C_Q)
                                                      0.059     2.928 r  u_soc/g_nodcache.g_bypass[3].u_bypass/perf_wr_wait_o_reg[12]/Q
                         net (fo=2, routed)           0.093     3.021    u_soc/g_nodcache.g_bypass[3].u_bypass/p_wr_wait[108]
    SLICE_X69Y179        CARRY8 (Prop_CARRY8_SLICEL_S[4]_CO[7])
                                                      0.081     3.102 r  u_soc/g_nodcache.g_bypass[3].u_bypass/perf_wr_wait_o_reg[8]_i_1__2/CO[7]
                         net (fo=1, routed)           0.004     3.106    u_soc/g_nodcache.g_bypass[3].u_bypass/perf_wr_wait_o_reg[8]_i_1__2_n_0
    SLICE_X69Y180        CARRY8 (Prop_CARRY8_SLICEL_CI_O[0])
                                                      0.031     3.137 r  u_soc/g_nodcache.g_bypass[3].u_bypass/perf_wr_wait_o_reg[16]_i_1__2/O[0]
                         net (fo=1, routed)           0.009     3.146    u_soc/g_nodcache.g_bypass[3].u_bypass/perf_wr_wait_o_reg[16]_i_1__2_n_15
    SLICE_X69Y180        FDCE                                         r  u_soc/g_nodcache.g_bypass[3].u_bypass/perf_wr_wait_o_reg[16]/D
  -------------------------------------------------------------------    -------------------

                         (clock clk rise edge)        0.000     0.000 r  
    AH18                                              0.000     0.000 r  clk300_p_i (IN)
                         net (fo=0)                   0.100     0.100    u_ibufds/I
    HPIOBDIFFINBUF_X1Y36 DIFFINBUF (Prop_DIFFINBUF_HPIOBDIFFINBUF_DIFF_IN_P_O)
                                                      0.525     0.625 r  u_ibufds/DIFFINBUF_INST/O
                         net (fo=1, routed)           0.050     0.675    u_ibufds/OUT
    AH18                 IBUFCTRL (Prop_IBUFCTRL_HPIOB_M_I_O)
                                                      0.000     0.675 r  u_ibufds/IBUFCTRL_INST/O
                         net (fo=1, routed)           0.322     0.997    clk_ref
    BUFGCE_DIV_X1Y7      BUFGCE_DIV (Prop_BUFGCE_DIV_I_O)
                                                      0.152     1.149 r  u_bufgce_div/O
    X1Y2 (CLOCK_ROOT)    net (fo=3477, routed)        2.179     3.328    u_soc/g_nodcache.g_bypass[3].u_bypass/clk
    SLICE_X69Y180        FDCE                                         r  u_soc/g_nodcache.g_bypass[3].u_bypass/perf_wr_wait_o_reg[16]/C
                         clock pessimism             -0.254     3.074    
    SLICE_X69Y180        FDCE (Hold_AFF_SLICEL_C_D)
                                                      0.060     3.134    u_soc/g_nodcache.g_bypass[3].u_bypass/perf_wr_wait_o_reg[16]
  -------------------------------------------------------------------
                         required time                         -3.134    
                         arrival time                           3.146    
  -------------------------------------------------------------------
                         slack                                  0.012    

Slack (MET) :             0.014ns  (arrival time - required time)
  Source:                 u_soc/g_pe[2].u_axi_ext/FSM_onehot_state_q_reg[5]/C
                            (rising edge-triggered cell FDCE clocked by clk  {rise@0.000ns fall@3.333ns period=9.999ns})
  Destination:            u_soc/g_pe[2].u_axi_ext/FSM_onehot_state_q_reg[4]/D
                            (rising edge-triggered cell FDCE clocked by clk  {rise@0.000ns fall@3.333ns period=9.999ns})
  Path Group:             clk
  Path Type:              Hold (Min at Slow Process Corner)
  Requirement:            0.000ns  (clk rise@0.000ns - clk rise@0.000ns)
  Data Path Delay:        0.131ns  (logic 0.061ns (46.422%)  route 0.070ns (53.578%))
  Logic Levels:           0  
  Clock Path Skew:        0.056ns (DCD - SCD - CPR)
    Destination Clock Delay (DCD):    3.301ns
    Source Clock Delay      (SCD):    2.866ns
    Clock Pessimism Removal (CPR):    0.380ns
  Clock Net Delay (Source):      1.900ns (routing 0.732ns, distribution 1.168ns)
  Clock Net Delay (Destination): 2.152ns (routing 0.803ns, distribution 1.349ns)

    Location             Delay type                Incr(ns)  Path(ns)    Netlist Resource(s)
  -------------------------------------------------------------------    -------------------
                         (clock clk rise edge)        0.000     0.000 r  
    AH18                                              0.000     0.000 r  clk300_p_i (IN)
                         net (fo=0)                   0.079     0.079    u_ibufds/I
    HPIOBDIFFINBUF_X1Y36 DIFFINBUF (Prop_DIFFINBUF_HPIOBDIFFINBUF_DIFF_IN_P_O)
                                                      0.429     0.508 r  u_ibufds/DIFFINBUF_INST/O
                         net (fo=1, routed)           0.040     0.548    u_ibufds/OUT
    AH18                 IBUFCTRL (Prop_IBUFCTRL_HPIOB_M_I_O)
                                                      0.000     0.548 r  u_ibufds/IBUFCTRL_INST/O
                         net (fo=1, routed)           0.286     0.834    clk_ref
    BUFGCE_DIV_X1Y7      BUFGCE_DIV (Prop_BUFGCE_DIV_I_O)
                                                      0.132     0.966 r  u_bufgce_div/O
    X1Y2 (CLOCK_ROOT)    net (fo=3477, routed)        1.900     2.866    u_soc/g_pe[2].u_axi_ext/clk
    SLICE_X77Y146        FDCE                                         r  u_soc/g_pe[2].u_axi_ext/FSM_onehot_state_q_reg[5]/C
  -------------------------------------------------------------------    -------------------
    SLICE_X77Y146        FDCE (Prop_DFF2_SLICEL_C_Q)
                                                      0.061     2.927 r  u_soc/g_pe[2].u_axi_ext/FSM_onehot_state_q_reg[5]/Q
                         net (fo=16, routed)          0.070     2.997    u_soc/g_pe[2].u_axi_ext/Q[5]
    SLICE_X77Y147        FDCE                                         r  u_soc/g_pe[2].u_axi_ext/FSM_onehot_state_q_reg[4]/D
  -------------------------------------------------------------------    -------------------

                         (clock clk rise edge)        0.000     0.000 r  
    AH18                                              0.000     0.000 r  clk300_p_i (IN)
                         net (fo=0)                   0.100     0.100    u_ibufds/I
    HPIOBDIFFINBUF_X1Y36 DIFFINBUF (Prop_DIFFINBUF_HPIOBDIFFINBUF_DIFF_IN_P_O)
                                                      0.525     0.625 r  u_ibufds/DIFFINBUF_INST/O
                         net (fo=1, routed)           0.050     0.675    u_ibufds/OUT
    AH18                 IBUFCTRL (Prop_IBUFCTRL_HPIOB_M_I_O)
                                                      0.000     0.675 r  u_ibufds/IBUFCTRL_INST/O
                         net (fo=1, routed)           0.322     0.997    clk_ref
    BUFGCE_DIV_X1Y7      BUFGCE_DIV (Prop_BUFGCE_DIV_I_O)
                                                      0.152     1.149 r  u_bufgce_div/O
    X1Y2 (CLOCK_ROOT)    net (fo=3477, routed)        2.152     3.301    u_soc/g_pe[2].u_axi_ext/clk
    SLICE_X77Y147        FDCE                                         r  u_soc/g_pe[2].u_axi_ext/FSM_onehot_state_q_reg[4]/C
                         clock pessimism             -0.380     2.921    
    SLICE_X77Y147        FDCE (Hold_FFF2_SLICEL_C_D)
                                                      0.062     2.983    u_soc/g_pe[2].u_axi_ext/FSM_onehot_state_q_reg[4]
  -------------------------------------------------------------------
                         required time                         -2.983    
                         arrival time                           2.997    
  -------------------------------------------------------------------
                         slack                                  0.014    

Slack (MET) :             0.014ns  (arrival time - required time)
  Source:                 u_soc/g_pe[1].u_pe/u_core/core_i/ex_stage_i/alu_i/alu_div_i/BReg_DP_reg[6]/C
                            (rising edge-triggered cell FDCE clocked by clk  {rise@0.000ns fall@3.333ns period=9.999ns})
  Destination:            u_soc/g_pe[1].u_pe/u_core/core_i/ex_stage_i/alu_i/alu_div_i/BReg_DP_reg[5]/D
                            (rising edge-triggered cell FDCE clocked by clk  {rise@0.000ns fall@3.333ns period=9.999ns})
  Path Group:             clk
  Path Type:              Hold (Min at Slow Process Corner)
  Requirement:            0.000ns  (clk rise@0.000ns - clk rise@0.000ns)
  Data Path Delay:        0.170ns  (logic 0.080ns (46.942%)  route 0.090ns (53.058%))
  Logic Levels:           1  (LUT5=1)
  Clock Path Skew:        0.096ns (DCD - SCD - CPR)
    Destination Clock Delay (DCD):    6.564ns
    Source Clock Delay      (SCD):    5.830ns
    Clock Pessimism Removal (CPR):    0.638ns
  Clock Net Delay (Source):      2.798ns (routing 2.115ns, distribution 0.683ns)
  Clock Net Delay (Destination): 3.145ns (routing 2.330ns, distribution 0.815ns)

    Location             Delay type                Incr(ns)  Path(ns)    Netlist Resource(s)
  -------------------------------------------------------------------    -------------------
                         (clock clk rise edge)        0.000     0.000 r  
    AH18                                              0.000     0.000 r  clk300_p_i (IN)
                         net (fo=0)                   0.079     0.079    u_ibufds/I
    HPIOBDIFFINBUF_X1Y36 DIFFINBUF (Prop_DIFFINBUF_HPIOBDIFFINBUF_DIFF_IN_P_O)
                                                      0.429     0.508 r  u_ibufds/DIFFINBUF_INST/O
                         net (fo=1, routed)           0.040     0.548    u_ibufds/OUT
    AH18                 IBUFCTRL (Prop_IBUFCTRL_HPIOB_M_I_O)
                                                      0.000     0.548 r  u_ibufds/IBUFCTRL_INST/O
                         net (fo=1, routed)           0.286     0.834    clk_ref
    BUFGCE_DIV_X1Y7      BUFGCE_DIV (Prop_BUFGCE_DIV_I_O)
                                                      0.132     0.966 r  u_bufgce_div/O
                         net (fo=3477, routed)        2.042     3.008    u_soc/g_pe[1].u_pe/u_core/core_i/sleep_unit_i/core_clock_gate_i/clk
    BUFGCE_X0Y143        BUFGCE (Prop_BUFCE_BUFGCE_I_O)
                                                      0.024     3.032 r  u_soc/g_pe[1].u_pe/u_core/core_i/sleep_unit_i/core_clock_gate_i/u_bufgce/O
    X2Y0 (CLOCK_ROOT)    net (fo=2101, routed)        2.798     5.830    u_soc/g_pe[1].u_pe/u_core/core_i/ex_stage_i/alu_i/alu_div_i/clk_0
    SLICE_X86Y47         FDCE                                         r  u_soc/g_pe[1].u_pe/u_core/core_i/ex_stage_i/alu_i/alu_div_i/BReg_DP_reg[6]/C
  -------------------------------------------------------------------    -------------------
    SLICE_X86Y47         FDCE (Prop_CFF_SLICEM_C_Q)
                                                      0.058     5.888 r  u_soc/g_pe[1].u_pe/u_core/core_i/ex_stage_i/alu_i/alu_div_i/BReg_DP_reg[6]/Q
                         net (fo=5, routed)           0.067     5.955    u_soc/g_pe[1].u_pe/u_core/core_i/id_stage_i/BReg_DP_reg[30][6]
    SLICE_X85Y47         LUT5 (Prop_A6LUT_SLICEL_I0_O)
                                                      0.022     5.977 r  u_soc/g_pe[1].u_pe/u_core/core_i/id_stage_i/BReg_DP[5]_i_1__0/O
                         net (fo=1, routed)           0.023     6.000    u_soc/g_pe[1].u_pe/u_core/core_i/ex_stage_i/alu_i/alu_div_i/BReg_DP_reg[31]_1[5]
    SLICE_X85Y47         FDCE                                         r  u_soc/g_pe[1].u_pe/u_core/core_i/ex_stage_i/alu_i/alu_div_i/BReg_DP_reg[5]/D
  -------------------------------------------------------------------    -------------------

                         (clock clk rise edge)        0.000     0.000 r  
    AH18                                              0.000     0.000 r  clk300_p_i (IN)
                         net (fo=0)                   0.100     0.100    u_ibufds/I
    HPIOBDIFFINBUF_X1Y36 DIFFINBUF (Prop_DIFFINBUF_HPIOBDIFFINBUF_DIFF_IN_P_O)
                                                      0.525     0.625 r  u_ibufds/DIFFINBUF_INST/O
                         net (fo=1, routed)           0.050     0.675    u_ibufds/OUT
    AH18                 IBUFCTRL (Prop_IBUFCTRL_HPIOB_M_I_O)
                                                      0.000     0.675 r  u_ibufds/IBUFCTRL_INST/O
                         net (fo=1, routed)           0.322     0.997    clk_ref
    BUFGCE_DIV_X1Y7      BUFGCE_DIV (Prop_BUFGCE_DIV_I_O)
                                                      0.152     1.149 r  u_bufgce_div/O
                         net (fo=3477, routed)        2.242     3.391    u_soc/g_pe[1].u_pe/u_core/core_i/sleep_unit_i/core_clock_gate_i/clk
    BUFGCE_X0Y143        BUFGCE (Prop_BUFCE_BUFGCE_I_O)
                                                      0.028     3.419 r  u_soc/g_pe[1].u_pe/u_core/core_i/sleep_unit_i/core_clock_gate_i/u_bufgce/O
    X2Y0 (CLOCK_ROOT)    net (fo=2101, routed)        3.145     6.564    u_soc/g_pe[1].u_pe/u_core/core_i/ex_stage_i/alu_i/alu_div_i/clk_0
    SLICE_X85Y47         FDCE                                         r  u_soc/g_pe[1].u_pe/u_core/core_i/ex_stage_i/alu_i/alu_div_i/BReg_DP_reg[5]/C
                         clock pessimism             -0.638     5.927    
    SLICE_X85Y47         FDCE (Hold_AFF_SLICEL_C_D)
                                                      0.060     5.987    u_soc/g_pe[1].u_pe/u_core/core_i/ex_stage_i/alu_i/alu_div_i/BReg_DP_reg[5]
  -------------------------------------------------------------------
                         required time                         -5.987    
                         arrival time                           6.000    
  -------------------------------------------------------------------
                         slack                                  0.014    

Slack (MET) :             0.016ns  (arrival time - required time)
  Source:                 u_soc/g_pe[1].u_pe/u_core/core_i/if_stage_i/aligner_i/pc_q_reg[24]/C
                            (rising edge-triggered cell FDCE clocked by clk  {rise@0.000ns fall@3.333ns period=9.999ns})
  Destination:            u_soc/g_pe[1].u_pe/u_core/core_i/if_stage_i/pc_id_o_reg[24]/D
                            (rising edge-triggered cell FDCE clocked by clk  {rise@0.000ns fall@3.333ns period=9.999ns})
  Path Group:             clk
  Path Type:              Hold (Min at Slow Process Corner)
  Requirement:            0.000ns  (clk rise@0.000ns - clk rise@0.000ns)
  Data Path Delay:        0.220ns  (logic 0.058ns (26.377%)  route 0.162ns (73.624%))
  Logic Levels:           0  
  Clock Path Skew:        0.142ns (DCD - SCD - CPR)
    Destination Clock Delay (DCD):    6.708ns
    Source Clock Delay      (SCD):    5.924ns
    Clock Pessimism Removal (CPR):    0.641ns
  Clock Net Delay (Source):      2.892ns (routing 2.115ns, distribution 0.777ns)
  Clock Net Delay (Destination): 3.288ns (routing 2.330ns, distribution 0.958ns)

    Location             Delay type                Incr(ns)  Path(ns)    Netlist Resource(s)
  -------------------------------------------------------------------    -------------------
                         (clock clk rise edge)        0.000     0.000 r  
    AH18                                              0.000     0.000 r  clk300_p_i (IN)
                         net (fo=0)                   0.079     0.079    u_ibufds/I
    HPIOBDIFFINBUF_X1Y36 DIFFINBUF (Prop_DIFFINBUF_HPIOBDIFFINBUF_DIFF_IN_P_O)
                                                      0.429     0.508 r  u_ibufds/DIFFINBUF_INST/O
                         net (fo=1, routed)           0.040     0.548    u_ibufds/OUT
    AH18                 IBUFCTRL (Prop_IBUFCTRL_HPIOB_M_I_O)
                                                      0.000     0.548 r  u_ibufds/IBUFCTRL_INST/O
                         net (fo=1, routed)           0.286     0.834    clk_ref
    BUFGCE_DIV_X1Y7      BUFGCE_DIV (Prop_BUFGCE_DIV_I_O)
                                                      0.132     0.966 r  u_bufgce_div/O
                         net (fo=3477, routed)        2.042     3.008    u_soc/g_pe[1].u_pe/u_core/core_i/sleep_unit_i/core_clock_gate_i/clk
    BUFGCE_X0Y143        BUFGCE (Prop_BUFCE_BUFGCE_I_O)
                                                      0.024     3.032 r  u_soc/g_pe[1].u_pe/u_core/core_i/sleep_unit_i/core_clock_gate_i/u_bufgce/O
    X2Y0 (CLOCK_ROOT)    net (fo=2101, routed)        2.892     5.924    u_soc/g_pe[1].u_pe/u_core/core_i/if_stage_i/aligner_i/clk_0
    SLICE_X72Y78         FDCE                                         r  u_soc/g_pe[1].u_pe/u_core/core_i/if_stage_i/aligner_i/pc_q_reg[24]/C
  -------------------------------------------------------------------    -------------------
    SLICE_X72Y78         FDCE (Prop_CFF_SLICEL_C_Q)
                                                      0.058     5.982 r  u_soc/g_pe[1].u_pe/u_core/core_i/if_stage_i/aligner_i/pc_q_reg[24]/Q
                         net (fo=4, routed)           0.162     6.144    u_soc/g_pe[1].u_pe/u_core/core_i/if_stage_i/pc_if[24]
    SLICE_X73Y73         FDCE                                         r  u_soc/g_pe[1].u_pe/u_core/core_i/if_stage_i/pc_id_o_reg[24]/D
  -------------------------------------------------------------------    -------------------

                         (clock clk rise edge)        0.000     0.000 r  
    AH18                                              0.000     0.000 r  clk300_p_i (IN)
                         net (fo=0)                   0.100     0.100    u_ibufds/I
    HPIOBDIFFINBUF_X1Y36 DIFFINBUF (Prop_DIFFINBUF_HPIOBDIFFINBUF_DIFF_IN_P_O)
                                                      0.525     0.625 r  u_ibufds/DIFFINBUF_INST/O
                         net (fo=1, routed)           0.050     0.675    u_ibufds/OUT
    AH18                 IBUFCTRL (Prop_IBUFCTRL_HPIOB_M_I_O)
                                                      0.000     0.675 r  u_ibufds/IBUFCTRL_INST/O
                         net (fo=1, routed)           0.322     0.997    clk_ref
    BUFGCE_DIV_X1Y7      BUFGCE_DIV (Prop_BUFGCE_DIV_I_O)
                                                      0.152     1.149 r  u_bufgce_div/O
                         net (fo=3477, routed)        2.242     3.391    u_soc/g_pe[1].u_pe/u_core/core_i/sleep_unit_i/core_clock_gate_i/clk
    BUFGCE_X0Y143        BUFGCE (Prop_BUFCE_BUFGCE_I_O)
                                                      0.028     3.419 r  u_soc/g_pe[1].u_pe/u_core/core_i/sleep_unit_i/core_clock_gate_i/u_bufgce/O
    X2Y0 (CLOCK_ROOT)    net (fo=2101, routed)        3.288     6.708    u_soc/g_pe[1].u_pe/u_core/core_i/if_stage_i/clk_0
    SLICE_X73Y73         FDCE                                         r  u_soc/g_pe[1].u_pe/u_core/core_i/if_stage_i/pc_id_o_reg[24]/C
                         clock pessimism             -0.641     6.067    
    SLICE_X73Y73         FDCE (Hold_BFF2_SLICEM_C_D)
                                                      0.062     6.129    u_soc/g_pe[1].u_pe/u_core/core_i/if_stage_i/pc_id_o_reg[24]
  -------------------------------------------------------------------
                         required time                         -6.129    
                         arrival time                           6.144    
  -------------------------------------------------------------------
                         slack                                  0.016    

Slack (MET) :             0.016ns  (arrival time - required time)
  Source:                 u_soc/g_pe[1].u_pe/u_core/core_i/if_stage_i/aligner_i/pc_q_reg[4]/C
                            (rising edge-triggered cell FDCE clocked by clk  {rise@0.000ns fall@3.333ns period=9.999ns})
  Destination:            u_soc/g_pe[1].u_pe/u_core/core_i/if_stage_i/pc_id_o_reg[4]/D
                            (rising edge-triggered cell FDCE clocked by clk  {rise@0.000ns fall@3.333ns period=9.999ns})
  Path Group:             clk
  Path Type:              Hold (Min at Slow Process Corner)
  Requirement:            0.000ns  (clk rise@0.000ns - clk rise@0.000ns)
  Data Path Delay:        0.217ns  (logic 0.058ns (26.750%)  route 0.159ns (73.250%))
  Logic Levels:           0  
  Clock Path Skew:        0.141ns (DCD - SCD - CPR)
    Destination Clock Delay (DCD):    6.707ns
    Source Clock Delay      (SCD):    5.925ns
    Clock Pessimism Removal (CPR):    0.641ns
  Clock Net Delay (Source):      2.893ns (routing 2.115ns, distribution 0.778ns)
  Clock Net Delay (Destination): 3.287ns (routing 2.330ns, distribution 0.957ns)

    Location             Delay type                Incr(ns)  Path(ns)    Netlist Resource(s)
  -------------------------------------------------------------------    -------------------
                         (clock clk rise edge)        0.000     0.000 r  
    AH18                                              0.000     0.000 r  clk300_p_i (IN)
                         net (fo=0)                   0.079     0.079    u_ibufds/I
    HPIOBDIFFINBUF_X1Y36 DIFFINBUF (Prop_DIFFINBUF_HPIOBDIFFINBUF_DIFF_IN_P_O)
                                                      0.429     0.508 r  u_ibufds/DIFFINBUF_INST/O
                         net (fo=1, routed)           0.040     0.548    u_ibufds/OUT
    AH18                 IBUFCTRL (Prop_IBUFCTRL_HPIOB_M_I_O)
                                                      0.000     0.548 r  u_ibufds/IBUFCTRL_INST/O
                         net (fo=1, routed)           0.286     0.834    clk_ref
    BUFGCE_DIV_X1Y7      BUFGCE_DIV (Prop_BUFGCE_DIV_I_O)
                                                      0.132     0.966 r  u_bufgce_div/O
                         net (fo=3477, routed)        2.042     3.008    u_soc/g_pe[1].u_pe/u_core/core_i/sleep_unit_i/core_clock_gate_i/clk
    BUFGCE_X0Y143        BUFGCE (Prop_BUFCE_BUFGCE_I_O)
                                                      0.024     3.032 r  u_soc/g_pe[1].u_pe/u_core/core_i/sleep_unit_i/core_clock_gate_i/u_bufgce/O
    X2Y0 (CLOCK_ROOT)    net (fo=2101, routed)        2.893     5.925    u_soc/g_pe[1].u_pe/u_core/core_i/if_stage_i/aligner_i/clk_0
    SLICE_X71Y74         FDCE                                         r  u_soc/g_pe[1].u_pe/u_core/core_i/if_stage_i/aligner_i/pc_q_reg[4]/C
  -------------------------------------------------------------------    -------------------
    SLICE_X71Y74         FDCE (Prop_AFF_SLICEM_C_Q)
                                                      0.058     5.983 r  u_soc/g_pe[1].u_pe/u_core/core_i/if_stage_i/aligner_i/pc_q_reg[4]/Q
                         net (fo=5, routed)           0.159     6.142    u_soc/g_pe[1].u_pe/u_core/core_i/if_stage_i/Q[3]
    SLICE_X73Y73         FDCE                                         r  u_soc/g_pe[1].u_pe/u_core/core_i/if_stage_i/pc_id_o_reg[4]/D
  -------------------------------------------------------------------    -------------------

                         (clock clk rise edge)        0.000     0.000 r  
    AH18                                              0.000     0.000 r  clk300_p_i (IN)
                         net (fo=0)                   0.100     0.100    u_ibufds/I
    HPIOBDIFFINBUF_X1Y36 DIFFINBUF (Prop_DIFFINBUF_HPIOBDIFFINBUF_DIFF_IN_P_O)
                                                      0.525     0.625 r  u_ibufds/DIFFINBUF_INST/O
                         net (fo=1, routed)           0.050     0.675    u_ibufds/OUT
    AH18                 IBUFCTRL (Prop_IBUFCTRL_HPIOB_M_I_O)
                                                      0.000     0.675 r  u_ibufds/IBUFCTRL_INST/O
                         net (fo=1, routed)           0.322     0.997    clk_ref
    BUFGCE_DIV_X1Y7      BUFGCE_DIV (Prop_BUFGCE_DIV_I_O)
                                                      0.152     1.149 r  u_bufgce_div/O
                         net (fo=3477, routed)        2.242     3.391    u_soc/g_pe[1].u_pe/u_core/core_i/sleep_unit_i/core_clock_gate_i/clk
    BUFGCE_X0Y143        BUFGCE (Prop_BUFCE_BUFGCE_I_O)
                                                      0.028     3.419 r  u_soc/g_pe[1].u_pe/u_core/core_i/sleep_unit_i/core_clock_gate_i/u_bufgce/O
    X2Y0 (CLOCK_ROOT)    net (fo=2101, routed)        3.287     6.707    u_soc/g_pe[1].u_pe/u_core/core_i/if_stage_i/clk_0
    SLICE_X73Y73         FDCE                                         r  u_soc/g_pe[1].u_pe/u_core/core_i/if_stage_i/pc_id_o_reg[4]/C
                         clock pessimism             -0.641     6.066    
    SLICE_X73Y73         FDCE (Hold_EFF_SLICEM_C_D)
                                                      0.060     6.126    u_soc/g_pe[1].u_pe/u_core/core_i/if_stage_i/pc_id_o_reg[4]
  -------------------------------------------------------------------
                         required time                         -6.126    
                         arrival time                           6.142    
  -------------------------------------------------------------------
                         slack                                  0.016    

Slack (MET) :             0.017ns  (arrival time - required time)
  Source:                 u_soc/g_nodcache.g_bypass[2].u_bypass/perf_busy_o_reg[9]/C
                            (rising edge-triggered cell FDCE clocked by clk  {rise@0.000ns fall@3.333ns period=9.999ns})
  Destination:            u_soc/g_nodcache.g_bypass[2].u_bypass/perf_busy_o_reg[16]/D
                            (rising edge-triggered cell FDCE clocked by clk  {rise@0.000ns fall@3.333ns period=9.999ns})
  Path Group:             clk
  Path Type:              Hold (Min at Slow Process Corner)
  Requirement:            0.000ns  (clk rise@0.000ns - clk rise@0.000ns)
  Data Path Delay:        0.281ns  (logic 0.195ns (69.295%)  route 0.086ns (30.705%))
  Logic Levels:           2  (CARRY8=2)
  Clock Path Skew:        0.205ns (DCD - SCD - CPR)
    Destination Clock Delay (DCD):    3.236ns
    Source Clock Delay      (SCD):    2.777ns
    Clock Pessimism Removal (CPR):    0.254ns
  Clock Net Delay (Source):      1.811ns (routing 0.732ns, distribution 1.079ns)
  Clock Net Delay (Destination): 2.086ns (routing 0.803ns, distribution 1.283ns)

    Location             Delay type                Incr(ns)  Path(ns)    Netlist Resource(s)
  -------------------------------------------------------------------    -------------------
                         (clock clk rise edge)        0.000     0.000 r  
    AH18                                              0.000     0.000 r  clk300_p_i (IN)
                         net (fo=0)                   0.079     0.079    u_ibufds/I
    HPIOBDIFFINBUF_X1Y36 DIFFINBUF (Prop_DIFFINBUF_HPIOBDIFFINBUF_DIFF_IN_P_O)
                                                      0.429     0.508 r  u_ibufds/DIFFINBUF_INST/O
                         net (fo=1, routed)           0.040     0.548    u_ibufds/OUT
    AH18                 IBUFCTRL (Prop_IBUFCTRL_HPIOB_M_I_O)
                                                      0.000     0.548 r  u_ibufds/IBUFCTRL_INST/O
                         net (fo=1, routed)           0.286     0.834    clk_ref
    BUFGCE_DIV_X1Y7      BUFGCE_DIV (Prop_BUFGCE_DIV_I_O)
                                                      0.132     0.966 r  u_bufgce_div/O
    X1Y2 (CLOCK_ROOT)    net (fo=3477, routed)        1.811     2.777    u_soc/g_nodcache.g_bypass[2].u_bypass/clk
    SLICE_X63Y179        FDCE                                         r  u_soc/g_nodcache.g_bypass[2].u_bypass/perf_busy_o_reg[9]/C
  -------------------------------------------------------------------    -------------------
    SLICE_X63Y179        FDCE (Prop_BFF_SLICEM_C_Q)
                                                      0.058     2.835 r  u_soc/g_nodcache.g_bypass[2].u_bypass/perf_busy_o_reg[9]/Q
                         net (fo=2, routed)           0.073     2.908    u_soc/g_nodcache.g_bypass[2].u_bypass/p_busy[9]
    SLICE_X63Y179        CARRY8 (Prop_CARRY8_SLICEM_S[1]_CO[7])
                                                      0.106     3.014 r  u_soc/g_nodcache.g_bypass[2].u_bypass/perf_busy_o_reg[8]_i_1__1/CO[7]
                         net (fo=1, routed)           0.004     3.018    u_soc/g_nodcache.g_bypass[2].u_bypass/perf_busy_o_reg[8]_i_1__1_n_0
    SLICE_X63Y180        CARRY8 (Prop_CARRY8_SLICEM_CI_O[0])
                                                      0.031     3.049 r  u_soc/g_nodcache.g_bypass[2].u_bypass/perf_busy_o_reg[16]_i_1__1/O[0]
                         net (fo=1, routed)           0.009     3.058    u_soc/g_nodcache.g_bypass[2].u_bypass/perf_busy_o_reg[16]_i_1__1_n_15
    SLICE_X63Y180        FDCE                                         r  u_soc/g_nodcache.g_bypass[2].u_bypass/perf_busy_o_reg[16]/D
  -------------------------------------------------------------------    -------------------

                         (clock clk rise edge)        0.000     0.000 r  
    AH18                                              0.000     0.000 r  clk300_p_i (IN)
                         net (fo=0)                   0.100     0.100    u_ibufds/I
    HPIOBDIFFINBUF_X1Y36 DIFFINBUF (Prop_DIFFINBUF_HPIOBDIFFINBUF_DIFF_IN_P_O)
                                                      0.525     0.625 r  u_ibufds/DIFFINBUF_INST/O
                         net (fo=1, routed)           0.050     0.675    u_ibufds/OUT
    AH18                 IBUFCTRL (Prop_IBUFCTRL_HPIOB_M_I_O)
                                                      0.000     0.675 r  u_ibufds/IBUFCTRL_INST/O
                         net (fo=1, routed)           0.322     0.997    clk_ref
    BUFGCE_DIV_X1Y7      BUFGCE_DIV (Prop_BUFGCE_DIV_I_O)
                                                      0.152     1.149 r  u_bufgce_div/O
    X1Y2 (CLOCK_ROOT)    net (fo=3477, routed)        2.086     3.236    u_soc/g_nodcache.g_bypass[2].u_bypass/clk
    SLICE_X63Y180        FDCE                                         r  u_soc/g_nodcache.g_bypass[2].u_bypass/perf_busy_o_reg[16]/C
                         clock pessimism             -0.254     2.981    
    SLICE_X63Y180        FDCE (Hold_AFF_SLICEM_C_D)
                                                      0.060     3.041    u_soc/g_nodcache.g_bypass[2].u_bypass/perf_busy_o_reg[16]
  -------------------------------------------------------------------
                         required time                         -3.041    
                         arrival time                           3.058    
  -------------------------------------------------------------------
                         slack                                  0.017    

Slack (MET) :             0.017ns  (arrival time - required time)
  Source:                 u_soc/g_pe[0].u_axi_dcu/r_line_q_reg[18]/C
                            (rising edge-triggered cell FDCE clocked by clk  {rise@0.000ns fall@3.333ns period=9.999ns})
  Destination:            u_soc/g_nodcache.g_bypass[0].u_bypass/core_rdata_o_reg[18]/D
                            (rising edge-triggered cell FDCE clocked by clk  {rise@0.000ns fall@3.333ns period=9.999ns})
  Path Group:             clk
  Path Type:              Hold (Min at Slow Process Corner)
  Requirement:            0.000ns  (clk rise@0.000ns - clk rise@0.000ns)
  Data Path Delay:        0.130ns  (logic 0.059ns (45.385%)  route 0.071ns (54.615%))
  Logic Levels:           0  
  Clock Path Skew:        0.051ns (DCD - SCD - CPR)
    Destination Clock Delay (DCD):    3.349ns
    Source Clock Delay      (SCD):    2.916ns
    Clock Pessimism Removal (CPR):    0.382ns
  Clock Net Delay (Source):      1.950ns (routing 0.732ns, distribution 1.218ns)
  Clock Net Delay (Destination): 2.200ns (routing 0.803ns, distribution 1.397ns)

    Location             Delay type                Incr(ns)  Path(ns)    Netlist Resource(s)
  -------------------------------------------------------------------    -------------------
                         (clock clk rise edge)        0.000     0.000 r  
    AH18                                              0.000     0.000 r  clk300_p_i (IN)
                         net (fo=0)                   0.079     0.079    u_ibufds/I
    HPIOBDIFFINBUF_X1Y36 DIFFINBUF (Prop_DIFFINBUF_HPIOBDIFFINBUF_DIFF_IN_P_O)
                                                      0.429     0.508 r  u_ibufds/DIFFINBUF_INST/O
                         net (fo=1, routed)           0.040     0.548    u_ibufds/OUT
    AH18                 IBUFCTRL (Prop_IBUFCTRL_HPIOB_M_I_O)
                                                      0.000     0.548 r  u_ibufds/IBUFCTRL_INST/O
                         net (fo=1, routed)           0.286     0.834    clk_ref
    BUFGCE_DIV_X1Y7      BUFGCE_DIV (Prop_BUFGCE_DIV_I_O)
                                                      0.132     0.966 r  u_bufgce_div/O
    X1Y2 (CLOCK_ROOT)    net (fo=3477, routed)        1.950     2.916    u_soc/g_pe[0].u_axi_dcu/clk
    SLICE_X69Y188        FDCE                                         r  u_soc/g_pe[0].u_axi_dcu/r_line_q_reg[18]/C
  -------------------------------------------------------------------    -------------------
    SLICE_X69Y188        FDCE (Prop_DFF_SLICEL_C_Q)
                                                      0.059     2.975 r  u_soc/g_pe[0].u_axi_dcu/r_line_q_reg[18]/Q
                         net (fo=1, routed)           0.071     3.046    u_soc/g_nodcache.g_bypass[0].u_bypass/core_rdata_o_reg[31]_1[18]
    SLICE_X69Y186        FDCE                                         r  u_soc/g_nodcache.g_bypass[0].u_bypass/core_rdata_o_reg[18]/D
  -------------------------------------------------------------------    -------------------

                         (clock clk rise edge)        0.000     0.000 r  
    AH18                                              0.000     0.000 r  clk300_p_i (IN)
                         net (fo=0)                   0.100     0.100    u_ibufds/I
    HPIOBDIFFINBUF_X1Y36 DIFFINBUF (Prop_DIFFINBUF_HPIOBDIFFINBUF_DIFF_IN_P_O)
                                                      0.525     0.625 r  u_ibufds/DIFFINBUF_INST/O
                         net (fo=1, routed)           0.050     0.675    u_ibufds/OUT
    AH18                 IBUFCTRL (Prop_IBUFCTRL_HPIOB_M_I_O)
                                                      0.000     0.675 r  u_ibufds/IBUFCTRL_INST/O
                         net (fo=1, routed)           0.322     0.997    clk_ref
    BUFGCE_DIV_X1Y7      BUFGCE_DIV (Prop_BUFGCE_DIV_I_O)
                                                      0.152     1.149 r  u_bufgce_div/O
    X1Y2 (CLOCK_ROOT)    net (fo=3477, routed)        2.200     3.349    u_soc/g_nodcache.g_bypass[0].u_bypass/clk
    SLICE_X69Y186        FDCE                                         r  u_soc/g_nodcache.g_bypass[0].u_bypass/core_rdata_o_reg[18]/C
                         clock pessimism             -0.382     2.967    
    SLICE_X69Y186        FDCE (Hold_DFF2_SLICEL_C_D)
                                                      0.062     3.029    u_soc/g_nodcache.g_bypass[0].u_bypass/core_rdata_o_reg[18]
  -------------------------------------------------------------------
                         required time                         -3.029    
                         arrival time                           3.046    
  -------------------------------------------------------------------
                         slack                                  0.017    

Slack (MET) :             0.018ns  (arrival time - required time)
  Source:                 u_soc/g_pe[0].u_pe/u_core/core_i/if_stage_i/aligner_i/pc_q_reg[3]/C
                            (rising edge-triggered cell FDCE clocked by clk  {rise@0.000ns fall@3.333ns period=9.999ns})
  Destination:            u_soc/g_pe[0].u_pe/u_core/core_i/if_stage_i/pc_id_o_reg[3]/D
                            (rising edge-triggered cell FDCE clocked by clk  {rise@0.000ns fall@3.333ns period=9.999ns})
  Path Group:             clk
  Path Type:              Hold (Min at Slow Process Corner)
  Requirement:            0.000ns  (clk rise@0.000ns - clk rise@0.000ns)
  Data Path Delay:        0.186ns  (logic 0.058ns (31.180%)  route 0.128ns (68.820%))
  Logic Levels:           0  
  Clock Path Skew:        0.106ns (DCD - SCD - CPR)
    Destination Clock Delay (DCD):    4.816ns
    Source Clock Delay      (SCD):    4.232ns
    Clock Pessimism Removal (CPR):    0.479ns
  Clock Net Delay (Source):      1.649ns (routing 0.910ns, distribution 0.739ns)
  Clock Net Delay (Destination): 1.889ns (routing 1.005ns, distribution 0.884ns)

    Location             Delay type                Incr(ns)  Path(ns)    Netlist Resource(s)
  -------------------------------------------------------------------    -------------------
                         (clock clk rise edge)        0.000     0.000 r  
    AH18                                              0.000     0.000 r  clk300_p_i (IN)
                         net (fo=0)                   0.079     0.079    u_ibufds/I
    HPIOBDIFFINBUF_X1Y36 DIFFINBUF (Prop_DIFFINBUF_HPIOBDIFFINBUF_DIFF_IN_P_O)
                                                      0.429     0.508 r  u_ibufds/DIFFINBUF_INST/O
                         net (fo=1, routed)           0.040     0.548    u_ibufds/OUT
    AH18                 IBUFCTRL (Prop_IBUFCTRL_HPIOB_M_I_O)
                                                      0.000     0.548 r  u_ibufds/IBUFCTRL_INST/O
                         net (fo=1, routed)           0.286     0.834    clk_ref
    BUFGCE_DIV_X1Y7      BUFGCE_DIV (Prop_BUFGCE_DIV_I_O)
                                                      0.132     0.966 r  u_bufgce_div/O
                         net (fo=3477, routed)        1.593     2.559    u_soc/g_pe[0].u_pe/u_core/core_i/sleep_unit_i/core_clock_gate_i/clk
    BUFGCE_X1Y115        BUFGCE (Prop_BUFCE_BUFGCE_I_O)
                                                      0.024     2.583 r  u_soc/g_pe[0].u_pe/u_core/core_i/sleep_unit_i/core_clock_gate_i/u_bufgce/O
    X2Y2 (CLOCK_ROOT)    net (fo=2099, routed)        1.649     4.232    u_soc/g_pe[0].u_pe/u_core/core_i/if_stage_i/aligner_i/clk_0
    SLICE_X83Y191        FDCE                                         r  u_soc/g_pe[0].u_pe/u_core/core_i/if_stage_i/aligner_i/pc_q_reg[3]/C
  -------------------------------------------------------------------    -------------------
    SLICE_X83Y191        FDCE (Prop_DFF_SLICEM_C_Q)
                                                      0.058     4.290 r  u_soc/g_pe[0].u_pe/u_core/core_i/if_stage_i/aligner_i/pc_q_reg[3]/Q
                         net (fo=5, routed)           0.128     4.418    u_soc/g_pe[0].u_pe/u_core/core_i/if_stage_i/Q[2]
    SLICE_X84Y191        FDCE                                         r  u_soc/g_pe[0].u_pe/u_core/core_i/if_stage_i/pc_id_o_reg[3]/D
  -------------------------------------------------------------------    -------------------

                         (clock clk rise edge)        0.000     0.000 r  
    AH18                                              0.000     0.000 r  clk300_p_i (IN)
                         net (fo=0)                   0.100     0.100    u_ibufds/I
    HPIOBDIFFINBUF_X1Y36 DIFFINBUF (Prop_DIFFINBUF_HPIOBDIFFINBUF_DIFF_IN_P_O)
                                                      0.525     0.625 r  u_ibufds/DIFFINBUF_INST/O
                         net (fo=1, routed)           0.050     0.675    u_ibufds/OUT
    AH18                 IBUFCTRL (Prop_IBUFCTRL_HPIOB_M_I_O)
                                                      0.000     0.675 r  u_ibufds/IBUFCTRL_INST/O
                         net (fo=1, routed)           0.322     0.997    clk_ref
    BUFGCE_DIV_X1Y7      BUFGCE_DIV (Prop_BUFGCE_DIV_I_O)
                                                      0.152     1.149 r  u_bufgce_div/O
                         net (fo=3477, routed)        1.750     2.899    u_soc/g_pe[0].u_pe/u_core/core_i/sleep_unit_i/core_clock_gate_i/clk
    BUFGCE_X1Y115        BUFGCE (Prop_BUFCE_BUFGCE_I_O)
                                                      0.028     2.927 r  u_soc/g_pe[0].u_pe/u_core/core_i/sleep_unit_i/core_clock_gate_i/u_bufgce/O
    X2Y2 (CLOCK_ROOT)    net (fo=2099, routed)        1.889     4.816    u_soc/g_pe[0].u_pe/u_core/core_i/if_stage_i/clk_0
    SLICE_X84Y191        FDCE                                         r  u_soc/g_pe[0].u_pe/u_core/core_i/if_stage_i/pc_id_o_reg[3]/C
                         clock pessimism             -0.479     4.338    
    SLICE_X84Y191        FDCE (Hold_GFF2_SLICEM_C_D)
                                                      0.062     4.400    u_soc/g_pe[0].u_pe/u_core/core_i/if_stage_i/pc_id_o_reg[3]
  -------------------------------------------------------------------
                         required time                         -4.400    
                         arrival time                           4.418    
  -------------------------------------------------------------------
                         slack                                  0.018    





Pulse Width Checks
--------------------------------------------------------------------------------------
Clock Name:         clk
Waveform(ns):       { 0.000 3.333 }
Period(ns):         9.999
Sources:            { u_bufgce_div/O }

Check Type        Corner  Lib Pin             Reference Pin  Required(ns)  Actual(ns)  Slack(ns)  Location      Pin
Min Period        n/a     RAMB36E2/CLKARDCLK  n/a            1.569         9.999       8.430      RAMB36_X2Y32  u_soc/g_pe[0].u_pe/u_itcm/mem_reg_0_bram_0/CLKARDCLK
Min Period        n/a     RAMB36E2/CLKARDCLK  n/a            1.569         9.999       8.430      RAMB36_X2Y33  u_soc/g_pe[0].u_pe/u_itcm/mem_reg_0_bram_1/CLKARDCLK
Min Period        n/a     RAMB36E2/CLKARDCLK  n/a            1.569         9.999       8.430      RAMB36_X2Y34  u_soc/g_pe[0].u_pe/u_itcm/mem_reg_1_bram_0/CLKARDCLK
Min Period        n/a     RAMB36E2/CLKARDCLK  n/a            1.569         9.999       8.430      RAMB36_X2Y35  u_soc/g_pe[0].u_pe/u_itcm/mem_reg_1_bram_1/CLKARDCLK
Min Period        n/a     RAMB36E2/CLKARDCLK  n/a            1.569         9.999       8.430      RAMB36_X2Y36  u_soc/g_pe[0].u_pe/u_itcm/mem_reg_2_bram_0/CLKARDCLK
Min Period        n/a     RAMB36E2/CLKARDCLK  n/a            1.569         9.999       8.430      RAMB36_X2Y37  u_soc/g_pe[0].u_pe/u_itcm/mem_reg_2_bram_1/CLKARDCLK
Min Period        n/a     RAMB36E2/CLKARDCLK  n/a            1.569         9.999       8.430      RAMB36_X2Y38  u_soc/g_pe[0].u_pe/u_itcm/mem_reg_3_bram_0/CLKARDCLK
Min Period        n/a     RAMB36E2/CLKARDCLK  n/a            1.569         9.999       8.430      RAMB36_X2Y39  u_soc/g_pe[0].u_pe/u_itcm/mem_reg_3_bram_1/CLKARDCLK
Min Period        n/a     RAMB36E2/CLKARDCLK  n/a            1.569         9.999       8.430      RAMB36_X2Y10  u_soc/g_pe[1].u_pe/u_itcm/mem_reg_0_bram_0/CLKARDCLK
Min Period        n/a     RAMB36E2/CLKARDCLK  n/a            1.569         9.999       8.430      RAMB36_X2Y11  u_soc/g_pe[1].u_pe/u_itcm/mem_reg_0_bram_1/CLKARDCLK
Low Pulse Width   Slow    RAMB36E2/CLKARDCLK  n/a            0.542         6.666       6.124      RAMB36_X2Y32  u_soc/g_pe[0].u_pe/u_itcm/mem_reg_0_bram_0/CLKARDCLK
Low Pulse Width   Fast    RAMB36E2/CLKARDCLK  n/a            0.542         6.666       6.124      RAMB36_X2Y32  u_soc/g_pe[0].u_pe/u_itcm/mem_reg_0_bram_0/CLKARDCLK
Low Pulse Width   Slow    RAMB36E2/CLKBWRCLK  n/a            0.542         6.666       6.124      RAMB36_X2Y32  u_soc/g_pe[0].u_pe/u_itcm/mem_reg_0_bram_0/CLKBWRCLK
Low Pulse Width   Fast    RAMB36E2/CLKBWRCLK  n/a            0.542         6.666       6.124      RAMB36_X2Y32  u_soc/g_pe[0].u_pe/u_itcm/mem_reg_0_bram_0/CLKBWRCLK
Low Pulse Width   Slow    RAMB36E2/CLKARDCLK  n/a            0.542         6.666       6.124      RAMB36_X2Y33  u_soc/g_pe[0].u_pe/u_itcm/mem_reg_0_bram_1/CLKARDCLK
Low Pulse Width   Fast    RAMB36E2/CLKARDCLK  n/a            0.542         6.666       6.124      RAMB36_X2Y33  u_soc/g_pe[0].u_pe/u_itcm/mem_reg_0_bram_1/CLKARDCLK
Low Pulse Width   Slow    RAMB36E2/CLKBWRCLK  n/a            0.542         6.666       6.124      RAMB36_X2Y33  u_soc/g_pe[0].u_pe/u_itcm/mem_reg_0_bram_1/CLKBWRCLK
Low Pulse Width   Fast    RAMB36E2/CLKBWRCLK  n/a            0.542         6.666       6.124      RAMB36_X2Y33  u_soc/g_pe[0].u_pe/u_itcm/mem_reg_0_bram_1/CLKBWRCLK
Low Pulse Width   Slow    RAMB36E2/CLKARDCLK  n/a            0.542         6.666       6.124      RAMB36_X2Y34  u_soc/g_pe[0].u_pe/u_itcm/mem_reg_1_bram_0/CLKARDCLK
Low Pulse Width   Fast    RAMB36E2/CLKARDCLK  n/a            0.542         6.666       6.124      RAMB36_X2Y34  u_soc/g_pe[0].u_pe/u_itcm/mem_reg_1_bram_0/CLKARDCLK
High Pulse Width  Slow    RAMB36E2/CLKARDCLK  n/a            0.542         3.333       2.791      RAMB36_X2Y32  u_soc/g_pe[0].u_pe/u_itcm/mem_reg_0_bram_0/CLKARDCLK
High Pulse Width  Fast    RAMB36E2/CLKARDCLK  n/a            0.542         3.333       2.791      RAMB36_X2Y32  u_soc/g_pe[0].u_pe/u_itcm/mem_reg_0_bram_0/CLKARDCLK
High Pulse Width  Slow    RAMB36E2/CLKBWRCLK  n/a            0.542         3.333       2.791      RAMB36_X2Y32  u_soc/g_pe[0].u_pe/u_itcm/mem_reg_0_bram_0/CLKBWRCLK
High Pulse Width  Fast    RAMB36E2/CLKBWRCLK  n/a            0.542         3.333       2.791      RAMB36_X2Y32  u_soc/g_pe[0].u_pe/u_itcm/mem_reg_0_bram_0/CLKBWRCLK
High Pulse Width  Slow    RAMB36E2/CLKARDCLK  n/a            0.542         3.333       2.791      RAMB36_X2Y33  u_soc/g_pe[0].u_pe/u_itcm/mem_reg_0_bram_1/CLKARDCLK
High Pulse Width  Fast    RAMB36E2/CLKARDCLK  n/a            0.542         3.333       2.791      RAMB36_X2Y33  u_soc/g_pe[0].u_pe/u_itcm/mem_reg_0_bram_1/CLKARDCLK
High Pulse Width  Slow    RAMB36E2/CLKBWRCLK  n/a            0.542         3.333       2.791      RAMB36_X2Y33  u_soc/g_pe[0].u_pe/u_itcm/mem_reg_0_bram_1/CLKBWRCLK
High Pulse Width  Fast    RAMB36E2/CLKBWRCLK  n/a            0.542         3.333       2.791      RAMB36_X2Y33  u_soc/g_pe[0].u_pe/u_itcm/mem_reg_0_bram_1/CLKBWRCLK
High Pulse Width  Slow    RAMB36E2/CLKARDCLK  n/a            0.542         3.333       2.791      RAMB36_X2Y34  u_soc/g_pe[0].u_pe/u_itcm/mem_reg_1_bram_0/CLKARDCLK
High Pulse Width  Fast    RAMB36E2/CLKARDCLK  n/a            0.542         3.333       2.791      RAMB36_X2Y34  u_soc/g_pe[0].u_pe/u_itcm/mem_reg_1_bram_0/CLKARDCLK



---------------------------------------------------------------------------------------------------
Path Group:  **async_default**
From Clock:  clk
  To Clock:  clk

Setup :            0  Failing Endpoints,  Worst Slack        2.764ns,  Total Violation        0.000ns
Hold  :            0  Failing Endpoints,  Worst Slack        0.022ns,  Total Violation        0.000ns
---------------------------------------------------------------------------------------------------


Max Delay Paths
--------------------------------------------------------------------------------------
Slack (MET) :             2.764ns  (required time - arrival time)
  Source:                 rst_n_q_reg_rep__48/C
                            (rising edge-triggered cell FDRE clocked by clk  {rise@0.000ns fall@3.333ns period=9.999ns})
  Destination:            u_soc/g_pe[1].u_axi_ifetch/rdata_o_reg[13]/CLR
                            (recovery check against rising-edge clock clk  {rise@0.000ns fall@3.333ns period=9.999ns})
  Path Group:             **async_default**
  Path Type:              Recovery (Max at Slow Process Corner)
  Requirement:            9.999ns  (clk rise@9.999ns - clk rise@0.000ns)
  Data Path Delay:        6.971ns  (logic 0.079ns (1.133%)  route 6.892ns (98.867%))
  Logic Levels:           0  
  Clock Path Skew:        -0.162ns (DCD - SCD + CPR)
    Destination Clock Delay (DCD):    2.873ns = ( 12.872 - 9.999 ) 
    Source Clock Delay      (SCD):    3.293ns
    Clock Pessimism Removal (CPR):    0.258ns
  Clock Uncertainty:      0.035ns  ((TSJ^2 + TIJ^2)^1/2 + DJ) / 2 + PE
    Total System Jitter     (TSJ):    0.071ns
    Total Input Jitter      (TIJ):    0.000ns
    Discrete Jitter          (DJ):    0.000ns
    Phase Error              (PE):    0.000ns
  Clock Net Delay (Source):      2.144ns (routing 0.803ns, distribution 1.341ns)
  Clock Net Delay (Destination): 1.907ns (routing 0.732ns, distribution 1.175ns)

    Location             Delay type                Incr(ns)  Path(ns)    Netlist Resource(s)
  -------------------------------------------------------------------    -------------------
                         (clock clk rise edge)        0.000     0.000 r  
    AH18                                              0.000     0.000 r  clk300_p_i (IN)
                         net (fo=0)                   0.100     0.100    u_ibufds/I
    HPIOBDIFFINBUF_X1Y36 DIFFINBUF (Prop_DIFFINBUF_HPIOBDIFFINBUF_DIFF_IN_P_O)
                                                      0.525     0.625 r  u_ibufds/DIFFINBUF_INST/O
                         net (fo=1, routed)           0.050     0.675    u_ibufds/OUT
    AH18                 IBUFCTRL (Prop_IBUFCTRL_HPIOB_M_I_O)
                                                      0.000     0.675 r  u_ibufds/IBUFCTRL_INST/O
                         net (fo=1, routed)           0.322     0.997    clk_ref
    BUFGCE_DIV_X1Y7      BUFGCE_DIV (Prop_BUFGCE_DIV_I_O)
                                                      0.152     1.149 r  u_bufgce_div/O
    X1Y2 (CLOCK_ROOT)    net (fo=3477, routed)        2.144     3.293    clk
    SLICE_X71Y123        FDRE                                         r  rst_n_q_reg_rep__48/C
  -------------------------------------------------------------------    -------------------
    SLICE_X71Y123        FDRE (Prop_EFF2_SLICEM_C_Q)
                                                      0.079     3.372 r  rst_n_q_reg_rep__48/Q
                         net (fo=158, routed)         6.892    10.265    u_soc/g_pe[1].u_axi_ifetch/rst_n_q_reg_rep__48_n_0_alias
    SLICE_X69Y99         FDCE                                         f  u_soc/g_pe[1].u_axi_ifetch/rdata_o_reg[13]/CLR  (IS_INVERTED)
  -------------------------------------------------------------------    -------------------

                         (clock clk rise edge)        9.999     9.999 r  
    AH18                                              0.000     9.999 r  clk300_p_i (IN)
                         net (fo=0)                   0.079    10.078    u_ibufds/I
    HPIOBDIFFINBUF_X1Y36 DIFFINBUF (Prop_DIFFINBUF_HPIOBDIFFINBUF_DIFF_IN_P_O)
                                                      0.429    10.507 r  u_ibufds/DIFFINBUF_INST/O
                         net (fo=1, routed)           0.040    10.547    u_ibufds/OUT
    AH18                 IBUFCTRL (Prop_IBUFCTRL_HPIOB_M_I_O)
                                                      0.000    10.547 r  u_ibufds/IBUFCTRL_INST/O
                         net (fo=1, routed)           0.286    10.833    clk_ref
    BUFGCE_DIV_X1Y7      BUFGCE_DIV (Prop_BUFGCE_DIV_I_O)
                                                      0.132    10.965 r  u_bufgce_div/O
    X1Y2 (CLOCK_ROOT)    net (fo=3477, routed)        1.907    12.872    u_soc/g_pe[1].u_axi_ifetch/clk
    SLICE_X69Y99         FDCE                                         r  u_soc/g_pe[1].u_axi_ifetch/rdata_o_reg[13]/C
                         clock pessimism              0.258    13.130    
                         clock uncertainty           -0.035    13.095    
    SLICE_X69Y99         FDCE (Recov_DFF_SLICEL_C_CLR)
                                                     -0.066    13.029    u_soc/g_pe[1].u_axi_ifetch/rdata_o_reg[13]
  -------------------------------------------------------------------
                         required time                         13.029    
                         arrival time                         -10.265    
  -------------------------------------------------------------------
                         slack                                  2.764    

Slack (MET) :             2.764ns  (required time - arrival time)
  Source:                 rst_n_q_reg_rep__48/C
                            (rising edge-triggered cell FDRE clocked by clk  {rise@0.000ns fall@3.333ns period=9.999ns})
  Destination:            u_soc/g_pe[1].u_axi_ifetch/rdata_o_reg[31]/CLR
                            (recovery check against rising-edge clock clk  {rise@0.000ns fall@3.333ns period=9.999ns})
  Path Group:             **async_default**
  Path Type:              Recovery (Max at Slow Process Corner)
  Requirement:            9.999ns  (clk rise@9.999ns - clk rise@0.000ns)
  Data Path Delay:        6.968ns  (logic 0.079ns (1.134%)  route 6.889ns (98.866%))
  Logic Levels:           0  
  Clock Path Skew:        -0.165ns (DCD - SCD + CPR)
    Destination Clock Delay (DCD):    2.870ns = ( 12.869 - 9.999 ) 
    Source Clock Delay      (SCD):    3.293ns
    Clock Pessimism Removal (CPR):    0.258ns
  Clock Uncertainty:      0.035ns  ((TSJ^2 + TIJ^2)^1/2 + DJ) / 2 + PE
    Total System Jitter     (TSJ):    0.071ns
    Total Input Jitter      (TIJ):    0.000ns
    Discrete Jitter          (DJ):    0.000ns
    Phase Error              (PE):    0.000ns
  Clock Net Delay (Source):      2.144ns (routing 0.803ns, distribution 1.341ns)
  Clock Net Delay (Destination): 1.904ns (routing 0.732ns, distribution 1.172ns)

    Location             Delay type                Incr(ns)  Path(ns)    Netlist Resource(s)
  -------------------------------------------------------------------    -------------------
                         (clock clk rise edge)        0.000     0.000 r  
    AH18                                              0.000     0.000 r  clk300_p_i (IN)
                         net (fo=0)                   0.100     0.100    u_ibufds/I
    HPIOBDIFFINBUF_X1Y36 DIFFINBUF (Prop_DIFFINBUF_HPIOBDIFFINBUF_DIFF_IN_P_O)
                                                      0.525     0.625 r  u_ibufds/DIFFINBUF_INST/O
                         net (fo=1, routed)           0.050     0.675    u_ibufds/OUT
    AH18                 IBUFCTRL (Prop_IBUFCTRL_HPIOB_M_I_O)
                                                      0.000     0.675 r  u_ibufds/IBUFCTRL_INST/O
                         net (fo=1, routed)           0.322     0.997    clk_ref
    BUFGCE_DIV_X1Y7      BUFGCE_DIV (Prop_BUFGCE_DIV_I_O)
                                                      0.152     1.149 r  u_bufgce_div/O
    X1Y2 (CLOCK_ROOT)    net (fo=3477, routed)        2.144     3.293    clk
    SLICE_X71Y123        FDRE                                         r  rst_n_q_reg_rep__48/C
  -------------------------------------------------------------------    -------------------
    SLICE_X71Y123        FDRE (Prop_EFF2_SLICEM_C_Q)
                                                      0.079     3.372 r  rst_n_q_reg_rep__48/Q
                         net (fo=158, routed)         6.889    10.262    u_soc/g_pe[1].u_axi_ifetch/rst_n_q_reg_rep__48_n_0_alias
    SLICE_X69Y97         FDCE                                         f  u_soc/g_pe[1].u_axi_ifetch/rdata_o_reg[31]/CLR  (IS_INVERTED)
  -------------------------------------------------------------------    -------------------

                         (clock clk rise edge)        9.999     9.999 r  
    AH18                                              0.000     9.999 r  clk300_p_i (IN)
                         net (fo=0)                   0.079    10.078    u_ibufds/I
    HPIOBDIFFINBUF_X1Y36 DIFFINBUF (Prop_DIFFINBUF_HPIOBDIFFINBUF_DIFF_IN_P_O)
                                                      0.429    10.507 r  u_ibufds/DIFFINBUF_INST/O
                         net (fo=1, routed)           0.040    10.547    u_ibufds/OUT
    AH18                 IBUFCTRL (Prop_IBUFCTRL_HPIOB_M_I_O)
                                                      0.000    10.547 r  u_ibufds/IBUFCTRL_INST/O
                         net (fo=1, routed)           0.286    10.833    clk_ref
    BUFGCE_DIV_X1Y7      BUFGCE_DIV (Prop_BUFGCE_DIV_I_O)
                                                      0.132    10.965 r  u_bufgce_div/O
    X1Y2 (CLOCK_ROOT)    net (fo=3477, routed)        1.904    12.869    u_soc/g_pe[1].u_axi_ifetch/clk
    SLICE_X69Y97         FDCE                                         r  u_soc/g_pe[1].u_axi_ifetch/rdata_o_reg[31]/C
                         clock pessimism              0.258    13.127    
                         clock uncertainty           -0.035    13.092    
    SLICE_X69Y97         FDCE (Recov_DFF_SLICEL_C_CLR)
                                                     -0.066    13.026    u_soc/g_pe[1].u_axi_ifetch/rdata_o_reg[31]
  -------------------------------------------------------------------
                         required time                         13.026    
                         arrival time                         -10.262    
  -------------------------------------------------------------------
                         slack                                  2.764    

Slack (MET) :             2.764ns  (required time - arrival time)
  Source:                 rst_n_q_reg_rep__48/C
                            (rising edge-triggered cell FDRE clocked by clk  {rise@0.000ns fall@3.333ns period=9.999ns})
  Destination:            u_soc/g_pe[1].u_axi_ifetch/rdata_o_reg[8]/CLR
                            (recovery check against rising-edge clock clk  {rise@0.000ns fall@3.333ns period=9.999ns})
  Path Group:             **async_default**
  Path Type:              Recovery (Max at Slow Process Corner)
  Requirement:            9.999ns  (clk rise@9.999ns - clk rise@0.000ns)
  Data Path Delay:        6.968ns  (logic 0.079ns (1.134%)  route 6.889ns (98.866%))
  Logic Levels:           0  
  Clock Path Skew:        -0.165ns (DCD - SCD + CPR)
    Destination Clock Delay (DCD):    2.870ns = ( 12.869 - 9.999 ) 
    Source Clock Delay      (SCD):    3.293ns
    Clock Pessimism Removal (CPR):    0.258ns
  Clock Uncertainty:      0.035ns  ((TSJ^2 + TIJ^2)^1/2 + DJ) / 2 + PE
    Total System Jitter     (TSJ):    0.071ns
    Total Input Jitter      (TIJ):    0.000ns
    Discrete Jitter          (DJ):    0.000ns
    Phase Error              (PE):    0.000ns
  Clock Net Delay (Source):      2.144ns (routing 0.803ns, distribution 1.341ns)
  Clock Net Delay (Destination): 1.904ns (routing 0.732ns, distribution 1.172ns)

    Location             Delay type                Incr(ns)  Path(ns)    Netlist Resource(s)
  -------------------------------------------------------------------    -------------------
                         (clock clk rise edge)        0.000     0.000 r  
    AH18                                              0.000     0.000 r  clk300_p_i (IN)
                         net (fo=0)                   0.100     0.100    u_ibufds/I
    HPIOBDIFFINBUF_X1Y36 DIFFINBUF (Prop_DIFFINBUF_HPIOBDIFFINBUF_DIFF_IN_P_O)
                                                      0.525     0.625 r  u_ibufds/DIFFINBUF_INST/O
                         net (fo=1, routed)           0.050     0.675    u_ibufds/OUT
    AH18                 IBUFCTRL (Prop_IBUFCTRL_HPIOB_M_I_O)
                                                      0.000     0.675 r  u_ibufds/IBUFCTRL_INST/O
                         net (fo=1, routed)           0.322     0.997    clk_ref
    BUFGCE_DIV_X1Y7      BUFGCE_DIV (Prop_BUFGCE_DIV_I_O)
                                                      0.152     1.149 r  u_bufgce_div/O
    X1Y2 (CLOCK_ROOT)    net (fo=3477, routed)        2.144     3.293    clk
    SLICE_X71Y123        FDRE                                         r  rst_n_q_reg_rep__48/C
  -------------------------------------------------------------------    -------------------
    SLICE_X71Y123        FDRE (Prop_EFF2_SLICEM_C_Q)
                                                      0.079     3.372 r  rst_n_q_reg_rep__48/Q
                         net (fo=158, routed)         6.889    10.262    u_soc/g_pe[1].u_axi_ifetch/rst_n_q_reg_rep__48_n_0_alias
    SLICE_X69Y97         FDCE                                         f  u_soc/g_pe[1].u_axi_ifetch/rdata_o_reg[8]/CLR  (IS_INVERTED)
  -------------------------------------------------------------------    -------------------

                         (clock clk rise edge)        9.999     9.999 r  
    AH18                                              0.000     9.999 r  clk300_p_i (IN)
                         net (fo=0)                   0.079    10.078    u_ibufds/I
    HPIOBDIFFINBUF_X1Y36 DIFFINBUF (Prop_DIFFINBUF_HPIOBDIFFINBUF_DIFF_IN_P_O)
                                                      0.429    10.507 r  u_ibufds/DIFFINBUF_INST/O
                         net (fo=1, routed)           0.040    10.547    u_ibufds/OUT
    AH18                 IBUFCTRL (Prop_IBUFCTRL_HPIOB_M_I_O)
                                                      0.000    10.547 r  u_ibufds/IBUFCTRL_INST/O
                         net (fo=1, routed)           0.286    10.833    clk_ref
    BUFGCE_DIV_X1Y7      BUFGCE_DIV (Prop_BUFGCE_DIV_I_O)
                                                      0.132    10.965 r  u_bufgce_div/O
    X1Y2 (CLOCK_ROOT)    net (fo=3477, routed)        1.904    12.869    u_soc/g_pe[1].u_axi_ifetch/clk
    SLICE_X69Y97         FDCE                                         r  u_soc/g_pe[1].u_axi_ifetch/rdata_o_reg[8]/C
                         clock pessimism              0.258    13.127    
                         clock uncertainty           -0.035    13.092    
    SLICE_X69Y97         FDCE (Recov_CFF_SLICEL_C_CLR)
                                                     -0.066    13.026    u_soc/g_pe[1].u_axi_ifetch/rdata_o_reg[8]
  -------------------------------------------------------------------
                         required time                         13.026    
                         arrival time                         -10.262    
  -------------------------------------------------------------------
                         slack                                  2.764    

Slack (MET) :             2.765ns  (required time - arrival time)
  Source:                 rst_n_q_reg_rep__48/C
                            (rising edge-triggered cell FDRE clocked by clk  {rise@0.000ns fall@3.333ns period=9.999ns})
  Destination:            u_soc/g_pe[1].u_axi_ifetch/rdata_o_reg[11]/CLR
                            (recovery check against rising-edge clock clk  {rise@0.000ns fall@3.333ns period=9.999ns})
  Path Group:             **async_default**
  Path Type:              Recovery (Max at Slow Process Corner)
  Requirement:            9.999ns  (clk rise@9.999ns - clk rise@0.000ns)
  Data Path Delay:        6.964ns  (logic 0.079ns (1.134%)  route 6.885ns (98.866%))
  Logic Levels:           0  
  Clock Path Skew:        -0.168ns (DCD - SCD + CPR)
    Destination Clock Delay (DCD):    2.867ns = ( 12.866 - 9.999 ) 
    Source Clock Delay      (SCD):    3.293ns
    Clock Pessimism Removal (CPR):    0.258ns
  Clock Uncertainty:      0.035ns  ((TSJ^2 + TIJ^2)^1/2 + DJ) / 2 + PE
    Total System Jitter     (TSJ):    0.071ns
    Total Input Jitter      (TIJ):    0.000ns
    Discrete Jitter          (DJ):    0.000ns
    Phase Error              (PE):    0.000ns
  Clock Net Delay (Source):      2.144ns (routing 0.803ns, distribution 1.341ns)
  Clock Net Delay (Destination): 1.901ns (routing 0.732ns, distribution 1.169ns)

    Location             Delay type                Incr(ns)  Path(ns)    Netlist Resource(s)
  -------------------------------------------------------------------    -------------------
                         (clock clk rise edge)        0.000     0.000 r  
    AH18                                              0.000     0.000 r  clk300_p_i (IN)
                         net (fo=0)                   0.100     0.100    u_ibufds/I
    HPIOBDIFFINBUF_X1Y36 DIFFINBUF (Prop_DIFFINBUF_HPIOBDIFFINBUF_DIFF_IN_P_O)
                                                      0.525     0.625 r  u_ibufds/DIFFINBUF_INST/O
                         net (fo=1, routed)           0.050     0.675    u_ibufds/OUT
    AH18                 IBUFCTRL (Prop_IBUFCTRL_HPIOB_M_I_O)
                                                      0.000     0.675 r  u_ibufds/IBUFCTRL_INST/O
                         net (fo=1, routed)           0.322     0.997    clk_ref
    BUFGCE_DIV_X1Y7      BUFGCE_DIV (Prop_BUFGCE_DIV_I_O)
                                                      0.152     1.149 r  u_bufgce_div/O
    X1Y2 (CLOCK_ROOT)    net (fo=3477, routed)        2.144     3.293    clk
    SLICE_X71Y123        FDRE                                         r  rst_n_q_reg_rep__48/C
  -------------------------------------------------------------------    -------------------
    SLICE_X71Y123        FDRE (Prop_EFF2_SLICEM_C_Q)
                                                      0.079     3.372 r  rst_n_q_reg_rep__48/Q
                         net (fo=158, routed)         6.885    10.258    u_soc/g_pe[1].u_axi_ifetch/rst_n_q_reg_rep__48_n_0_alias
    SLICE_X69Y94         FDCE                                         f  u_soc/g_pe[1].u_axi_ifetch/rdata_o_reg[11]/CLR  (IS_INVERTED)
  -------------------------------------------------------------------    -------------------

                         (clock clk rise edge)        9.999     9.999 r  
    AH18                                              0.000     9.999 r  clk300_p_i (IN)
                         net (fo=0)                   0.079    10.078    u_ibufds/I
    HPIOBDIFFINBUF_X1Y36 DIFFINBUF (Prop_DIFFINBUF_HPIOBDIFFINBUF_DIFF_IN_P_O)
                                                      0.429    10.507 r  u_ibufds/DIFFINBUF_INST/O
                         net (fo=1, routed)           0.040    10.547    u_ibufds/OUT
    AH18                 IBUFCTRL (Prop_IBUFCTRL_HPIOB_M_I_O)
                                                      0.000    10.547 r  u_ibufds/IBUFCTRL_INST/O
                         net (fo=1, routed)           0.286    10.833    clk_ref
    BUFGCE_DIV_X1Y7      BUFGCE_DIV (Prop_BUFGCE_DIV_I_O)
                                                      0.132    10.965 r  u_bufgce_div/O
    X1Y2 (CLOCK_ROOT)    net (fo=3477, routed)        1.901    12.866    u_soc/g_pe[1].u_axi_ifetch/clk
    SLICE_X69Y94         FDCE                                         r  u_soc/g_pe[1].u_axi_ifetch/rdata_o_reg[11]/C
                         clock pessimism              0.258    13.124    
                         clock uncertainty           -0.035    13.089    
    SLICE_X69Y94         FDCE (Recov_DFF_SLICEL_C_CLR)
                                                     -0.066    13.023    u_soc/g_pe[1].u_axi_ifetch/rdata_o_reg[11]
  -------------------------------------------------------------------
                         required time                         13.023    
                         arrival time                         -10.258    
  -------------------------------------------------------------------
                         slack                                  2.765    

Slack (MET) :             2.765ns  (required time - arrival time)
  Source:                 rst_n_q_reg_rep__48/C
                            (rising edge-triggered cell FDRE clocked by clk  {rise@0.000ns fall@3.333ns period=9.999ns})
  Destination:            u_soc/g_pe[1].u_axi_ifetch/rdata_o_reg[6]/CLR
                            (recovery check against rising-edge clock clk  {rise@0.000ns fall@3.333ns period=9.999ns})
  Path Group:             **async_default**
  Path Type:              Recovery (Max at Slow Process Corner)
  Requirement:            9.999ns  (clk rise@9.999ns - clk rise@0.000ns)
  Data Path Delay:        6.964ns  (logic 0.079ns (1.134%)  route 6.885ns (98.866%))
  Logic Levels:           0  
  Clock Path Skew:        -0.168ns (DCD - SCD + CPR)
    Destination Clock Delay (DCD):    2.867ns = ( 12.866 - 9.999 ) 
    Source Clock Delay      (SCD):    3.293ns
    Clock Pessimism Removal (CPR):    0.258ns
  Clock Uncertainty:      0.035ns  ((TSJ^2 + TIJ^2)^1/2 + DJ) / 2 + PE
    Total System Jitter     (TSJ):    0.071ns
    Total Input Jitter      (TIJ):    0.000ns
    Discrete Jitter          (DJ):    0.000ns
    Phase Error              (PE):    0.000ns
  Clock Net Delay (Source):      2.144ns (routing 0.803ns, distribution 1.341ns)
  Clock Net Delay (Destination): 1.901ns (routing 0.732ns, distribution 1.169ns)

    Location             Delay type                Incr(ns)  Path(ns)    Netlist Resource(s)
  -------------------------------------------------------------------    -------------------
                         (clock clk rise edge)        0.000     0.000 r  
    AH18                                              0.000     0.000 r  clk300_p_i (IN)
                         net (fo=0)                   0.100     0.100    u_ibufds/I
    HPIOBDIFFINBUF_X1Y36 DIFFINBUF (Prop_DIFFINBUF_HPIOBDIFFINBUF_DIFF_IN_P_O)
                                                      0.525     0.625 r  u_ibufds/DIFFINBUF_INST/O
                         net (fo=1, routed)           0.050     0.675    u_ibufds/OUT
    AH18                 IBUFCTRL (Prop_IBUFCTRL_HPIOB_M_I_O)
                                                      0.000     0.675 r  u_ibufds/IBUFCTRL_INST/O
                         net (fo=1, routed)           0.322     0.997    clk_ref
    BUFGCE_DIV_X1Y7      BUFGCE_DIV (Prop_BUFGCE_DIV_I_O)
                                                      0.152     1.149 r  u_bufgce_div/O
    X1Y2 (CLOCK_ROOT)    net (fo=3477, routed)        2.144     3.293    clk
    SLICE_X71Y123        FDRE                                         r  rst_n_q_reg_rep__48/C
  -------------------------------------------------------------------    -------------------
    SLICE_X71Y123        FDRE (Prop_EFF2_SLICEM_C_Q)
                                                      0.079     3.372 r  rst_n_q_reg_rep__48/Q
                         net (fo=158, routed)         6.885    10.258    u_soc/g_pe[1].u_axi_ifetch/rst_n_q_reg_rep__48_n_0_alias
    SLICE_X69Y94         FDCE                                         f  u_soc/g_pe[1].u_axi_ifetch/rdata_o_reg[6]/CLR  (IS_INVERTED)
  -------------------------------------------------------------------    -------------------

                         (clock clk rise edge)        9.999     9.999 r  
    AH18                                              0.000     9.999 r  clk300_p_i (IN)
                         net (fo=0)                   0.079    10.078    u_ibufds/I
    HPIOBDIFFINBUF_X1Y36 DIFFINBUF (Prop_DIFFINBUF_HPIOBDIFFINBUF_DIFF_IN_P_O)
                                                      0.429    10.507 r  u_ibufds/DIFFINBUF_INST/O
                         net (fo=1, routed)           0.040    10.547    u_ibufds/OUT
    AH18                 IBUFCTRL (Prop_IBUFCTRL_HPIOB_M_I_O)
                                                      0.000    10.547 r  u_ibufds/IBUFCTRL_INST/O
                         net (fo=1, routed)           0.286    10.833    clk_ref
    BUFGCE_DIV_X1Y7      BUFGCE_DIV (Prop_BUFGCE_DIV_I_O)
                                                      0.132    10.965 r  u_bufgce_div/O
    X1Y2 (CLOCK_ROOT)    net (fo=3477, routed)        1.901    12.866    u_soc/g_pe[1].u_axi_ifetch/clk
    SLICE_X69Y94         FDCE                                         r  u_soc/g_pe[1].u_axi_ifetch/rdata_o_reg[6]/C
                         clock pessimism              0.258    13.124    
                         clock uncertainty           -0.035    13.089    
    SLICE_X69Y94         FDCE (Recov_CFF_SLICEL_C_CLR)
                                                     -0.066    13.023    u_soc/g_pe[1].u_axi_ifetch/rdata_o_reg[6]
  -------------------------------------------------------------------
                         required time                         13.023    
                         arrival time                         -10.258    
  -------------------------------------------------------------------
                         slack                                  2.765    

Slack (MET) :             2.767ns  (required time - arrival time)
  Source:                 rst_n_q_reg_rep__48/C
                            (rising edge-triggered cell FDRE clocked by clk  {rise@0.000ns fall@3.333ns period=9.999ns})
  Destination:            u_soc/g_pe[1].u_axi_ext/rdata_o_reg[8]/CLR
                            (recovery check against rising-edge clock clk  {rise@0.000ns fall@3.333ns period=9.999ns})
  Path Group:             **async_default**
  Path Type:              Recovery (Max at Slow Process Corner)
  Requirement:            9.999ns  (clk rise@9.999ns - clk rise@0.000ns)
  Data Path Delay:        6.967ns  (logic 0.079ns (1.134%)  route 6.888ns (98.866%))
  Logic Levels:           0  
  Clock Path Skew:        -0.163ns (DCD - SCD + CPR)
    Destination Clock Delay (DCD):    2.872ns = ( 12.871 - 9.999 ) 
    Source Clock Delay      (SCD):    3.293ns
    Clock Pessimism Removal (CPR):    0.258ns
  Clock Uncertainty:      0.035ns  ((TSJ^2 + TIJ^2)^1/2 + DJ) / 2 + PE
    Total System Jitter     (TSJ):    0.071ns
    Total Input Jitter      (TIJ):    0.000ns
    Discrete Jitter          (DJ):    0.000ns
    Phase Error              (PE):    0.000ns
  Clock Net Delay (Source):      2.144ns (routing 0.803ns, distribution 1.341ns)
  Clock Net Delay (Destination): 1.906ns (routing 0.732ns, distribution 1.174ns)

    Location             Delay type                Incr(ns)  Path(ns)    Netlist Resource(s)
  -------------------------------------------------------------------    -------------------
                         (clock clk rise edge)        0.000     0.000 r  
    AH18                                              0.000     0.000 r  clk300_p_i (IN)
                         net (fo=0)                   0.100     0.100    u_ibufds/I
    HPIOBDIFFINBUF_X1Y36 DIFFINBUF (Prop_DIFFINBUF_HPIOBDIFFINBUF_DIFF_IN_P_O)
                                                      0.525     0.625 r  u_ibufds/DIFFINBUF_INST/O
                         net (fo=1, routed)           0.050     0.675    u_ibufds/OUT
    AH18                 IBUFCTRL (Prop_IBUFCTRL_HPIOB_M_I_O)
                                                      0.000     0.675 r  u_ibufds/IBUFCTRL_INST/O
                         net (fo=1, routed)           0.322     0.997    clk_ref
    BUFGCE_DIV_X1Y7      BUFGCE_DIV (Prop_BUFGCE_DIV_I_O)
                                                      0.152     1.149 r  u_bufgce_div/O
    X1Y2 (CLOCK_ROOT)    net (fo=3477, routed)        2.144     3.293    clk
    SLICE_X71Y123        FDRE                                         r  rst_n_q_reg_rep__48/C
  -------------------------------------------------------------------    -------------------
    SLICE_X71Y123        FDRE (Prop_EFF2_SLICEM_C_Q)
                                                      0.079     3.372 r  rst_n_q_reg_rep__48/Q
                         net (fo=158, routed)         6.888    10.261    u_soc/g_pe[1].u_axi_ext/rst_n_q_reg_rep__48_n_0_alias
    SLICE_X69Y97         FDCE                                         f  u_soc/g_pe[1].u_axi_ext/rdata_o_reg[8]/CLR  (IS_INVERTED)
  -------------------------------------------------------------------    -------------------

                         (clock clk rise edge)        9.999     9.999 r  
    AH18                                              0.000     9.999 r  clk300_p_i (IN)
                         net (fo=0)                   0.079    10.078    u_ibufds/I
    HPIOBDIFFINBUF_X1Y36 DIFFINBUF (Prop_DIFFINBUF_HPIOBDIFFINBUF_DIFF_IN_P_O)
                                                      0.429    10.507 r  u_ibufds/DIFFINBUF_INST/O
                         net (fo=1, routed)           0.040    10.547    u_ibufds/OUT
    AH18                 IBUFCTRL (Prop_IBUFCTRL_HPIOB_M_I_O)
                                                      0.000    10.547 r  u_ibufds/IBUFCTRL_INST/O
                         net (fo=1, routed)           0.286    10.833    clk_ref
    BUFGCE_DIV_X1Y7      BUFGCE_DIV (Prop_BUFGCE_DIV_I_O)
                                                      0.132    10.965 r  u_bufgce_div/O
    X1Y2 (CLOCK_ROOT)    net (fo=3477, routed)        1.906    12.871    u_soc/g_pe[1].u_axi_ext/clk
    SLICE_X69Y97         FDCE                                         r  u_soc/g_pe[1].u_axi_ext/rdata_o_reg[8]/C
                         clock pessimism              0.258    13.129    
                         clock uncertainty           -0.035    13.094    
    SLICE_X69Y97         FDCE (Recov_HFF_SLICEL_C_CLR)
                                                     -0.066    13.028    u_soc/g_pe[1].u_axi_ext/rdata_o_reg[8]
  -------------------------------------------------------------------
                         required time                         13.028    
                         arrival time                         -10.261    
  -------------------------------------------------------------------
                         slack                                  2.767    

Slack (MET) :             2.767ns  (required time - arrival time)
  Source:                 rst_n_q_reg_rep__48/C
                            (rising edge-triggered cell FDRE clocked by clk  {rise@0.000ns fall@3.333ns period=9.999ns})
  Destination:            u_soc/g_pe[1].u_axi_dcu/r_line_q_reg[13]/CLR
                            (recovery check against rising-edge clock clk  {rise@0.000ns fall@3.333ns period=9.999ns})
  Path Group:             **async_default**
  Path Type:              Recovery (Max at Slow Process Corner)
  Requirement:            9.999ns  (clk rise@9.999ns - clk rise@0.000ns)
  Data Path Delay:        6.970ns  (logic 0.079ns (1.133%)  route 6.891ns (98.867%))
  Logic Levels:           0  
  Clock Path Skew:        -0.160ns (DCD - SCD + CPR)
    Destination Clock Delay (DCD):    2.875ns = ( 12.874 - 9.999 ) 
    Source Clock Delay      (SCD):    3.293ns
    Clock Pessimism Removal (CPR):    0.258ns
  Clock Uncertainty:      0.035ns  ((TSJ^2 + TIJ^2)^1/2 + DJ) / 2 + PE
    Total System Jitter     (TSJ):    0.071ns
    Total Input Jitter      (TIJ):    0.000ns
    Discrete Jitter          (DJ):    0.000ns
    Phase Error              (PE):    0.000ns
  Clock Net Delay (Source):      2.144ns (routing 0.803ns, distribution 1.341ns)
  Clock Net Delay (Destination): 1.909ns (routing 0.732ns, distribution 1.177ns)

    Location             Delay type                Incr(ns)  Path(ns)    Netlist Resource(s)
  -------------------------------------------------------------------    -------------------
                         (clock clk rise edge)        0.000     0.000 r  
    AH18                                              0.000     0.000 r  clk300_p_i (IN)
                         net (fo=0)                   0.100     0.100    u_ibufds/I
    HPIOBDIFFINBUF_X1Y36 DIFFINBUF (Prop_DIFFINBUF_HPIOBDIFFINBUF_DIFF_IN_P_O)
                                                      0.525     0.625 r  u_ibufds/DIFFINBUF_INST/O
                         net (fo=1, routed)           0.050     0.675    u_ibufds/OUT
    AH18                 IBUFCTRL (Prop_IBUFCTRL_HPIOB_M_I_O)
                                                      0.000     0.675 r  u_ibufds/IBUFCTRL_INST/O
                         net (fo=1, routed)           0.322     0.997    clk_ref
    BUFGCE_DIV_X1Y7      BUFGCE_DIV (Prop_BUFGCE_DIV_I_O)
                                                      0.152     1.149 r  u_bufgce_div/O
    X1Y2 (CLOCK_ROOT)    net (fo=3477, routed)        2.144     3.293    clk
    SLICE_X71Y123        FDRE                                         r  rst_n_q_reg_rep__48/C
  -------------------------------------------------------------------    -------------------
    SLICE_X71Y123        FDRE (Prop_EFF2_SLICEM_C_Q)
                                                      0.079     3.372 r  rst_n_q_reg_rep__48/Q
                         net (fo=158, routed)         6.891    10.264    u_soc/g_pe[1].u_axi_dcu/rst_n_q_reg_rep__48_n_0_alias
    SLICE_X69Y99         FDCE                                         f  u_soc/g_pe[1].u_axi_dcu/r_line_q_reg[13]/CLR  (IS_INVERTED)
  -------------------------------------------------------------------    -------------------

                         (clock clk rise edge)        9.999     9.999 r  
    AH18                                              0.000     9.999 r  clk300_p_i (IN)
                         net (fo=0)                   0.079    10.078    u_ibufds/I
    HPIOBDIFFINBUF_X1Y36 DIFFINBUF (Prop_DIFFINBUF_HPIOBDIFFINBUF_DIFF_IN_P_O)
                                                      0.429    10.507 r  u_ibufds/DIFFINBUF_INST/O
                         net (fo=1, routed)           0.040    10.547    u_ibufds/OUT
    AH18                 IBUFCTRL (Prop_IBUFCTRL_HPIOB_M_I_O)
                                                      0.000    10.547 r  u_ibufds/IBUFCTRL_INST/O
                         net (fo=1, routed)           0.286    10.833    clk_ref
    BUFGCE_DIV_X1Y7      BUFGCE_DIV (Prop_BUFGCE_DIV_I_O)
                                                      0.132    10.965 r  u_bufgce_div/O
    X1Y2 (CLOCK_ROOT)    net (fo=3477, routed)        1.909    12.874    u_soc/g_pe[1].u_axi_dcu/clk
    SLICE_X69Y99         FDCE                                         r  u_soc/g_pe[1].u_axi_dcu/r_line_q_reg[13]/C
                         clock pessimism              0.258    13.132    
                         clock uncertainty           -0.035    13.097    
    SLICE_X69Y99         FDCE (Recov_HFF_SLICEL_C_CLR)
                                                     -0.066    13.031    u_soc/g_pe[1].u_axi_dcu/r_line_q_reg[13]
  -------------------------------------------------------------------
                         required time                         13.031    
                         arrival time                         -10.264    
  -------------------------------------------------------------------
                         slack                                  2.767    

Slack (MET) :             2.768ns  (required time - arrival time)
  Source:                 rst_n_q_reg_rep__48/C
                            (rising edge-triggered cell FDRE clocked by clk  {rise@0.000ns fall@3.333ns period=9.999ns})
  Destination:            u_soc/g_pe[1].u_axi_ext/rdata_o_reg[6]/CLR
                            (recovery check against rising-edge clock clk  {rise@0.000ns fall@3.333ns period=9.999ns})
  Path Group:             **async_default**
  Path Type:              Recovery (Max at Slow Process Corner)
  Requirement:            9.999ns  (clk rise@9.999ns - clk rise@0.000ns)
  Data Path Delay:        6.963ns  (logic 0.079ns (1.135%)  route 6.884ns (98.865%))
  Logic Levels:           0  
  Clock Path Skew:        -0.166ns (DCD - SCD + CPR)
    Destination Clock Delay (DCD):    2.869ns = ( 12.868 - 9.999 ) 
    Source Clock Delay      (SCD):    3.293ns
    Clock Pessimism Removal (CPR):    0.258ns
  Clock Uncertainty:      0.035ns  ((TSJ^2 + TIJ^2)^1/2 + DJ) / 2 + PE
    Total System Jitter     (TSJ):    0.071ns
    Total Input Jitter      (TIJ):    0.000ns
    Discrete Jitter          (DJ):    0.000ns
    Phase Error              (PE):    0.000ns
  Clock Net Delay (Source):      2.144ns (routing 0.803ns, distribution 1.341ns)
  Clock Net Delay (Destination): 1.903ns (routing 0.732ns, distribution 1.171ns)

    Location             Delay type                Incr(ns)  Path(ns)    Netlist Resource(s)
  -------------------------------------------------------------------    -------------------
                         (clock clk rise edge)        0.000     0.000 r  
    AH18                                              0.000     0.000 r  clk300_p_i (IN)
                         net (fo=0)                   0.100     0.100    u_ibufds/I
    HPIOBDIFFINBUF_X1Y36 DIFFINBUF (Prop_DIFFINBUF_HPIOBDIFFINBUF_DIFF_IN_P_O)
                                                      0.525     0.625 r  u_ibufds/DIFFINBUF_INST/O
                         net (fo=1, routed)           0.050     0.675    u_ibufds/OUT
    AH18                 IBUFCTRL (Prop_IBUFCTRL_HPIOB_M_I_O)
                                                      0.000     0.675 r  u_ibufds/IBUFCTRL_INST/O
                         net (fo=1, routed)           0.322     0.997    clk_ref
    BUFGCE_DIV_X1Y7      BUFGCE_DIV (Prop_BUFGCE_DIV_I_O)
                                                      0.152     1.149 r  u_bufgce_div/O
    X1Y2 (CLOCK_ROOT)    net (fo=3477, routed)        2.144     3.293    clk
    SLICE_X71Y123        FDRE                                         r  rst_n_q_reg_rep__48/C
  -------------------------------------------------------------------    -------------------
    SLICE_X71Y123        FDRE (Prop_EFF2_SLICEM_C_Q)
                                                      0.079     3.372 r  rst_n_q_reg_rep__48/Q
                         net (fo=158, routed)         6.884    10.257    u_soc/g_pe[1].u_axi_ext/rst_n_q_reg_rep__48_n_0_alias
    SLICE_X69Y94         FDCE                                         f  u_soc/g_pe[1].u_axi_ext/rdata_o_reg[6]/CLR  (IS_INVERTED)
  -------------------------------------------------------------------    -------------------

                         (clock clk rise edge)        9.999     9.999 r  
    AH18                                              0.000     9.999 r  clk300_p_i (IN)
                         net (fo=0)                   0.079    10.078    u_ibufds/I
    HPIOBDIFFINBUF_X1Y36 DIFFINBUF (Prop_DIFFINBUF_HPIOBDIFFINBUF_DIFF_IN_P_O)
                                                      0.429    10.507 r  u_ibufds/DIFFINBUF_INST/O
                         net (fo=1, routed)           0.040    10.547    u_ibufds/OUT
    AH18                 IBUFCTRL (Prop_IBUFCTRL_HPIOB_M_I_O)
                                                      0.000    10.547 r  u_ibufds/IBUFCTRL_INST/O
                         net (fo=1, routed)           0.286    10.833    clk_ref
    BUFGCE_DIV_X1Y7      BUFGCE_DIV (Prop_BUFGCE_DIV_I_O)
                                                      0.132    10.965 r  u_bufgce_div/O
    X1Y2 (CLOCK_ROOT)    net (fo=3477, routed)        1.903    12.868    u_soc/g_pe[1].u_axi_ext/clk
    SLICE_X69Y94         FDCE                                         r  u_soc/g_pe[1].u_axi_ext/rdata_o_reg[6]/C
                         clock pessimism              0.258    13.126    
                         clock uncertainty           -0.035    13.091    
    SLICE_X69Y94         FDCE (Recov_HFF_SLICEL_C_CLR)
                                                     -0.066    13.025    u_soc/g_pe[1].u_axi_ext/rdata_o_reg[6]
  -------------------------------------------------------------------
                         required time                         13.025    
                         arrival time                         -10.257    
  -------------------------------------------------------------------
                         slack                                  2.768    

Slack (MET) :             2.771ns  (required time - arrival time)
  Source:                 rst_n_q_reg_rep__48/C
                            (rising edge-triggered cell FDRE clocked by clk  {rise@0.000ns fall@3.333ns period=9.999ns})
  Destination:            u_soc/g_pe[1].u_axi_ifetch/rdata_o_reg[23]/CLR
                            (recovery check against rising-edge clock clk  {rise@0.000ns fall@3.333ns period=9.999ns})
  Path Group:             **async_default**
  Path Type:              Recovery (Max at Slow Process Corner)
  Requirement:            9.999ns  (clk rise@9.999ns - clk rise@0.000ns)
  Data Path Delay:        6.954ns  (logic 0.079ns (1.136%)  route 6.875ns (98.864%))
  Logic Levels:           0  
  Clock Path Skew:        -0.172ns (DCD - SCD + CPR)
    Destination Clock Delay (DCD):    2.863ns = ( 12.862 - 9.999 ) 
    Source Clock Delay      (SCD):    3.293ns
    Clock Pessimism Removal (CPR):    0.258ns
  Clock Uncertainty:      0.035ns  ((TSJ^2 + TIJ^2)^1/2 + DJ) / 2 + PE
    Total System Jitter     (TSJ):    0.071ns
    Total Input Jitter      (TIJ):    0.000ns
    Discrete Jitter          (DJ):    0.000ns
    Phase Error              (PE):    0.000ns
  Clock Net Delay (Source):      2.144ns (routing 0.803ns, distribution 1.341ns)
  Clock Net Delay (Destination): 1.897ns (routing 0.732ns, distribution 1.165ns)

    Location             Delay type                Incr(ns)  Path(ns)    Netlist Resource(s)
  -------------------------------------------------------------------    -------------------
                         (clock clk rise edge)        0.000     0.000 r  
    AH18                                              0.000     0.000 r  clk300_p_i (IN)
                         net (fo=0)                   0.100     0.100    u_ibufds/I
    HPIOBDIFFINBUF_X1Y36 DIFFINBUF (Prop_DIFFINBUF_HPIOBDIFFINBUF_DIFF_IN_P_O)
                                                      0.525     0.625 r  u_ibufds/DIFFINBUF_INST/O
                         net (fo=1, routed)           0.050     0.675    u_ibufds/OUT
    AH18                 IBUFCTRL (Prop_IBUFCTRL_HPIOB_M_I_O)
                                                      0.000     0.675 r  u_ibufds/IBUFCTRL_INST/O
                         net (fo=1, routed)           0.322     0.997    clk_ref
    BUFGCE_DIV_X1Y7      BUFGCE_DIV (Prop_BUFGCE_DIV_I_O)
                                                      0.152     1.149 r  u_bufgce_div/O
    X1Y2 (CLOCK_ROOT)    net (fo=3477, routed)        2.144     3.293    clk
    SLICE_X71Y123        FDRE                                         r  rst_n_q_reg_rep__48/C
  -------------------------------------------------------------------    -------------------
    SLICE_X71Y123        FDRE (Prop_EFF2_SLICEM_C_Q)
                                                      0.079     3.372 r  rst_n_q_reg_rep__48/Q
                         net (fo=158, routed)         6.875    10.248    u_soc/g_pe[1].u_axi_ifetch/rst_n_q_reg_rep__48_n_0_alias
    SLICE_X69Y95         FDCE                                         f  u_soc/g_pe[1].u_axi_ifetch/rdata_o_reg[23]/CLR  (IS_INVERTED)
  -------------------------------------------------------------------    -------------------

                         (clock clk rise edge)        9.999     9.999 r  
    AH18                                              0.000     9.999 r  clk300_p_i (IN)
                         net (fo=0)                   0.079    10.078    u_ibufds/I
    HPIOBDIFFINBUF_X1Y36 DIFFINBUF (Prop_DIFFINBUF_HPIOBDIFFINBUF_DIFF_IN_P_O)
                                                      0.429    10.507 r  u_ibufds/DIFFINBUF_INST/O
                         net (fo=1, routed)           0.040    10.547    u_ibufds/OUT
    AH18                 IBUFCTRL (Prop_IBUFCTRL_HPIOB_M_I_O)
                                                      0.000    10.547 r  u_ibufds/IBUFCTRL_INST/O
                         net (fo=1, routed)           0.286    10.833    clk_ref
    BUFGCE_DIV_X1Y7      BUFGCE_DIV (Prop_BUFGCE_DIV_I_O)
                                                      0.132    10.965 r  u_bufgce_div/O
    X1Y2 (CLOCK_ROOT)    net (fo=3477, routed)        1.897    12.862    u_soc/g_pe[1].u_axi_ifetch/clk
    SLICE_X69Y95         FDCE                                         r  u_soc/g_pe[1].u_axi_ifetch/rdata_o_reg[23]/C
                         clock pessimism              0.258    13.120    
                         clock uncertainty           -0.035    13.085    
    SLICE_X69Y95         FDCE (Recov_DFF_SLICEL_C_CLR)
                                                     -0.066    13.019    u_soc/g_pe[1].u_axi_ifetch/rdata_o_reg[23]
  -------------------------------------------------------------------
                         required time                         13.019    
                         arrival time                         -10.248    
  -------------------------------------------------------------------
                         slack                                  2.771    

Slack (MET) :             2.771ns  (required time - arrival time)
  Source:                 rst_n_q_reg_rep__48/C
                            (rising edge-triggered cell FDRE clocked by clk  {rise@0.000ns fall@3.333ns period=9.999ns})
  Destination:            u_soc/g_pe[1].u_axi_ifetch/rdata_o_reg[27]/CLR
                            (recovery check against rising-edge clock clk  {rise@0.000ns fall@3.333ns period=9.999ns})
  Path Group:             **async_default**
  Path Type:              Recovery (Max at Slow Process Corner)
  Requirement:            9.999ns  (clk rise@9.999ns - clk rise@0.000ns)
  Data Path Delay:        6.954ns  (logic 0.079ns (1.136%)  route 6.875ns (98.864%))
  Logic Levels:           0  
  Clock Path Skew:        -0.172ns (DCD - SCD + CPR)
    Destination Clock Delay (DCD):    2.863ns = ( 12.862 - 9.999 ) 
    Source Clock Delay      (SCD):    3.293ns
    Clock Pessimism Removal (CPR):    0.258ns
  Clock Uncertainty:      0.035ns  ((TSJ^2 + TIJ^2)^1/2 + DJ) / 2 + PE
    Total System Jitter     (TSJ):    0.071ns
    Total Input Jitter      (TIJ):    0.000ns
    Discrete Jitter          (DJ):    0.000ns
    Phase Error              (PE):    0.000ns
  Clock Net Delay (Source):      2.144ns (routing 0.803ns, distribution 1.341ns)
  Clock Net Delay (Destination): 1.897ns (routing 0.732ns, distribution 1.165ns)

    Location             Delay type                Incr(ns)  Path(ns)    Netlist Resource(s)
  -------------------------------------------------------------------    -------------------
                         (clock clk rise edge)        0.000     0.000 r  
    AH18                                              0.000     0.000 r  clk300_p_i (IN)
                         net (fo=0)                   0.100     0.100    u_ibufds/I
    HPIOBDIFFINBUF_X1Y36 DIFFINBUF (Prop_DIFFINBUF_HPIOBDIFFINBUF_DIFF_IN_P_O)
                                                      0.525     0.625 r  u_ibufds/DIFFINBUF_INST/O
                         net (fo=1, routed)           0.050     0.675    u_ibufds/OUT
    AH18                 IBUFCTRL (Prop_IBUFCTRL_HPIOB_M_I_O)
                                                      0.000     0.675 r  u_ibufds/IBUFCTRL_INST/O
                         net (fo=1, routed)           0.322     0.997    clk_ref
    BUFGCE_DIV_X1Y7      BUFGCE_DIV (Prop_BUFGCE_DIV_I_O)
                                                      0.152     1.149 r  u_bufgce_div/O
    X1Y2 (CLOCK_ROOT)    net (fo=3477, routed)        2.144     3.293    clk
    SLICE_X71Y123        FDRE                                         r  rst_n_q_reg_rep__48/C
  -------------------------------------------------------------------    -------------------
    SLICE_X71Y123        FDRE (Prop_EFF2_SLICEM_C_Q)
                                                      0.079     3.372 r  rst_n_q_reg_rep__48/Q
                         net (fo=158, routed)         6.875    10.248    u_soc/g_pe[1].u_axi_ifetch/rst_n_q_reg_rep__48_n_0_alias
    SLICE_X69Y95         FDCE                                         f  u_soc/g_pe[1].u_axi_ifetch/rdata_o_reg[27]/CLR  (IS_INVERTED)
  -------------------------------------------------------------------    -------------------

                         (clock clk rise edge)        9.999     9.999 r  
    AH18                                              0.000     9.999 r  clk300_p_i (IN)
                         net (fo=0)                   0.079    10.078    u_ibufds/I
    HPIOBDIFFINBUF_X1Y36 DIFFINBUF (Prop_DIFFINBUF_HPIOBDIFFINBUF_DIFF_IN_P_O)
                                                      0.429    10.507 r  u_ibufds/DIFFINBUF_INST/O
                         net (fo=1, routed)           0.040    10.547    u_ibufds/OUT
    AH18                 IBUFCTRL (Prop_IBUFCTRL_HPIOB_M_I_O)
                                                      0.000    10.547 r  u_ibufds/IBUFCTRL_INST/O
                         net (fo=1, routed)           0.286    10.833    clk_ref
    BUFGCE_DIV_X1Y7      BUFGCE_DIV (Prop_BUFGCE_DIV_I_O)
                                                      0.132    10.965 r  u_bufgce_div/O
    X1Y2 (CLOCK_ROOT)    net (fo=3477, routed)        1.897    12.862    u_soc/g_pe[1].u_axi_ifetch/clk
    SLICE_X69Y95         FDCE                                         r  u_soc/g_pe[1].u_axi_ifetch/rdata_o_reg[27]/C
                         clock pessimism              0.258    13.120    
                         clock uncertainty           -0.035    13.085    
    SLICE_X69Y95         FDCE (Recov_CFF_SLICEL_C_CLR)
                                                     -0.066    13.019    u_soc/g_pe[1].u_axi_ifetch/rdata_o_reg[27]
  -------------------------------------------------------------------
                         required time                         13.019    
                         arrival time                         -10.248    
  -------------------------------------------------------------------
                         slack                                  2.771    





Min Delay Paths
--------------------------------------------------------------------------------------
Slack (MET) :             0.022ns  (arrival time - required time)
  Source:                 rst_n_q_reg_rep__42/C
                            (rising edge-triggered cell FDRE clocked by clk  {rise@0.000ns fall@3.333ns period=9.999ns})
  Destination:            u_soc/g_pe[1].u_pe/u_core/core_i/if_stage_i/instr_rdata_id_o_reg[16]/CLR
                            (removal check against rising-edge clock clk  {rise@0.000ns fall@3.333ns period=9.999ns})
  Path Group:             **async_default**
  Path Type:              Removal (Min at Slow Process Corner)
  Requirement:            0.000ns  (clk rise@0.000ns - clk rise@0.000ns)
  Data Path Delay:        3.715ns  (logic 0.058ns (1.561%)  route 3.657ns (98.439%))
  Logic Levels:           0  
  Clock Path Skew:        3.725ns (DCD - SCD - CPR)
    Destination Clock Delay (DCD):    6.847ns
    Source Clock Delay      (SCD):    2.879ns
    Clock Pessimism Removal (CPR):    0.243ns
  Clock Net Delay (Source):      1.913ns (routing 0.732ns, distribution 1.181ns)
  Clock Net Delay (Destination): 3.428ns (routing 2.330ns, distribution 1.098ns)

    Location             Delay type                Incr(ns)  Path(ns)    Netlist Resource(s)
  -------------------------------------------------------------------    -------------------
                         (clock clk rise edge)        0.000     0.000 r  
    AH18                                              0.000     0.000 r  clk300_p_i (IN)
                         net (fo=0)                   0.079     0.079    u_ibufds/I
    HPIOBDIFFINBUF_X1Y36 DIFFINBUF (Prop_DIFFINBUF_HPIOBDIFFINBUF_DIFF_IN_P_O)
                                                      0.429     0.508 r  u_ibufds/DIFFINBUF_INST/O
                         net (fo=1, routed)           0.040     0.548    u_ibufds/OUT
    AH18                 IBUFCTRL (Prop_IBUFCTRL_HPIOB_M_I_O)
                                                      0.000     0.548 r  u_ibufds/IBUFCTRL_INST/O
                         net (fo=1, routed)           0.286     0.834    clk_ref
    BUFGCE_DIV_X1Y7      BUFGCE_DIV (Prop_BUFGCE_DIV_I_O)
                                                      0.132     0.966 r  u_bufgce_div/O
    X1Y2 (CLOCK_ROOT)    net (fo=3477, routed)        1.913     2.879    clk
    SLICE_X74Y97         FDRE                                         r  rst_n_q_reg_rep__42/C
  -------------------------------------------------------------------    -------------------
    SLICE_X74Y97         FDRE (Prop_HFF_SLICEM_C_Q)
                                                      0.058     2.937 r  rst_n_q_reg_rep__42/Q
                         net (fo=319, routed)         3.657     6.594    u_soc/g_pe[1].u_pe/u_core/core_i/if_stage_i/rst_n_q_reg_rep__42_n_0_alias
    SLICE_X73Y85         FDCE                                         f  u_soc/g_pe[1].u_pe/u_core/core_i/if_stage_i/instr_rdata_id_o_reg[16]/CLR  (IS_INVERTED)
  -------------------------------------------------------------------    -------------------

                         (clock clk rise edge)        0.000     0.000 r  
    AH18                                              0.000     0.000 r  clk300_p_i (IN)
                         net (fo=0)                   0.100     0.100    u_ibufds/I
    HPIOBDIFFINBUF_X1Y36 DIFFINBUF (Prop_DIFFINBUF_HPIOBDIFFINBUF_DIFF_IN_P_O)
                                                      0.525     0.625 r  u_ibufds/DIFFINBUF_INST/O
                         net (fo=1, routed)           0.050     0.675    u_ibufds/OUT
    AH18                 IBUFCTRL (Prop_IBUFCTRL_HPIOB_M_I_O)
                                                      0.000     0.675 r  u_ibufds/IBUFCTRL_INST/O
                         net (fo=1, routed)           0.322     0.997    clk_ref
    BUFGCE_DIV_X1Y7      BUFGCE_DIV (Prop_BUFGCE_DIV_I_O)
                                                      0.152     1.149 r  u_bufgce_div/O
                         net (fo=3477, routed)        2.242     3.391    u_soc/g_pe[1].u_pe/u_core/core_i/sleep_unit_i/core_clock_gate_i/clk
    BUFGCE_X0Y143        BUFGCE (Prop_BUFCE_BUFGCE_I_O)
                                                      0.028     3.419 r  u_soc/g_pe[1].u_pe/u_core/core_i/sleep_unit_i/core_clock_gate_i/u_bufgce/O
    X2Y0 (CLOCK_ROOT)    net (fo=2101, routed)        3.428     6.847    u_soc/g_pe[1].u_pe/u_core/core_i/if_stage_i/clk_0
    SLICE_X73Y85         FDCE                                         r  u_soc/g_pe[1].u_pe/u_core/core_i/if_stage_i/instr_rdata_id_o_reg[16]/C
                         clock pessimism             -0.243     6.604    
    SLICE_X73Y85         FDCE (Remov_EFF_SLICEM_C_CLR)
                                                     -0.032     6.572    u_soc/g_pe[1].u_pe/u_core/core_i/if_stage_i/instr_rdata_id_o_reg[16]
  -------------------------------------------------------------------
                         required time                         -6.572    
                         arrival time                           6.594    
  -------------------------------------------------------------------
                         slack                                  0.022    

Slack (MET) :             0.022ns  (arrival time - required time)
  Source:                 rst_n_q_reg_rep__42/C
                            (rising edge-triggered cell FDRE clocked by clk  {rise@0.000ns fall@3.333ns period=9.999ns})
  Destination:            u_soc/g_pe[1].u_pe/u_core/core_i/if_stage_i/instr_rdata_id_o_reg[17]/CLR
                            (removal check against rising-edge clock clk  {rise@0.000ns fall@3.333ns period=9.999ns})
  Path Group:             **async_default**
  Path Type:              Removal (Min at Slow Process Corner)
  Requirement:            0.000ns  (clk rise@0.000ns - clk rise@0.000ns)
  Data Path Delay:        3.715ns  (logic 0.058ns (1.561%)  route 3.657ns (98.439%))
  Logic Levels:           0  
  Clock Path Skew:        3.725ns (DCD - SCD - CPR)
    Destination Clock Delay (DCD):    6.847ns
    Source Clock Delay      (SCD):    2.879ns
    Clock Pessimism Removal (CPR):    0.243ns
  Clock Net Delay (Source):      1.913ns (routing 0.732ns, distribution 1.181ns)
  Clock Net Delay (Destination): 3.428ns (routing 2.330ns, distribution 1.098ns)

    Location             Delay type                Incr(ns)  Path(ns)    Netlist Resource(s)
  -------------------------------------------------------------------    -------------------
                         (clock clk rise edge)        0.000     0.000 r  
    AH18                                              0.000     0.000 r  clk300_p_i (IN)
                         net (fo=0)                   0.079     0.079    u_ibufds/I
    HPIOBDIFFINBUF_X1Y36 DIFFINBUF (Prop_DIFFINBUF_HPIOBDIFFINBUF_DIFF_IN_P_O)
                                                      0.429     0.508 r  u_ibufds/DIFFINBUF_INST/O
                         net (fo=1, routed)           0.040     0.548    u_ibufds/OUT
    AH18                 IBUFCTRL (Prop_IBUFCTRL_HPIOB_M_I_O)
                                                      0.000     0.548 r  u_ibufds/IBUFCTRL_INST/O
                         net (fo=1, routed)           0.286     0.834    clk_ref
    BUFGCE_DIV_X1Y7      BUFGCE_DIV (Prop_BUFGCE_DIV_I_O)
                                                      0.132     0.966 r  u_bufgce_div/O
    X1Y2 (CLOCK_ROOT)    net (fo=3477, routed)        1.913     2.879    clk
    SLICE_X74Y97         FDRE                                         r  rst_n_q_reg_rep__42/C
  -------------------------------------------------------------------    -------------------
    SLICE_X74Y97         FDRE (Prop_HFF_SLICEM_C_Q)
                                                      0.058     2.937 r  rst_n_q_reg_rep__42/Q
                         net (fo=319, routed)         3.657     6.594    u_soc/g_pe[1].u_pe/u_core/core_i/if_stage_i/rst_n_q_reg_rep__42_n_0_alias
    SLICE_X73Y85         FDCE                                         f  u_soc/g_pe[1].u_pe/u_core/core_i/if_stage_i/instr_rdata_id_o_reg[17]/CLR  (IS_INVERTED)
  -------------------------------------------------------------------    -------------------

                         (clock clk rise edge)        0.000     0.000 r  
    AH18                                              0.000     0.000 r  clk300_p_i (IN)
                         net (fo=0)                   0.100     0.100    u_ibufds/I
    HPIOBDIFFINBUF_X1Y36 DIFFINBUF (Prop_DIFFINBUF_HPIOBDIFFINBUF_DIFF_IN_P_O)
                                                      0.525     0.625 r  u_ibufds/DIFFINBUF_INST/O
                         net (fo=1, routed)           0.050     0.675    u_ibufds/OUT
    AH18                 IBUFCTRL (Prop_IBUFCTRL_HPIOB_M_I_O)
                                                      0.000     0.675 r  u_ibufds/IBUFCTRL_INST/O
                         net (fo=1, routed)           0.322     0.997    clk_ref
    BUFGCE_DIV_X1Y7      BUFGCE_DIV (Prop_BUFGCE_DIV_I_O)
                                                      0.152     1.149 r  u_bufgce_div/O
                         net (fo=3477, routed)        2.242     3.391    u_soc/g_pe[1].u_pe/u_core/core_i/sleep_unit_i/core_clock_gate_i/clk
    BUFGCE_X0Y143        BUFGCE (Prop_BUFCE_BUFGCE_I_O)
                                                      0.028     3.419 r  u_soc/g_pe[1].u_pe/u_core/core_i/sleep_unit_i/core_clock_gate_i/u_bufgce/O
    X2Y0 (CLOCK_ROOT)    net (fo=2101, routed)        3.428     6.847    u_soc/g_pe[1].u_pe/u_core/core_i/if_stage_i/clk_0
    SLICE_X73Y85         FDCE                                         r  u_soc/g_pe[1].u_pe/u_core/core_i/if_stage_i/instr_rdata_id_o_reg[17]/C
                         clock pessimism             -0.243     6.604    
    SLICE_X73Y85         FDCE (Remov_EFF2_SLICEM_C_CLR)
                                                     -0.032     6.572    u_soc/g_pe[1].u_pe/u_core/core_i/if_stage_i/instr_rdata_id_o_reg[17]
  -------------------------------------------------------------------
                         required time                         -6.572    
                         arrival time                           6.594    
  -------------------------------------------------------------------
                         slack                                  0.022    

Slack (MET) :             0.034ns  (arrival time - required time)
  Source:                 rst_n_q_reg_rep__39/C
                            (rising edge-triggered cell FDRE clocked by clk  {rise@0.000ns fall@3.333ns period=9.999ns})
  Destination:            u_soc/g_pe[2].u_pe/u_core/core_i/ex_stage_i/alu_i/alu_div_i/BReg_DP_reg[11]/CLR
                            (removal check against rising-edge clock clk  {rise@0.000ns fall@3.333ns period=9.999ns})
  Path Group:             **async_default**
  Path Type:              Removal (Min at Slow Process Corner)
  Requirement:            0.000ns  (clk rise@0.000ns - clk rise@0.000ns)
  Data Path Delay:        2.659ns  (logic 0.058ns (2.181%)  route 2.601ns (97.819%))
  Logic Levels:           0  
  Clock Path Skew:        2.657ns (DCD - SCD - CPR)
    Destination Clock Delay (DCD):    5.783ns
    Source Clock Delay      (SCD):    2.883ns
    Clock Pessimism Removal (CPR):    0.243ns
  Clock Net Delay (Source):      1.917ns (routing 0.732ns, distribution 1.185ns)
  Clock Net Delay (Destination): 2.705ns (routing 1.828ns, distribution 0.877ns)

    Location             Delay type                Incr(ns)  Path(ns)    Netlist Resource(s)
  -------------------------------------------------------------------    -------------------
                         (clock clk rise edge)        0.000     0.000 r  
    AH18                                              0.000     0.000 r  clk300_p_i (IN)
                         net (fo=0)                   0.079     0.079    u_ibufds/I
    HPIOBDIFFINBUF_X1Y36 DIFFINBUF (Prop_DIFFINBUF_HPIOBDIFFINBUF_DIFF_IN_P_O)
                                                      0.429     0.508 r  u_ibufds/DIFFINBUF_INST/O
                         net (fo=1, routed)           0.040     0.548    u_ibufds/OUT
    AH18                 IBUFCTRL (Prop_IBUFCTRL_HPIOB_M_I_O)
                                                      0.000     0.548 r  u_ibufds/IBUFCTRL_INST/O
                         net (fo=1, routed)           0.286     0.834    clk_ref
    BUFGCE_DIV_X1Y7      BUFGCE_DIV (Prop_BUFGCE_DIV_I_O)
                                                      0.132     0.966 r  u_bufgce_div/O
    X1Y2 (CLOCK_ROOT)    net (fo=3477, routed)        1.917     2.883    clk
    SLICE_X74Y129        FDRE                                         r  rst_n_q_reg_rep__39/C
  -------------------------------------------------------------------    -------------------
    SLICE_X74Y129        FDRE (Prop_EFF_SLICEM_C_Q)
                                                      0.058     2.941 r  rst_n_q_reg_rep__39/Q
                         net (fo=26, routed)          2.601     5.542    u_soc/g_pe[2].u_pe/u_core/core_i/ex_stage_i/alu_i/alu_div_i/rst_n_q_reg_rep__39_n_0_alias
    SLICE_X72Y134        FDCE                                         f  u_soc/g_pe[2].u_pe/u_core/core_i/ex_stage_i/alu_i/alu_div_i/BReg_DP_reg[11]/CLR  (IS_INVERTED)
  -------------------------------------------------------------------    -------------------

                         (clock clk rise edge)        0.000     0.000 r  
    AH18                                              0.000     0.000 r  clk300_p_i (IN)
                         net (fo=0)                   0.100     0.100    u_ibufds/I
    HPIOBDIFFINBUF_X1Y36 DIFFINBUF (Prop_DIFFINBUF_HPIOBDIFFINBUF_DIFF_IN_P_O)
                                                      0.525     0.625 r  u_ibufds/DIFFINBUF_INST/O
                         net (fo=1, routed)           0.050     0.675    u_ibufds/OUT
    AH18                 IBUFCTRL (Prop_IBUFCTRL_HPIOB_M_I_O)
                                                      0.000     0.675 r  u_ibufds/IBUFCTRL_INST/O
                         net (fo=1, routed)           0.322     0.997    clk_ref
    BUFGCE_DIV_X1Y7      BUFGCE_DIV (Prop_BUFGCE_DIV_I_O)
                                                      0.152     1.149 r  u_bufgce_div/O
                         net (fo=3477, routed)        1.901     3.050    u_soc/g_pe[2].u_pe/u_core/core_i/sleep_unit_i/core_clock_gate_i/clk
    BUFGCE_X0Y104        BUFGCE (Prop_BUFCE_BUFGCE_I_O)
                                                      0.028     3.078 r  u_soc/g_pe[2].u_pe/u_core/core_i/sleep_unit_i/core_clock_gate_i/u_bufgce/O
    X2Y1 (CLOCK_ROOT)    net (fo=2101, routed)        2.705     5.783    u_soc/g_pe[2].u_pe/u_core/core_i/ex_stage_i/alu_i/alu_div_i/clk_0
    SLICE_X72Y134        FDCE                                         r  u_soc/g_pe[2].u_pe/u_core/core_i/ex_stage_i/alu_i/alu_div_i/BReg_DP_reg[11]/C
                         clock pessimism             -0.243     5.540    
    SLICE_X72Y134        FDCE (Remov_HFF_SLICEL_C_CLR)
                                                     -0.032     5.508    u_soc/g_pe[2].u_pe/u_core/core_i/ex_stage_i/alu_i/alu_div_i/BReg_DP_reg[11]
  -------------------------------------------------------------------
                         required time                         -5.508    
                         arrival time                           5.542    
  -------------------------------------------------------------------
                         slack                                  0.034    

Slack (MET) :             0.034ns  (arrival time - required time)
  Source:                 rst_n_q_reg_rep__39/C
                            (rising edge-triggered cell FDRE clocked by clk  {rise@0.000ns fall@3.333ns period=9.999ns})
  Destination:            u_soc/g_pe[2].u_pe/u_core/core_i/ex_stage_i/alu_i/alu_div_i/BReg_DP_reg[22]/CLR
                            (removal check against rising-edge clock clk  {rise@0.000ns fall@3.333ns period=9.999ns})
  Path Group:             **async_default**
  Path Type:              Removal (Min at Slow Process Corner)
  Requirement:            0.000ns  (clk rise@0.000ns - clk rise@0.000ns)
  Data Path Delay:        2.659ns  (logic 0.058ns (2.181%)  route 2.601ns (97.819%))
  Logic Levels:           0  
  Clock Path Skew:        2.657ns (DCD - SCD - CPR)
    Destination Clock Delay (DCD):    5.783ns
    Source Clock Delay      (SCD):    2.883ns
    Clock Pessimism Removal (CPR):    0.243ns
  Clock Net Delay (Source):      1.917ns (routing 0.732ns, distribution 1.185ns)
  Clock Net Delay (Destination): 2.705ns (routing 1.828ns, distribution 0.877ns)

    Location             Delay type                Incr(ns)  Path(ns)    Netlist Resource(s)
  -------------------------------------------------------------------    -------------------
                         (clock clk rise edge)        0.000     0.000 r  
    AH18                                              0.000     0.000 r  clk300_p_i (IN)
                         net (fo=0)                   0.079     0.079    u_ibufds/I
    HPIOBDIFFINBUF_X1Y36 DIFFINBUF (Prop_DIFFINBUF_HPIOBDIFFINBUF_DIFF_IN_P_O)
                                                      0.429     0.508 r  u_ibufds/DIFFINBUF_INST/O
                         net (fo=1, routed)           0.040     0.548    u_ibufds/OUT
    AH18                 IBUFCTRL (Prop_IBUFCTRL_HPIOB_M_I_O)
                                                      0.000     0.548 r  u_ibufds/IBUFCTRL_INST/O
                         net (fo=1, routed)           0.286     0.834    clk_ref
    BUFGCE_DIV_X1Y7      BUFGCE_DIV (Prop_BUFGCE_DIV_I_O)
                                                      0.132     0.966 r  u_bufgce_div/O
    X1Y2 (CLOCK_ROOT)    net (fo=3477, routed)        1.917     2.883    clk
    SLICE_X74Y129        FDRE                                         r  rst_n_q_reg_rep__39/C
  -------------------------------------------------------------------    -------------------
    SLICE_X74Y129        FDRE (Prop_EFF_SLICEM_C_Q)
                                                      0.058     2.941 r  rst_n_q_reg_rep__39/Q
                         net (fo=26, routed)          2.601     5.542    u_soc/g_pe[2].u_pe/u_core/core_i/ex_stage_i/alu_i/alu_div_i/rst_n_q_reg_rep__39_n_0_alias
    SLICE_X72Y134        FDCE                                         f  u_soc/g_pe[2].u_pe/u_core/core_i/ex_stage_i/alu_i/alu_div_i/BReg_DP_reg[22]/CLR  (IS_INVERTED)
  -------------------------------------------------------------------    -------------------

                         (clock clk rise edge)        0.000     0.000 r  
    AH18                                              0.000     0.000 r  clk300_p_i (IN)
                         net (fo=0)                   0.100     0.100    u_ibufds/I
    HPIOBDIFFINBUF_X1Y36 DIFFINBUF (Prop_DIFFINBUF_HPIOBDIFFINBUF_DIFF_IN_P_O)
                                                      0.525     0.625 r  u_ibufds/DIFFINBUF_INST/O
                         net (fo=1, routed)           0.050     0.675    u_ibufds/OUT
    AH18                 IBUFCTRL (Prop_IBUFCTRL_HPIOB_M_I_O)
                                                      0.000     0.675 r  u_ibufds/IBUFCTRL_INST/O
                         net (fo=1, routed)           0.322     0.997    clk_ref
    BUFGCE_DIV_X1Y7      BUFGCE_DIV (Prop_BUFGCE_DIV_I_O)
                                                      0.152     1.149 r  u_bufgce_div/O
                         net (fo=3477, routed)        1.901     3.050    u_soc/g_pe[2].u_pe/u_core/core_i/sleep_unit_i/core_clock_gate_i/clk
    BUFGCE_X0Y104        BUFGCE (Prop_BUFCE_BUFGCE_I_O)
                                                      0.028     3.078 r  u_soc/g_pe[2].u_pe/u_core/core_i/sleep_unit_i/core_clock_gate_i/u_bufgce/O
    X2Y1 (CLOCK_ROOT)    net (fo=2101, routed)        2.705     5.783    u_soc/g_pe[2].u_pe/u_core/core_i/ex_stage_i/alu_i/alu_div_i/clk_0
    SLICE_X72Y134        FDCE                                         r  u_soc/g_pe[2].u_pe/u_core/core_i/ex_stage_i/alu_i/alu_div_i/BReg_DP_reg[22]/C
                         clock pessimism             -0.243     5.540    
    SLICE_X72Y134        FDCE (Remov_GFF_SLICEL_C_CLR)
                                                     -0.032     5.508    u_soc/g_pe[2].u_pe/u_core/core_i/ex_stage_i/alu_i/alu_div_i/BReg_DP_reg[22]
  -------------------------------------------------------------------
                         required time                         -5.508    
                         arrival time                           5.542    
  -------------------------------------------------------------------
                         slack                                  0.034    

Slack (MET) :             0.034ns  (arrival time - required time)
  Source:                 rst_n_q_reg_rep__39/C
                            (rising edge-triggered cell FDRE clocked by clk  {rise@0.000ns fall@3.333ns period=9.999ns})
  Destination:            u_soc/g_pe[2].u_pe/u_core/core_i/ex_stage_i/alu_i/alu_div_i/BReg_DP_reg[23]/CLR
                            (removal check against rising-edge clock clk  {rise@0.000ns fall@3.333ns period=9.999ns})
  Path Group:             **async_default**
  Path Type:              Removal (Min at Slow Process Corner)
  Requirement:            0.000ns  (clk rise@0.000ns - clk rise@0.000ns)
  Data Path Delay:        2.659ns  (logic 0.058ns (2.181%)  route 2.601ns (97.819%))
  Logic Levels:           0  
  Clock Path Skew:        2.657ns (DCD - SCD - CPR)
    Destination Clock Delay (DCD):    5.783ns
    Source Clock Delay      (SCD):    2.883ns
    Clock Pessimism Removal (CPR):    0.243ns
  Clock Net Delay (Source):      1.917ns (routing 0.732ns, distribution 1.185ns)
  Clock Net Delay (Destination): 2.705ns (routing 1.828ns, distribution 0.877ns)

    Location             Delay type                Incr(ns)  Path(ns)    Netlist Resource(s)
  -------------------------------------------------------------------    -------------------
                         (clock clk rise edge)        0.000     0.000 r  
    AH18                                              0.000     0.000 r  clk300_p_i (IN)
                         net (fo=0)                   0.079     0.079    u_ibufds/I
    HPIOBDIFFINBUF_X1Y36 DIFFINBUF (Prop_DIFFINBUF_HPIOBDIFFINBUF_DIFF_IN_P_O)
                                                      0.429     0.508 r  u_ibufds/DIFFINBUF_INST/O
                         net (fo=1, routed)           0.040     0.548    u_ibufds/OUT
    AH18                 IBUFCTRL (Prop_IBUFCTRL_HPIOB_M_I_O)
                                                      0.000     0.548 r  u_ibufds/IBUFCTRL_INST/O
                         net (fo=1, routed)           0.286     0.834    clk_ref
    BUFGCE_DIV_X1Y7      BUFGCE_DIV (Prop_BUFGCE_DIV_I_O)
                                                      0.132     0.966 r  u_bufgce_div/O
    X1Y2 (CLOCK_ROOT)    net (fo=3477, routed)        1.917     2.883    clk
    SLICE_X74Y129        FDRE                                         r  rst_n_q_reg_rep__39/C
  -------------------------------------------------------------------    -------------------
    SLICE_X74Y129        FDRE (Prop_EFF_SLICEM_C_Q)
                                                      0.058     2.941 r  rst_n_q_reg_rep__39/Q
                         net (fo=26, routed)          2.601     5.542    u_soc/g_pe[2].u_pe/u_core/core_i/ex_stage_i/alu_i/alu_div_i/rst_n_q_reg_rep__39_n_0_alias
    SLICE_X72Y134        FDCE                                         f  u_soc/g_pe[2].u_pe/u_core/core_i/ex_stage_i/alu_i/alu_div_i/BReg_DP_reg[23]/CLR  (IS_INVERTED)
  -------------------------------------------------------------------    -------------------

                         (clock clk rise edge)        0.000     0.000 r  
    AH18                                              0.000     0.000 r  clk300_p_i (IN)
                         net (fo=0)                   0.100     0.100    u_ibufds/I
    HPIOBDIFFINBUF_X1Y36 DIFFINBUF (Prop_DIFFINBUF_HPIOBDIFFINBUF_DIFF_IN_P_O)
                                                      0.525     0.625 r  u_ibufds/DIFFINBUF_INST/O
                         net (fo=1, routed)           0.050     0.675    u_ibufds/OUT
    AH18                 IBUFCTRL (Prop_IBUFCTRL_HPIOB_M_I_O)
                                                      0.000     0.675 r  u_ibufds/IBUFCTRL_INST/O
                         net (fo=1, routed)           0.322     0.997    clk_ref
    BUFGCE_DIV_X1Y7      BUFGCE_DIV (Prop_BUFGCE_DIV_I_O)
                                                      0.152     1.149 r  u_bufgce_div/O
                         net (fo=3477, routed)        1.901     3.050    u_soc/g_pe[2].u_pe/u_core/core_i/sleep_unit_i/core_clock_gate_i/clk
    BUFGCE_X0Y104        BUFGCE (Prop_BUFCE_BUFGCE_I_O)
                                                      0.028     3.078 r  u_soc/g_pe[2].u_pe/u_core/core_i/sleep_unit_i/core_clock_gate_i/u_bufgce/O
    X2Y1 (CLOCK_ROOT)    net (fo=2101, routed)        2.705     5.783    u_soc/g_pe[2].u_pe/u_core/core_i/ex_stage_i/alu_i/alu_div_i/clk_0
    SLICE_X72Y134        FDCE                                         r  u_soc/g_pe[2].u_pe/u_core/core_i/ex_stage_i/alu_i/alu_div_i/BReg_DP_reg[23]/C
                         clock pessimism             -0.243     5.540    
    SLICE_X72Y134        FDCE (Remov_EFF_SLICEL_C_CLR)
                                                     -0.032     5.508    u_soc/g_pe[2].u_pe/u_core/core_i/ex_stage_i/alu_i/alu_div_i/BReg_DP_reg[23]
  -------------------------------------------------------------------
                         required time                         -5.508    
                         arrival time                           5.542    
  -------------------------------------------------------------------
                         slack                                  0.034    

Slack (MET) :             0.034ns  (arrival time - required time)
  Source:                 rst_n_q_reg_rep__39/C
                            (rising edge-triggered cell FDRE clocked by clk  {rise@0.000ns fall@3.333ns period=9.999ns})
  Destination:            u_soc/g_pe[2].u_pe/u_core/core_i/ex_stage_i/alu_i/alu_div_i/BReg_DP_reg[9]/CLR
                            (removal check against rising-edge clock clk  {rise@0.000ns fall@3.333ns period=9.999ns})
  Path Group:             **async_default**
  Path Type:              Removal (Min at Slow Process Corner)
  Requirement:            0.000ns  (clk rise@0.000ns - clk rise@0.000ns)
  Data Path Delay:        2.659ns  (logic 0.058ns (2.181%)  route 2.601ns (97.819%))
  Logic Levels:           0  
  Clock Path Skew:        2.657ns (DCD - SCD - CPR)
    Destination Clock Delay (DCD):    5.783ns
    Source Clock Delay      (SCD):    2.883ns
    Clock Pessimism Removal (CPR):    0.243ns
  Clock Net Delay (Source):      1.917ns (routing 0.732ns, distribution 1.185ns)
  Clock Net Delay (Destination): 2.705ns (routing 1.828ns, distribution 0.877ns)

    Location             Delay type                Incr(ns)  Path(ns)    Netlist Resource(s)
  -------------------------------------------------------------------    -------------------
                         (clock clk rise edge)        0.000     0.000 r  
    AH18                                              0.000     0.000 r  clk300_p_i (IN)
                         net (fo=0)                   0.079     0.079    u_ibufds/I
    HPIOBDIFFINBUF_X1Y36 DIFFINBUF (Prop_DIFFINBUF_HPIOBDIFFINBUF_DIFF_IN_P_O)
                                                      0.429     0.508 r  u_ibufds/DIFFINBUF_INST/O
                         net (fo=1, routed)           0.040     0.548    u_ibufds/OUT
    AH18                 IBUFCTRL (Prop_IBUFCTRL_HPIOB_M_I_O)
                                                      0.000     0.548 r  u_ibufds/IBUFCTRL_INST/O
                         net (fo=1, routed)           0.286     0.834    clk_ref
    BUFGCE_DIV_X1Y7      BUFGCE_DIV (Prop_BUFGCE_DIV_I_O)
                                                      0.132     0.966 r  u_bufgce_div/O
    X1Y2 (CLOCK_ROOT)    net (fo=3477, routed)        1.917     2.883    clk
    SLICE_X74Y129        FDRE                                         r  rst_n_q_reg_rep__39/C
  -------------------------------------------------------------------    -------------------
    SLICE_X74Y129        FDRE (Prop_EFF_SLICEM_C_Q)
                                                      0.058     2.941 r  rst_n_q_reg_rep__39/Q
                         net (fo=26, routed)          2.601     5.542    u_soc/g_pe[2].u_pe/u_core/core_i/ex_stage_i/alu_i/alu_div_i/rst_n_q_reg_rep__39_n_0_alias
    SLICE_X72Y134        FDCE                                         f  u_soc/g_pe[2].u_pe/u_core/core_i/ex_stage_i/alu_i/alu_div_i/BReg_DP_reg[9]/CLR  (IS_INVERTED)
  -------------------------------------------------------------------    -------------------

                         (clock clk rise edge)        0.000     0.000 r  
    AH18                                              0.000     0.000 r  clk300_p_i (IN)
                         net (fo=0)                   0.100     0.100    u_ibufds/I
    HPIOBDIFFINBUF_X1Y36 DIFFINBUF (Prop_DIFFINBUF_HPIOBDIFFINBUF_DIFF_IN_P_O)
                                                      0.525     0.625 r  u_ibufds/DIFFINBUF_INST/O
                         net (fo=1, routed)           0.050     0.675    u_ibufds/OUT
    AH18                 IBUFCTRL (Prop_IBUFCTRL_HPIOB_M_I_O)
                                                      0.000     0.675 r  u_ibufds/IBUFCTRL_INST/O
                         net (fo=1, routed)           0.322     0.997    clk_ref
    BUFGCE_DIV_X1Y7      BUFGCE_DIV (Prop_BUFGCE_DIV_I_O)
                                                      0.152     1.149 r  u_bufgce_div/O
                         net (fo=3477, routed)        1.901     3.050    u_soc/g_pe[2].u_pe/u_core/core_i/sleep_unit_i/core_clock_gate_i/clk
    BUFGCE_X0Y104        BUFGCE (Prop_BUFCE_BUFGCE_I_O)
                                                      0.028     3.078 r  u_soc/g_pe[2].u_pe/u_core/core_i/sleep_unit_i/core_clock_gate_i/u_bufgce/O
    X2Y1 (CLOCK_ROOT)    net (fo=2101, routed)        2.705     5.783    u_soc/g_pe[2].u_pe/u_core/core_i/ex_stage_i/alu_i/alu_div_i/clk_0
    SLICE_X72Y134        FDCE                                         r  u_soc/g_pe[2].u_pe/u_core/core_i/ex_stage_i/alu_i/alu_div_i/BReg_DP_reg[9]/C
                         clock pessimism             -0.243     5.540    
    SLICE_X72Y134        FDCE (Remov_FFF_SLICEL_C_CLR)
                                                     -0.032     5.508    u_soc/g_pe[2].u_pe/u_core/core_i/ex_stage_i/alu_i/alu_div_i/BReg_DP_reg[9]
  -------------------------------------------------------------------
                         required time                         -5.508    
                         arrival time                           5.542    
  -------------------------------------------------------------------
                         slack                                  0.034    

Slack (MET) :             0.038ns  (arrival time - required time)
  Source:                 rst_n_q_reg_rep__39/C
                            (rising edge-triggered cell FDRE clocked by clk  {rise@0.000ns fall@3.333ns period=9.999ns})
  Destination:            u_soc/g_pe[2].u_pe/u_core/core_i/ex_stage_i/alu_i/alu_div_i/BReg_DP_reg[4]/CLR
                            (removal check against rising-edge clock clk  {rise@0.000ns fall@3.333ns period=9.999ns})
  Path Group:             **async_default**
  Path Type:              Removal (Min at Slow Process Corner)
  Requirement:            0.000ns  (clk rise@0.000ns - clk rise@0.000ns)
  Data Path Delay:        2.669ns  (logic 0.058ns (2.173%)  route 2.611ns (97.827%))
  Logic Levels:           0  
  Clock Path Skew:        2.663ns (DCD - SCD - CPR)
    Destination Clock Delay (DCD):    5.789ns
    Source Clock Delay      (SCD):    2.883ns
    Clock Pessimism Removal (CPR):    0.243ns
  Clock Net Delay (Source):      1.917ns (routing 0.732ns, distribution 1.185ns)
  Clock Net Delay (Destination): 2.711ns (routing 1.828ns, distribution 0.883ns)

    Location             Delay type                Incr(ns)  Path(ns)    Netlist Resource(s)
  -------------------------------------------------------------------    -------------------
                         (clock clk rise edge)        0.000     0.000 r  
    AH18                                              0.000     0.000 r  clk300_p_i (IN)
                         net (fo=0)                   0.079     0.079    u_ibufds/I
    HPIOBDIFFINBUF_X1Y36 DIFFINBUF (Prop_DIFFINBUF_HPIOBDIFFINBUF_DIFF_IN_P_O)
                                                      0.429     0.508 r  u_ibufds/DIFFINBUF_INST/O
                         net (fo=1, routed)           0.040     0.548    u_ibufds/OUT
    AH18                 IBUFCTRL (Prop_IBUFCTRL_HPIOB_M_I_O)
                                                      0.000     0.548 r  u_ibufds/IBUFCTRL_INST/O
                         net (fo=1, routed)           0.286     0.834    clk_ref
    BUFGCE_DIV_X1Y7      BUFGCE_DIV (Prop_BUFGCE_DIV_I_O)
                                                      0.132     0.966 r  u_bufgce_div/O
    X1Y2 (CLOCK_ROOT)    net (fo=3477, routed)        1.917     2.883    clk
    SLICE_X74Y129        FDRE                                         r  rst_n_q_reg_rep__39/C
  -------------------------------------------------------------------    -------------------
    SLICE_X74Y129        FDRE (Prop_EFF_SLICEM_C_Q)
                                                      0.058     2.941 r  rst_n_q_reg_rep__39/Q
                         net (fo=26, routed)          2.611     5.552    u_soc/g_pe[2].u_pe/u_core/core_i/ex_stage_i/alu_i/alu_div_i/rst_n_q_reg_rep__39_n_0_alias
    SLICE_X71Y134        FDCE                                         f  u_soc/g_pe[2].u_pe/u_core/core_i/ex_stage_i/alu_i/alu_div_i/BReg_DP_reg[4]/CLR  (IS_INVERTED)
  -------------------------------------------------------------------    -------------------

                         (clock clk rise edge)        0.000     0.000 r  
    AH18                                              0.000     0.000 r  clk300_p_i (IN)
                         net (fo=0)                   0.100     0.100    u_ibufds/I
    HPIOBDIFFINBUF_X1Y36 DIFFINBUF (Prop_DIFFINBUF_HPIOBDIFFINBUF_DIFF_IN_P_O)
                                                      0.525     0.625 r  u_ibufds/DIFFINBUF_INST/O
                         net (fo=1, routed)           0.050     0.675    u_ibufds/OUT
    AH18                 IBUFCTRL (Prop_IBUFCTRL_HPIOB_M_I_O)
                                                      0.000     0.675 r  u_ibufds/IBUFCTRL_INST/O
                         net (fo=1, routed)           0.322     0.997    clk_ref
    BUFGCE_DIV_X1Y7      BUFGCE_DIV (Prop_BUFGCE_DIV_I_O)
                                                      0.152     1.149 r  u_bufgce_div/O
                         net (fo=3477, routed)        1.901     3.050    u_soc/g_pe[2].u_pe/u_core/core_i/sleep_unit_i/core_clock_gate_i/clk
    BUFGCE_X0Y104        BUFGCE (Prop_BUFCE_BUFGCE_I_O)
                                                      0.028     3.078 r  u_soc/g_pe[2].u_pe/u_core/core_i/sleep_unit_i/core_clock_gate_i/u_bufgce/O
    X2Y1 (CLOCK_ROOT)    net (fo=2101, routed)        2.711     5.789    u_soc/g_pe[2].u_pe/u_core/core_i/ex_stage_i/alu_i/alu_div_i/clk_0
    SLICE_X71Y134        FDCE                                         r  u_soc/g_pe[2].u_pe/u_core/core_i/ex_stage_i/alu_i/alu_div_i/BReg_DP_reg[4]/C
                         clock pessimism             -0.243     5.546    
    SLICE_X71Y134        FDCE (Remov_DFF_SLICEM_C_CLR)
                                                     -0.032     5.514    u_soc/g_pe[2].u_pe/u_core/core_i/ex_stage_i/alu_i/alu_div_i/BReg_DP_reg[4]
  -------------------------------------------------------------------
                         required time                         -5.514    
                         arrival time                           5.552    
  -------------------------------------------------------------------
                         slack                                  0.038    

Slack (MET) :             0.038ns  (arrival time - required time)
  Source:                 rst_n_q_reg_rep__39/C
                            (rising edge-triggered cell FDRE clocked by clk  {rise@0.000ns fall@3.333ns period=9.999ns})
  Destination:            u_soc/g_pe[2].u_pe/u_core/core_i/ex_stage_i/alu_i/alu_div_i/BReg_DP_reg[5]/CLR
                            (removal check against rising-edge clock clk  {rise@0.000ns fall@3.333ns period=9.999ns})
  Path Group:             **async_default**
  Path Type:              Removal (Min at Slow Process Corner)
  Requirement:            0.000ns  (clk rise@0.000ns - clk rise@0.000ns)
  Data Path Delay:        2.669ns  (logic 0.058ns (2.173%)  route 2.611ns (97.827%))
  Logic Levels:           0  
  Clock Path Skew:        2.663ns (DCD - SCD - CPR)
    Destination Clock Delay (DCD):    5.789ns
    Source Clock Delay      (SCD):    2.883ns
    Clock Pessimism Removal (CPR):    0.243ns
  Clock Net Delay (Source):      1.917ns (routing 0.732ns, distribution 1.185ns)
  Clock Net Delay (Destination): 2.711ns (routing 1.828ns, distribution 0.883ns)

    Location             Delay type                Incr(ns)  Path(ns)    Netlist Resource(s)
  -------------------------------------------------------------------    -------------------
                         (clock clk rise edge)        0.000     0.000 r  
    AH18                                              0.000     0.000 r  clk300_p_i (IN)
                         net (fo=0)                   0.079     0.079    u_ibufds/I
    HPIOBDIFFINBUF_X1Y36 DIFFINBUF (Prop_DIFFINBUF_HPIOBDIFFINBUF_DIFF_IN_P_O)
                                                      0.429     0.508 r  u_ibufds/DIFFINBUF_INST/O
                         net (fo=1, routed)           0.040     0.548    u_ibufds/OUT
    AH18                 IBUFCTRL (Prop_IBUFCTRL_HPIOB_M_I_O)
                                                      0.000     0.548 r  u_ibufds/IBUFCTRL_INST/O
                         net (fo=1, routed)           0.286     0.834    clk_ref
    BUFGCE_DIV_X1Y7      BUFGCE_DIV (Prop_BUFGCE_DIV_I_O)
                                                      0.132     0.966 r  u_bufgce_div/O
    X1Y2 (CLOCK_ROOT)    net (fo=3477, routed)        1.917     2.883    clk
    SLICE_X74Y129        FDRE                                         r  rst_n_q_reg_rep__39/C
  -------------------------------------------------------------------    -------------------
    SLICE_X74Y129        FDRE (Prop_EFF_SLICEM_C_Q)
                                                      0.058     2.941 r  rst_n_q_reg_rep__39/Q
                         net (fo=26, routed)          2.611     5.552    u_soc/g_pe[2].u_pe/u_core/core_i/ex_stage_i/alu_i/alu_div_i/rst_n_q_reg_rep__39_n_0_alias
    SLICE_X71Y134        FDCE                                         f  u_soc/g_pe[2].u_pe/u_core/core_i/ex_stage_i/alu_i/alu_div_i/BReg_DP_reg[5]/CLR  (IS_INVERTED)
  -------------------------------------------------------------------    -------------------

                         (clock clk rise edge)        0.000     0.000 r  
    AH18                                              0.000     0.000 r  clk300_p_i (IN)
                         net (fo=0)                   0.100     0.100    u_ibufds/I
    HPIOBDIFFINBUF_X1Y36 DIFFINBUF (Prop_DIFFINBUF_HPIOBDIFFINBUF_DIFF_IN_P_O)
                                                      0.525     0.625 r  u_ibufds/DIFFINBUF_INST/O
                         net (fo=1, routed)           0.050     0.675    u_ibufds/OUT
    AH18                 IBUFCTRL (Prop_IBUFCTRL_HPIOB_M_I_O)
                                                      0.000     0.675 r  u_ibufds/IBUFCTRL_INST/O
                         net (fo=1, routed)           0.322     0.997    clk_ref
    BUFGCE_DIV_X1Y7      BUFGCE_DIV (Prop_BUFGCE_DIV_I_O)
                                                      0.152     1.149 r  u_bufgce_div/O
                         net (fo=3477, routed)        1.901     3.050    u_soc/g_pe[2].u_pe/u_core/core_i/sleep_unit_i/core_clock_gate_i/clk
    BUFGCE_X0Y104        BUFGCE (Prop_BUFCE_BUFGCE_I_O)
                                                      0.028     3.078 r  u_soc/g_pe[2].u_pe/u_core/core_i/sleep_unit_i/core_clock_gate_i/u_bufgce/O
    X2Y1 (CLOCK_ROOT)    net (fo=2101, routed)        2.711     5.789    u_soc/g_pe[2].u_pe/u_core/core_i/ex_stage_i/alu_i/alu_div_i/clk_0
    SLICE_X71Y134        FDCE                                         r  u_soc/g_pe[2].u_pe/u_core/core_i/ex_stage_i/alu_i/alu_div_i/BReg_DP_reg[5]/C
                         clock pessimism             -0.243     5.546    
    SLICE_X71Y134        FDCE (Remov_CFF_SLICEM_C_CLR)
                                                     -0.032     5.514    u_soc/g_pe[2].u_pe/u_core/core_i/ex_stage_i/alu_i/alu_div_i/BReg_DP_reg[5]
  -------------------------------------------------------------------
                         required time                         -5.514    
                         arrival time                           5.552    
  -------------------------------------------------------------------
                         slack                                  0.038    

Slack (MET) :             0.038ns  (arrival time - required time)
  Source:                 rst_n_q_reg_rep__39/C
                            (rising edge-triggered cell FDRE clocked by clk  {rise@0.000ns fall@3.333ns period=9.999ns})
  Destination:            u_soc/g_pe[2].u_pe/u_core/core_i/ex_stage_i/alu_i/alu_div_i/BReg_DP_reg[6]/CLR
                            (removal check against rising-edge clock clk  {rise@0.000ns fall@3.333ns period=9.999ns})
  Path Group:             **async_default**
  Path Type:              Removal (Min at Slow Process Corner)
  Requirement:            0.000ns  (clk rise@0.000ns - clk rise@0.000ns)
  Data Path Delay:        2.669ns  (logic 0.058ns (2.173%)  route 2.611ns (97.827%))
  Logic Levels:           0  
  Clock Path Skew:        2.663ns (DCD - SCD - CPR)
    Destination Clock Delay (DCD):    5.789ns
    Source Clock Delay      (SCD):    2.883ns
    Clock Pessimism Removal (CPR):    0.243ns
  Clock Net Delay (Source):      1.917ns (routing 0.732ns, distribution 1.185ns)
  Clock Net Delay (Destination): 2.711ns (routing 1.828ns, distribution 0.883ns)

    Location             Delay type                Incr(ns)  Path(ns)    Netlist Resource(s)
  -------------------------------------------------------------------    -------------------
                         (clock clk rise edge)        0.000     0.000 r  
    AH18                                              0.000     0.000 r  clk300_p_i (IN)
                         net (fo=0)                   0.079     0.079    u_ibufds/I
    HPIOBDIFFINBUF_X1Y36 DIFFINBUF (Prop_DIFFINBUF_HPIOBDIFFINBUF_DIFF_IN_P_O)
                                                      0.429     0.508 r  u_ibufds/DIFFINBUF_INST/O
                         net (fo=1, routed)           0.040     0.548    u_ibufds/OUT
    AH18                 IBUFCTRL (Prop_IBUFCTRL_HPIOB_M_I_O)
                                                      0.000     0.548 r  u_ibufds/IBUFCTRL_INST/O
                         net (fo=1, routed)           0.286     0.834    clk_ref
    BUFGCE_DIV_X1Y7      BUFGCE_DIV (Prop_BUFGCE_DIV_I_O)
                                                      0.132     0.966 r  u_bufgce_div/O
    X1Y2 (CLOCK_ROOT)    net (fo=3477, routed)        1.917     2.883    clk
    SLICE_X74Y129        FDRE                                         r  rst_n_q_reg_rep__39/C
  -------------------------------------------------------------------    -------------------
    SLICE_X74Y129        FDRE (Prop_EFF_SLICEM_C_Q)
                                                      0.058     2.941 r  rst_n_q_reg_rep__39/Q
                         net (fo=26, routed)          2.611     5.552    u_soc/g_pe[2].u_pe/u_core/core_i/ex_stage_i/alu_i/alu_div_i/rst_n_q_reg_rep__39_n_0_alias
    SLICE_X71Y134        FDCE                                         f  u_soc/g_pe[2].u_pe/u_core/core_i/ex_stage_i/alu_i/alu_div_i/BReg_DP_reg[6]/CLR  (IS_INVERTED)
  -------------------------------------------------------------------    -------------------

                         (clock clk rise edge)        0.000     0.000 r  
    AH18                                              0.000     0.000 r  clk300_p_i (IN)
                         net (fo=0)                   0.100     0.100    u_ibufds/I
    HPIOBDIFFINBUF_X1Y36 DIFFINBUF (Prop_DIFFINBUF_HPIOBDIFFINBUF_DIFF_IN_P_O)
                                                      0.525     0.625 r  u_ibufds/DIFFINBUF_INST/O
                         net (fo=1, routed)           0.050     0.675    u_ibufds/OUT
    AH18                 IBUFCTRL (Prop_IBUFCTRL_HPIOB_M_I_O)
                                                      0.000     0.675 r  u_ibufds/IBUFCTRL_INST/O
                         net (fo=1, routed)           0.322     0.997    clk_ref
    BUFGCE_DIV_X1Y7      BUFGCE_DIV (Prop_BUFGCE_DIV_I_O)
                                                      0.152     1.149 r  u_bufgce_div/O
                         net (fo=3477, routed)        1.901     3.050    u_soc/g_pe[2].u_pe/u_core/core_i/sleep_unit_i/core_clock_gate_i/clk
    BUFGCE_X0Y104        BUFGCE (Prop_BUFCE_BUFGCE_I_O)
                                                      0.028     3.078 r  u_soc/g_pe[2].u_pe/u_core/core_i/sleep_unit_i/core_clock_gate_i/u_bufgce/O
    X2Y1 (CLOCK_ROOT)    net (fo=2101, routed)        2.711     5.789    u_soc/g_pe[2].u_pe/u_core/core_i/ex_stage_i/alu_i/alu_div_i/clk_0
    SLICE_X71Y134        FDCE                                         r  u_soc/g_pe[2].u_pe/u_core/core_i/ex_stage_i/alu_i/alu_div_i/BReg_DP_reg[6]/C
                         clock pessimism             -0.243     5.546    
    SLICE_X71Y134        FDCE (Remov_BFF_SLICEM_C_CLR)
                                                     -0.032     5.514    u_soc/g_pe[2].u_pe/u_core/core_i/ex_stage_i/alu_i/alu_div_i/BReg_DP_reg[6]
  -------------------------------------------------------------------
                         required time                         -5.514    
                         arrival time                           5.552    
  -------------------------------------------------------------------
                         slack                                  0.038    

Slack (MET) :             0.039ns  (arrival time - required time)
  Source:                 rst_n_q_reg_rep__39/C
                            (rising edge-triggered cell FDRE clocked by clk  {rise@0.000ns fall@3.333ns period=9.999ns})
  Destination:            u_soc/g_pe[2].u_pe/u_core/core_i/ex_stage_i/alu_i/alu_div_i/BReg_DP_reg[20]/CLR
                            (removal check against rising-edge clock clk  {rise@0.000ns fall@3.333ns period=9.999ns})
  Path Group:             **async_default**
  Path Type:              Removal (Min at Slow Process Corner)
  Requirement:            0.000ns  (clk rise@0.000ns - clk rise@0.000ns)
  Data Path Delay:        2.659ns  (logic 0.058ns (2.181%)  route 2.601ns (97.819%))
  Logic Levels:           0  
  Clock Path Skew:        2.652ns (DCD - SCD - CPR)
    Destination Clock Delay (DCD):    5.778ns
    Source Clock Delay      (SCD):    2.883ns
    Clock Pessimism Removal (CPR):    0.243ns
  Clock Net Delay (Source):      1.917ns (routing 0.732ns, distribution 1.185ns)
  Clock Net Delay (Destination): 2.700ns (routing 1.828ns, distribution 0.872ns)

    Location             Delay type                Incr(ns)  Path(ns)    Netlist Resource(s)
  -------------------------------------------------------------------    -------------------
                         (clock clk rise edge)        0.000     0.000 r  
    AH18                                              0.000     0.000 r  clk300_p_i (IN)
                         net (fo=0)                   0.079     0.079    u_ibufds/I
    HPIOBDIFFINBUF_X1Y36 DIFFINBUF (Prop_DIFFINBUF_HPIOBDIFFINBUF_DIFF_IN_P_O)
                                                      0.429     0.508 r  u_ibufds/DIFFINBUF_INST/O
                         net (fo=1, routed)           0.040     0.548    u_ibufds/OUT
    AH18                 IBUFCTRL (Prop_IBUFCTRL_HPIOB_M_I_O)
                                                      0.000     0.548 r  u_ibufds/IBUFCTRL_INST/O
                         net (fo=1, routed)           0.286     0.834    clk_ref
    BUFGCE_DIV_X1Y7      BUFGCE_DIV (Prop_BUFGCE_DIV_I_O)
                                                      0.132     0.966 r  u_bufgce_div/O
    X1Y2 (CLOCK_ROOT)    net (fo=3477, routed)        1.917     2.883    clk
    SLICE_X74Y129        FDRE                                         r  rst_n_q_reg_rep__39/C
  -------------------------------------------------------------------    -------------------
    SLICE_X74Y129        FDRE (Prop_EFF_SLICEM_C_Q)
                                                      0.058     2.941 r  rst_n_q_reg_rep__39/Q
                         net (fo=26, routed)          2.601     5.542    u_soc/g_pe[2].u_pe/u_core/core_i/ex_stage_i/alu_i/alu_div_i/rst_n_q_reg_rep__39_n_0_alias
    SLICE_X72Y134        FDCE                                         f  u_soc/g_pe[2].u_pe/u_core/core_i/ex_stage_i/alu_i/alu_div_i/BReg_DP_reg[20]/CLR  (IS_INVERTED)
  -------------------------------------------------------------------    -------------------

                         (clock clk rise edge)        0.000     0.000 r  
    AH18                                              0.000     0.000 r  clk300_p_i (IN)
                         net (fo=0)                   0.100     0.100    u_ibufds/I
    HPIOBDIFFINBUF_X1Y36 DIFFINBUF (Prop_DIFFINBUF_HPIOBDIFFINBUF_DIFF_IN_P_O)
                                                      0.525     0.625 r  u_ibufds/DIFFINBUF_INST/O
                         net (fo=1, routed)           0.050     0.675    u_ibufds/OUT
    AH18                 IBUFCTRL (Prop_IBUFCTRL_HPIOB_M_I_O)
                                                      0.000     0.675 r  u_ibufds/IBUFCTRL_INST/O
                         net (fo=1, routed)           0.322     0.997    clk_ref
    BUFGCE_DIV_X1Y7      BUFGCE_DIV (Prop_BUFGCE_DIV_I_O)
                                                      0.152     1.149 r  u_bufgce_div/O
                         net (fo=3477, routed)        1.901     3.050    u_soc/g_pe[2].u_pe/u_core/core_i/sleep_unit_i/core_clock_gate_i/clk
    BUFGCE_X0Y104        BUFGCE (Prop_BUFCE_BUFGCE_I_O)
                                                      0.028     3.078 r  u_soc/g_pe[2].u_pe/u_core/core_i/sleep_unit_i/core_clock_gate_i/u_bufgce/O
    X2Y1 (CLOCK_ROOT)    net (fo=2101, routed)        2.700     5.778    u_soc/g_pe[2].u_pe/u_core/core_i/ex_stage_i/alu_i/alu_div_i/clk_0
    SLICE_X72Y134        FDCE                                         r  u_soc/g_pe[2].u_pe/u_core/core_i/ex_stage_i/alu_i/alu_div_i/BReg_DP_reg[20]/C
                         clock pessimism             -0.243     5.535    
    SLICE_X72Y134        FDCE (Remov_DFF_SLICEL_C_CLR)
                                                     -0.032     5.503    u_soc/g_pe[2].u_pe/u_core/core_i/ex_stage_i/alu_i/alu_div_i/BReg_DP_reg[20]
  -------------------------------------------------------------------
                         required time                         -5.503    
                         arrival time                           5.542    
  -------------------------------------------------------------------
                         slack                                  0.039    





--------------------------------------------------------------------------------------
Path Group:  (none)
From Clock:  clk
  To Clock:  

Max Delay             4 Endpoints
Min Delay             4 Endpoints
--------------------------------------------------------------------------------------


Max Delay Paths
--------------------------------------------------------------------------------------
Slack:                    inf
  Source:                 led_o_reg[1]/C
                            (rising edge-triggered cell FDRE clocked by clk  {rise@0.000ns fall@3.333ns period=9.999ns})
  Destination:            led_o[1]
                            (output port)
  Path Group:             (none)
  Path Type:              Max at Slow Process Corner
  Data Path Delay:        5.468ns  (logic 2.907ns (53.166%)  route 2.561ns (46.834%))
  Logic Levels:           1  (OBUF=1)
  Clock Uncertainty:      0.025ns  ((TSJ^2 + TIJ^2)^1/2 + DJ) / 2 + PE
    Total System Jitter     (TSJ):    0.050ns
    Total Input Jitter      (TIJ):    0.000ns
    Discrete Jitter          (DJ):    0.000ns
    Phase Error              (PE):    0.000ns
  Clock Net Delay (Source):      2.151ns (routing 0.803ns, distribution 1.348ns)
  Timing Exception:       False Path

    Location             Delay type                Incr(ns)  Path(ns)    Netlist Resource(s)
  -------------------------------------------------------------------    -------------------
                         (clock clk rise edge)        0.000     0.000 r  
    AH18                                              0.000     0.000 r  clk300_p_i (IN)
                         net (fo=0)                   0.100     0.100    u_ibufds/I
    HPIOBDIFFINBUF_X1Y36 DIFFINBUF (Prop_DIFFINBUF_HPIOBDIFFINBUF_DIFF_IN_P_O)
                                                      0.525     0.625 r  u_ibufds/DIFFINBUF_INST/O
                         net (fo=1, routed)           0.050     0.675    u_ibufds/OUT
    AH18                 IBUFCTRL (Prop_IBUFCTRL_HPIOB_M_I_O)
                                                      0.000     0.675 r  u_ibufds/IBUFCTRL_INST/O
                         net (fo=1, routed)           0.322     0.997    clk_ref
    BUFGCE_DIV_X1Y7      BUFGCE_DIV (Prop_BUFGCE_DIV_I_O)
                                                      0.152     1.149 r  u_bufgce_div/O
    X1Y2 (CLOCK_ROOT)    net (fo=3477, routed)        2.151     3.300    clk
    SLICE_X71Y179        FDRE                                         r  led_o_reg[1]/C
  -------------------------------------------------------------------    -------------------
    SLICE_X71Y179        FDRE (Prop_HFF_SLICEM_C_Q)
                                                      0.079     3.379 r  led_o_reg[1]/Q
                         net (fo=1, routed)           2.561     5.940    led_o_OBUF[1]
    D6                   OBUF (Prop_OUTBUF_HDIOB_M_I_O)
                                                      2.828     8.769 r  led_o_OBUF[1]_inst/O
                         net (fo=0)                   0.000     8.769    led_o[1]
    D6                                                                r  led_o[1] (OUT)
  -------------------------------------------------------------------    -------------------

Slack:                    inf
  Source:                 led_o_reg[3]/C
                            (rising edge-triggered cell FDRE clocked by clk  {rise@0.000ns fall@3.333ns period=9.999ns})
  Destination:            led_o[3]
                            (output port)
  Path Group:             (none)
  Path Type:              Max at Slow Process Corner
  Data Path Delay:        5.161ns  (logic 2.923ns (56.638%)  route 2.238ns (43.362%))
  Logic Levels:           1  (OBUF=1)
  Clock Uncertainty:      0.025ns  ((TSJ^2 + TIJ^2)^1/2 + DJ) / 2 + PE
    Total System Jitter     (TSJ):    0.050ns
    Total Input Jitter      (TIJ):    0.000ns
    Discrete Jitter          (DJ):    0.000ns
    Phase Error              (PE):    0.000ns
  Clock Net Delay (Source):      2.195ns (routing 0.803ns, distribution 1.392ns)
  Timing Exception:       False Path

    Location             Delay type                Incr(ns)  Path(ns)    Netlist Resource(s)
  -------------------------------------------------------------------    -------------------
                         (clock clk rise edge)        0.000     0.000 r  
    AH18                                              0.000     0.000 r  clk300_p_i (IN)
                         net (fo=0)                   0.100     0.100    u_ibufds/I
    HPIOBDIFFINBUF_X1Y36 DIFFINBUF (Prop_DIFFINBUF_HPIOBDIFFINBUF_DIFF_IN_P_O)
                                                      0.525     0.625 r  u_ibufds/DIFFINBUF_INST/O
                         net (fo=1, routed)           0.050     0.675    u_ibufds/OUT
    AH18                 IBUFCTRL (Prop_IBUFCTRL_HPIOB_M_I_O)
                                                      0.000     0.675 r  u_ibufds/IBUFCTRL_INST/O
                         net (fo=1, routed)           0.322     0.997    clk_ref
    BUFGCE_DIV_X1Y7      BUFGCE_DIV (Prop_BUFGCE_DIV_I_O)
                                                      0.152     1.149 r  u_bufgce_div/O
    X1Y2 (CLOCK_ROOT)    net (fo=3477, routed)        2.195     3.344    clk
    SLICE_X68Y180        FDRE                                         r  led_o_reg[3]/C
  -------------------------------------------------------------------    -------------------
    SLICE_X68Y180        FDRE (Prop_HFF_SLICEL_C_Q)
                                                      0.079     3.423 r  led_o_reg[3]/Q
                         net (fo=1, routed)           2.238     5.661    led_o_OBUF[3]
    B5                   OBUF (Prop_OUTBUF_HDIOB_M_I_O)
                                                      2.844     8.506 r  led_o_OBUF[3]_inst/O
                         net (fo=0)                   0.000     8.506    led_o[3]
    B5                                                                r  led_o[3] (OUT)
  -------------------------------------------------------------------    -------------------

Slack:                    inf
  Source:                 led_o_reg[0]/C
                            (rising edge-triggered cell FDRE clocked by clk  {rise@0.000ns fall@3.333ns period=9.999ns})
  Destination:            led_o[0]
                            (output port)
  Path Group:             (none)
  Path Type:              Max at Slow Process Corner
  Data Path Delay:        5.086ns  (logic 2.905ns (57.114%)  route 2.181ns (42.886%))
  Logic Levels:           1  (OBUF=1)
  Clock Uncertainty:      0.025ns  ((TSJ^2 + TIJ^2)^1/2 + DJ) / 2 + PE
    Total System Jitter     (TSJ):    0.050ns
    Total Input Jitter      (TIJ):    0.000ns
    Discrete Jitter          (DJ):    0.000ns
    Phase Error              (PE):    0.000ns
  Clock Net Delay (Source):      2.202ns (routing 0.803ns, distribution 1.399ns)
  Timing Exception:       False Path

    Location             Delay type                Incr(ns)  Path(ns)    Netlist Resource(s)
  -------------------------------------------------------------------    -------------------
                         (clock clk rise edge)        0.000     0.000 r  
    AH18                                              0.000     0.000 r  clk300_p_i (IN)
                         net (fo=0)                   0.100     0.100    u_ibufds/I
    HPIOBDIFFINBUF_X1Y36 DIFFINBUF (Prop_DIFFINBUF_HPIOBDIFFINBUF_DIFF_IN_P_O)
                                                      0.525     0.625 r  u_ibufds/DIFFINBUF_INST/O
                         net (fo=1, routed)           0.050     0.675    u_ibufds/OUT
    AH18                 IBUFCTRL (Prop_IBUFCTRL_HPIOB_M_I_O)
                                                      0.000     0.675 r  u_ibufds/IBUFCTRL_INST/O
                         net (fo=1, routed)           0.322     0.997    clk_ref
    BUFGCE_DIV_X1Y7      BUFGCE_DIV (Prop_BUFGCE_DIV_I_O)
                                                      0.152     1.149 r  u_bufgce_div/O
    X1Y2 (CLOCK_ROOT)    net (fo=3477, routed)        2.202     3.351    clk
    SLICE_X72Y180        FDRE                                         r  led_o_reg[0]/C
  -------------------------------------------------------------------    -------------------
    SLICE_X72Y180        FDRE (Prop_HFF_SLICEL_C_Q)
                                                      0.079     3.430 r  led_o_reg[0]/Q
                         net (fo=1, routed)           2.181     5.611    led_o_OBUF[0]
    D5                   OBUF (Prop_OUTBUF_HDIOB_S_I_O)
                                                      2.826     8.437 r  led_o_OBUF[0]_inst/O
                         net (fo=0)                   0.000     8.437    led_o[0]
    D5                                                                r  led_o[0] (OUT)
  -------------------------------------------------------------------    -------------------

Slack:                    inf
  Source:                 led_o_reg[2]/C
                            (rising edge-triggered cell FDRE clocked by clk  {rise@0.000ns fall@3.333ns period=9.999ns})
  Destination:            led_o[2]
                            (output port)
  Path Group:             (none)
  Path Type:              Max at Slow Process Corner
  Data Path Delay:        5.075ns  (logic 2.928ns (57.692%)  route 2.147ns (42.308%))
  Logic Levels:           1  (OBUF=1)
  Clock Uncertainty:      0.025ns  ((TSJ^2 + TIJ^2)^1/2 + DJ) / 2 + PE
    Total System Jitter     (TSJ):    0.050ns
    Total Input Jitter      (TIJ):    0.000ns
    Discrete Jitter          (DJ):    0.000ns
    Phase Error              (PE):    0.000ns
  Clock Net Delay (Source):      2.202ns (routing 0.803ns, distribution 1.399ns)
  Timing Exception:       False Path

    Location             Delay type                Incr(ns)  Path(ns)    Netlist Resource(s)
  -------------------------------------------------------------------    -------------------
                         (clock clk rise edge)        0.000     0.000 r  
    AH18                                              0.000     0.000 r  clk300_p_i (IN)
                         net (fo=0)                   0.100     0.100    u_ibufds/I
    HPIOBDIFFINBUF_X1Y36 DIFFINBUF (Prop_DIFFINBUF_HPIOBDIFFINBUF_DIFF_IN_P_O)
                                                      0.525     0.625 r  u_ibufds/DIFFINBUF_INST/O
                         net (fo=1, routed)           0.050     0.675    u_ibufds/OUT
    AH18                 IBUFCTRL (Prop_IBUFCTRL_HPIOB_M_I_O)
                                                      0.000     0.675 r  u_ibufds/IBUFCTRL_INST/O
                         net (fo=1, routed)           0.322     0.997    clk_ref
    BUFGCE_DIV_X1Y7      BUFGCE_DIV (Prop_BUFGCE_DIV_I_O)
                                                      0.152     1.149 r  u_bufgce_div/O
    X1Y2 (CLOCK_ROOT)    net (fo=3477, routed)        2.202     3.351    clk
    SLICE_X72Y180        FDRE                                         r  led_o_reg[2]/C
  -------------------------------------------------------------------    -------------------
    SLICE_X72Y180        FDRE (Prop_FFF_SLICEL_C_Q)
                                                      0.079     3.430 r  led_o_reg[2]/Q
                         net (fo=1, routed)           2.147     5.577    led_o_OBUF[2]
    A5                   OBUF (Prop_OUTBUF_HDIOB_S_I_O)
                                                      2.849     8.426 r  led_o_OBUF[2]_inst/O
                         net (fo=0)                   0.000     8.426    led_o[2]
    A5                                                                r  led_o[2] (OUT)
  -------------------------------------------------------------------    -------------------





Min Delay Paths
--------------------------------------------------------------------------------------
Slack:                    inf
  Source:                 led_o_reg[2]/C
                            (rising edge-triggered cell FDRE clocked by clk  {rise@0.000ns fall@3.333ns period=9.999ns})
  Destination:            led_o[2]
                            (output port)
  Path Group:             (none)
  Path Type:              Min at Fast Process Corner
  Data Path Delay:        2.566ns  (logic 1.543ns (60.136%)  route 1.023ns (39.864%))
  Logic Levels:           1  (OBUF=1)
  Clock Uncertainty:      0.025ns  ((TSJ^2 + TIJ^2)^1/2 + DJ) / 2 + PE
    Total System Jitter     (TSJ):    0.050ns
    Total Input Jitter      (TIJ):    0.000ns
    Discrete Jitter          (DJ):    0.000ns
    Phase Error              (PE):    0.000ns
  Clock Net Delay (Source):      1.207ns (routing 0.442ns, distribution 0.765ns)
  Timing Exception:       False Path

    Location             Delay type                Incr(ns)  Path(ns)    Netlist Resource(s)
  -------------------------------------------------------------------    -------------------
                         (clock clk rise edge)        0.000     0.000 r  
    AH18                                              0.000     0.000 r  clk300_p_i (IN)
                         net (fo=0)                   0.079     0.079    u_ibufds/I
    HPIOBDIFFINBUF_X1Y36 DIFFINBUF (Prop_DIFFINBUF_HPIOBDIFFINBUF_DIFF_IN_P_O)
                                                      0.284     0.363 r  u_ibufds/DIFFINBUF_INST/O
                         net (fo=1, routed)           0.040     0.403    u_ibufds/OUT
    AH18                 IBUFCTRL (Prop_IBUFCTRL_HPIOB_M_I_O)
                                                      0.000     0.403 r  u_ibufds/IBUFCTRL_INST/O
                         net (fo=1, routed)           0.144     0.547    clk_ref
    BUFGCE_DIV_X1Y7      BUFGCE_DIV (Prop_BUFGCE_DIV_I_O)
                                                      0.089     0.636 r  u_bufgce_div/O
    X1Y2 (CLOCK_ROOT)    net (fo=3477, routed)        1.207     1.843    clk
    SLICE_X72Y180        FDRE                                         r  led_o_reg[2]/C
  -------------------------------------------------------------------    -------------------
    SLICE_X72Y180        FDRE (Prop_FFF_SLICEL_C_Q)
                                                      0.039     1.882 r  led_o_reg[2]/Q
                         net (fo=1, routed)           1.023     2.905    led_o_OBUF[2]
    A5                   OBUF (Prop_OUTBUF_HDIOB_S_I_O)
                                                      1.504     4.409 r  led_o_OBUF[2]_inst/O
                         net (fo=0)                   0.000     4.409    led_o[2]
    A5                                                                r  led_o[2] (OUT)
  -------------------------------------------------------------------    -------------------

Slack:                    inf
  Source:                 led_o_reg[0]/C
                            (rising edge-triggered cell FDRE clocked by clk  {rise@0.000ns fall@3.333ns period=9.999ns})
  Destination:            led_o[0]
                            (output port)
  Path Group:             (none)
  Path Type:              Min at Fast Process Corner
  Data Path Delay:        2.587ns  (logic 1.520ns (58.762%)  route 1.067ns (41.238%))
  Logic Levels:           1  (OBUF=1)
  Clock Uncertainty:      0.025ns  ((TSJ^2 + TIJ^2)^1/2 + DJ) / 2 + PE
    Total System Jitter     (TSJ):    0.050ns
    Total Input Jitter      (TIJ):    0.000ns
    Discrete Jitter          (DJ):    0.000ns
    Phase Error              (PE):    0.000ns
  Clock Net Delay (Source):      1.207ns (routing 0.442ns, distribution 0.765ns)
  Timing Exception:       False Path

    Location             Delay type                Incr(ns)  Path(ns)    Netlist Resource(s)
  -------------------------------------------------------------------    -------------------
                         (clock clk rise edge)        0.000     0.000 r  
    AH18                                              0.000     0.000 r  clk300_p_i (IN)
                         net (fo=0)                   0.079     0.079    u_ibufds/I
    HPIOBDIFFINBUF_X1Y36 DIFFINBUF (Prop_DIFFINBUF_HPIOBDIFFINBUF_DIFF_IN_P_O)
                                                      0.284     0.363 r  u_ibufds/DIFFINBUF_INST/O
                         net (fo=1, routed)           0.040     0.403    u_ibufds/OUT
    AH18                 IBUFCTRL (Prop_IBUFCTRL_HPIOB_M_I_O)
                                                      0.000     0.403 r  u_ibufds/IBUFCTRL_INST/O
                         net (fo=1, routed)           0.144     0.547    clk_ref
    BUFGCE_DIV_X1Y7      BUFGCE_DIV (Prop_BUFGCE_DIV_I_O)
                                                      0.089     0.636 r  u_bufgce_div/O
    X1Y2 (CLOCK_ROOT)    net (fo=3477, routed)        1.207     1.843    clk
    SLICE_X72Y180        FDRE                                         r  led_o_reg[0]/C
  -------------------------------------------------------------------    -------------------
    SLICE_X72Y180        FDRE (Prop_HFF_SLICEL_C_Q)
                                                      0.039     1.882 r  led_o_reg[0]/Q
                         net (fo=1, routed)           1.067     2.949    led_o_OBUF[0]
    D5                   OBUF (Prop_OUTBUF_HDIOB_S_I_O)
                                                      1.481     4.431 r  led_o_OBUF[0]_inst/O
                         net (fo=0)                   0.000     4.431    led_o[0]
    D5                                                                r  led_o[0] (OUT)
  -------------------------------------------------------------------    -------------------

Slack:                    inf
  Source:                 led_o_reg[3]/C
                            (rising edge-triggered cell FDRE clocked by clk  {rise@0.000ns fall@3.333ns period=9.999ns})
  Destination:            led_o[3]
                            (output port)
  Path Group:             (none)
  Path Type:              Min at Fast Process Corner
  Data Path Delay:        2.670ns  (logic 1.539ns (57.637%)  route 1.131ns (42.363%))
  Logic Levels:           1  (OBUF=1)
  Clock Uncertainty:      0.025ns  ((TSJ^2 + TIJ^2)^1/2 + DJ) / 2 + PE
    Total System Jitter     (TSJ):    0.050ns
    Total Input Jitter      (TIJ):    0.000ns
    Discrete Jitter          (DJ):    0.000ns
    Phase Error              (PE):    0.000ns
  Clock Net Delay (Source):      1.203ns (routing 0.442ns, distribution 0.761ns)
  Timing Exception:       False Path

    Location             Delay type                Incr(ns)  Path(ns)    Netlist Resource(s)
  -------------------------------------------------------------------    -------------------
                         (clock clk rise edge)        0.000     0.000 r  
    AH18                                              0.000     0.000 r  clk300_p_i (IN)
                         net (fo=0)                   0.079     0.079    u_ibufds/I
    HPIOBDIFFINBUF_X1Y36 DIFFINBUF (Prop_DIFFINBUF_HPIOBDIFFINBUF_DIFF_IN_P_O)
                                                      0.284     0.363 r  u_ibufds/DIFFINBUF_INST/O
                         net (fo=1, routed)           0.040     0.403    u_ibufds/OUT
    AH18                 IBUFCTRL (Prop_IBUFCTRL_HPIOB_M_I_O)
                                                      0.000     0.403 r  u_ibufds/IBUFCTRL_INST/O
                         net (fo=1, routed)           0.144     0.547    clk_ref
    BUFGCE_DIV_X1Y7      BUFGCE_DIV (Prop_BUFGCE_DIV_I_O)
                                                      0.089     0.636 r  u_bufgce_div/O
    X1Y2 (CLOCK_ROOT)    net (fo=3477, routed)        1.203     1.839    clk
    SLICE_X68Y180        FDRE                                         r  led_o_reg[3]/C
  -------------------------------------------------------------------    -------------------
    SLICE_X68Y180        FDRE (Prop_HFF_SLICEL_C_Q)
                                                      0.039     1.878 r  led_o_reg[3]/Q
                         net (fo=1, routed)           1.131     3.009    led_o_OBUF[3]
    B5                   OBUF (Prop_OUTBUF_HDIOB_M_I_O)
                                                      1.500     4.508 r  led_o_OBUF[3]_inst/O
                         net (fo=0)                   0.000     4.508    led_o[3]
    B5                                                                r  led_o[3] (OUT)
  -------------------------------------------------------------------    -------------------

Slack:                    inf
  Source:                 led_o_reg[1]/C
                            (rising edge-triggered cell FDRE clocked by clk  {rise@0.000ns fall@3.333ns period=9.999ns})
  Destination:            led_o[1]
                            (output port)
  Path Group:             (none)
  Path Type:              Min at Fast Process Corner
  Data Path Delay:        2.834ns  (logic 1.523ns (53.740%)  route 1.311ns (46.260%))
  Logic Levels:           1  (OBUF=1)
  Clock Uncertainty:      0.025ns  ((TSJ^2 + TIJ^2)^1/2 + DJ) / 2 + PE
    Total System Jitter     (TSJ):    0.050ns
    Total Input Jitter      (TIJ):    0.000ns
    Discrete Jitter          (DJ):    0.000ns
    Phase Error              (PE):    0.000ns
  Clock Net Delay (Source):      1.179ns (routing 0.442ns, distribution 0.737ns)
  Timing Exception:       False Path

    Location             Delay type                Incr(ns)  Path(ns)    Netlist Resource(s)
  -------------------------------------------------------------------    -------------------
                         (clock clk rise edge)        0.000     0.000 r  
    AH18                                              0.000     0.000 r  clk300_p_i (IN)
                         net (fo=0)                   0.079     0.079    u_ibufds/I
    HPIOBDIFFINBUF_X1Y36 DIFFINBUF (Prop_DIFFINBUF_HPIOBDIFFINBUF_DIFF_IN_P_O)
                                                      0.284     0.363 r  u_ibufds/DIFFINBUF_INST/O
                         net (fo=1, routed)           0.040     0.403    u_ibufds/OUT
    AH18                 IBUFCTRL (Prop_IBUFCTRL_HPIOB_M_I_O)
                                                      0.000     0.403 r  u_ibufds/IBUFCTRL_INST/O
                         net (fo=1, routed)           0.144     0.547    clk_ref
    BUFGCE_DIV_X1Y7      BUFGCE_DIV (Prop_BUFGCE_DIV_I_O)
                                                      0.089     0.636 r  u_bufgce_div/O
    X1Y2 (CLOCK_ROOT)    net (fo=3477, routed)        1.179     1.815    clk
    SLICE_X71Y179        FDRE                                         r  led_o_reg[1]/C
  -------------------------------------------------------------------    -------------------
    SLICE_X71Y179        FDRE (Prop_HFF_SLICEM_C_Q)
                                                      0.039     1.854 r  led_o_reg[1]/Q
                         net (fo=1, routed)           1.311     3.165    led_o_OBUF[1]
    D6                   OBUF (Prop_OUTBUF_HDIOB_M_I_O)
                                                      1.484     4.649 r  led_o_OBUF[1]_inst/O
                         net (fo=0)                   0.000     4.649    led_o[1]
    D6                                                                r  led_o[1] (OUT)
  -------------------------------------------------------------------    -------------------





--------------------------------------------------------------------------------------
Path Group:  (none)
From Clock:  
  To Clock:  clk

Max Delay             7 Endpoints
Min Delay             7 Endpoints
--------------------------------------------------------------------------------------


Max Delay Paths
--------------------------------------------------------------------------------------
Slack:                    inf
  Source:                 dip_i[3]
                            (input port)
  Destination:            dip_sync_q_reg[3]/D
                            (rising edge-triggered cell FDRE clocked by clk  {rise@0.000ns fall@3.333ns period=9.999ns})
  Path Group:             (none)
  Path Type:              Setup (Max at Slow Process Corner)
  Data Path Delay:        3.353ns  (logic 1.273ns (37.960%)  route 2.080ns (62.040%))
  Logic Levels:           2  (IBUFCTRL=1 INBUF=1)
  Clock Path Skew:        2.932ns (DCD - SCD + CPR)
    Destination Clock Delay (DCD):    2.932ns
    Source Clock Delay      (SCD):    0.000ns
    Clock Pessimism Removal (CPR):    0.000ns
  Clock Uncertainty:      0.025ns  ((TSJ^2 + TIJ^2)^1/2 + DJ) / 2 + PE
    Total System Jitter     (TSJ):    0.050ns
    Total Input Jitter      (TIJ):    0.000ns
    Discrete Jitter          (DJ):    0.000ns
    Phase Error              (PE):    0.000ns
  Clock Net Delay (Destination): 1.966ns (routing 0.732ns, distribution 1.234ns)
  Timing Exception:       False Path

    Location             Delay type                Incr(ns)  Path(ns)    Netlist Resource(s)
  -------------------------------------------------------------------    -------------------
    F4                                                0.000     0.000 r  dip_i[3] (IN)
                         net (fo=0)                   0.000     0.000    dip_i_IBUF[3]_inst/I
    F4                   INBUF (Prop_INBUF_HDIOB_S_PAD_O)
                                                      1.273     1.273 r  dip_i_IBUF[3]_inst/INBUF_INST/O
                         net (fo=1, routed)           0.000     1.273    dip_i_IBUF[3]_inst/OUT
    F4                   IBUFCTRL (Prop_IBUFCTRL_HDIOB_S_I_O)
                                                      0.000     1.273 r  dip_i_IBUF[3]_inst/IBUFCTRL_INST/O
                         net (fo=1, routed)           2.080     3.353    dip_i_IBUF[3]
    SLICE_X79Y187        FDRE                                         r  dip_sync_q_reg[3]/D
  -------------------------------------------------------------------    -------------------

                         (clock clk rise edge)        0.000     0.000 r  
    AH18                                              0.000     0.000 r  clk300_p_i (IN)
                         net (fo=0)                   0.079     0.079    u_ibufds/I
    HPIOBDIFFINBUF_X1Y36 DIFFINBUF (Prop_DIFFINBUF_HPIOBDIFFINBUF_DIFF_IN_P_O)
                                                      0.429     0.508 r  u_ibufds/DIFFINBUF_INST/O
                         net (fo=1, routed)           0.040     0.548    u_ibufds/OUT
    AH18                 IBUFCTRL (Prop_IBUFCTRL_HPIOB_M_I_O)
                                                      0.000     0.548 r  u_ibufds/IBUFCTRL_INST/O
                         net (fo=1, routed)           0.286     0.834    clk_ref
    BUFGCE_DIV_X1Y7      BUFGCE_DIV (Prop_BUFGCE_DIV_I_O)
                                                      0.132     0.966 r  u_bufgce_div/O
    X1Y2 (CLOCK_ROOT)    net (fo=3477, routed)        1.966     2.932    clk
    SLICE_X79Y187        FDRE                                         r  dip_sync_q_reg[3]/C

Slack:                    inf
  Source:                 dip_i[2]
                            (input port)
  Destination:            dip_sync_q_reg[2]/D
                            (rising edge-triggered cell FDRE clocked by clk  {rise@0.000ns fall@3.333ns period=9.999ns})
  Path Group:             (none)
  Path Type:              Setup (Max at Slow Process Corner)
  Data Path Delay:        3.276ns  (logic 1.271ns (38.803%)  route 2.005ns (61.197%))
  Logic Levels:           2  (IBUFCTRL=1 INBUF=1)
  Clock Path Skew:        2.930ns (DCD - SCD + CPR)
    Destination Clock Delay (DCD):    2.930ns
    Source Clock Delay      (SCD):    0.000ns
    Clock Pessimism Removal (CPR):    0.000ns
  Clock Uncertainty:      0.025ns  ((TSJ^2 + TIJ^2)^1/2 + DJ) / 2 + PE
    Total System Jitter     (TSJ):    0.050ns
    Total Input Jitter      (TIJ):    0.000ns
    Discrete Jitter          (DJ):    0.000ns
    Phase Error              (PE):    0.000ns
  Clock Net Delay (Destination): 1.964ns (routing 0.732ns, distribution 1.232ns)
  Timing Exception:       False Path

    Location             Delay type                Incr(ns)  Path(ns)    Netlist Resource(s)
  -------------------------------------------------------------------    -------------------
    F5                                                0.000     0.000 r  dip_i[2] (IN)
                         net (fo=0)                   0.000     0.000    dip_i_IBUF[2]_inst/I
    F5                   INBUF (Prop_INBUF_HDIOB_M_PAD_O)
                                                      1.271     1.271 r  dip_i_IBUF[2]_inst/INBUF_INST/O
                         net (fo=1, routed)           0.000     1.271    dip_i_IBUF[2]_inst/OUT
    F5                   IBUFCTRL (Prop_IBUFCTRL_HDIOB_M_I_O)
                                                      0.000     1.271 r  dip_i_IBUF[2]_inst/IBUFCTRL_INST/O
                         net (fo=1, routed)           2.005     3.276    dip_i_IBUF[2]
    SLICE_X78Y188        FDRE                                         r  dip_sync_q_reg[2]/D
  -------------------------------------------------------------------    -------------------

                         (clock clk rise edge)        0.000     0.000 r  
    AH18                                              0.000     0.000 r  clk300_p_i (IN)
                         net (fo=0)                   0.079     0.079    u_ibufds/I
    HPIOBDIFFINBUF_X1Y36 DIFFINBUF (Prop_DIFFINBUF_HPIOBDIFFINBUF_DIFF_IN_P_O)
                                                      0.429     0.508 r  u_ibufds/DIFFINBUF_INST/O
                         net (fo=1, routed)           0.040     0.548    u_ibufds/OUT
    AH18                 IBUFCTRL (Prop_IBUFCTRL_HPIOB_M_I_O)
                                                      0.000     0.548 r  u_ibufds/IBUFCTRL_INST/O
                         net (fo=1, routed)           0.286     0.834    clk_ref
    BUFGCE_DIV_X1Y7      BUFGCE_DIV (Prop_BUFGCE_DIV_I_O)
                                                      0.132     0.966 r  u_bufgce_div/O
    X1Y2 (CLOCK_ROOT)    net (fo=3477, routed)        1.964     2.930    clk
    SLICE_X78Y188        FDRE                                         r  dip_sync_q_reg[2]/C

Slack:                    inf
  Source:                 pb_i[0]
                            (input port)
  Destination:            pb_sync_q_reg[0]/D
                            (rising edge-triggered cell FDRE clocked by clk  {rise@0.000ns fall@3.333ns period=9.999ns})
  Path Group:             (none)
  Path Type:              Setup (Max at Slow Process Corner)
  Data Path Delay:        3.235ns  (logic 1.298ns (40.130%)  route 1.937ns (59.870%))
  Logic Levels:           2  (IBUFCTRL=1 INBUF=1)
  Clock Path Skew:        2.929ns (DCD - SCD + CPR)
    Destination Clock Delay (DCD):    2.929ns
    Source Clock Delay      (SCD):    0.000ns
    Clock Pessimism Removal (CPR):    0.000ns
  Clock Uncertainty:      0.025ns  ((TSJ^2 + TIJ^2)^1/2 + DJ) / 2 + PE
    Total System Jitter     (TSJ):    0.050ns
    Total Input Jitter      (TIJ):    0.000ns
    Discrete Jitter          (DJ):    0.000ns
    Phase Error              (PE):    0.000ns
  Clock Net Delay (Destination): 1.963ns (routing 0.732ns, distribution 1.231ns)
  Timing Exception:       False Path

    Location             Delay type                Incr(ns)  Path(ns)    Netlist Resource(s)
  -------------------------------------------------------------------    -------------------
    B4                                                0.000     0.000 r  pb_i[0] (IN)
                         net (fo=0)                   0.000     0.000    pb_i_IBUF[0]_inst/I
    B4                   INBUF (Prop_INBUF_HDIOB_S_PAD_O)
                                                      1.298     1.298 r  pb_i_IBUF[0]_inst/INBUF_INST/O
                         net (fo=1, routed)           0.000     1.298    pb_i_IBUF[0]_inst/OUT
    B4                   IBUFCTRL (Prop_IBUFCTRL_HDIOB_S_I_O)
                                                      0.000     1.298 r  pb_i_IBUF[0]_inst/IBUFCTRL_INST/O
                         net (fo=1, routed)           1.937     3.235    pb_i_IBUF[0]
    SLICE_X77Y187        FDRE                                         r  pb_sync_q_reg[0]/D
  -------------------------------------------------------------------    -------------------

                         (clock clk rise edge)        0.000     0.000 r  
    AH18                                              0.000     0.000 r  clk300_p_i (IN)
                         net (fo=0)                   0.079     0.079    u_ibufds/I
    HPIOBDIFFINBUF_X1Y36 DIFFINBUF (Prop_DIFFINBUF_HPIOBDIFFINBUF_DIFF_IN_P_O)
                                                      0.429     0.508 r  u_ibufds/DIFFINBUF_INST/O
                         net (fo=1, routed)           0.040     0.548    u_ibufds/OUT
    AH18                 IBUFCTRL (Prop_IBUFCTRL_HPIOB_M_I_O)
                                                      0.000     0.548 r  u_ibufds/IBUFCTRL_INST/O
                         net (fo=1, routed)           0.286     0.834    clk_ref
    BUFGCE_DIV_X1Y7      BUFGCE_DIV (Prop_BUFGCE_DIV_I_O)
                                                      0.132     0.966 r  u_bufgce_div/O
    X1Y2 (CLOCK_ROOT)    net (fo=3477, routed)        1.963     2.929    clk
    SLICE_X77Y187        FDRE                                         r  pb_sync_q_reg[0]/C

Slack:                    inf
  Source:                 dip_i[1]
                            (input port)
  Destination:            dip_sync_q_reg[1]/D
                            (rising edge-triggered cell FDRE clocked by clk  {rise@0.000ns fall@3.333ns period=9.999ns})
  Path Group:             (none)
  Path Type:              Setup (Max at Slow Process Corner)
  Data Path Delay:        3.202ns  (logic 1.280ns (39.966%)  route 1.922ns (60.034%))
  Logic Levels:           2  (IBUFCTRL=1 INBUF=1)
  Clock Path Skew:        2.932ns (DCD - SCD + CPR)
    Destination Clock Delay (DCD):    2.932ns
    Source Clock Delay      (SCD):    0.000ns
    Clock Pessimism Removal (CPR):    0.000ns
  Clock Uncertainty:      0.025ns  ((TSJ^2 + TIJ^2)^1/2 + DJ) / 2 + PE
    Total System Jitter     (TSJ):    0.050ns
    Total Input Jitter      (TIJ):    0.000ns
    Discrete Jitter          (DJ):    0.000ns
    Phase Error              (PE):    0.000ns
  Clock Net Delay (Destination): 1.966ns (routing 0.732ns, distribution 1.234ns)
  Timing Exception:       False Path

    Location             Delay type                Incr(ns)  Path(ns)    Netlist Resource(s)
  -------------------------------------------------------------------    -------------------
    D4                                                0.000     0.000 r  dip_i[1] (IN)
                         net (fo=0)                   0.000     0.000    dip_i_IBUF[1]_inst/I
    D4                   INBUF (Prop_INBUF_HDIOB_S_PAD_O)
                                                      1.280     1.280 r  dip_i_IBUF[1]_inst/INBUF_INST/O
                         net (fo=1, routed)           0.000     1.280    dip_i_IBUF[1]_inst/OUT
    D4                   IBUFCTRL (Prop_IBUFCTRL_HDIOB_S_I_O)
                                                      0.000     1.280 r  dip_i_IBUF[1]_inst/IBUFCTRL_INST/O
                         net (fo=1, routed)           1.922     3.202    dip_i_IBUF[1]
    SLICE_X79Y187        FDRE                                         r  dip_sync_q_reg[1]/D
  -------------------------------------------------------------------    -------------------

                         (clock clk rise edge)        0.000     0.000 r  
    AH18                                              0.000     0.000 r  clk300_p_i (IN)
                         net (fo=0)                   0.079     0.079    u_ibufds/I
    HPIOBDIFFINBUF_X1Y36 DIFFINBUF (Prop_DIFFINBUF_HPIOBDIFFINBUF_DIFF_IN_P_O)
                                                      0.429     0.508 r  u_ibufds/DIFFINBUF_INST/O
                         net (fo=1, routed)           0.040     0.548    u_ibufds/OUT
    AH18                 IBUFCTRL (Prop_IBUFCTRL_HPIOB_M_I_O)
                                                      0.000     0.548 r  u_ibufds/IBUFCTRL_INST/O
                         net (fo=1, routed)           0.286     0.834    clk_ref
    BUFGCE_DIV_X1Y7      BUFGCE_DIV (Prop_BUFGCE_DIV_I_O)
                                                      0.132     0.966 r  u_bufgce_div/O
    X1Y2 (CLOCK_ROOT)    net (fo=3477, routed)        1.966     2.932    clk
    SLICE_X79Y187        FDRE                                         r  dip_sync_q_reg[1]/C

Slack:                    inf
  Source:                 pb_i[1]
                            (input port)
  Destination:            pb_sync_q_reg[1]/D
                            (rising edge-triggered cell FDRE clocked by clk  {rise@0.000ns fall@3.333ns period=9.999ns})
  Path Group:             (none)
  Path Type:              Setup (Max at Slow Process Corner)
  Data Path Delay:        3.147ns  (logic 1.298ns (41.239%)  route 1.849ns (58.761%))
  Logic Levels:           2  (IBUFCTRL=1 INBUF=1)
  Clock Path Skew:        2.930ns (DCD - SCD + CPR)
    Destination Clock Delay (DCD):    2.930ns
    Source Clock Delay      (SCD):    0.000ns
    Clock Pessimism Removal (CPR):    0.000ns
  Clock Uncertainty:      0.025ns  ((TSJ^2 + TIJ^2)^1/2 + DJ) / 2 + PE
    Total System Jitter     (TSJ):    0.050ns
    Total Input Jitter      (TIJ):    0.000ns
    Discrete Jitter          (DJ):    0.000ns
    Phase Error              (PE):    0.000ns
  Clock Net Delay (Destination): 1.964ns (routing 0.732ns, distribution 1.232ns)
  Timing Exception:       False Path

    Location             Delay type                Incr(ns)  Path(ns)    Netlist Resource(s)
  -------------------------------------------------------------------    -------------------
    C4                                                0.000     0.000 r  pb_i[1] (IN)
                         net (fo=0)                   0.000     0.000    pb_i_IBUF[1]_inst/I
    C4                   INBUF (Prop_INBUF_HDIOB_M_PAD_O)
                                                      1.298     1.298 r  pb_i_IBUF[1]_inst/INBUF_INST/O
                         net (fo=1, routed)           0.000     1.298    pb_i_IBUF[1]_inst/OUT
    C4                   IBUFCTRL (Prop_IBUFCTRL_HDIOB_M_I_O)
                                                      0.000     1.298 r  pb_i_IBUF[1]_inst/IBUFCTRL_INST/O
                         net (fo=1, routed)           1.849     3.147    pb_i_IBUF[1]
    SLICE_X78Y188        FDRE                                         r  pb_sync_q_reg[1]/D
  -------------------------------------------------------------------    -------------------

                         (clock clk rise edge)        0.000     0.000 r  
    AH18                                              0.000     0.000 r  clk300_p_i (IN)
                         net (fo=0)                   0.079     0.079    u_ibufds/I
    HPIOBDIFFINBUF_X1Y36 DIFFINBUF (Prop_DIFFINBUF_HPIOBDIFFINBUF_DIFF_IN_P_O)
                                                      0.429     0.508 r  u_ibufds/DIFFINBUF_INST/O
                         net (fo=1, routed)           0.040     0.548    u_ibufds/OUT
    AH18                 IBUFCTRL (Prop_IBUFCTRL_HPIOB_M_I_O)
                                                      0.000     0.548 r  u_ibufds/IBUFCTRL_INST/O
                         net (fo=1, routed)           0.286     0.834    clk_ref
    BUFGCE_DIV_X1Y7      BUFGCE_DIV (Prop_BUFGCE_DIV_I_O)
                                                      0.132     0.966 r  u_bufgce_div/O
    X1Y2 (CLOCK_ROOT)    net (fo=3477, routed)        1.964     2.930    clk
    SLICE_X78Y188        FDRE                                         r  pb_sync_q_reg[1]/C

Slack:                    inf
  Source:                 cpu_reset_i
                            (input port)
  Destination:            rst_sync_q_reg[0]/D
                            (rising edge-triggered cell FDRE clocked by clk  {rise@0.000ns fall@3.333ns period=9.999ns})
  Path Group:             (none)
  Path Type:              Setup (Max at Slow Process Corner)
  Data Path Delay:        3.133ns  (logic 1.222ns (39.007%)  route 1.911ns (60.993%))
  Logic Levels:           2  (IBUFCTRL=1 INBUF=1)
  Clock Path Skew:        2.945ns (DCD - SCD + CPR)
    Destination Clock Delay (DCD):    2.945ns
    Source Clock Delay      (SCD):    0.000ns
    Clock Pessimism Removal (CPR):    0.000ns
  Clock Uncertainty:      0.025ns  ((TSJ^2 + TIJ^2)^1/2 + DJ) / 2 + PE
    Total System Jitter     (TSJ):    0.050ns
    Total Input Jitter      (TIJ):    0.000ns
    Discrete Jitter          (DJ):    0.000ns
    Phase Error              (PE):    0.000ns
  Clock Net Delay (Destination): 1.979ns (routing 0.732ns, distribution 1.247ns)
  Timing Exception:       False Path

    Location             Delay type                Incr(ns)  Path(ns)    Netlist Resource(s)
  -------------------------------------------------------------------    -------------------
    M11                                               0.000     0.000 r  cpu_reset_i (IN)
                         net (fo=0)                   0.000     0.000    cpu_reset_i_IBUF_inst/I
    M11                  INBUF (Prop_INBUF_HDIOB_S_PAD_O)
                                                      1.222     1.222 r  cpu_reset_i_IBUF_inst/INBUF_INST/O
                         net (fo=1, routed)           0.000     1.222    cpu_reset_i_IBUF_inst/OUT
    M11                  IBUFCTRL (Prop_IBUFCTRL_HDIOB_S_I_O)
                                                      0.000     1.222 r  cpu_reset_i_IBUF_inst/IBUFCTRL_INST/O
                         net (fo=1, routed)           1.911     3.133    cpu_reset_i_IBUF
    SLICE_X94Y96         FDRE                                         r  rst_sync_q_reg[0]/D
  -------------------------------------------------------------------    -------------------

                         (clock clk rise edge)        0.000     0.000 r  
    AH18                                              0.000     0.000 r  clk300_p_i (IN)
                         net (fo=0)                   0.079     0.079    u_ibufds/I
    HPIOBDIFFINBUF_X1Y36 DIFFINBUF (Prop_DIFFINBUF_HPIOBDIFFINBUF_DIFF_IN_P_O)
                                                      0.429     0.508 r  u_ibufds/DIFFINBUF_INST/O
                         net (fo=1, routed)           0.040     0.548    u_ibufds/OUT
    AH18                 IBUFCTRL (Prop_IBUFCTRL_HPIOB_M_I_O)
                                                      0.000     0.548 r  u_ibufds/IBUFCTRL_INST/O
                         net (fo=1, routed)           0.286     0.834    clk_ref
    BUFGCE_DIV_X1Y7      BUFGCE_DIV (Prop_BUFGCE_DIV_I_O)
                                                      0.132     0.966 r  u_bufgce_div/O
    X1Y2 (CLOCK_ROOT)    net (fo=3477, routed)        1.979     2.945    clk
    SLICE_X94Y96         FDRE                                         r  rst_sync_q_reg[0]/C

Slack:                    inf
  Source:                 dip_i[0]
                            (input port)
  Destination:            dip_sync_q_reg[0]/D
                            (rising edge-triggered cell FDRE clocked by clk  {rise@0.000ns fall@3.333ns period=9.999ns})
  Path Group:             (none)
  Path Type:              Setup (Max at Slow Process Corner)
  Data Path Delay:        2.875ns  (logic 1.279ns (44.492%)  route 1.596ns (55.508%))
  Logic Levels:           2  (IBUFCTRL=1 INBUF=1)
  Clock Path Skew:        2.917ns (DCD - SCD + CPR)
    Destination Clock Delay (DCD):    2.917ns
    Source Clock Delay      (SCD):    0.000ns
    Clock Pessimism Removal (CPR):    0.000ns
  Clock Uncertainty:      0.025ns  ((TSJ^2 + TIJ^2)^1/2 + DJ) / 2 + PE
    Total System Jitter     (TSJ):    0.050ns
    Total Input Jitter      (TIJ):    0.000ns
    Discrete Jitter          (DJ):    0.000ns
    Phase Error              (PE):    0.000ns
  Clock Net Delay (Destination): 1.951ns (routing 0.732ns, distribution 1.219ns)
  Timing Exception:       False Path

    Location             Delay type                Incr(ns)  Path(ns)    Netlist Resource(s)
  -------------------------------------------------------------------    -------------------
    E4                                                0.000     0.000 r  dip_i[0] (IN)
                         net (fo=0)                   0.000     0.000    dip_i_IBUF[0]_inst/I
    E4                   INBUF (Prop_INBUF_HDIOB_M_PAD_O)
                                                      1.279     1.279 r  dip_i_IBUF[0]_inst/INBUF_INST/O
                         net (fo=1, routed)           0.000     1.279    dip_i_IBUF[0]_inst/OUT
    E4                   IBUFCTRL (Prop_IBUFCTRL_HDIOB_M_I_O)
                                                      0.000     1.279 r  dip_i_IBUF[0]_inst/IBUFCTRL_INST/O
                         net (fo=1, routed)           1.596     2.875    dip_i_IBUF[0]
    SLICE_X77Y236        FDRE                                         r  dip_sync_q_reg[0]/D
  -------------------------------------------------------------------    -------------------

                         (clock clk rise edge)        0.000     0.000 r  
    AH18                                              0.000     0.000 r  clk300_p_i (IN)
                         net (fo=0)                   0.079     0.079    u_ibufds/I
    HPIOBDIFFINBUF_X1Y36 DIFFINBUF (Prop_DIFFINBUF_HPIOBDIFFINBUF_DIFF_IN_P_O)
                                                      0.429     0.508 r  u_ibufds/DIFFINBUF_INST/O
                         net (fo=1, routed)           0.040     0.548    u_ibufds/OUT
    AH18                 IBUFCTRL (Prop_IBUFCTRL_HPIOB_M_I_O)
                                                      0.000     0.548 r  u_ibufds/IBUFCTRL_INST/O
                         net (fo=1, routed)           0.286     0.834    clk_ref
    BUFGCE_DIV_X1Y7      BUFGCE_DIV (Prop_BUFGCE_DIV_I_O)
                                                      0.132     0.966 r  u_bufgce_div/O
    X1Y2 (CLOCK_ROOT)    net (fo=3477, routed)        1.951     2.917    clk
    SLICE_X77Y236        FDRE                                         r  dip_sync_q_reg[0]/C





Min Delay Paths
--------------------------------------------------------------------------------------
Slack:                    inf
  Source:                 dip_i[0]
                            (input port)
  Destination:            dip_sync_q_reg[0]/D
                            (rising edge-triggered cell FDRE clocked by clk  {rise@0.000ns fall@3.333ns period=9.999ns})
  Path Group:             (none)
  Path Type:              Hold (Min at Fast Process Corner)
  Data Path Delay:        1.625ns  (logic 0.856ns (52.677%)  route 0.769ns (47.323%))
  Logic Levels:           2  (IBUFCTRL=1 INBUF=1)
  Clock Path Skew:        2.156ns (DCD - SCD - CPR)
    Destination Clock Delay (DCD):    2.156ns
    Source Clock Delay      (SCD):    0.000ns
    Clock Pessimism Removal (CPR):    -0.000ns
  Clock Net Delay (Destination): 1.343ns (routing 0.491ns, distribution 0.852ns)
  Timing Exception:       False Path

    Location             Delay type                Incr(ns)  Path(ns)    Netlist Resource(s)
  -------------------------------------------------------------------    -------------------
    E4                                                0.000     0.000 r  dip_i[0] (IN)
                         net (fo=0)                   0.000     0.000    dip_i_IBUF[0]_inst/I
    E4                   INBUF (Prop_INBUF_HDIOB_M_PAD_O)
                                                      0.856     0.856 r  dip_i_IBUF[0]_inst/INBUF_INST/O
                         net (fo=1, routed)           0.000     0.856    dip_i_IBUF[0]_inst/OUT
    E4                   IBUFCTRL (Prop_IBUFCTRL_HDIOB_M_I_O)
                                                      0.000     0.856 r  dip_i_IBUF[0]_inst/IBUFCTRL_INST/O
                         net (fo=1, routed)           0.769     1.625    dip_i_IBUF[0]
    SLICE_X77Y236        FDRE                                         r  dip_sync_q_reg[0]/D
  -------------------------------------------------------------------    -------------------

                         (clock clk rise edge)        0.000     0.000 r  
    AH18                                              0.000     0.000 r  clk300_p_i (IN)
                         net (fo=0)                   0.100     0.100    u_ibufds/I
    HPIOBDIFFINBUF_X1Y36 DIFFINBUF (Prop_DIFFINBUF_HPIOBDIFFINBUF_DIFF_IN_P_O)
                                                      0.382     0.482 r  u_ibufds/DIFFINBUF_INST/O
                         net (fo=1, routed)           0.050     0.532    u_ibufds/OUT
    AH18                 IBUFCTRL (Prop_IBUFCTRL_HPIOB_M_I_O)
                                                      0.000     0.532 r  u_ibufds/IBUFCTRL_INST/O
                         net (fo=1, routed)           0.180     0.712    clk_ref
    BUFGCE_DIV_X1Y7      BUFGCE_DIV (Prop_BUFGCE_DIV_I_O)
                                                      0.101     0.813 r  u_bufgce_div/O
    X1Y2 (CLOCK_ROOT)    net (fo=3477, routed)        1.343     2.156    clk
    SLICE_X77Y236        FDRE                                         r  dip_sync_q_reg[0]/C

Slack:                    inf
  Source:                 cpu_reset_i
                            (input port)
  Destination:            rst_sync_q_reg[0]/D
                            (rising edge-triggered cell FDRE clocked by clk  {rise@0.000ns fall@3.333ns period=9.999ns})
  Path Group:             (none)
  Path Type:              Hold (Min at Fast Process Corner)
  Data Path Delay:        1.726ns  (logic 0.799ns (46.306%)  route 0.927ns (53.694%))
  Logic Levels:           2  (IBUFCTRL=1 INBUF=1)
  Clock Path Skew:        2.188ns (DCD - SCD - CPR)
    Destination Clock Delay (DCD):    2.188ns
    Source Clock Delay      (SCD):    0.000ns
    Clock Pessimism Removal (CPR):    -0.000ns
  Clock Net Delay (Destination): 1.375ns (routing 0.491ns, distribution 0.884ns)
  Timing Exception:       False Path

    Location             Delay type                Incr(ns)  Path(ns)    Netlist Resource(s)
  -------------------------------------------------------------------    -------------------
    M11                                               0.000     0.000 r  cpu_reset_i (IN)
                         net (fo=0)                   0.000     0.000    cpu_reset_i_IBUF_inst/I
    M11                  INBUF (Prop_INBUF_HDIOB_S_PAD_O)
                                                      0.799     0.799 r  cpu_reset_i_IBUF_inst/INBUF_INST/O
                         net (fo=1, routed)           0.000     0.799    cpu_reset_i_IBUF_inst/OUT
    M11                  IBUFCTRL (Prop_IBUFCTRL_HDIOB_S_I_O)
                                                      0.000     0.799 r  cpu_reset_i_IBUF_inst/IBUFCTRL_INST/O
                         net (fo=1, routed)           0.927     1.726    cpu_reset_i_IBUF
    SLICE_X94Y96         FDRE                                         r  rst_sync_q_reg[0]/D
  -------------------------------------------------------------------    -------------------

                         (clock clk rise edge)        0.000     0.000 r  
    AH18                                              0.000     0.000 r  clk300_p_i (IN)
                         net (fo=0)                   0.100     0.100    u_ibufds/I
    HPIOBDIFFINBUF_X1Y36 DIFFINBUF (Prop_DIFFINBUF_HPIOBDIFFINBUF_DIFF_IN_P_O)
                                                      0.382     0.482 r  u_ibufds/DIFFINBUF_INST/O
                         net (fo=1, routed)           0.050     0.532    u_ibufds/OUT
    AH18                 IBUFCTRL (Prop_IBUFCTRL_HPIOB_M_I_O)
                                                      0.000     0.532 r  u_ibufds/IBUFCTRL_INST/O
                         net (fo=1, routed)           0.180     0.712    clk_ref
    BUFGCE_DIV_X1Y7      BUFGCE_DIV (Prop_BUFGCE_DIV_I_O)
                                                      0.101     0.813 r  u_bufgce_div/O
    X1Y2 (CLOCK_ROOT)    net (fo=3477, routed)        1.375     2.188    clk
    SLICE_X94Y96         FDRE                                         r  rst_sync_q_reg[0]/C

Slack:                    inf
  Source:                 dip_i[1]
                            (input port)
  Destination:            dip_sync_q_reg[1]/D
                            (rising edge-triggered cell FDRE clocked by clk  {rise@0.000ns fall@3.333ns period=9.999ns})
  Path Group:             (none)
  Path Type:              Hold (Min at Fast Process Corner)
  Data Path Delay:        1.795ns  (logic 0.856ns (47.697%)  route 0.939ns (52.303%))
  Logic Levels:           2  (IBUFCTRL=1 INBUF=1)
  Clock Path Skew:        2.170ns (DCD - SCD - CPR)
    Destination Clock Delay (DCD):    2.170ns
    Source Clock Delay      (SCD):    0.000ns
    Clock Pessimism Removal (CPR):    -0.000ns
  Clock Net Delay (Destination): 1.356ns (routing 0.491ns, distribution 0.865ns)
  Timing Exception:       False Path

    Location             Delay type                Incr(ns)  Path(ns)    Netlist Resource(s)
  -------------------------------------------------------------------    -------------------
    D4                                                0.000     0.000 r  dip_i[1] (IN)
                         net (fo=0)                   0.000     0.000    dip_i_IBUF[1]_inst/I
    D4                   INBUF (Prop_INBUF_HDIOB_S_PAD_O)
                                                      0.856     0.856 r  dip_i_IBUF[1]_inst/INBUF_INST/O
                         net (fo=1, routed)           0.000     0.856    dip_i_IBUF[1]_inst/OUT
    D4                   IBUFCTRL (Prop_IBUFCTRL_HDIOB_S_I_O)
                                                      0.000     0.856 r  dip_i_IBUF[1]_inst/IBUFCTRL_INST/O
                         net (fo=1, routed)           0.939     1.795    dip_i_IBUF[1]
    SLICE_X79Y187        FDRE                                         r  dip_sync_q_reg[1]/D
  -------------------------------------------------------------------    -------------------

                         (clock clk rise edge)        0.000     0.000 r  
    AH18                                              0.000     0.000 r  clk300_p_i (IN)
                         net (fo=0)                   0.100     0.100    u_ibufds/I
    HPIOBDIFFINBUF_X1Y36 DIFFINBUF (Prop_DIFFINBUF_HPIOBDIFFINBUF_DIFF_IN_P_O)
                                                      0.382     0.482 r  u_ibufds/DIFFINBUF_INST/O
                         net (fo=1, routed)           0.050     0.532    u_ibufds/OUT
    AH18                 IBUFCTRL (Prop_IBUFCTRL_HPIOB_M_I_O)
                                                      0.000     0.532 r  u_ibufds/IBUFCTRL_INST/O
                         net (fo=1, routed)           0.180     0.712    clk_ref
    BUFGCE_DIV_X1Y7      BUFGCE_DIV (Prop_BUFGCE_DIV_I_O)
                                                      0.101     0.813 r  u_bufgce_div/O
    X1Y2 (CLOCK_ROOT)    net (fo=3477, routed)        1.356     2.170    clk
    SLICE_X79Y187        FDRE                                         r  dip_sync_q_reg[1]/C

Slack:                    inf
  Source:                 pb_i[1]
                            (input port)
  Destination:            pb_sync_q_reg[1]/D
                            (rising edge-triggered cell FDRE clocked by clk  {rise@0.000ns fall@3.333ns period=9.999ns})
  Path Group:             (none)
  Path Type:              Hold (Min at Fast Process Corner)
  Data Path Delay:        1.798ns  (logic 0.874ns (48.615%)  route 0.924ns (51.385%))
  Logic Levels:           2  (IBUFCTRL=1 INBUF=1)
  Clock Path Skew:        2.169ns (DCD - SCD - CPR)
    Destination Clock Delay (DCD):    2.169ns
    Source Clock Delay      (SCD):    0.000ns
    Clock Pessimism Removal (CPR):    -0.000ns
  Clock Net Delay (Destination): 1.355ns (routing 0.491ns, distribution 0.864ns)
  Timing Exception:       False Path

    Location             Delay type                Incr(ns)  Path(ns)    Netlist Resource(s)
  -------------------------------------------------------------------    -------------------
    C4                                                0.000     0.000 r  pb_i[1] (IN)
                         net (fo=0)                   0.000     0.000    pb_i_IBUF[1]_inst/I
    C4                   INBUF (Prop_INBUF_HDIOB_M_PAD_O)
                                                      0.874     0.874 r  pb_i_IBUF[1]_inst/INBUF_INST/O
                         net (fo=1, routed)           0.000     0.874    pb_i_IBUF[1]_inst/OUT
    C4                   IBUFCTRL (Prop_IBUFCTRL_HDIOB_M_I_O)
                                                      0.000     0.874 r  pb_i_IBUF[1]_inst/IBUFCTRL_INST/O
                         net (fo=1, routed)           0.924     1.798    pb_i_IBUF[1]
    SLICE_X78Y188        FDRE                                         r  pb_sync_q_reg[1]/D
  -------------------------------------------------------------------    -------------------

                         (clock clk rise edge)        0.000     0.000 r  
    AH18                                              0.000     0.000 r  clk300_p_i (IN)
                         net (fo=0)                   0.100     0.100    u_ibufds/I
    HPIOBDIFFINBUF_X1Y36 DIFFINBUF (Prop_DIFFINBUF_HPIOBDIFFINBUF_DIFF_IN_P_O)
                                                      0.382     0.482 r  u_ibufds/DIFFINBUF_INST/O
                         net (fo=1, routed)           0.050     0.532    u_ibufds/OUT
    AH18                 IBUFCTRL (Prop_IBUFCTRL_HPIOB_M_I_O)
                                                      0.000     0.532 r  u_ibufds/IBUFCTRL_INST/O
                         net (fo=1, routed)           0.180     0.712    clk_ref
    BUFGCE_DIV_X1Y7      BUFGCE_DIV (Prop_BUFGCE_DIV_I_O)
                                                      0.101     0.813 r  u_bufgce_div/O
    X1Y2 (CLOCK_ROOT)    net (fo=3477, routed)        1.355     2.169    clk
    SLICE_X78Y188        FDRE                                         r  pb_sync_q_reg[1]/C

Slack:                    inf
  Source:                 pb_i[0]
                            (input port)
  Destination:            pb_sync_q_reg[0]/D
                            (rising edge-triggered cell FDRE clocked by clk  {rise@0.000ns fall@3.333ns period=9.999ns})
  Path Group:             (none)
  Path Type:              Hold (Min at Fast Process Corner)
  Data Path Delay:        1.824ns  (logic 0.875ns (47.968%)  route 0.949ns (52.032%))
  Logic Levels:           2  (IBUFCTRL=1 INBUF=1)
  Clock Path Skew:        2.167ns (DCD - SCD - CPR)
    Destination Clock Delay (DCD):    2.167ns
    Source Clock Delay      (SCD):    0.000ns
    Clock Pessimism Removal (CPR):    -0.000ns
  Clock Net Delay (Destination): 1.353ns (routing 0.491ns, distribution 0.862ns)
  Timing Exception:       False Path

    Location             Delay type                Incr(ns)  Path(ns)    Netlist Resource(s)
  -------------------------------------------------------------------    -------------------
    B4                                                0.000     0.000 r  pb_i[0] (IN)
                         net (fo=0)                   0.000     0.000    pb_i_IBUF[0]_inst/I
    B4                   INBUF (Prop_INBUF_HDIOB_S_PAD_O)
                                                      0.875     0.875 r  pb_i_IBUF[0]_inst/INBUF_INST/O
                         net (fo=1, routed)           0.000     0.875    pb_i_IBUF[0]_inst/OUT
    B4                   IBUFCTRL (Prop_IBUFCTRL_HDIOB_S_I_O)
                                                      0.000     0.875 r  pb_i_IBUF[0]_inst/IBUFCTRL_INST/O
                         net (fo=1, routed)           0.949     1.824    pb_i_IBUF[0]
    SLICE_X77Y187        FDRE                                         r  pb_sync_q_reg[0]/D
  -------------------------------------------------------------------    -------------------

                         (clock clk rise edge)        0.000     0.000 r  
    AH18                                              0.000     0.000 r  clk300_p_i (IN)
                         net (fo=0)                   0.100     0.100    u_ibufds/I
    HPIOBDIFFINBUF_X1Y36 DIFFINBUF (Prop_DIFFINBUF_HPIOBDIFFINBUF_DIFF_IN_P_O)
                                                      0.382     0.482 r  u_ibufds/DIFFINBUF_INST/O
                         net (fo=1, routed)           0.050     0.532    u_ibufds/OUT
    AH18                 IBUFCTRL (Prop_IBUFCTRL_HPIOB_M_I_O)
                                                      0.000     0.532 r  u_ibufds/IBUFCTRL_INST/O
                         net (fo=1, routed)           0.180     0.712    clk_ref
    BUFGCE_DIV_X1Y7      BUFGCE_DIV (Prop_BUFGCE_DIV_I_O)
                                                      0.101     0.813 r  u_bufgce_div/O
    X1Y2 (CLOCK_ROOT)    net (fo=3477, routed)        1.353     2.167    clk
    SLICE_X77Y187        FDRE                                         r  pb_sync_q_reg[0]/C

Slack:                    inf
  Source:                 dip_i[2]
                            (input port)
  Destination:            dip_sync_q_reg[2]/D
                            (rising edge-triggered cell FDRE clocked by clk  {rise@0.000ns fall@3.333ns period=9.999ns})
  Path Group:             (none)
  Path Type:              Hold (Min at Fast Process Corner)
  Data Path Delay:        1.854ns  (logic 0.848ns (45.744%)  route 1.006ns (54.256%))
  Logic Levels:           2  (IBUFCTRL=1 INBUF=1)
  Clock Path Skew:        2.169ns (DCD - SCD - CPR)
    Destination Clock Delay (DCD):    2.169ns
    Source Clock Delay      (SCD):    0.000ns
    Clock Pessimism Removal (CPR):    -0.000ns
  Clock Net Delay (Destination): 1.355ns (routing 0.491ns, distribution 0.864ns)
  Timing Exception:       False Path

    Location             Delay type                Incr(ns)  Path(ns)    Netlist Resource(s)
  -------------------------------------------------------------------    -------------------
    F5                                                0.000     0.000 r  dip_i[2] (IN)
                         net (fo=0)                   0.000     0.000    dip_i_IBUF[2]_inst/I
    F5                   INBUF (Prop_INBUF_HDIOB_M_PAD_O)
                                                      0.848     0.848 r  dip_i_IBUF[2]_inst/INBUF_INST/O
                         net (fo=1, routed)           0.000     0.848    dip_i_IBUF[2]_inst/OUT
    F5                   IBUFCTRL (Prop_IBUFCTRL_HDIOB_M_I_O)
                                                      0.000     0.848 r  dip_i_IBUF[2]_inst/IBUFCTRL_INST/O
                         net (fo=1, routed)           1.006     1.854    dip_i_IBUF[2]
    SLICE_X78Y188        FDRE                                         r  dip_sync_q_reg[2]/D
  -------------------------------------------------------------------    -------------------

                         (clock clk rise edge)        0.000     0.000 r  
    AH18                                              0.000     0.000 r  clk300_p_i (IN)
                         net (fo=0)                   0.100     0.100    u_ibufds/I
    HPIOBDIFFINBUF_X1Y36 DIFFINBUF (Prop_DIFFINBUF_HPIOBDIFFINBUF_DIFF_IN_P_O)
                                                      0.382     0.482 r  u_ibufds/DIFFINBUF_INST/O
                         net (fo=1, routed)           0.050     0.532    u_ibufds/OUT
    AH18                 IBUFCTRL (Prop_IBUFCTRL_HPIOB_M_I_O)
                                                      0.000     0.532 r  u_ibufds/IBUFCTRL_INST/O
                         net (fo=1, routed)           0.180     0.712    clk_ref
    BUFGCE_DIV_X1Y7      BUFGCE_DIV (Prop_BUFGCE_DIV_I_O)
                                                      0.101     0.813 r  u_bufgce_div/O
    X1Y2 (CLOCK_ROOT)    net (fo=3477, routed)        1.355     2.169    clk
    SLICE_X78Y188        FDRE                                         r  dip_sync_q_reg[2]/C

Slack:                    inf
  Source:                 dip_i[3]
                            (input port)
  Destination:            dip_sync_q_reg[3]/D
                            (rising edge-triggered cell FDRE clocked by clk  {rise@0.000ns fall@3.333ns period=9.999ns})
  Path Group:             (none)
  Path Type:              Hold (Min at Fast Process Corner)
  Data Path Delay:        1.866ns  (logic 0.850ns (45.538%)  route 1.016ns (54.462%))
  Logic Levels:           2  (IBUFCTRL=1 INBUF=1)
  Clock Path Skew:        2.170ns (DCD - SCD - CPR)
    Destination Clock Delay (DCD):    2.170ns
    Source Clock Delay      (SCD):    0.000ns
    Clock Pessimism Removal (CPR):    -0.000ns
  Clock Net Delay (Destination): 1.356ns (routing 0.491ns, distribution 0.865ns)
  Timing Exception:       False Path

    Location             Delay type                Incr(ns)  Path(ns)    Netlist Resource(s)
  -------------------------------------------------------------------    -------------------
    F4                                                0.000     0.000 r  dip_i[3] (IN)
                         net (fo=0)                   0.000     0.000    dip_i_IBUF[3]_inst/I
    F4                   INBUF (Prop_INBUF_HDIOB_S_PAD_O)
                                                      0.850     0.850 r  dip_i_IBUF[3]_inst/INBUF_INST/O
                         net (fo=1, routed)           0.000     0.850    dip_i_IBUF[3]_inst/OUT
    F4                   IBUFCTRL (Prop_IBUFCTRL_HDIOB_S_I_O)
                                                      0.000     0.850 r  dip_i_IBUF[3]_inst/IBUFCTRL_INST/O
                         net (fo=1, routed)           1.016     1.866    dip_i_IBUF[3]
    SLICE_X79Y187        FDRE                                         r  dip_sync_q_reg[3]/D
  -------------------------------------------------------------------    -------------------

                         (clock clk rise edge)        0.000     0.000 r  
    AH18                                              0.000     0.000 r  clk300_p_i (IN)
                         net (fo=0)                   0.100     0.100    u_ibufds/I
    HPIOBDIFFINBUF_X1Y36 DIFFINBUF (Prop_DIFFINBUF_HPIOBDIFFINBUF_DIFF_IN_P_O)
                                                      0.382     0.482 r  u_ibufds/DIFFINBUF_INST/O
                         net (fo=1, routed)           0.050     0.532    u_ibufds/OUT
    AH18                 IBUFCTRL (Prop_IBUFCTRL_HPIOB_M_I_O)
                                                      0.000     0.532 r  u_ibufds/IBUFCTRL_INST/O
                         net (fo=1, routed)           0.180     0.712    clk_ref
    BUFGCE_DIV_X1Y7      BUFGCE_DIV (Prop_BUFGCE_DIV_I_O)
                                                      0.101     0.813 r  u_bufgce_div/O
    X1Y2 (CLOCK_ROOT)    net (fo=3477, routed)        1.356     2.170    clk
    SLICE_X79Y187        FDRE                                         r  dip_sync_q_reg[3]/C





