Copyright 1986-2022 Xilinx, Inc. All Rights Reserved. Copyright 2022-2025 Advanced Micro Devices, Inc. All Rights Reserved.
------------------------------------------------------------------------------------------------------------------------------------------------------------------------------------
| Tool Version      : Vivado v.2025.1 (win64) Build 6140274 Thu May 22 00:12:29 MDT 2025
| Date              : Tue Sep  8 13:29:55 2026
| Host              : Krishna_NITjsr running 64-bit major release  (build 9200)
| Command           : report_timing_summary -delay_type min_max -max_paths 10 -report_unconstrained -file C:/work/riscv-cache-extension/fpga/reports_filtered/post_route_timing.rpt
| Design            : fpga_top
| Device            : xczu7ev-ffvc1156
| Speed File        : -2  PRODUCTION 1.30 05-15-2022
| Design State      : Routed
| Temperature Grade : E
------------------------------------------------------------------------------------------------------------------------------------------------------------------------------------

Timing Summary Report

------------------------------------------------------------------------------------------------
| Timer Settings
| --------------
------------------------------------------------------------------------------------------------

  Enable Multi Corner Analysis               :  Yes
  Enable Pessimism Removal                   :  Yes
  Pessimism Removal Resolution               :  Nearest Common Node
  Enable Input Delay Default Clock           :  No
  Enable Preset / Clear Arcs                 :  No
  Disable Flight Delays                      :  No
  Ignore I/O Paths                           :  No
  Timing Early Launch at Borrowing Latches   :  No
  Borrow Time for Max Delay Exceptions       :  Yes
  Merge Timing Exceptions                    :  Yes
  Inter-SLR Compensation                     :  Conservative

  Corner  Analyze    Analyze    
  Name    Max Paths  Min Paths  
  ------  ---------  ---------  
  Slow    Yes        Yes        
  Fast    Yes        Yes        


------------------------------------------------------------------------------------------------
| Report Methodology
| ------------------
------------------------------------------------------------------------------------------------

No report available as report_methodology has not been run prior. Run report_methodology on the current design for the summary of methodology violations.



check_timing report

Table of Contents
-----------------
1. checking no_clock (0)
2. checking constant_clock (0)
3. checking pulse_width_clock (0)
4. checking unconstrained_internal_endpoints (0)
5. checking no_input_delay (7)
6. checking no_output_delay (4)
7. checking multiple_clock (0)
8. checking generated_clocks (0)
9. checking loops (0)
10. checking partial_input_delay (0)
11. checking partial_output_delay (0)
12. checking latch_loops (0)

1. checking no_clock (0)
------------------------
 There are 0 register/latch pins with no clock.


2. checking constant_clock (0)
------------------------------
 There are 0 register/latch pins with constant_clock.


3. checking pulse_width_clock (0)
---------------------------------
 There are 0 register/latch pins which need pulse_width check


4. checking unconstrained_internal_endpoints (0)
------------------------------------------------
 There are 0 pins that are not constrained for maximum delay.

 There are 0 pins that are not constrained for maximum delay due to constant clock.


5. checking no_input_delay (7)
------------------------------
 There are 0 input ports with no input delay specified.

 There are 7 input ports with no input delay but user has a false path constraint. (MEDIUM)


6. checking no_output_delay (4)
-------------------------------
 There are 0 ports with no output delay specified.

 There are 4 ports with no output delay but user has a false path constraint (MEDIUM)

 There are 0 ports with no output delay but with a timing clock defined on it or propagating through it


7. checking multiple_clock (0)
------------------------------
 There are 0 register/latch pins with multiple clocks.


8. checking generated_clocks (0)
--------------------------------
 There are 0 generated clocks that are not connected to a clock source.


9. checking loops (0)
---------------------
 There are 0 combinational loops in the design.


10. checking partial_input_delay (0)
------------------------------------
 There are 0 input ports with partial input delay specified.


11. checking partial_output_delay (0)
-------------------------------------
 There are 0 ports with partial output delay specified.


12. checking latch_loops (0)
----------------------------
 There are 0 combinational latch loops in the design through latch input



------------------------------------------------------------------------------------------------
| Design Timing Summary
| ---------------------
------------------------------------------------------------------------------------------------

    WNS(ns)      TNS(ns)  TNS Failing Endpoints  TNS Total Endpoints      WHS(ns)      THS(ns)  THS Failing Endpoints  THS Total Endpoints     WPWS(ns)     TPWS(ns)  TPWS Failing Endpoints  TPWS Total Endpoints  
    -------      -------  ---------------------  -------------------      -------      -------  ---------------------  -------------------     --------     --------  ----------------------  --------------------  
      1.199        0.000                      0                49624        0.010        0.000                      0                49624        2.262        0.000                       0                 16139  


All user specified timing constraints are met.


------------------------------------------------------------------------------------------------
| Clock Summary
| -------------
------------------------------------------------------------------------------------------------

Clock   Waveform(ns)         Period(ns)      Frequency(MHz)
-----   ------------         ----------      --------------
clk300  {0.000 1.666}        3.333           300.030         
  clk   {0.000 6.666}        16.665          60.006          


------------------------------------------------------------------------------------------------
| Intra Clock Table
| -----------------
------------------------------------------------------------------------------------------------

Clock             WNS(ns)      TNS(ns)  TNS Failing Endpoints  TNS Total Endpoints      WHS(ns)      THS(ns)  THS Failing Endpoints  THS Total Endpoints     WPWS(ns)     TPWS(ns)  TPWS Failing Endpoints  TPWS Total Endpoints  
-----             -------      -------  ---------------------  -------------------      -------      -------  ---------------------  -------------------     --------     --------  ----------------------  --------------------  
clk300                                                                                                                                                          2.262        0.000                       0                     1  
  clk               1.199        0.000                      0                35499        0.010        0.000                      0                35499        6.124        0.000                       0                 16138  


------------------------------------------------------------------------------------------------
| Inter Clock Table
| -----------------
------------------------------------------------------------------------------------------------

From Clock    To Clock          WNS(ns)      TNS(ns)  TNS Failing Endpoints  TNS Total Endpoints      WHS(ns)      THS(ns)  THS Failing Endpoints  THS Total Endpoints  
----------    --------          -------      -------  ---------------------  -------------------      -------      -------  ---------------------  -------------------  


------------------------------------------------------------------------------------------------
| Other Path Groups Table
| -----------------------
------------------------------------------------------------------------------------------------

Path Group         From Clock         To Clock               WNS(ns)      TNS(ns)  TNS Failing Endpoints  TNS Total Endpoints      WHS(ns)      THS(ns)  THS Failing Endpoints  THS Total Endpoints  
----------         ----------         --------               -------      -------  ---------------------  -------------------      -------      -------  ---------------------  -------------------  
**async_default**  clk                clk                     10.462        0.000                      0                14125        0.066        0.000                      0                14125  


------------------------------------------------------------------------------------------------
| User Ignored Path Table
| -----------------------
------------------------------------------------------------------------------------------------

Path Group    From Clock    To Clock    
----------    ----------    --------    
(none)        clk                         
(none)                      clk           


------------------------------------------------------------------------------------------------
| Unconstrained Path Table
| ------------------------
------------------------------------------------------------------------------------------------

Path Group    From Clock    To Clock    
----------    ----------    --------    


------------------------------------------------------------------------------------------------
| Timing Details
| --------------
------------------------------------------------------------------------------------------------


---------------------------------------------------------------------------------------------------
From Clock:  clk300
  To Clock:  clk300

Setup :           NA  Failing Endpoints,  Worst Slack           NA  ,  Total Violation           NA
Hold  :           NA  Failing Endpoints,  Worst Slack           NA  ,  Total Violation           NA
PW    :            0  Failing Endpoints,  Worst Slack        2.262ns,  Total Violation        0.000ns
---------------------------------------------------------------------------------------------------


Pulse Width Checks
--------------------------------------------------------------------------------------
Clock Name:         clk300
Waveform(ns):       { 0.000 1.666 }
Period(ns):         3.333
Sources:            { clk300_p_i }

Check Type  Corner  Lib Pin       Reference Pin  Required(ns)  Actual(ns)  Slack(ns)  Location         Pin
Min Period  n/a     BUFGCE_DIV/I  n/a            1.071         3.333       2.262      BUFGCE_DIV_X1Y7  u_bufgce_div/I



---------------------------------------------------------------------------------------------------
From Clock:  clk
  To Clock:  clk

Setup :            0  Failing Endpoints,  Worst Slack        1.199ns,  Total Violation        0.000ns
Hold  :            0  Failing Endpoints,  Worst Slack        0.010ns,  Total Violation        0.000ns
PW    :            0  Failing Endpoints,  Worst Slack        6.124ns,  Total Violation        0.000ns
---------------------------------------------------------------------------------------------------


Max Delay Paths
--------------------------------------------------------------------------------------
Slack (MET) :             1.199ns  (required time - arrival time)
  Source:                 u_soc/g_dcache.u_dcache/g_dcu[0].u_dcu/s2_addr_q_reg[4]/C
                            (rising edge-triggered cell FDCE clocked by clk  {rise@0.000ns fall@6.666ns period=16.665ns})
  Destination:            u_soc/g_pe[2].u_pe/u_core/core_i/if_stage_i/prefetch_buffer_i/fifo_i/mem_q_reg[0][30]/CE
                            (rising edge-triggered cell FDCE clocked by clk  {rise@0.000ns fall@6.666ns period=16.665ns})
  Path Group:             clk
  Path Type:              Setup (Max at Slow Process Corner)
  Requirement:            16.665ns  (clk rise@16.665ns - clk rise@0.000ns)
  Data Path Delay:        16.409ns  (logic 2.715ns (16.546%)  route 13.694ns (83.454%))
  Logic Levels:           26  (CARRY8=3 LUT2=2 LUT3=1 LUT4=1 LUT5=4 LUT6=14 RAMD64E=1)
  Clock Path Skew:        1.039ns (DCD - SCD + CPR)
    Destination Clock Delay (DCD):    4.349ns = ( 21.014 - 16.665 ) 
    Source Clock Delay      (SCD):    3.573ns
    Clock Pessimism Removal (CPR):    0.263ns
  Clock Uncertainty:      0.035ns  ((TSJ^2 + TIJ^2)^1/2 + DJ) / 2 + PE
    Total System Jitter     (TSJ):    0.071ns
    Total Input Jitter      (TIJ):    0.000ns
    Discrete Jitter          (DJ):    0.000ns
    Phase Error              (PE):    0.000ns
  Clock Net Delay (Source):      2.424ns (routing 1.007ns, distribution 1.417ns)
  Clock Net Delay (Destination): 1.636ns (routing 0.942ns, distribution 0.694ns)

    Location             Delay type                Incr(ns)  Path(ns)    Netlist Resource(s)
  -------------------------------------------------------------------    -------------------
                         (clock clk rise edge)        0.000     0.000 r  
    AH18                                              0.000     0.000 r  clk300_p_i (IN)
                         net (fo=0)                   0.100     0.100    u_ibufds/I
    HPIOBDIFFINBUF_X1Y36 DIFFINBUF (Prop_DIFFINBUF_HPIOBDIFFINBUF_DIFF_IN_P_O)
                                                      0.525     0.625 r  u_ibufds/DIFFINBUF_INST/O
                         net (fo=1, routed)           0.050     0.675    u_ibufds/OUT
    AH18                 IBUFCTRL (Prop_IBUFCTRL_HPIOB_M_I_O)
                                                      0.000     0.675 r  u_ibufds/IBUFCTRL_INST/O
                         net (fo=1, routed)           0.322     0.997    clk_ref
    BUFGCE_DIV_X1Y7      BUFGCE_DIV (Prop_BUFGCE_DIV_I_O)
                                                      0.152     1.149 r  u_bufgce_div/O
    X1Y3 (CLOCK_ROOT)    net (fo=7742, routed)        2.424     3.573    u_soc/g_dcache.u_dcache/g_dcu[0].u_dcu/clk
    SLICE_X84Y316        FDCE                                         r  u_soc/g_dcache.u_dcache/g_dcu[0].u_dcu/s2_addr_q_reg[4]/C
  -------------------------------------------------------------------    -------------------
    SLICE_X84Y316        FDCE (Prop_EFF_SLICEM_C_Q)
                                                      0.076     3.649 r  u_soc/g_dcache.u_dcache/g_dcu[0].u_dcu/s2_addr_q_reg[4]/Q
                         net (fo=83, routed)          0.797     4.446    u_soc/g_dcache.u_dcache/g_dcu[0].u_dcu/s2_addr_q_reg[31]_0[4]
    SLICE_X86Y295        LUT6 (Prop_A6LUT_SLICEM_I0_O)
                                                      0.125     4.571 r  u_soc/g_dcache.u_dcache/g_dcu[0].u_dcu/i___56__0_i_29__2/O
                         net (fo=1, routed)           0.013     4.584    u_soc/g_dcache.u_dcache/g_dcu[0].u_dcu/i___56__0_i_29__2_n_0
    SLICE_X86Y295        CARRY8 (Prop_CARRY8_SLICEM_S[0]_CO[7])
                                                      0.192     4.776 f  u_soc/g_dcache.u_dcache/g_dcu[0].u_dcu/i___56__0_i_8__1/CO[7]
                         net (fo=1, routed)           0.026     4.802    u_soc/g_dcache.u_dcache/g_dcu[0].u_dcu/i___56__0_i_8__1_n_0
    SLICE_X86Y296        CARRY8 (Prop_CARRY8_SLICEM_CI_CO[1])
                                                      0.042     4.844 f  u_soc/g_dcache.u_dcache/g_dcu[0].u_dcu/i___56__0_i_3__2/CO[1]
                         net (fo=1, routed)           0.605     5.449    u_soc/g_dcache.u_dcache/g_dcu[1].u_dcu/i___56__0_1[0]
    SLICE_X89Y296        LUT6 (Prop_C6LUT_SLICEM_I3_O)
                                                      0.098     5.547 f  u_soc/g_dcache.u_dcache/g_dcu[1].u_dcu/i___56__0_i_1/O
                         net (fo=2, routed)           0.325     5.872    u_soc/g_dcache.u_dcache/g_dcu[3].u_dcu/ptr_q_reg[1]
    SLICE_X89Y297        LUT4 (Prop_B6LUT_SLICEM_I3_O)
                                                      0.100     5.972 r  u_soc/g_dcache.u_dcache/g_dcu[3].u_dcu/i___56__0/O
                         net (fo=15, routed)          0.511     6.483    u_soc/g_dcache.u_dcache/u_snoopy_bus/u_inv_arb/req_i0[1]
    SLICE_X90Y290        LUT6 (Prop_E6LUT_SLICEL_I4_O)
                                                      0.099     6.582 r  u_soc/g_dcache.u_dcache/u_snoopy_bus/u_inv_arb/g_core[0].g_way[0].tag_mem_reg_0_63_0_6_i_9/O
                         net (fo=52, routed)          0.517     7.099    u_soc/g_dcache.u_dcache/u_snoopy_bus/u_inv_arb/inv_arb_idx[1]
    SLICE_X93Y296        LUT6 (Prop_F6LUT_SLICEM_I4_O)
                                                      0.037     7.136 r  u_soc/g_dcache.u_dcache/u_snoopy_bus/u_inv_arb/g_core[0].g_way[0].tag_mem_reg_0_63_0_6_i_6/O
                         net (fo=315, routed)         0.708     7.845    u_soc/g_dcache.u_dcache/u_snoopy_bus/g_filter.u_filter/g_core[2].g_way[0].tag_mem_reg_0_63_0_6/ADDRE0
    SLICE_X86Y282        RAMD64E (Prop_E6LUT_SLICEM_RADR0_O)
                                                      0.148     7.993 r  u_soc/g_dcache.u_dcache/u_snoopy_bus/g_filter.u_filter/g_core[2].g_way[0].tag_mem_reg_0_63_0_6/RAME/O
                         net (fo=1, routed)           0.219     8.212    u_soc/g_dcache.u_dcache/u_snoopy_bus/g_filter.u_filter/tag_rd[2][0]_4[4]
    SLICE_X88Y283        LUT6 (Prop_B6LUT_SLICEM_I5_O)
                                                      0.149     8.361 r  u_soc/g_dcache.u_dcache/u_snoopy_bus/g_filter.u_filter/i___56__1_i_151/O
                         net (fo=1, routed)           0.016     8.377    u_soc/g_dcache.u_dcache/u_snoopy_bus/g_filter.u_filter/i___56__1_i_151_n_0
    SLICE_X88Y283        CARRY8 (Prop_CARRY8_SLICEM_S[1]_CO[7])
                                                      0.197     8.574 r  u_soc/g_dcache.u_dcache/u_snoopy_bus/g_filter.u_filter/i___56__1_i_58/CO[7]
                         net (fo=1, routed)           0.660     9.234    u_soc/g_dcache.u_dcache/u_snoopy_bus/g_filter.u_filter/way_hit[2][0]0
    SLICE_X103Y279       LUT6 (Prop_B6LUT_SLICEL_I5_O)
                                                      0.098     9.332 r  u_soc/g_dcache.u_dcache/u_snoopy_bus/g_filter.u_filter/i___56__1_i_24/O
                         net (fo=1, routed)           0.539     9.871    u_soc/g_dcache.u_dcache/u_snoopy_bus/u_inv_arb/way_hit[2][0]_210
    SLICE_X99Y281        LUT6 (Prop_H6LUT_SLICEL_I0_O)
                                                      0.090     9.961 f  u_soc/g_dcache.u_dcache/u_snoopy_bus/u_inv_arb/i___56__1_i_14/O
                         net (fo=1, routed)           0.206    10.167    u_soc/g_dcache.u_dcache/g_dcu[0].u_dcu/u_data_ram/i___56__1_i_2__0_0
    SLICE_X99Y289        LUT5 (Prop_F6LUT_SLICEL_I2_O)
                                                      0.049    10.216 r  u_soc/g_dcache.u_dcache/g_dcu[0].u_dcu/u_data_ram/i___56__1_i_5__2/O
                         net (fo=6, routed)           0.595    10.811    u_soc/g_dcache.u_dcache/g_dcu[0].u_dcu/u_data_ram/FSM_onehot_ccl_q_reg[1]
    SLICE_X92Y295        LUT6 (Prop_G6LUT_SLICEL_I5_O)
                                                      0.035    10.846 f  u_soc/g_dcache.u_dcache/g_dcu[0].u_dcu/u_data_ram/i___36_i_3/O
                         net (fo=132, routed)         0.416    11.261    u_soc/g_dcache.u_dcache/u_snoopy_bus/u_inv_arb/s1_addr_q_reg[31]_8
    SLICE_X85Y291        LUT2 (Prop_B6LUT_SLICEL_I1_O)
                                                      0.124    11.385 r  u_soc/g_dcache.u_dcache/u_snoopy_bus/u_inv_arb/i___36_i_1__1/O
                         net (fo=15, routed)          0.225    11.610    u_soc/g_dcache.u_dcache/g_dcu[2].u_dcu/inv_valid[0]
    SLICE_X88Y290        LUT5 (Prop_C6LUT_SLICEM_I0_O)
                                                      0.088    11.698 r  u_soc/g_dcache.u_dcache/g_dcu[2].u_dcu/i___35_i_2__4/O
                         net (fo=39, routed)          0.486    12.184    u_soc/g_dcache.u_dcache/g_dcu[2].u_dcu/u_tag_ram/s1_req_q_reg[1]_0
    SLICE_X84Y290        LUT6 (Prop_F6LUT_SLICEM_I0_O)
                                                      0.051    12.235 r  u_soc/g_dcache.u_dcache/g_dcu[2].u_dcu/u_tag_ram/s1_req_q[1]_i_3__1/O
                         net (fo=36, routed)          0.815    13.050    u_soc/g_dcache.u_dcache/g_dcu[2].u_dcu/u_tag_ram/s1_req_q[1]_i_3__1_n_0
    SLICE_X80Y276        LUT3 (Prop_D6LUT_SLICEL_I0_O)
                                                      0.122    13.172 f  u_soc/g_dcache.u_dcache/g_dcu[2].u_dcu/u_tag_ram/i___107_i_2__1/O
                         net (fo=1, routed)           0.467    13.639    u_soc/g_pe[2].u_pe/u_core/core_i/id_stage_i/dcu_gnt[0]
    SLICE_X78Y270        LUT6 (Prop_H6LUT_SLICEM_I0_O)
                                                      0.152    13.791 f  u_soc/g_pe[2].u_pe/u_core/core_i/id_stage_i/i___107_i_1__1/O
                         net (fo=11, routed)          1.031    14.822    u_soc/g_pe[2].u_pe/u_core/core_i/id_stage_i/controller_i/i___35_i_4__1_0
    SLICE_X78Y255        LUT5 (Prop_D6LUT_SLICEM_I0_O)
                                                      0.088    14.910 f  u_soc/g_pe[2].u_pe/u_core/core_i/id_stage_i/controller_i/i___35_i_5__1/O
                         net (fo=1, routed)           0.492    15.402    u_soc/g_pe[2].u_pe/u_core/core_i/id_stage_i/controller_i/lsu_ready_ex
    SLICE_X89Y256        LUT6 (Prop_C6LUT_SLICEM_I1_O)
                                                      0.098    15.500 f  u_soc/g_pe[2].u_pe/u_core/core_i/id_stage_i/controller_i/i___35_i_4__1/O
                         net (fo=1, routed)           0.171    15.671    u_soc/g_pe[2].u_pe/u_core/core_i/ex_stage_i/mult_i/regfile_waddr_lsu[4]_i_2__1
    SLICE_X89Y255        LUT6 (Prop_C6LUT_SLICEM_I2_O)
                                                      0.098    15.769 f  u_soc/g_pe[2].u_pe/u_core/core_i/ex_stage_i/mult_i/i___35_i_3__3/O
                         net (fo=2, routed)           0.379    16.148    u_soc/g_pe[2].u_pe/u_core/core_i/ex_stage_i/mult_i/ex_valid_o03_out
    SLICE_X78Y256        LUT2 (Prop_G6LUT_SLICEM_I0_O)
                                                      0.150    16.298 f  u_soc/g_pe[2].u_pe/u_core/core_i/ex_stage_i/mult_i/i___35_i_2__1/O
                         net (fo=13, routed)          0.520    16.818    u_soc/g_pe[2].u_pe/u_core/ex_ready
    SLICE_X75Y255        LUT5 (Prop_A6LUT_SLICEL_I3_O)
                                                      0.050    16.868 f  u_soc/g_pe[2].u_pe/u_core/i___181/O
                         net (fo=13, routed)          0.743    17.610    u_soc/g_pe[2].u_pe/u_core/core_i/if_stage_i/aligner_i/id_ready
    SLICE_X76Y269        LUT6 (Prop_H6LUT_SLICEL_I4_O)
                                                      0.124    17.734 f  u_soc/g_pe[2].u_pe/u_core/core_i/if_stage_i/aligner_i/status_cnt_q[1]_i_4__1/O
                         net (fo=6, routed)           0.579    18.313    u_soc/g_pe[2].u_pe/u_core/core_i/if_stage_i/prefetch_buffer_i/fifo_i/mem_q_reg[0][0]_0
    SLICE_X76Y272        LUT6 (Prop_F6LUT_SLICEL_I0_O)
                                                      0.035    18.348 r  u_soc/g_pe[2].u_pe/u_core/core_i/if_stage_i/prefetch_buffer_i/fifo_i/mem_q[0][31]_i_1__1/O
                         net (fo=32, routed)          1.634    19.983    u_soc/g_pe[2].u_pe/u_core/core_i/if_stage_i/prefetch_buffer_i/fifo_i/mem_q[0][31]_i_1__1_n_0
    SLICE_X71Y272        FDCE                                         r  u_soc/g_pe[2].u_pe/u_core/core_i/if_stage_i/prefetch_buffer_i/fifo_i/mem_q_reg[0][30]/CE
  -------------------------------------------------------------------    -------------------

                         (clock clk rise edge)       16.665    16.665 r  
    AH18                                              0.000    16.665 r  clk300_p_i (IN)
                         net (fo=0)                   0.079    16.744    u_ibufds/I
    HPIOBDIFFINBUF_X1Y36 DIFFINBUF (Prop_DIFFINBUF_HPIOBDIFFINBUF_DIFF_IN_P_O)
                                                      0.429    17.173 r  u_ibufds/DIFFINBUF_INST/O
                         net (fo=1, routed)           0.040    17.213    u_ibufds/OUT
    AH18                 IBUFCTRL (Prop_IBUFCTRL_HPIOB_M_I_O)
                                                      0.000    17.213 r  u_ibufds/IBUFCTRL_INST/O
                         net (fo=1, routed)           0.286    17.499    clk_ref
    BUFGCE_DIV_X1Y7      BUFGCE_DIV (Prop_BUFGCE_DIV_I_O)
                                                      0.132    17.631 r  u_bufgce_div/O
                         net (fo=7742, routed)        1.723    19.354    u_soc/g_pe[2].u_pe/u_core/core_i/sleep_unit_i/core_clock_gate_i/clk
    BUFGCE_X0Y104        BUFGCE (Prop_BUFCE_BUFGCE_I_O)
                                                      0.024    19.378 r  u_soc/g_pe[2].u_pe/u_core/core_i/sleep_unit_i/core_clock_gate_i/u_bufgce/O
    X2Y4 (CLOCK_ROOT)    net (fo=2099, routed)        1.636    21.014    u_soc/g_pe[2].u_pe/u_core/core_i/if_stage_i/prefetch_buffer_i/fifo_i/clk_0
    SLICE_X71Y272        FDCE                                         r  u_soc/g_pe[2].u_pe/u_core/core_i/if_stage_i/prefetch_buffer_i/fifo_i/mem_q_reg[0][30]/C
                         clock pessimism              0.263    21.278    
                         clock uncertainty           -0.035    21.242    
    SLICE_X71Y272        FDCE (Setup_EFF2_SLICEM_C_CE)
                                                     -0.061    21.181    u_soc/g_pe[2].u_pe/u_core/core_i/if_stage_i/prefetch_buffer_i/fifo_i/mem_q_reg[0][30]
  -------------------------------------------------------------------
                         required time                         21.181    
                         arrival time                         -19.983    
  -------------------------------------------------------------------
                         slack                                  1.199    

Slack (MET) :             1.200ns  (required time - arrival time)
  Source:                 u_soc/g_dcache.u_dcache/g_dcu[0].u_dcu/s2_addr_q_reg[4]/C
                            (rising edge-triggered cell FDCE clocked by clk  {rise@0.000ns fall@6.666ns period=16.665ns})
  Destination:            u_soc/g_pe[2].u_pe/u_core/core_i/if_stage_i/prefetch_buffer_i/fifo_i/mem_q_reg[0][28]/CE
                            (rising edge-triggered cell FDCE clocked by clk  {rise@0.000ns fall@6.666ns period=16.665ns})
  Path Group:             clk
  Path Type:              Setup (Max at Slow Process Corner)
  Requirement:            16.665ns  (clk rise@16.665ns - clk rise@0.000ns)
  Data Path Delay:        16.408ns  (logic 2.715ns (16.547%)  route 13.693ns (83.453%))
  Logic Levels:           26  (CARRY8=3 LUT2=2 LUT3=1 LUT4=1 LUT5=4 LUT6=14 RAMD64E=1)
  Clock Path Skew:        1.039ns (DCD - SCD + CPR)
    Destination Clock Delay (DCD):    4.349ns = ( 21.014 - 16.665 ) 
    Source Clock Delay      (SCD):    3.573ns
    Clock Pessimism Removal (CPR):    0.263ns
  Clock Uncertainty:      0.035ns  ((TSJ^2 + TIJ^2)^1/2 + DJ) / 2 + PE
    Total System Jitter     (TSJ):    0.071ns
    Total Input Jitter      (TIJ):    0.000ns
    Discrete Jitter          (DJ):    0.000ns
    Phase Error              (PE):    0.000ns
  Clock Net Delay (Source):      2.424ns (routing 1.007ns, distribution 1.417ns)
  Clock Net Delay (Destination): 1.636ns (routing 0.942ns, distribution 0.694ns)

    Location             Delay type                Incr(ns)  Path(ns)    Netlist Resource(s)
  -------------------------------------------------------------------    -------------------
                         (clock clk rise edge)        0.000     0.000 r  
    AH18                                              0.000     0.000 r  clk300_p_i (IN)
                         net (fo=0)                   0.100     0.100    u_ibufds/I
    HPIOBDIFFINBUF_X1Y36 DIFFINBUF (Prop_DIFFINBUF_HPIOBDIFFINBUF_DIFF_IN_P_O)
                                                      0.525     0.625 r  u_ibufds/DIFFINBUF_INST/O
                         net (fo=1, routed)           0.050     0.675    u_ibufds/OUT
    AH18                 IBUFCTRL (Prop_IBUFCTRL_HPIOB_M_I_O)
                                                      0.000     0.675 r  u_ibufds/IBUFCTRL_INST/O
                         net (fo=1, routed)           0.322     0.997    clk_ref
    BUFGCE_DIV_X1Y7      BUFGCE_DIV (Prop_BUFGCE_DIV_I_O)
                                                      0.152     1.149 r  u_bufgce_div/O
    X1Y3 (CLOCK_ROOT)    net (fo=7742, routed)        2.424     3.573    u_soc/g_dcache.u_dcache/g_dcu[0].u_dcu/clk
    SLICE_X84Y316        FDCE                                         r  u_soc/g_dcache.u_dcache/g_dcu[0].u_dcu/s2_addr_q_reg[4]/C
  -------------------------------------------------------------------    -------------------
    SLICE_X84Y316        FDCE (Prop_EFF_SLICEM_C_Q)
                                                      0.076     3.649 r  u_soc/g_dcache.u_dcache/g_dcu[0].u_dcu/s2_addr_q_reg[4]/Q
                         net (fo=83, routed)          0.797     4.446    u_soc/g_dcache.u_dcache/g_dcu[0].u_dcu/s2_addr_q_reg[31]_0[4]
    SLICE_X86Y295        LUT6 (Prop_A6LUT_SLICEM_I0_O)
                                                      0.125     4.571 r  u_soc/g_dcache.u_dcache/g_dcu[0].u_dcu/i___56__0_i_29__2/O
                         net (fo=1, routed)           0.013     4.584    u_soc/g_dcache.u_dcache/g_dcu[0].u_dcu/i___56__0_i_29__2_n_0
    SLICE_X86Y295        CARRY8 (Prop_CARRY8_SLICEM_S[0]_CO[7])
                                                      0.192     4.776 f  u_soc/g_dcache.u_dcache/g_dcu[0].u_dcu/i___56__0_i_8__1/CO[7]
                         net (fo=1, routed)           0.026     4.802    u_soc/g_dcache.u_dcache/g_dcu[0].u_dcu/i___56__0_i_8__1_n_0
    SLICE_X86Y296        CARRY8 (Prop_CARRY8_SLICEM_CI_CO[1])
                                                      0.042     4.844 f  u_soc/g_dcache.u_dcache/g_dcu[0].u_dcu/i___56__0_i_3__2/CO[1]
                         net (fo=1, routed)           0.605     5.449    u_soc/g_dcache.u_dcache/g_dcu[1].u_dcu/i___56__0_1[0]
    SLICE_X89Y296        LUT6 (Prop_C6LUT_SLICEM_I3_O)
                                                      0.098     5.547 f  u_soc/g_dcache.u_dcache/g_dcu[1].u_dcu/i___56__0_i_1/O
                         net (fo=2, routed)           0.325     5.872    u_soc/g_dcache.u_dcache/g_dcu[3].u_dcu/ptr_q_reg[1]
    SLICE_X89Y297        LUT4 (Prop_B6LUT_SLICEM_I3_O)
                                                      0.100     5.972 r  u_soc/g_dcache.u_dcache/g_dcu[3].u_dcu/i___56__0/O
                         net (fo=15, routed)          0.511     6.483    u_soc/g_dcache.u_dcache/u_snoopy_bus/u_inv_arb/req_i0[1]
    SLICE_X90Y290        LUT6 (Prop_E6LUT_SLICEL_I4_O)
                                                      0.099     6.582 r  u_soc/g_dcache.u_dcache/u_snoopy_bus/u_inv_arb/g_core[0].g_way[0].tag_mem_reg_0_63_0_6_i_9/O
                         net (fo=52, routed)          0.517     7.099    u_soc/g_dcache.u_dcache/u_snoopy_bus/u_inv_arb/inv_arb_idx[1]
    SLICE_X93Y296        LUT6 (Prop_F6LUT_SLICEM_I4_O)
                                                      0.037     7.136 r  u_soc/g_dcache.u_dcache/u_snoopy_bus/u_inv_arb/g_core[0].g_way[0].tag_mem_reg_0_63_0_6_i_6/O
                         net (fo=315, routed)         0.708     7.845    u_soc/g_dcache.u_dcache/u_snoopy_bus/g_filter.u_filter/g_core[2].g_way[0].tag_mem_reg_0_63_0_6/ADDRE0
    SLICE_X86Y282        RAMD64E (Prop_E6LUT_SLICEM_RADR0_O)
                                                      0.148     7.993 r  u_soc/g_dcache.u_dcache/u_snoopy_bus/g_filter.u_filter/g_core[2].g_way[0].tag_mem_reg_0_63_0_6/RAME/O
                         net (fo=1, routed)           0.219     8.212    u_soc/g_dcache.u_dcache/u_snoopy_bus/g_filter.u_filter/tag_rd[2][0]_4[4]
    SLICE_X88Y283        LUT6 (Prop_B6LUT_SLICEM_I5_O)
                                                      0.149     8.361 r  u_soc/g_dcache.u_dcache/u_snoopy_bus/g_filter.u_filter/i___56__1_i_151/O
                         net (fo=1, routed)           0.016     8.377    u_soc/g_dcache.u_dcache/u_snoopy_bus/g_filter.u_filter/i___56__1_i_151_n_0
    SLICE_X88Y283        CARRY8 (Prop_CARRY8_SLICEM_S[1]_CO[7])
                                                      0.197     8.574 r  u_soc/g_dcache.u_dcache/u_snoopy_bus/g_filter.u_filter/i___56__1_i_58/CO[7]
                         net (fo=1, routed)           0.660     9.234    u_soc/g_dcache.u_dcache/u_snoopy_bus/g_filter.u_filter/way_hit[2][0]0
    SLICE_X103Y279       LUT6 (Prop_B6LUT_SLICEL_I5_O)
                                                      0.098     9.332 r  u_soc/g_dcache.u_dcache/u_snoopy_bus/g_filter.u_filter/i___56__1_i_24/O
                         net (fo=1, routed)           0.539     9.871    u_soc/g_dcache.u_dcache/u_snoopy_bus/u_inv_arb/way_hit[2][0]_210
    SLICE_X99Y281        LUT6 (Prop_H6LUT_SLICEL_I0_O)
                                                      0.090     9.961 f  u_soc/g_dcache.u_dcache/u_snoopy_bus/u_inv_arb/i___56__1_i_14/O
                         net (fo=1, routed)           0.206    10.167    u_soc/g_dcache.u_dcache/g_dcu[0].u_dcu/u_data_ram/i___56__1_i_2__0_0
    SLICE_X99Y289        LUT5 (Prop_F6LUT_SLICEL_I2_O)
                                                      0.049    10.216 r  u_soc/g_dcache.u_dcache/g_dcu[0].u_dcu/u_data_ram/i___56__1_i_5__2/O
                         net (fo=6, routed)           0.595    10.811    u_soc/g_dcache.u_dcache/g_dcu[0].u_dcu/u_data_ram/FSM_onehot_ccl_q_reg[1]
    SLICE_X92Y295        LUT6 (Prop_G6LUT_SLICEL_I5_O)
                                                      0.035    10.846 f  u_soc/g_dcache.u_dcache/g_dcu[0].u_dcu/u_data_ram/i___36_i_3/O
                         net (fo=132, routed)         0.416    11.261    u_soc/g_dcache.u_dcache/u_snoopy_bus/u_inv_arb/s1_addr_q_reg[31]_8
    SLICE_X85Y291        LUT2 (Prop_B6LUT_SLICEL_I1_O)
                                                      0.124    11.385 r  u_soc/g_dcache.u_dcache/u_snoopy_bus/u_inv_arb/i___36_i_1__1/O
                         net (fo=15, routed)          0.225    11.610    u_soc/g_dcache.u_dcache/g_dcu[2].u_dcu/inv_valid[0]
    SLICE_X88Y290        LUT5 (Prop_C6LUT_SLICEM_I0_O)
                                                      0.088    11.698 r  u_soc/g_dcache.u_dcache/g_dcu[2].u_dcu/i___35_i_2__4/O
                         net (fo=39, routed)          0.486    12.184    u_soc/g_dcache.u_dcache/g_dcu[2].u_dcu/u_tag_ram/s1_req_q_reg[1]_0
    SLICE_X84Y290        LUT6 (Prop_F6LUT_SLICEM_I0_O)
                                                      0.051    12.235 r  u_soc/g_dcache.u_dcache/g_dcu[2].u_dcu/u_tag_ram/s1_req_q[1]_i_3__1/O
                         net (fo=36, routed)          0.815    13.050    u_soc/g_dcache.u_dcache/g_dcu[2].u_dcu/u_tag_ram/s1_req_q[1]_i_3__1_n_0
    SLICE_X80Y276        LUT3 (Prop_D6LUT_SLICEL_I0_O)
                                                      0.122    13.172 f  u_soc/g_dcache.u_dcache/g_dcu[2].u_dcu/u_tag_ram/i___107_i_2__1/O
                         net (fo=1, routed)           0.467    13.639    u_soc/g_pe[2].u_pe/u_core/core_i/id_stage_i/dcu_gnt[0]
    SLICE_X78Y270        LUT6 (Prop_H6LUT_SLICEM_I0_O)
                                                      0.152    13.791 f  u_soc/g_pe[2].u_pe/u_core/core_i/id_stage_i/i___107_i_1__1/O
                         net (fo=11, routed)          1.031    14.822    u_soc/g_pe[2].u_pe/u_core/core_i/id_stage_i/controller_i/i___35_i_4__1_0
    SLICE_X78Y255        LUT5 (Prop_D6LUT_SLICEM_I0_O)
                                                      0.088    14.910 f  u_soc/g_pe[2].u_pe/u_core/core_i/id_stage_i/controller_i/i___35_i_5__1/O
                         net (fo=1, routed)           0.492    15.402    u_soc/g_pe[2].u_pe/u_core/core_i/id_stage_i/controller_i/lsu_ready_ex
    SLICE_X89Y256        LUT6 (Prop_C6LUT_SLICEM_I1_O)
                                                      0.098    15.500 f  u_soc/g_pe[2].u_pe/u_core/core_i/id_stage_i/controller_i/i___35_i_4__1/O
                         net (fo=1, routed)           0.171    15.671    u_soc/g_pe[2].u_pe/u_core/core_i/ex_stage_i/mult_i/regfile_waddr_lsu[4]_i_2__1
    SLICE_X89Y255        LUT6 (Prop_C6LUT_SLICEM_I2_O)
                                                      0.098    15.769 f  u_soc/g_pe[2].u_pe/u_core/core_i/ex_stage_i/mult_i/i___35_i_3__3/O
                         net (fo=2, routed)           0.379    16.148    u_soc/g_pe[2].u_pe/u_core/core_i/ex_stage_i/mult_i/ex_valid_o03_out
    SLICE_X78Y256        LUT2 (Prop_G6LUT_SLICEM_I0_O)
                                                      0.150    16.298 f  u_soc/g_pe[2].u_pe/u_core/core_i/ex_stage_i/mult_i/i___35_i_2__1/O
                         net (fo=13, routed)          0.520    16.818    u_soc/g_pe[2].u_pe/u_core/ex_ready
    SLICE_X75Y255        LUT5 (Prop_A6LUT_SLICEL_I3_O)
                                                      0.050    16.868 f  u_soc/g_pe[2].u_pe/u_core/i___181/O
                         net (fo=13, routed)          0.743    17.610    u_soc/g_pe[2].u_pe/u_core/core_i/if_stage_i/aligner_i/id_ready
    SLICE_X76Y269        LUT6 (Prop_H6LUT_SLICEL_I4_O)
                                                      0.124    17.734 f  u_soc/g_pe[2].u_pe/u_core/core_i/if_stage_i/aligner_i/status_cnt_q[1]_i_4__1/O
                         net (fo=6, routed)           0.579    18.313    u_soc/g_pe[2].u_pe/u_core/core_i/if_stage_i/prefetch_buffer_i/fifo_i/mem_q_reg[0][0]_0
    SLICE_X76Y272        LUT6 (Prop_F6LUT_SLICEL_I0_O)
                                                      0.035    18.348 r  u_soc/g_pe[2].u_pe/u_core/core_i/if_stage_i/prefetch_buffer_i/fifo_i/mem_q[0][31]_i_1__1/O
                         net (fo=32, routed)          1.633    19.982    u_soc/g_pe[2].u_pe/u_core/core_i/if_stage_i/prefetch_buffer_i/fifo_i/mem_q[0][31]_i_1__1_n_0
    SLICE_X71Y272        FDCE                                         r  u_soc/g_pe[2].u_pe/u_core/core_i/if_stage_i/prefetch_buffer_i/fifo_i/mem_q_reg[0][28]/CE
  -------------------------------------------------------------------    -------------------

                         (clock clk rise edge)       16.665    16.665 r  
    AH18                                              0.000    16.665 r  clk300_p_i (IN)
                         net (fo=0)                   0.079    16.744    u_ibufds/I
    HPIOBDIFFINBUF_X1Y36 DIFFINBUF (Prop_DIFFINBUF_HPIOBDIFFINBUF_DIFF_IN_P_O)
                                                      0.429    17.173 r  u_ibufds/DIFFINBUF_INST/O
                         net (fo=1, routed)           0.040    17.213    u_ibufds/OUT
    AH18                 IBUFCTRL (Prop_IBUFCTRL_HPIOB_M_I_O)
                                                      0.000    17.213 r  u_ibufds/IBUFCTRL_INST/O
                         net (fo=1, routed)           0.286    17.499    clk_ref
    BUFGCE_DIV_X1Y7      BUFGCE_DIV (Prop_BUFGCE_DIV_I_O)
                                                      0.132    17.631 r  u_bufgce_div/O
                         net (fo=7742, routed)        1.723    19.354    u_soc/g_pe[2].u_pe/u_core/core_i/sleep_unit_i/core_clock_gate_i/clk
    BUFGCE_X0Y104        BUFGCE (Prop_BUFCE_BUFGCE_I_O)
                                                      0.024    19.378 r  u_soc/g_pe[2].u_pe/u_core/core_i/sleep_unit_i/core_clock_gate_i/u_bufgce/O
    X2Y4 (CLOCK_ROOT)    net (fo=2099, routed)        1.636    21.014    u_soc/g_pe[2].u_pe/u_core/core_i/if_stage_i/prefetch_buffer_i/fifo_i/clk_0
    SLICE_X71Y272        FDCE                                         r  u_soc/g_pe[2].u_pe/u_core/core_i/if_stage_i/prefetch_buffer_i/fifo_i/mem_q_reg[0][28]/C
                         clock pessimism              0.263    21.278    
                         clock uncertainty           -0.035    21.242    
    SLICE_X71Y272        FDCE (Setup_EFF_SLICEM_C_CE)
                                                     -0.061    21.181    u_soc/g_pe[2].u_pe/u_core/core_i/if_stage_i/prefetch_buffer_i/fifo_i/mem_q_reg[0][28]
  -------------------------------------------------------------------
                         required time                         21.181    
                         arrival time                         -19.982    
  -------------------------------------------------------------------
                         slack                                  1.200    

Slack (MET) :             1.202ns  (required time - arrival time)
  Source:                 u_soc/g_dcache.u_dcache/g_dcu[0].u_dcu/s2_addr_q_reg[4]/C
                            (rising edge-triggered cell FDCE clocked by clk  {rise@0.000ns fall@6.666ns period=16.665ns})
  Destination:            u_soc/g_pe[2].u_pe/u_core/core_i/if_stage_i/prefetch_buffer_i/fifo_i/mem_q_reg[0][12]/CE
                            (rising edge-triggered cell FDCE clocked by clk  {rise@0.000ns fall@6.666ns period=16.665ns})
  Path Group:             clk
  Path Type:              Setup (Max at Slow Process Corner)
  Requirement:            16.665ns  (clk rise@16.665ns - clk rise@0.000ns)
  Data Path Delay:        16.403ns  (logic 2.715ns (16.552%)  route 13.688ns (83.448%))
  Logic Levels:           26  (CARRY8=3 LUT2=2 LUT3=1 LUT4=1 LUT5=4 LUT6=14 RAMD64E=1)
  Clock Path Skew:        1.035ns (DCD - SCD + CPR)
    Destination Clock Delay (DCD):    4.345ns = ( 21.010 - 16.665 ) 
    Source Clock Delay      (SCD):    3.573ns
    Clock Pessimism Removal (CPR):    0.263ns
  Clock Uncertainty:      0.035ns  ((TSJ^2 + TIJ^2)^1/2 + DJ) / 2 + PE
    Total System Jitter     (TSJ):    0.071ns
    Total Input Jitter      (TIJ):    0.000ns
    Discrete Jitter          (DJ):    0.000ns
    Phase Error              (PE):    0.000ns
  Clock Net Delay (Source):      2.424ns (routing 1.007ns, distribution 1.417ns)
  Clock Net Delay (Destination): 1.632ns (routing 0.942ns, distribution 0.690ns)

    Location             Delay type                Incr(ns)  Path(ns)    Netlist Resource(s)
  -------------------------------------------------------------------    -------------------
                         (clock clk rise edge)        0.000     0.000 r  
    AH18                                              0.000     0.000 r  clk300_p_i (IN)
                         net (fo=0)                   0.100     0.100    u_ibufds/I
    HPIOBDIFFINBUF_X1Y36 DIFFINBUF (Prop_DIFFINBUF_HPIOBDIFFINBUF_DIFF_IN_P_O)
                                                      0.525     0.625 r  u_ibufds/DIFFINBUF_INST/O
                         net (fo=1, routed)           0.050     0.675    u_ibufds/OUT
    AH18                 IBUFCTRL (Prop_IBUFCTRL_HPIOB_M_I_O)
                                                      0.000     0.675 r  u_ibufds/IBUFCTRL_INST/O
                         net (fo=1, routed)           0.322     0.997    clk_ref
    BUFGCE_DIV_X1Y7      BUFGCE_DIV (Prop_BUFGCE_DIV_I_O)
                                                      0.152     1.149 r  u_bufgce_div/O
    X1Y3 (CLOCK_ROOT)    net (fo=7742, routed)        2.424     3.573    u_soc/g_dcache.u_dcache/g_dcu[0].u_dcu/clk
    SLICE_X84Y316        FDCE                                         r  u_soc/g_dcache.u_dcache/g_dcu[0].u_dcu/s2_addr_q_reg[4]/C
  -------------------------------------------------------------------    -------------------
    SLICE_X84Y316        FDCE (Prop_EFF_SLICEM_C_Q)
                                                      0.076     3.649 r  u_soc/g_dcache.u_dcache/g_dcu[0].u_dcu/s2_addr_q_reg[4]/Q
                         net (fo=83, routed)          0.797     4.446    u_soc/g_dcache.u_dcache/g_dcu[0].u_dcu/s2_addr_q_reg[31]_0[4]
    SLICE_X86Y295        LUT6 (Prop_A6LUT_SLICEM_I0_O)
                                                      0.125     4.571 r  u_soc/g_dcache.u_dcache/g_dcu[0].u_dcu/i___56__0_i_29__2/O
                         net (fo=1, routed)           0.013     4.584    u_soc/g_dcache.u_dcache/g_dcu[0].u_dcu/i___56__0_i_29__2_n_0
    SLICE_X86Y295        CARRY8 (Prop_CARRY8_SLICEM_S[0]_CO[7])
                                                      0.192     4.776 f  u_soc/g_dcache.u_dcache/g_dcu[0].u_dcu/i___56__0_i_8__1/CO[7]
                         net (fo=1, routed)           0.026     4.802    u_soc/g_dcache.u_dcache/g_dcu[0].u_dcu/i___56__0_i_8__1_n_0
    SLICE_X86Y296        CARRY8 (Prop_CARRY8_SLICEM_CI_CO[1])
                                                      0.042     4.844 f  u_soc/g_dcache.u_dcache/g_dcu[0].u_dcu/i___56__0_i_3__2/CO[1]
                         net (fo=1, routed)           0.605     5.449    u_soc/g_dcache.u_dcache/g_dcu[1].u_dcu/i___56__0_1[0]
    SLICE_X89Y296        LUT6 (Prop_C6LUT_SLICEM_I3_O)
                                                      0.098     5.547 f  u_soc/g_dcache.u_dcache/g_dcu[1].u_dcu/i___56__0_i_1/O
                         net (fo=2, routed)           0.325     5.872    u_soc/g_dcache.u_dcache/g_dcu[3].u_dcu/ptr_q_reg[1]
    SLICE_X89Y297        LUT4 (Prop_B6LUT_SLICEM_I3_O)
                                                      0.100     5.972 r  u_soc/g_dcache.u_dcache/g_dcu[3].u_dcu/i___56__0/O
                         net (fo=15, routed)          0.511     6.483    u_soc/g_dcache.u_dcache/u_snoopy_bus/u_inv_arb/req_i0[1]
    SLICE_X90Y290        LUT6 (Prop_E6LUT_SLICEL_I4_O)
                                                      0.099     6.582 r  u_soc/g_dcache.u_dcache/u_snoopy_bus/u_inv_arb/g_core[0].g_way[0].tag_mem_reg_0_63_0_6_i_9/O
                         net (fo=52, routed)          0.517     7.099    u_soc/g_dcache.u_dcache/u_snoopy_bus/u_inv_arb/inv_arb_idx[1]
    SLICE_X93Y296        LUT6 (Prop_F6LUT_SLICEM_I4_O)
                                                      0.037     7.136 r  u_soc/g_dcache.u_dcache/u_snoopy_bus/u_inv_arb/g_core[0].g_way[0].tag_mem_reg_0_63_0_6_i_6/O
                         net (fo=315, routed)         0.708     7.845    u_soc/g_dcache.u_dcache/u_snoopy_bus/g_filter.u_filter/g_core[2].g_way[0].tag_mem_reg_0_63_0_6/ADDRE0
    SLICE_X86Y282        RAMD64E (Prop_E6LUT_SLICEM_RADR0_O)
                                                      0.148     7.993 r  u_soc/g_dcache.u_dcache/u_snoopy_bus/g_filter.u_filter/g_core[2].g_way[0].tag_mem_reg_0_63_0_6/RAME/O
                         net (fo=1, routed)           0.219     8.212    u_soc/g_dcache.u_dcache/u_snoopy_bus/g_filter.u_filter/tag_rd[2][0]_4[4]
    SLICE_X88Y283        LUT6 (Prop_B6LUT_SLICEM_I5_O)
                                                      0.149     8.361 r  u_soc/g_dcache.u_dcache/u_snoopy_bus/g_filter.u_filter/i___56__1_i_151/O
                         net (fo=1, routed)           0.016     8.377    u_soc/g_dcache.u_dcache/u_snoopy_bus/g_filter.u_filter/i___56__1_i_151_n_0
    SLICE_X88Y283        CARRY8 (Prop_CARRY8_SLICEM_S[1]_CO[7])
                                                      0.197     8.574 r  u_soc/g_dcache.u_dcache/u_snoopy_bus/g_filter.u_filter/i___56__1_i_58/CO[7]
                         net (fo=1, routed)           0.660     9.234    u_soc/g_dcache.u_dcache/u_snoopy_bus/g_filter.u_filter/way_hit[2][0]0
    SLICE_X103Y279       LUT6 (Prop_B6LUT_SLICEL_I5_O)
                                                      0.098     9.332 r  u_soc/g_dcache.u_dcache/u_snoopy_bus/g_filter.u_filter/i___56__1_i_24/O
                         net (fo=1, routed)           0.539     9.871    u_soc/g_dcache.u_dcache/u_snoopy_bus/u_inv_arb/way_hit[2][0]_210
    SLICE_X99Y281        LUT6 (Prop_H6LUT_SLICEL_I0_O)
                                                      0.090     9.961 f  u_soc/g_dcache.u_dcache/u_snoopy_bus/u_inv_arb/i___56__1_i_14/O
                         net (fo=1, routed)           0.206    10.167    u_soc/g_dcache.u_dcache/g_dcu[0].u_dcu/u_data_ram/i___56__1_i_2__0_0
    SLICE_X99Y289        LUT5 (Prop_F6LUT_SLICEL_I2_O)
                                                      0.049    10.216 r  u_soc/g_dcache.u_dcache/g_dcu[0].u_dcu/u_data_ram/i___56__1_i_5__2/O
                         net (fo=6, routed)           0.595    10.811    u_soc/g_dcache.u_dcache/g_dcu[0].u_dcu/u_data_ram/FSM_onehot_ccl_q_reg[1]
    SLICE_X92Y295        LUT6 (Prop_G6LUT_SLICEL_I5_O)
                                                      0.035    10.846 f  u_soc/g_dcache.u_dcache/g_dcu[0].u_dcu/u_data_ram/i___36_i_3/O
                         net (fo=132, routed)         0.416    11.261    u_soc/g_dcache.u_dcache/u_snoopy_bus/u_inv_arb/s1_addr_q_reg[31]_8
    SLICE_X85Y291        LUT2 (Prop_B6LUT_SLICEL_I1_O)
                                                      0.124    11.385 r  u_soc/g_dcache.u_dcache/u_snoopy_bus/u_inv_arb/i___36_i_1__1/O
                         net (fo=15, routed)          0.225    11.610    u_soc/g_dcache.u_dcache/g_dcu[2].u_dcu/inv_valid[0]
    SLICE_X88Y290        LUT5 (Prop_C6LUT_SLICEM_I0_O)
                                                      0.088    11.698 r  u_soc/g_dcache.u_dcache/g_dcu[2].u_dcu/i___35_i_2__4/O
                         net (fo=39, routed)          0.486    12.184    u_soc/g_dcache.u_dcache/g_dcu[2].u_dcu/u_tag_ram/s1_req_q_reg[1]_0
    SLICE_X84Y290        LUT6 (Prop_F6LUT_SLICEM_I0_O)
                                                      0.051    12.235 r  u_soc/g_dcache.u_dcache/g_dcu[2].u_dcu/u_tag_ram/s1_req_q[1]_i_3__1/O
                         net (fo=36, routed)          0.815    13.050    u_soc/g_dcache.u_dcache/g_dcu[2].u_dcu/u_tag_ram/s1_req_q[1]_i_3__1_n_0
    SLICE_X80Y276        LUT3 (Prop_D6LUT_SLICEL_I0_O)
                                                      0.122    13.172 f  u_soc/g_dcache.u_dcache/g_dcu[2].u_dcu/u_tag_ram/i___107_i_2__1/O
                         net (fo=1, routed)           0.467    13.639    u_soc/g_pe[2].u_pe/u_core/core_i/id_stage_i/dcu_gnt[0]
    SLICE_X78Y270        LUT6 (Prop_H6LUT_SLICEM_I0_O)
                                                      0.152    13.791 f  u_soc/g_pe[2].u_pe/u_core/core_i/id_stage_i/i___107_i_1__1/O
                         net (fo=11, routed)          1.031    14.822    u_soc/g_pe[2].u_pe/u_core/core_i/id_stage_i/controller_i/i___35_i_4__1_0
    SLICE_X78Y255        LUT5 (Prop_D6LUT_SLICEM_I0_O)
                                                      0.088    14.910 f  u_soc/g_pe[2].u_pe/u_core/core_i/id_stage_i/controller_i/i___35_i_5__1/O
                         net (fo=1, routed)           0.492    15.402    u_soc/g_pe[2].u_pe/u_core/core_i/id_stage_i/controller_i/lsu_ready_ex
    SLICE_X89Y256        LUT6 (Prop_C6LUT_SLICEM_I1_O)
                                                      0.098    15.500 f  u_soc/g_pe[2].u_pe/u_core/core_i/id_stage_i/controller_i/i___35_i_4__1/O
                         net (fo=1, routed)           0.171    15.671    u_soc/g_pe[2].u_pe/u_core/core_i/ex_stage_i/mult_i/regfile_waddr_lsu[4]_i_2__1
    SLICE_X89Y255        LUT6 (Prop_C6LUT_SLICEM_I2_O)
                                                      0.098    15.769 f  u_soc/g_pe[2].u_pe/u_core/core_i/ex_stage_i/mult_i/i___35_i_3__3/O
                         net (fo=2, routed)           0.379    16.148    u_soc/g_pe[2].u_pe/u_core/core_i/ex_stage_i/mult_i/ex_valid_o03_out
    SLICE_X78Y256        LUT2 (Prop_G6LUT_SLICEM_I0_O)
                                                      0.150    16.298 f  u_soc/g_pe[2].u_pe/u_core/core_i/ex_stage_i/mult_i/i___35_i_2__1/O
                         net (fo=13, routed)          0.520    16.818    u_soc/g_pe[2].u_pe/u_core/ex_ready
    SLICE_X75Y255        LUT5 (Prop_A6LUT_SLICEL_I3_O)
                                                      0.050    16.868 f  u_soc/g_pe[2].u_pe/u_core/i___181/O
                         net (fo=13, routed)          0.743    17.610    u_soc/g_pe[2].u_pe/u_core/core_i/if_stage_i/aligner_i/id_ready
    SLICE_X76Y269        LUT6 (Prop_H6LUT_SLICEL_I4_O)
                                                      0.124    17.734 f  u_soc/g_pe[2].u_pe/u_core/core_i/if_stage_i/aligner_i/status_cnt_q[1]_i_4__1/O
                         net (fo=6, routed)           0.579    18.313    u_soc/g_pe[2].u_pe/u_core/core_i/if_stage_i/prefetch_buffer_i/fifo_i/mem_q_reg[0][0]_0
    SLICE_X76Y272        LUT6 (Prop_F6LUT_SLICEL_I0_O)
                                                      0.035    18.348 r  u_soc/g_pe[2].u_pe/u_core/core_i/if_stage_i/prefetch_buffer_i/fifo_i/mem_q[0][31]_i_1__1/O
                         net (fo=32, routed)          1.628    19.977    u_soc/g_pe[2].u_pe/u_core/core_i/if_stage_i/prefetch_buffer_i/fifo_i/mem_q[0][31]_i_1__1_n_0
    SLICE_X72Y272        FDCE                                         r  u_soc/g_pe[2].u_pe/u_core/core_i/if_stage_i/prefetch_buffer_i/fifo_i/mem_q_reg[0][12]/CE
  -------------------------------------------------------------------    -------------------

                         (clock clk rise edge)       16.665    16.665 r  
    AH18                                              0.000    16.665 r  clk300_p_i (IN)
                         net (fo=0)                   0.079    16.744    u_ibufds/I
    HPIOBDIFFINBUF_X1Y36 DIFFINBUF (Prop_DIFFINBUF_HPIOBDIFFINBUF_DIFF_IN_P_O)
                                                      0.429    17.173 r  u_ibufds/DIFFINBUF_INST/O
                         net (fo=1, routed)           0.040    17.213    u_ibufds/OUT
    AH18                 IBUFCTRL (Prop_IBUFCTRL_HPIOB_M_I_O)
                                                      0.000    17.213 r  u_ibufds/IBUFCTRL_INST/O
                         net (fo=1, routed)           0.286    17.499    clk_ref
    BUFGCE_DIV_X1Y7      BUFGCE_DIV (Prop_BUFGCE_DIV_I_O)
                                                      0.132    17.631 r  u_bufgce_div/O
                         net (fo=7742, routed)        1.723    19.354    u_soc/g_pe[2].u_pe/u_core/core_i/sleep_unit_i/core_clock_gate_i/clk
    BUFGCE_X0Y104        BUFGCE (Prop_BUFCE_BUFGCE_I_O)
                                                      0.024    19.378 r  u_soc/g_pe[2].u_pe/u_core/core_i/sleep_unit_i/core_clock_gate_i/u_bufgce/O
    X2Y4 (CLOCK_ROOT)    net (fo=2099, routed)        1.632    21.010    u_soc/g_pe[2].u_pe/u_core/core_i/if_stage_i/prefetch_buffer_i/fifo_i/clk_0
    SLICE_X72Y272        FDCE                                         r  u_soc/g_pe[2].u_pe/u_core/core_i/if_stage_i/prefetch_buffer_i/fifo_i/mem_q_reg[0][12]/C
                         clock pessimism              0.263    21.274    
                         clock uncertainty           -0.035    21.238    
    SLICE_X72Y272        FDCE (Setup_HFF_SLICEL_C_CE)
                                                     -0.060    21.178    u_soc/g_pe[2].u_pe/u_core/core_i/if_stage_i/prefetch_buffer_i/fifo_i/mem_q_reg[0][12]
  -------------------------------------------------------------------
                         required time                         21.178    
                         arrival time                         -19.977    
  -------------------------------------------------------------------
                         slack                                  1.202    

Slack (MET) :             1.202ns  (required time - arrival time)
  Source:                 u_soc/g_dcache.u_dcache/g_dcu[0].u_dcu/s2_addr_q_reg[4]/C
                            (rising edge-triggered cell FDCE clocked by clk  {rise@0.000ns fall@6.666ns period=16.665ns})
  Destination:            u_soc/g_pe[2].u_pe/u_core/core_i/if_stage_i/prefetch_buffer_i/fifo_i/mem_q_reg[0][4]/CE
                            (rising edge-triggered cell FDCE clocked by clk  {rise@0.000ns fall@6.666ns period=16.665ns})
  Path Group:             clk
  Path Type:              Setup (Max at Slow Process Corner)
  Requirement:            16.665ns  (clk rise@16.665ns - clk rise@0.000ns)
  Data Path Delay:        16.403ns  (logic 2.715ns (16.552%)  route 13.688ns (83.448%))
  Logic Levels:           26  (CARRY8=3 LUT2=2 LUT3=1 LUT4=1 LUT5=4 LUT6=14 RAMD64E=1)
  Clock Path Skew:        1.035ns (DCD - SCD + CPR)
    Destination Clock Delay (DCD):    4.345ns = ( 21.010 - 16.665 ) 
    Source Clock Delay      (SCD):    3.573ns
    Clock Pessimism Removal (CPR):    0.263ns
  Clock Uncertainty:      0.035ns  ((TSJ^2 + TIJ^2)^1/2 + DJ) / 2 + PE
    Total System Jitter     (TSJ):    0.071ns
    Total Input Jitter      (TIJ):    0.000ns
    Discrete Jitter          (DJ):    0.000ns
    Phase Error              (PE):    0.000ns
  Clock Net Delay (Source):      2.424ns (routing 1.007ns, distribution 1.417ns)
  Clock Net Delay (Destination): 1.632ns (routing 0.942ns, distribution 0.690ns)

    Location             Delay type                Incr(ns)  Path(ns)    Netlist Resource(s)
  -------------------------------------------------------------------    -------------------
                         (clock clk rise edge)        0.000     0.000 r  
    AH18                                              0.000     0.000 r  clk300_p_i (IN)
                         net (fo=0)                   0.100     0.100    u_ibufds/I
    HPIOBDIFFINBUF_X1Y36 DIFFINBUF (Prop_DIFFINBUF_HPIOBDIFFINBUF_DIFF_IN_P_O)
                                                      0.525     0.625 r  u_ibufds/DIFFINBUF_INST/O
                         net (fo=1, routed)           0.050     0.675    u_ibufds/OUT
    AH18                 IBUFCTRL (Prop_IBUFCTRL_HPIOB_M_I_O)
                                                      0.000     0.675 r  u_ibufds/IBUFCTRL_INST/O
                         net (fo=1, routed)           0.322     0.997    clk_ref
    BUFGCE_DIV_X1Y7      BUFGCE_DIV (Prop_BUFGCE_DIV_I_O)
                                                      0.152     1.149 r  u_bufgce_div/O
    X1Y3 (CLOCK_ROOT)    net (fo=7742, routed)        2.424     3.573    u_soc/g_dcache.u_dcache/g_dcu[0].u_dcu/clk
    SLICE_X84Y316        FDCE                                         r  u_soc/g_dcache.u_dcache/g_dcu[0].u_dcu/s2_addr_q_reg[4]/C
  -------------------------------------------------------------------    -------------------
    SLICE_X84Y316        FDCE (Prop_EFF_SLICEM_C_Q)
                                                      0.076     3.649 r  u_soc/g_dcache.u_dcache/g_dcu[0].u_dcu/s2_addr_q_reg[4]/Q
                         net (fo=83, routed)          0.797     4.446    u_soc/g_dcache.u_dcache/g_dcu[0].u_dcu/s2_addr_q_reg[31]_0[4]
    SLICE_X86Y295        LUT6 (Prop_A6LUT_SLICEM_I0_O)
                                                      0.125     4.571 r  u_soc/g_dcache.u_dcache/g_dcu[0].u_dcu/i___56__0_i_29__2/O
                         net (fo=1, routed)           0.013     4.584    u_soc/g_dcache.u_dcache/g_dcu[0].u_dcu/i___56__0_i_29__2_n_0
    SLICE_X86Y295        CARRY8 (Prop_CARRY8_SLICEM_S[0]_CO[7])
                                                      0.192     4.776 f  u_soc/g_dcache.u_dcache/g_dcu[0].u_dcu/i___56__0_i_8__1/CO[7]
                         net (fo=1, routed)           0.026     4.802    u_soc/g_dcache.u_dcache/g_dcu[0].u_dcu/i___56__0_i_8__1_n_0
    SLICE_X86Y296        CARRY8 (Prop_CARRY8_SLICEM_CI_CO[1])
                                                      0.042     4.844 f  u_soc/g_dcache.u_dcache/g_dcu[0].u_dcu/i___56__0_i_3__2/CO[1]
                         net (fo=1, routed)           0.605     5.449    u_soc/g_dcache.u_dcache/g_dcu[1].u_dcu/i___56__0_1[0]
    SLICE_X89Y296        LUT6 (Prop_C6LUT_SLICEM_I3_O)
                                                      0.098     5.547 f  u_soc/g_dcache.u_dcache/g_dcu[1].u_dcu/i___56__0_i_1/O
                         net (fo=2, routed)           0.325     5.872    u_soc/g_dcache.u_dcache/g_dcu[3].u_dcu/ptr_q_reg[1]
    SLICE_X89Y297        LUT4 (Prop_B6LUT_SLICEM_I3_O)
                                                      0.100     5.972 r  u_soc/g_dcache.u_dcache/g_dcu[3].u_dcu/i___56__0/O
                         net (fo=15, routed)          0.511     6.483    u_soc/g_dcache.u_dcache/u_snoopy_bus/u_inv_arb/req_i0[1]
    SLICE_X90Y290        LUT6 (Prop_E6LUT_SLICEL_I4_O)
                                                      0.099     6.582 r  u_soc/g_dcache.u_dcache/u_snoopy_bus/u_inv_arb/g_core[0].g_way[0].tag_mem_reg_0_63_0_6_i_9/O
                         net (fo=52, routed)          0.517     7.099    u_soc/g_dcache.u_dcache/u_snoopy_bus/u_inv_arb/inv_arb_idx[1]
    SLICE_X93Y296        LUT6 (Prop_F6LUT_SLICEM_I4_O)
                                                      0.037     7.136 r  u_soc/g_dcache.u_dcache/u_snoopy_bus/u_inv_arb/g_core[0].g_way[0].tag_mem_reg_0_63_0_6_i_6/O
                         net (fo=315, routed)         0.708     7.845    u_soc/g_dcache.u_dcache/u_snoopy_bus/g_filter.u_filter/g_core[2].g_way[0].tag_mem_reg_0_63_0_6/ADDRE0
    SLICE_X86Y282        RAMD64E (Prop_E6LUT_SLICEM_RADR0_O)
                                                      0.148     7.993 r  u_soc/g_dcache.u_dcache/u_snoopy_bus/g_filter.u_filter/g_core[2].g_way[0].tag_mem_reg_0_63_0_6/RAME/O
                         net (fo=1, routed)           0.219     8.212    u_soc/g_dcache.u_dcache/u_snoopy_bus/g_filter.u_filter/tag_rd[2][0]_4[4]
    SLICE_X88Y283        LUT6 (Prop_B6LUT_SLICEM_I5_O)
                                                      0.149     8.361 r  u_soc/g_dcache.u_dcache/u_snoopy_bus/g_filter.u_filter/i___56__1_i_151/O
                         net (fo=1, routed)           0.016     8.377    u_soc/g_dcache.u_dcache/u_snoopy_bus/g_filter.u_filter/i___56__1_i_151_n_0
    SLICE_X88Y283        CARRY8 (Prop_CARRY8_SLICEM_S[1]_CO[7])
                                                      0.197     8.574 r  u_soc/g_dcache.u_dcache/u_snoopy_bus/g_filter.u_filter/i___56__1_i_58/CO[7]
                         net (fo=1, routed)           0.660     9.234    u_soc/g_dcache.u_dcache/u_snoopy_bus/g_filter.u_filter/way_hit[2][0]0
    SLICE_X103Y279       LUT6 (Prop_B6LUT_SLICEL_I5_O)
                                                      0.098     9.332 r  u_soc/g_dcache.u_dcache/u_snoopy_bus/g_filter.u_filter/i___56__1_i_24/O
                         net (fo=1, routed)           0.539     9.871    u_soc/g_dcache.u_dcache/u_snoopy_bus/u_inv_arb/way_hit[2][0]_210
    SLICE_X99Y281        LUT6 (Prop_H6LUT_SLICEL_I0_O)
                                                      0.090     9.961 f  u_soc/g_dcache.u_dcache/u_snoopy_bus/u_inv_arb/i___56__1_i_14/O
                         net (fo=1, routed)           0.206    10.167    u_soc/g_dcache.u_dcache/g_dcu[0].u_dcu/u_data_ram/i___56__1_i_2__0_0
    SLICE_X99Y289        LUT5 (Prop_F6LUT_SLICEL_I2_O)
                                                      0.049    10.216 r  u_soc/g_dcache.u_dcache/g_dcu[0].u_dcu/u_data_ram/i___56__1_i_5__2/O
                         net (fo=6, routed)           0.595    10.811    u_soc/g_dcache.u_dcache/g_dcu[0].u_dcu/u_data_ram/FSM_onehot_ccl_q_reg[1]
    SLICE_X92Y295        LUT6 (Prop_G6LUT_SLICEL_I5_O)
                                                      0.035    10.846 f  u_soc/g_dcache.u_dcache/g_dcu[0].u_dcu/u_data_ram/i___36_i_3/O
                         net (fo=132, routed)         0.416    11.261    u_soc/g_dcache.u_dcache/u_snoopy_bus/u_inv_arb/s1_addr_q_reg[31]_8
    SLICE_X85Y291        LUT2 (Prop_B6LUT_SLICEL_I1_O)
                                                      0.124    11.385 r  u_soc/g_dcache.u_dcache/u_snoopy_bus/u_inv_arb/i___36_i_1__1/O
                         net (fo=15, routed)          0.225    11.610    u_soc/g_dcache.u_dcache/g_dcu[2].u_dcu/inv_valid[0]
    SLICE_X88Y290        LUT5 (Prop_C6LUT_SLICEM_I0_O)
                                                      0.088    11.698 r  u_soc/g_dcache.u_dcache/g_dcu[2].u_dcu/i___35_i_2__4/O
                         net (fo=39, routed)          0.486    12.184    u_soc/g_dcache.u_dcache/g_dcu[2].u_dcu/u_tag_ram/s1_req_q_reg[1]_0
    SLICE_X84Y290        LUT6 (Prop_F6LUT_SLICEM_I0_O)
                                                      0.051    12.235 r  u_soc/g_dcache.u_dcache/g_dcu[2].u_dcu/u_tag_ram/s1_req_q[1]_i_3__1/O
                         net (fo=36, routed)          0.815    13.050    u_soc/g_dcache.u_dcache/g_dcu[2].u_dcu/u_tag_ram/s1_req_q[1]_i_3__1_n_0
    SLICE_X80Y276        LUT3 (Prop_D6LUT_SLICEL_I0_O)
                                                      0.122    13.172 f  u_soc/g_dcache.u_dcache/g_dcu[2].u_dcu/u_tag_ram/i___107_i_2__1/O
                         net (fo=1, routed)           0.467    13.639    u_soc/g_pe[2].u_pe/u_core/core_i/id_stage_i/dcu_gnt[0]
    SLICE_X78Y270        LUT6 (Prop_H6LUT_SLICEM_I0_O)
                                                      0.152    13.791 f  u_soc/g_pe[2].u_pe/u_core/core_i/id_stage_i/i___107_i_1__1/O
                         net (fo=11, routed)          1.031    14.822    u_soc/g_pe[2].u_pe/u_core/core_i/id_stage_i/controller_i/i___35_i_4__1_0
    SLICE_X78Y255        LUT5 (Prop_D6LUT_SLICEM_I0_O)
                                                      0.088    14.910 f  u_soc/g_pe[2].u_pe/u_core/core_i/id_stage_i/controller_i/i___35_i_5__1/O
                         net (fo=1, routed)           0.492    15.402    u_soc/g_pe[2].u_pe/u_core/core_i/id_stage_i/controller_i/lsu_ready_ex
    SLICE_X89Y256        LUT6 (Prop_C6LUT_SLICEM_I1_O)
                                                      0.098    15.500 f  u_soc/g_pe[2].u_pe/u_core/core_i/id_stage_i/controller_i/i___35_i_4__1/O
                         net (fo=1, routed)           0.171    15.671    u_soc/g_pe[2].u_pe/u_core/core_i/ex_stage_i/mult_i/regfile_waddr_lsu[4]_i_2__1
    SLICE_X89Y255        LUT6 (Prop_C6LUT_SLICEM_I2_O)
                                                      0.098    15.769 f  u_soc/g_pe[2].u_pe/u_core/core_i/ex_stage_i/mult_i/i___35_i_3__3/O
                         net (fo=2, routed)           0.379    16.148    u_soc/g_pe[2].u_pe/u_core/core_i/ex_stage_i/mult_i/ex_valid_o03_out
    SLICE_X78Y256        LUT2 (Prop_G6LUT_SLICEM_I0_O)
                                                      0.150    16.298 f  u_soc/g_pe[2].u_pe/u_core/core_i/ex_stage_i/mult_i/i___35_i_2__1/O
                         net (fo=13, routed)          0.520    16.818    u_soc/g_pe[2].u_pe/u_core/ex_ready
    SLICE_X75Y255        LUT5 (Prop_A6LUT_SLICEL_I3_O)
                                                      0.050    16.868 f  u_soc/g_pe[2].u_pe/u_core/i___181/O
                         net (fo=13, routed)          0.743    17.610    u_soc/g_pe[2].u_pe/u_core/core_i/if_stage_i/aligner_i/id_ready
    SLICE_X76Y269        LUT6 (Prop_H6LUT_SLICEL_I4_O)
                                                      0.124    17.734 f  u_soc/g_pe[2].u_pe/u_core/core_i/if_stage_i/aligner_i/status_cnt_q[1]_i_4__1/O
                         net (fo=6, routed)           0.579    18.313    u_soc/g_pe[2].u_pe/u_core/core_i/if_stage_i/prefetch_buffer_i/fifo_i/mem_q_reg[0][0]_0
    SLICE_X76Y272        LUT6 (Prop_F6LUT_SLICEL_I0_O)
                                                      0.035    18.348 r  u_soc/g_pe[2].u_pe/u_core/core_i/if_stage_i/prefetch_buffer_i/fifo_i/mem_q[0][31]_i_1__1/O
                         net (fo=32, routed)          1.628    19.977    u_soc/g_pe[2].u_pe/u_core/core_i/if_stage_i/prefetch_buffer_i/fifo_i/mem_q[0][31]_i_1__1_n_0
    SLICE_X72Y272        FDCE                                         r  u_soc/g_pe[2].u_pe/u_core/core_i/if_stage_i/prefetch_buffer_i/fifo_i/mem_q_reg[0][4]/CE
  -------------------------------------------------------------------    -------------------

                         (clock clk rise edge)       16.665    16.665 r  
    AH18                                              0.000    16.665 r  clk300_p_i (IN)
                         net (fo=0)                   0.079    16.744    u_ibufds/I
    HPIOBDIFFINBUF_X1Y36 DIFFINBUF (Prop_DIFFINBUF_HPIOBDIFFINBUF_DIFF_IN_P_O)
                                                      0.429    17.173 r  u_ibufds/DIFFINBUF_INST/O
                         net (fo=1, routed)           0.040    17.213    u_ibufds/OUT
    AH18                 IBUFCTRL (Prop_IBUFCTRL_HPIOB_M_I_O)
                                                      0.000    17.213 r  u_ibufds/IBUFCTRL_INST/O
                         net (fo=1, routed)           0.286    17.499    clk_ref
    BUFGCE_DIV_X1Y7      BUFGCE_DIV (Prop_BUFGCE_DIV_I_O)
                                                      0.132    17.631 r  u_bufgce_div/O
                         net (fo=7742, routed)        1.723    19.354    u_soc/g_pe[2].u_pe/u_core/core_i/sleep_unit_i/core_clock_gate_i/clk
    BUFGCE_X0Y104        BUFGCE (Prop_BUFCE_BUFGCE_I_O)
                                                      0.024    19.378 r  u_soc/g_pe[2].u_pe/u_core/core_i/sleep_unit_i/core_clock_gate_i/u_bufgce/O
    X2Y4 (CLOCK_ROOT)    net (fo=2099, routed)        1.632    21.010    u_soc/g_pe[2].u_pe/u_core/core_i/if_stage_i/prefetch_buffer_i/fifo_i/clk_0
    SLICE_X72Y272        FDCE                                         r  u_soc/g_pe[2].u_pe/u_core/core_i/if_stage_i/prefetch_buffer_i/fifo_i/mem_q_reg[0][4]/C
                         clock pessimism              0.263    21.274    
                         clock uncertainty           -0.035    21.238    
    SLICE_X72Y272        FDCE (Setup_GFF_SLICEL_C_CE)
                                                     -0.060    21.178    u_soc/g_pe[2].u_pe/u_core/core_i/if_stage_i/prefetch_buffer_i/fifo_i/mem_q_reg[0][4]
  -------------------------------------------------------------------
                         required time                         21.178    
                         arrival time                         -19.977    
  -------------------------------------------------------------------
                         slack                                  1.202    

Slack (MET) :             1.236ns  (required time - arrival time)
  Source:                 u_soc/g_dcache.u_dcache/g_dcu[0].u_dcu/s2_addr_q_reg[4]/C
                            (rising edge-triggered cell FDCE clocked by clk  {rise@0.000ns fall@6.666ns period=16.665ns})
  Destination:            u_soc/g_pe[2].u_pe/u_core/core_i/if_stage_i/prefetch_buffer_i/fifo_i/mem_q_reg[0][29]/CE
                            (rising edge-triggered cell FDCE clocked by clk  {rise@0.000ns fall@6.666ns period=16.665ns})
  Path Group:             clk
  Path Type:              Setup (Max at Slow Process Corner)
  Requirement:            16.665ns  (clk rise@16.665ns - clk rise@0.000ns)
  Data Path Delay:        16.373ns  (logic 2.715ns (16.582%)  route 13.658ns (83.418%))
  Logic Levels:           26  (CARRY8=3 LUT2=2 LUT3=1 LUT4=1 LUT5=4 LUT6=14 RAMD64E=1)
  Clock Path Skew:        1.040ns (DCD - SCD + CPR)
    Destination Clock Delay (DCD):    4.350ns = ( 21.015 - 16.665 ) 
    Source Clock Delay      (SCD):    3.573ns
    Clock Pessimism Removal (CPR):    0.263ns
  Clock Uncertainty:      0.035ns  ((TSJ^2 + TIJ^2)^1/2 + DJ) / 2 + PE
    Total System Jitter     (TSJ):    0.071ns
    Total Input Jitter      (TIJ):    0.000ns
    Discrete Jitter          (DJ):    0.000ns
    Phase Error              (PE):    0.000ns
  Clock Net Delay (Source):      2.424ns (routing 1.007ns, distribution 1.417ns)
  Clock Net Delay (Destination): 1.637ns (routing 0.942ns, distribution 0.695ns)

    Location             Delay type                Incr(ns)  Path(ns)    Netlist Resource(s)
  -------------------------------------------------------------------    -------------------
                         (clock clk rise edge)        0.000     0.000 r  
    AH18                                              0.000     0.000 r  clk300_p_i (IN)
                         net (fo=0)                   0.100     0.100    u_ibufds/I
    HPIOBDIFFINBUF_X1Y36 DIFFINBUF (Prop_DIFFINBUF_HPIOBDIFFINBUF_DIFF_IN_P_O)
                                                      0.525     0.625 r  u_ibufds/DIFFINBUF_INST/O
                         net (fo=1, routed)           0.050     0.675    u_ibufds/OUT
    AH18                 IBUFCTRL (Prop_IBUFCTRL_HPIOB_M_I_O)
                                                      0.000     0.675 r  u_ibufds/IBUFCTRL_INST/O
                         net (fo=1, routed)           0.322     0.997    clk_ref
    BUFGCE_DIV_X1Y7      BUFGCE_DIV (Prop_BUFGCE_DIV_I_O)
                                                      0.152     1.149 r  u_bufgce_div/O
    X1Y3 (CLOCK_ROOT)    net (fo=7742, routed)        2.424     3.573    u_soc/g_dcache.u_dcache/g_dcu[0].u_dcu/clk
    SLICE_X84Y316        FDCE                                         r  u_soc/g_dcache.u_dcache/g_dcu[0].u_dcu/s2_addr_q_reg[4]/C
  -------------------------------------------------------------------    -------------------
    SLICE_X84Y316        FDCE (Prop_EFF_SLICEM_C_Q)
                                                      0.076     3.649 r  u_soc/g_dcache.u_dcache/g_dcu[0].u_dcu/s2_addr_q_reg[4]/Q
                         net (fo=83, routed)          0.797     4.446    u_soc/g_dcache.u_dcache/g_dcu[0].u_dcu/s2_addr_q_reg[31]_0[4]
    SLICE_X86Y295        LUT6 (Prop_A6LUT_SLICEM_I0_O)
                                                      0.125     4.571 r  u_soc/g_dcache.u_dcache/g_dcu[0].u_dcu/i___56__0_i_29__2/O
                         net (fo=1, routed)           0.013     4.584    u_soc/g_dcache.u_dcache/g_dcu[0].u_dcu/i___56__0_i_29__2_n_0
    SLICE_X86Y295        CARRY8 (Prop_CARRY8_SLICEM_S[0]_CO[7])
                                                      0.192     4.776 f  u_soc/g_dcache.u_dcache/g_dcu[0].u_dcu/i___56__0_i_8__1/CO[7]
                         net (fo=1, routed)           0.026     4.802    u_soc/g_dcache.u_dcache/g_dcu[0].u_dcu/i___56__0_i_8__1_n_0
    SLICE_X86Y296        CARRY8 (Prop_CARRY8_SLICEM_CI_CO[1])
                                                      0.042     4.844 f  u_soc/g_dcache.u_dcache/g_dcu[0].u_dcu/i___56__0_i_3__2/CO[1]
                         net (fo=1, routed)           0.605     5.449    u_soc/g_dcache.u_dcache/g_dcu[1].u_dcu/i___56__0_1[0]
    SLICE_X89Y296        LUT6 (Prop_C6LUT_SLICEM_I3_O)
                                                      0.098     5.547 f  u_soc/g_dcache.u_dcache/g_dcu[1].u_dcu/i___56__0_i_1/O
                         net (fo=2, routed)           0.325     5.872    u_soc/g_dcache.u_dcache/g_dcu[3].u_dcu/ptr_q_reg[1]
    SLICE_X89Y297        LUT4 (Prop_B6LUT_SLICEM_I3_O)
                                                      0.100     5.972 r  u_soc/g_dcache.u_dcache/g_dcu[3].u_dcu/i___56__0/O
                         net (fo=15, routed)          0.511     6.483    u_soc/g_dcache.u_dcache/u_snoopy_bus/u_inv_arb/req_i0[1]
    SLICE_X90Y290        LUT6 (Prop_E6LUT_SLICEL_I4_O)
                                                      0.099     6.582 r  u_soc/g_dcache.u_dcache/u_snoopy_bus/u_inv_arb/g_core[0].g_way[0].tag_mem_reg_0_63_0_6_i_9/O
                         net (fo=52, routed)          0.517     7.099    u_soc/g_dcache.u_dcache/u_snoopy_bus/u_inv_arb/inv_arb_idx[1]
    SLICE_X93Y296        LUT6 (Prop_F6LUT_SLICEM_I4_O)
                                                      0.037     7.136 r  u_soc/g_dcache.u_dcache/u_snoopy_bus/u_inv_arb/g_core[0].g_way[0].tag_mem_reg_0_63_0_6_i_6/O
                         net (fo=315, routed)         0.708     7.845    u_soc/g_dcache.u_dcache/u_snoopy_bus/g_filter.u_filter/g_core[2].g_way[0].tag_mem_reg_0_63_0_6/ADDRE0
    SLICE_X86Y282        RAMD64E (Prop_E6LUT_SLICEM_RADR0_O)
                                                      0.148     7.993 r  u_soc/g_dcache.u_dcache/u_snoopy_bus/g_filter.u_filter/g_core[2].g_way[0].tag_mem_reg_0_63_0_6/RAME/O
                         net (fo=1, routed)           0.219     8.212    u_soc/g_dcache.u_dcache/u_snoopy_bus/g_filter.u_filter/tag_rd[2][0]_4[4]
    SLICE_X88Y283        LUT6 (Prop_B6LUT_SLICEM_I5_O)
                                                      0.149     8.361 r  u_soc/g_dcache.u_dcache/u_snoopy_bus/g_filter.u_filter/i___56__1_i_151/O
                         net (fo=1, routed)           0.016     8.377    u_soc/g_dcache.u_dcache/u_snoopy_bus/g_filter.u_filter/i___56__1_i_151_n_0
    SLICE_X88Y283        CARRY8 (Prop_CARRY8_SLICEM_S[1]_CO[7])
                                                      0.197     8.574 r  u_soc/g_dcache.u_dcache/u_snoopy_bus/g_filter.u_filter/i___56__1_i_58/CO[7]
                         net (fo=1, routed)           0.660     9.234    u_soc/g_dcache.u_dcache/u_snoopy_bus/g_filter.u_filter/way_hit[2][0]0
    SLICE_X103Y279       LUT6 (Prop_B6LUT_SLICEL_I5_O)
                                                      0.098     9.332 r  u_soc/g_dcache.u_dcache/u_snoopy_bus/g_filter.u_filter/i___56__1_i_24/O
                         net (fo=1, routed)           0.539     9.871    u_soc/g_dcache.u_dcache/u_snoopy_bus/u_inv_arb/way_hit[2][0]_210
    SLICE_X99Y281        LUT6 (Prop_H6LUT_SLICEL_I0_O)
                                                      0.090     9.961 f  u_soc/g_dcache.u_dcache/u_snoopy_bus/u_inv_arb/i___56__1_i_14/O
                         net (fo=1, routed)           0.206    10.167    u_soc/g_dcache.u_dcache/g_dcu[0].u_dcu/u_data_ram/i___56__1_i_2__0_0
    SLICE_X99Y289        LUT5 (Prop_F6LUT_SLICEL_I2_O)
                                                      0.049    10.216 r  u_soc/g_dcache.u_dcache/g_dcu[0].u_dcu/u_data_ram/i___56__1_i_5__2/O
                         net (fo=6, routed)           0.595    10.811    u_soc/g_dcache.u_dcache/g_dcu[0].u_dcu/u_data_ram/FSM_onehot_ccl_q_reg[1]
    SLICE_X92Y295        LUT6 (Prop_G6LUT_SLICEL_I5_O)
                                                      0.035    10.846 f  u_soc/g_dcache.u_dcache/g_dcu[0].u_dcu/u_data_ram/i___36_i_3/O
                         net (fo=132, routed)         0.416    11.261    u_soc/g_dcache.u_dcache/u_snoopy_bus/u_inv_arb/s1_addr_q_reg[31]_8
    SLICE_X85Y291        LUT2 (Prop_B6LUT_SLICEL_I1_O)
                                                      0.124    11.385 r  u_soc/g_dcache.u_dcache/u_snoopy_bus/u_inv_arb/i___36_i_1__1/O
                         net (fo=15, routed)          0.225    11.610    u_soc/g_dcache.u_dcache/g_dcu[2].u_dcu/inv_valid[0]
    SLICE_X88Y290        LUT5 (Prop_C6LUT_SLICEM_I0_O)
                                                      0.088    11.698 r  u_soc/g_dcache.u_dcache/g_dcu[2].u_dcu/i___35_i_2__4/O
                         net (fo=39, routed)          0.486    12.184    u_soc/g_dcache.u_dcache/g_dcu[2].u_dcu/u_tag_ram/s1_req_q_reg[1]_0
    SLICE_X84Y290        LUT6 (Prop_F6LUT_SLICEM_I0_O)
                                                      0.051    12.235 r  u_soc/g_dcache.u_dcache/g_dcu[2].u_dcu/u_tag_ram/s1_req_q[1]_i_3__1/O
                         net (fo=36, routed)          0.815    13.050    u_soc/g_dcache.u_dcache/g_dcu[2].u_dcu/u_tag_ram/s1_req_q[1]_i_3__1_n_0
    SLICE_X80Y276        LUT3 (Prop_D6LUT_SLICEL_I0_O)
                                                      0.122    13.172 f  u_soc/g_dcache.u_dcache/g_dcu[2].u_dcu/u_tag_ram/i___107_i_2__1/O
                         net (fo=1, routed)           0.467    13.639    u_soc/g_pe[2].u_pe/u_core/core_i/id_stage_i/dcu_gnt[0]
    SLICE_X78Y270        LUT6 (Prop_H6LUT_SLICEM_I0_O)
                                                      0.152    13.791 f  u_soc/g_pe[2].u_pe/u_core/core_i/id_stage_i/i___107_i_1__1/O
                         net (fo=11, routed)          1.031    14.822    u_soc/g_pe[2].u_pe/u_core/core_i/id_stage_i/controller_i/i___35_i_4__1_0
    SLICE_X78Y255        LUT5 (Prop_D6LUT_SLICEM_I0_O)
                                                      0.088    14.910 f  u_soc/g_pe[2].u_pe/u_core/core_i/id_stage_i/controller_i/i___35_i_5__1/O
                         net (fo=1, routed)           0.492    15.402    u_soc/g_pe[2].u_pe/u_core/core_i/id_stage_i/controller_i/lsu_ready_ex
    SLICE_X89Y256        LUT6 (Prop_C6LUT_SLICEM_I1_O)
                                                      0.098    15.500 f  u_soc/g_pe[2].u_pe/u_core/core_i/id_stage_i/controller_i/i___35_i_4__1/O
                         net (fo=1, routed)           0.171    15.671    u_soc/g_pe[2].u_pe/u_core/core_i/ex_stage_i/mult_i/regfile_waddr_lsu[4]_i_2__1
    SLICE_X89Y255        LUT6 (Prop_C6LUT_SLICEM_I2_O)
                                                      0.098    15.769 f  u_soc/g_pe[2].u_pe/u_core/core_i/ex_stage_i/mult_i/i___35_i_3__3/O
                         net (fo=2, routed)           0.379    16.148    u_soc/g_pe[2].u_pe/u_core/core_i/ex_stage_i/mult_i/ex_valid_o03_out
    SLICE_X78Y256        LUT2 (Prop_G6LUT_SLICEM_I0_O)
                                                      0.150    16.298 f  u_soc/g_pe[2].u_pe/u_core/core_i/ex_stage_i/mult_i/i___35_i_2__1/O
                         net (fo=13, routed)          0.520    16.818    u_soc/g_pe[2].u_pe/u_core/ex_ready
    SLICE_X75Y255        LUT5 (Prop_A6LUT_SLICEL_I3_O)
                                                      0.050    16.868 f  u_soc/g_pe[2].u_pe/u_core/i___181/O
                         net (fo=13, routed)          0.743    17.610    u_soc/g_pe[2].u_pe/u_core/core_i/if_stage_i/aligner_i/id_ready
    SLICE_X76Y269        LUT6 (Prop_H6LUT_SLICEL_I4_O)
                                                      0.124    17.734 f  u_soc/g_pe[2].u_pe/u_core/core_i/if_stage_i/aligner_i/status_cnt_q[1]_i_4__1/O
                         net (fo=6, routed)           0.579    18.313    u_soc/g_pe[2].u_pe/u_core/core_i/if_stage_i/prefetch_buffer_i/fifo_i/mem_q_reg[0][0]_0
    SLICE_X76Y272        LUT6 (Prop_F6LUT_SLICEL_I0_O)
                                                      0.035    18.348 r  u_soc/g_pe[2].u_pe/u_core/core_i/if_stage_i/prefetch_buffer_i/fifo_i/mem_q[0][31]_i_1__1/O
                         net (fo=32, routed)          1.598    19.947    u_soc/g_pe[2].u_pe/u_core/core_i/if_stage_i/prefetch_buffer_i/fifo_i/mem_q[0][31]_i_1__1_n_0
    SLICE_X71Y273        FDCE                                         r  u_soc/g_pe[2].u_pe/u_core/core_i/if_stage_i/prefetch_buffer_i/fifo_i/mem_q_reg[0][29]/CE
  -------------------------------------------------------------------    -------------------

                         (clock clk rise edge)       16.665    16.665 r  
    AH18                                              0.000    16.665 r  clk300_p_i (IN)
                         net (fo=0)                   0.079    16.744    u_ibufds/I
    HPIOBDIFFINBUF_X1Y36 DIFFINBUF (Prop_DIFFINBUF_HPIOBDIFFINBUF_DIFF_IN_P_O)
                                                      0.429    17.173 r  u_ibufds/DIFFINBUF_INST/O
                         net (fo=1, routed)           0.040    17.213    u_ibufds/OUT
    AH18                 IBUFCTRL (Prop_IBUFCTRL_HPIOB_M_I_O)
                                                      0.000    17.213 r  u_ibufds/IBUFCTRL_INST/O
                         net (fo=1, routed)           0.286    17.499    clk_ref
    BUFGCE_DIV_X1Y7      BUFGCE_DIV (Prop_BUFGCE_DIV_I_O)
                                                      0.132    17.631 r  u_bufgce_div/O
                         net (fo=7742, routed)        1.723    19.354    u_soc/g_pe[2].u_pe/u_core/core_i/sleep_unit_i/core_clock_gate_i/clk
    BUFGCE_X0Y104        BUFGCE (Prop_BUFCE_BUFGCE_I_O)
                                                      0.024    19.378 r  u_soc/g_pe[2].u_pe/u_core/core_i/sleep_unit_i/core_clock_gate_i/u_bufgce/O
    X2Y4 (CLOCK_ROOT)    net (fo=2099, routed)        1.637    21.015    u_soc/g_pe[2].u_pe/u_core/core_i/if_stage_i/prefetch_buffer_i/fifo_i/clk_0
    SLICE_X71Y273        FDCE                                         r  u_soc/g_pe[2].u_pe/u_core/core_i/if_stage_i/prefetch_buffer_i/fifo_i/mem_q_reg[0][29]/C
                         clock pessimism              0.263    21.279    
                         clock uncertainty           -0.035    21.243    
    SLICE_X71Y273        FDCE (Setup_EFF2_SLICEM_C_CE)
                                                     -0.061    21.182    u_soc/g_pe[2].u_pe/u_core/core_i/if_stage_i/prefetch_buffer_i/fifo_i/mem_q_reg[0][29]
  -------------------------------------------------------------------
                         required time                         21.182    
                         arrival time                         -19.947    
  -------------------------------------------------------------------
                         slack                                  1.236    

Slack (MET) :             1.238ns  (required time - arrival time)
  Source:                 u_soc/g_dcache.u_dcache/g_dcu[0].u_dcu/s2_addr_q_reg[4]/C
                            (rising edge-triggered cell FDCE clocked by clk  {rise@0.000ns fall@6.666ns period=16.665ns})
  Destination:            u_soc/g_pe[2].u_pe/u_core/core_i/if_stage_i/prefetch_buffer_i/fifo_i/mem_q_reg[0][27]/CE
                            (rising edge-triggered cell FDCE clocked by clk  {rise@0.000ns fall@6.666ns period=16.665ns})
  Path Group:             clk
  Path Type:              Setup (Max at Slow Process Corner)
  Requirement:            16.665ns  (clk rise@16.665ns - clk rise@0.000ns)
  Data Path Delay:        16.371ns  (logic 2.715ns (16.584%)  route 13.656ns (83.416%))
  Logic Levels:           26  (CARRY8=3 LUT2=2 LUT3=1 LUT4=1 LUT5=4 LUT6=14 RAMD64E=1)
  Clock Path Skew:        1.040ns (DCD - SCD + CPR)
    Destination Clock Delay (DCD):    4.350ns = ( 21.015 - 16.665 ) 
    Source Clock Delay      (SCD):    3.573ns
    Clock Pessimism Removal (CPR):    0.263ns
  Clock Uncertainty:      0.035ns  ((TSJ^2 + TIJ^2)^1/2 + DJ) / 2 + PE
    Total System Jitter     (TSJ):    0.071ns
    Total Input Jitter      (TIJ):    0.000ns
    Discrete Jitter          (DJ):    0.000ns
    Phase Error              (PE):    0.000ns
  Clock Net Delay (Source):      2.424ns (routing 1.007ns, distribution 1.417ns)
  Clock Net Delay (Destination): 1.637ns (routing 0.942ns, distribution 0.695ns)

    Location             Delay type                Incr(ns)  Path(ns)    Netlist Resource(s)
  -------------------------------------------------------------------    -------------------
                         (clock clk rise edge)        0.000     0.000 r  
    AH18                                              0.000     0.000 r  clk300_p_i (IN)
                         net (fo=0)                   0.100     0.100    u_ibufds/I
    HPIOBDIFFINBUF_X1Y36 DIFFINBUF (Prop_DIFFINBUF_HPIOBDIFFINBUF_DIFF_IN_P_O)
                                                      0.525     0.625 r  u_ibufds/DIFFINBUF_INST/O
                         net (fo=1, routed)           0.050     0.675    u_ibufds/OUT
    AH18                 IBUFCTRL (Prop_IBUFCTRL_HPIOB_M_I_O)
                                                      0.000     0.675 r  u_ibufds/IBUFCTRL_INST/O
                         net (fo=1, routed)           0.322     0.997    clk_ref
    BUFGCE_DIV_X1Y7      BUFGCE_DIV (Prop_BUFGCE_DIV_I_O)
                                                      0.152     1.149 r  u_bufgce_div/O
    X1Y3 (CLOCK_ROOT)    net (fo=7742, routed)        2.424     3.573    u_soc/g_dcache.u_dcache/g_dcu[0].u_dcu/clk
    SLICE_X84Y316        FDCE                                         r  u_soc/g_dcache.u_dcache/g_dcu[0].u_dcu/s2_addr_q_reg[4]/C
  -------------------------------------------------------------------    -------------------
    SLICE_X84Y316        FDCE (Prop_EFF_SLICEM_C_Q)
                                                      0.076     3.649 r  u_soc/g_dcache.u_dcache/g_dcu[0].u_dcu/s2_addr_q_reg[4]/Q
                         net (fo=83, routed)          0.797     4.446    u_soc/g_dcache.u_dcache/g_dcu[0].u_dcu/s2_addr_q_reg[31]_0[4]
    SLICE_X86Y295        LUT6 (Prop_A6LUT_SLICEM_I0_O)
                                                      0.125     4.571 r  u_soc/g_dcache.u_dcache/g_dcu[0].u_dcu/i___56__0_i_29__2/O
                         net (fo=1, routed)           0.013     4.584    u_soc/g_dcache.u_dcache/g_dcu[0].u_dcu/i___56__0_i_29__2_n_0
    SLICE_X86Y295        CARRY8 (Prop_CARRY8_SLICEM_S[0]_CO[7])
                                                      0.192     4.776 f  u_soc/g_dcache.u_dcache/g_dcu[0].u_dcu/i___56__0_i_8__1/CO[7]
                         net (fo=1, routed)           0.026     4.802    u_soc/g_dcache.u_dcache/g_dcu[0].u_dcu/i___56__0_i_8__1_n_0
    SLICE_X86Y296        CARRY8 (Prop_CARRY8_SLICEM_CI_CO[1])
                                                      0.042     4.844 f  u_soc/g_dcache.u_dcache/g_dcu[0].u_dcu/i___56__0_i_3__2/CO[1]
                         net (fo=1, routed)           0.605     5.449    u_soc/g_dcache.u_dcache/g_dcu[1].u_dcu/i___56__0_1[0]
    SLICE_X89Y296        LUT6 (Prop_C6LUT_SLICEM_I3_O)
                                                      0.098     5.547 f  u_soc/g_dcache.u_dcache/g_dcu[1].u_dcu/i___56__0_i_1/O
                         net (fo=2, routed)           0.325     5.872    u_soc/g_dcache.u_dcache/g_dcu[3].u_dcu/ptr_q_reg[1]
    SLICE_X89Y297        LUT4 (Prop_B6LUT_SLICEM_I3_O)
                                                      0.100     5.972 r  u_soc/g_dcache.u_dcache/g_dcu[3].u_dcu/i___56__0/O
                         net (fo=15, routed)          0.511     6.483    u_soc/g_dcache.u_dcache/u_snoopy_bus/u_inv_arb/req_i0[1]
    SLICE_X90Y290        LUT6 (Prop_E6LUT_SLICEL_I4_O)
                                                      0.099     6.582 r  u_soc/g_dcache.u_dcache/u_snoopy_bus/u_inv_arb/g_core[0].g_way[0].tag_mem_reg_0_63_0_6_i_9/O
                         net (fo=52, routed)          0.517     7.099    u_soc/g_dcache.u_dcache/u_snoopy_bus/u_inv_arb/inv_arb_idx[1]
    SLICE_X93Y296        LUT6 (Prop_F6LUT_SLICEM_I4_O)
                                                      0.037     7.136 r  u_soc/g_dcache.u_dcache/u_snoopy_bus/u_inv_arb/g_core[0].g_way[0].tag_mem_reg_0_63_0_6_i_6/O
                         net (fo=315, routed)         0.708     7.845    u_soc/g_dcache.u_dcache/u_snoopy_bus/g_filter.u_filter/g_core[2].g_way[0].tag_mem_reg_0_63_0_6/ADDRE0
    SLICE_X86Y282        RAMD64E (Prop_E6LUT_SLICEM_RADR0_O)
                                                      0.148     7.993 r  u_soc/g_dcache.u_dcache/u_snoopy_bus/g_filter.u_filter/g_core[2].g_way[0].tag_mem_reg_0_63_0_6/RAME/O
                         net (fo=1, routed)           0.219     8.212    u_soc/g_dcache.u_dcache/u_snoopy_bus/g_filter.u_filter/tag_rd[2][0]_4[4]
    SLICE_X88Y283        LUT6 (Prop_B6LUT_SLICEM_I5_O)
                                                      0.149     8.361 r  u_soc/g_dcache.u_dcache/u_snoopy_bus/g_filter.u_filter/i___56__1_i_151/O
                         net (fo=1, routed)           0.016     8.377    u_soc/g_dcache.u_dcache/u_snoopy_bus/g_filter.u_filter/i___56__1_i_151_n_0
    SLICE_X88Y283        CARRY8 (Prop_CARRY8_SLICEM_S[1]_CO[7])
                                                      0.197     8.574 r  u_soc/g_dcache.u_dcache/u_snoopy_bus/g_filter.u_filter/i___56__1_i_58/CO[7]
                         net (fo=1, routed)           0.660     9.234    u_soc/g_dcache.u_dcache/u_snoopy_bus/g_filter.u_filter/way_hit[2][0]0
    SLICE_X103Y279       LUT6 (Prop_B6LUT_SLICEL_I5_O)
                                                      0.098     9.332 r  u_soc/g_dcache.u_dcache/u_snoopy_bus/g_filter.u_filter/i___56__1_i_24/O
                         net (fo=1, routed)           0.539     9.871    u_soc/g_dcache.u_dcache/u_snoopy_bus/u_inv_arb/way_hit[2][0]_210
    SLICE_X99Y281        LUT6 (Prop_H6LUT_SLICEL_I0_O)
                                                      0.090     9.961 f  u_soc/g_dcache.u_dcache/u_snoopy_bus/u_inv_arb/i___56__1_i_14/O
                         net (fo=1, routed)           0.206    10.167    u_soc/g_dcache.u_dcache/g_dcu[0].u_dcu/u_data_ram/i___56__1_i_2__0_0
    SLICE_X99Y289        LUT5 (Prop_F6LUT_SLICEL_I2_O)
                                                      0.049    10.216 r  u_soc/g_dcache.u_dcache/g_dcu[0].u_dcu/u_data_ram/i___56__1_i_5__2/O
                         net (fo=6, routed)           0.595    10.811    u_soc/g_dcache.u_dcache/g_dcu[0].u_dcu/u_data_ram/FSM_onehot_ccl_q_reg[1]
    SLICE_X92Y295        LUT6 (Prop_G6LUT_SLICEL_I5_O)
                                                      0.035    10.846 f  u_soc/g_dcache.u_dcache/g_dcu[0].u_dcu/u_data_ram/i___36_i_3/O
                         net (fo=132, routed)         0.416    11.261    u_soc/g_dcache.u_dcache/u_snoopy_bus/u_inv_arb/s1_addr_q_reg[31]_8
    SLICE_X85Y291        LUT2 (Prop_B6LUT_SLICEL_I1_O)
                                                      0.124    11.385 r  u_soc/g_dcache.u_dcache/u_snoopy_bus/u_inv_arb/i___36_i_1__1/O
                         net (fo=15, routed)          0.225    11.610    u_soc/g_dcache.u_dcache/g_dcu[2].u_dcu/inv_valid[0]
    SLICE_X88Y290        LUT5 (Prop_C6LUT_SLICEM_I0_O)
                                                      0.088    11.698 r  u_soc/g_dcache.u_dcache/g_dcu[2].u_dcu/i___35_i_2__4/O
                         net (fo=39, routed)          0.486    12.184    u_soc/g_dcache.u_dcache/g_dcu[2].u_dcu/u_tag_ram/s1_req_q_reg[1]_0
    SLICE_X84Y290        LUT6 (Prop_F6LUT_SLICEM_I0_O)
                                                      0.051    12.235 r  u_soc/g_dcache.u_dcache/g_dcu[2].u_dcu/u_tag_ram/s1_req_q[1]_i_3__1/O
                         net (fo=36, routed)          0.815    13.050    u_soc/g_dcache.u_dcache/g_dcu[2].u_dcu/u_tag_ram/s1_req_q[1]_i_3__1_n_0
    SLICE_X80Y276        LUT3 (Prop_D6LUT_SLICEL_I0_O)
                                                      0.122    13.172 f  u_soc/g_dcache.u_dcache/g_dcu[2].u_dcu/u_tag_ram/i___107_i_2__1/O
                         net (fo=1, routed)           0.467    13.639    u_soc/g_pe[2].u_pe/u_core/core_i/id_stage_i/dcu_gnt[0]
    SLICE_X78Y270        LUT6 (Prop_H6LUT_SLICEM_I0_O)
                                                      0.152    13.791 f  u_soc/g_pe[2].u_pe/u_core/core_i/id_stage_i/i___107_i_1__1/O
                         net (fo=11, routed)          1.031    14.822    u_soc/g_pe[2].u_pe/u_core/core_i/id_stage_i/controller_i/i___35_i_4__1_0
    SLICE_X78Y255        LUT5 (Prop_D6LUT_SLICEM_I0_O)
                                                      0.088    14.910 f  u_soc/g_pe[2].u_pe/u_core/core_i/id_stage_i/controller_i/i___35_i_5__1/O
                         net (fo=1, routed)           0.492    15.402    u_soc/g_pe[2].u_pe/u_core/core_i/id_stage_i/controller_i/lsu_ready_ex
    SLICE_X89Y256        LUT6 (Prop_C6LUT_SLICEM_I1_O)
                                                      0.098    15.500 f  u_soc/g_pe[2].u_pe/u_core/core_i/id_stage_i/controller_i/i___35_i_4__1/O
                         net (fo=1, routed)           0.171    15.671    u_soc/g_pe[2].u_pe/u_core/core_i/ex_stage_i/mult_i/regfile_waddr_lsu[4]_i_2__1
    SLICE_X89Y255        LUT6 (Prop_C6LUT_SLICEM_I2_O)
                                                      0.098    15.769 f  u_soc/g_pe[2].u_pe/u_core/core_i/ex_stage_i/mult_i/i___35_i_3__3/O
                         net (fo=2, routed)           0.379    16.148    u_soc/g_pe[2].u_pe/u_core/core_i/ex_stage_i/mult_i/ex_valid_o03_out
    SLICE_X78Y256        LUT2 (Prop_G6LUT_SLICEM_I0_O)
                                                      0.150    16.298 f  u_soc/g_pe[2].u_pe/u_core/core_i/ex_stage_i/mult_i/i___35_i_2__1/O
                         net (fo=13, routed)          0.520    16.818    u_soc/g_pe[2].u_pe/u_core/ex_ready
    SLICE_X75Y255        LUT5 (Prop_A6LUT_SLICEL_I3_O)
                                                      0.050    16.868 f  u_soc/g_pe[2].u_pe/u_core/i___181/O
                         net (fo=13, routed)          0.743    17.610    u_soc/g_pe[2].u_pe/u_core/core_i/if_stage_i/aligner_i/id_ready
    SLICE_X76Y269        LUT6 (Prop_H6LUT_SLICEL_I4_O)
                                                      0.124    17.734 f  u_soc/g_pe[2].u_pe/u_core/core_i/if_stage_i/aligner_i/status_cnt_q[1]_i_4__1/O
                         net (fo=6, routed)           0.579    18.313    u_soc/g_pe[2].u_pe/u_core/core_i/if_stage_i/prefetch_buffer_i/fifo_i/mem_q_reg[0][0]_0
    SLICE_X76Y272        LUT6 (Prop_F6LUT_SLICEL_I0_O)
                                                      0.035    18.348 r  u_soc/g_pe[2].u_pe/u_core/core_i/if_stage_i/prefetch_buffer_i/fifo_i/mem_q[0][31]_i_1__1/O
                         net (fo=32, routed)          1.596    19.945    u_soc/g_pe[2].u_pe/u_core/core_i/if_stage_i/prefetch_buffer_i/fifo_i/mem_q[0][31]_i_1__1_n_0
    SLICE_X71Y273        FDCE                                         r  u_soc/g_pe[2].u_pe/u_core/core_i/if_stage_i/prefetch_buffer_i/fifo_i/mem_q_reg[0][27]/CE
  -------------------------------------------------------------------    -------------------

                         (clock clk rise edge)       16.665    16.665 r  
    AH18                                              0.000    16.665 r  clk300_p_i (IN)
                         net (fo=0)                   0.079    16.744    u_ibufds/I
    HPIOBDIFFINBUF_X1Y36 DIFFINBUF (Prop_DIFFINBUF_HPIOBDIFFINBUF_DIFF_IN_P_O)
                                                      0.429    17.173 r  u_ibufds/DIFFINBUF_INST/O
                         net (fo=1, routed)           0.040    17.213    u_ibufds/OUT
    AH18                 IBUFCTRL (Prop_IBUFCTRL_HPIOB_M_I_O)
                                                      0.000    17.213 r  u_ibufds/IBUFCTRL_INST/O
                         net (fo=1, routed)           0.286    17.499    clk_ref
    BUFGCE_DIV_X1Y7      BUFGCE_DIV (Prop_BUFGCE_DIV_I_O)
                                                      0.132    17.631 r  u_bufgce_div/O
                         net (fo=7742, routed)        1.723    19.354    u_soc/g_pe[2].u_pe/u_core/core_i/sleep_unit_i/core_clock_gate_i/clk
    BUFGCE_X0Y104        BUFGCE (Prop_BUFCE_BUFGCE_I_O)
                                                      0.024    19.378 r  u_soc/g_pe[2].u_pe/u_core/core_i/sleep_unit_i/core_clock_gate_i/u_bufgce/O
    X2Y4 (CLOCK_ROOT)    net (fo=2099, routed)        1.637    21.015    u_soc/g_pe[2].u_pe/u_core/core_i/if_stage_i/prefetch_buffer_i/fifo_i/clk_0
    SLICE_X71Y273        FDCE                                         r  u_soc/g_pe[2].u_pe/u_core/core_i/if_stage_i/prefetch_buffer_i/fifo_i/mem_q_reg[0][27]/C
                         clock pessimism              0.263    21.279    
                         clock uncertainty           -0.035    21.243    
    SLICE_X71Y273        FDCE (Setup_EFF_SLICEM_C_CE)
                                                     -0.061    21.182    u_soc/g_pe[2].u_pe/u_core/core_i/if_stage_i/prefetch_buffer_i/fifo_i/mem_q_reg[0][27]
  -------------------------------------------------------------------
                         required time                         21.182    
                         arrival time                         -19.945    
  -------------------------------------------------------------------
                         slack                                  1.238    

Slack (MET) :             1.238ns  (required time - arrival time)
  Source:                 u_soc/g_dcache.u_dcache/g_dcu[0].u_dcu/s2_addr_q_reg[4]/C
                            (rising edge-triggered cell FDCE clocked by clk  {rise@0.000ns fall@6.666ns period=16.665ns})
  Destination:            u_soc/g_pe[2].u_pe/u_core/core_i/if_stage_i/prefetch_buffer_i/fifo_i/mem_q_reg[0][31]/CE
                            (rising edge-triggered cell FDCE clocked by clk  {rise@0.000ns fall@6.666ns period=16.665ns})
  Path Group:             clk
  Path Type:              Setup (Max at Slow Process Corner)
  Requirement:            16.665ns  (clk rise@16.665ns - clk rise@0.000ns)
  Data Path Delay:        16.371ns  (logic 2.715ns (16.584%)  route 13.656ns (83.416%))
  Logic Levels:           26  (CARRY8=3 LUT2=2 LUT3=1 LUT4=1 LUT5=4 LUT6=14 RAMD64E=1)
  Clock Path Skew:        1.040ns (DCD - SCD + CPR)
    Destination Clock Delay (DCD):    4.350ns = ( 21.015 - 16.665 ) 
    Source Clock Delay      (SCD):    3.573ns
    Clock Pessimism Removal (CPR):    0.263ns
  Clock Uncertainty:      0.035ns  ((TSJ^2 + TIJ^2)^1/2 + DJ) / 2 + PE
    Total System Jitter     (TSJ):    0.071ns
    Total Input Jitter      (TIJ):    0.000ns
    Discrete Jitter          (DJ):    0.000ns
    Phase Error              (PE):    0.000ns
  Clock Net Delay (Source):      2.424ns (routing 1.007ns, distribution 1.417ns)
  Clock Net Delay (Destination): 1.637ns (routing 0.942ns, distribution 0.695ns)

    Location             Delay type                Incr(ns)  Path(ns)    Netlist Resource(s)
  -------------------------------------------------------------------    -------------------
                         (clock clk rise edge)        0.000     0.000 r  
    AH18                                              0.000     0.000 r  clk300_p_i (IN)
                         net (fo=0)                   0.100     0.100    u_ibufds/I
    HPIOBDIFFINBUF_X1Y36 DIFFINBUF (Prop_DIFFINBUF_HPIOBDIFFINBUF_DIFF_IN_P_O)
                                                      0.525     0.625 r  u_ibufds/DIFFINBUF_INST/O
                         net (fo=1, routed)           0.050     0.675    u_ibufds/OUT
    AH18                 IBUFCTRL (Prop_IBUFCTRL_HPIOB_M_I_O)
                                                      0.000     0.675 r  u_ibufds/IBUFCTRL_INST/O
                         net (fo=1, routed)           0.322     0.997    clk_ref
    BUFGCE_DIV_X1Y7      BUFGCE_DIV (Prop_BUFGCE_DIV_I_O)
                                                      0.152     1.149 r  u_bufgce_div/O
    X1Y3 (CLOCK_ROOT)    net (fo=7742, routed)        2.424     3.573    u_soc/g_dcache.u_dcache/g_dcu[0].u_dcu/clk
    SLICE_X84Y316        FDCE                                         r  u_soc/g_dcache.u_dcache/g_dcu[0].u_dcu/s2_addr_q_reg[4]/C
  -------------------------------------------------------------------    -------------------
    SLICE_X84Y316        FDCE (Prop_EFF_SLICEM_C_Q)
                                                      0.076     3.649 r  u_soc/g_dcache.u_dcache/g_dcu[0].u_dcu/s2_addr_q_reg[4]/Q
                         net (fo=83, routed)          0.797     4.446    u_soc/g_dcache.u_dcache/g_dcu[0].u_dcu/s2_addr_q_reg[31]_0[4]
    SLICE_X86Y295        LUT6 (Prop_A6LUT_SLICEM_I0_O)
                                                      0.125     4.571 r  u_soc/g_dcache.u_dcache/g_dcu[0].u_dcu/i___56__0_i_29__2/O
                         net (fo=1, routed)           0.013     4.584    u_soc/g_dcache.u_dcache/g_dcu[0].u_dcu/i___56__0_i_29__2_n_0
    SLICE_X86Y295        CARRY8 (Prop_CARRY8_SLICEM_S[0]_CO[7])
                                                      0.192     4.776 f  u_soc/g_dcache.u_dcache/g_dcu[0].u_dcu/i___56__0_i_8__1/CO[7]
                         net (fo=1, routed)           0.026     4.802    u_soc/g_dcache.u_dcache/g_dcu[0].u_dcu/i___56__0_i_8__1_n_0
    SLICE_X86Y296        CARRY8 (Prop_CARRY8_SLICEM_CI_CO[1])
                                                      0.042     4.844 f  u_soc/g_dcache.u_dcache/g_dcu[0].u_dcu/i___56__0_i_3__2/CO[1]
                         net (fo=1, routed)           0.605     5.449    u_soc/g_dcache.u_dcache/g_dcu[1].u_dcu/i___56__0_1[0]
    SLICE_X89Y296        LUT6 (Prop_C6LUT_SLICEM_I3_O)
                                                      0.098     5.547 f  u_soc/g_dcache.u_dcache/g_dcu[1].u_dcu/i___56__0_i_1/O
                         net (fo=2, routed)           0.325     5.872    u_soc/g_dcache.u_dcache/g_dcu[3].u_dcu/ptr_q_reg[1]
    SLICE_X89Y297        LUT4 (Prop_B6LUT_SLICEM_I3_O)
                                                      0.100     5.972 r  u_soc/g_dcache.u_dcache/g_dcu[3].u_dcu/i___56__0/O
                         net (fo=15, routed)          0.511     6.483    u_soc/g_dcache.u_dcache/u_snoopy_bus/u_inv_arb/req_i0[1]
    SLICE_X90Y290        LUT6 (Prop_E6LUT_SLICEL_I4_O)
                                                      0.099     6.582 r  u_soc/g_dcache.u_dcache/u_snoopy_bus/u_inv_arb/g_core[0].g_way[0].tag_mem_reg_0_63_0_6_i_9/O
                         net (fo=52, routed)          0.517     7.099    u_soc/g_dcache.u_dcache/u_snoopy_bus/u_inv_arb/inv_arb_idx[1]
    SLICE_X93Y296        LUT6 (Prop_F6LUT_SLICEM_I4_O)
                                                      0.037     7.136 r  u_soc/g_dcache.u_dcache/u_snoopy_bus/u_inv_arb/g_core[0].g_way[0].tag_mem_reg_0_63_0_6_i_6/O
                         net (fo=315, routed)         0.708     7.845    u_soc/g_dcache.u_dcache/u_snoopy_bus/g_filter.u_filter/g_core[2].g_way[0].tag_mem_reg_0_63_0_6/ADDRE0
    SLICE_X86Y282        RAMD64E (Prop_E6LUT_SLICEM_RADR0_O)
                                                      0.148     7.993 r  u_soc/g_dcache.u_dcache/u_snoopy_bus/g_filter.u_filter/g_core[2].g_way[0].tag_mem_reg_0_63_0_6/RAME/O
                         net (fo=1, routed)           0.219     8.212    u_soc/g_dcache.u_dcache/u_snoopy_bus/g_filter.u_filter/tag_rd[2][0]_4[4]
    SLICE_X88Y283        LUT6 (Prop_B6LUT_SLICEM_I5_O)
                                                      0.149     8.361 r  u_soc/g_dcache.u_dcache/u_snoopy_bus/g_filter.u_filter/i___56__1_i_151/O
                         net (fo=1, routed)           0.016     8.377    u_soc/g_dcache.u_dcache/u_snoopy_bus/g_filter.u_filter/i___56__1_i_151_n_0
    SLICE_X88Y283        CARRY8 (Prop_CARRY8_SLICEM_S[1]_CO[7])
                                                      0.197     8.574 r  u_soc/g_dcache.u_dcache/u_snoopy_bus/g_filter.u_filter/i___56__1_i_58/CO[7]
                         net (fo=1, routed)           0.660     9.234    u_soc/g_dcache.u_dcache/u_snoopy_bus/g_filter.u_filter/way_hit[2][0]0
    SLICE_X103Y279       LUT6 (Prop_B6LUT_SLICEL_I5_O)
                                                      0.098     9.332 r  u_soc/g_dcache.u_dcache/u_snoopy_bus/g_filter.u_filter/i___56__1_i_24/O
                         net (fo=1, routed)           0.539     9.871    u_soc/g_dcache.u_dcache/u_snoopy_bus/u_inv_arb/way_hit[2][0]_210
    SLICE_X99Y281        LUT6 (Prop_H6LUT_SLICEL_I0_O)
                                                      0.090     9.961 f  u_soc/g_dcache.u_dcache/u_snoopy_bus/u_inv_arb/i___56__1_i_14/O
                         net (fo=1, routed)           0.206    10.167    u_soc/g_dcache.u_dcache/g_dcu[0].u_dcu/u_data_ram/i___56__1_i_2__0_0
    SLICE_X99Y289        LUT5 (Prop_F6LUT_SLICEL_I2_O)
                                                      0.049    10.216 r  u_soc/g_dcache.u_dcache/g_dcu[0].u_dcu/u_data_ram/i___56__1_i_5__2/O
                         net (fo=6, routed)           0.595    10.811    u_soc/g_dcache.u_dcache/g_dcu[0].u_dcu/u_data_ram/FSM_onehot_ccl_q_reg[1]
    SLICE_X92Y295        LUT6 (Prop_G6LUT_SLICEL_I5_O)
                                                      0.035    10.846 f  u_soc/g_dcache.u_dcache/g_dcu[0].u_dcu/u_data_ram/i___36_i_3/O
                         net (fo=132, routed)         0.416    11.261    u_soc/g_dcache.u_dcache/u_snoopy_bus/u_inv_arb/s1_addr_q_reg[31]_8
    SLICE_X85Y291        LUT2 (Prop_B6LUT_SLICEL_I1_O)
                                                      0.124    11.385 r  u_soc/g_dcache.u_dcache/u_snoopy_bus/u_inv_arb/i___36_i_1__1/O
                         net (fo=15, routed)          0.225    11.610    u_soc/g_dcache.u_dcache/g_dcu[2].u_dcu/inv_valid[0]
    SLICE_X88Y290        LUT5 (Prop_C6LUT_SLICEM_I0_O)
                                                      0.088    11.698 r  u_soc/g_dcache.u_dcache/g_dcu[2].u_dcu/i___35_i_2__4/O
                         net (fo=39, routed)          0.486    12.184    u_soc/g_dcache.u_dcache/g_dcu[2].u_dcu/u_tag_ram/s1_req_q_reg[1]_0
    SLICE_X84Y290        LUT6 (Prop_F6LUT_SLICEM_I0_O)
                                                      0.051    12.235 r  u_soc/g_dcache.u_dcache/g_dcu[2].u_dcu/u_tag_ram/s1_req_q[1]_i_3__1/O
                         net (fo=36, routed)          0.815    13.050    u_soc/g_dcache.u_dcache/g_dcu[2].u_dcu/u_tag_ram/s1_req_q[1]_i_3__1_n_0
    SLICE_X80Y276        LUT3 (Prop_D6LUT_SLICEL_I0_O)
                                                      0.122    13.172 f  u_soc/g_dcache.u_dcache/g_dcu[2].u_dcu/u_tag_ram/i___107_i_2__1/O
                         net (fo=1, routed)           0.467    13.639    u_soc/g_pe[2].u_pe/u_core/core_i/id_stage_i/dcu_gnt[0]
    SLICE_X78Y270        LUT6 (Prop_H6LUT_SLICEM_I0_O)
                                                      0.152    13.791 f  u_soc/g_pe[2].u_pe/u_core/core_i/id_stage_i/i___107_i_1__1/O
                         net (fo=11, routed)          1.031    14.822    u_soc/g_pe[2].u_pe/u_core/core_i/id_stage_i/controller_i/i___35_i_4__1_0
    SLICE_X78Y255        LUT5 (Prop_D6LUT_SLICEM_I0_O)
                                                      0.088    14.910 f  u_soc/g_pe[2].u_pe/u_core/core_i/id_stage_i/controller_i/i___35_i_5__1/O
                         net (fo=1, routed)           0.492    15.402    u_soc/g_pe[2].u_pe/u_core/core_i/id_stage_i/controller_i/lsu_ready_ex
    SLICE_X89Y256        LUT6 (Prop_C6LUT_SLICEM_I1_O)
                                                      0.098    15.500 f  u_soc/g_pe[2].u_pe/u_core/core_i/id_stage_i/controller_i/i___35_i_4__1/O
                         net (fo=1, routed)           0.171    15.671    u_soc/g_pe[2].u_pe/u_core/core_i/ex_stage_i/mult_i/regfile_waddr_lsu[4]_i_2__1
    SLICE_X89Y255        LUT6 (Prop_C6LUT_SLICEM_I2_O)
                                                      0.098    15.769 f  u_soc/g_pe[2].u_pe/u_core/core_i/ex_stage_i/mult_i/i___35_i_3__3/O
                         net (fo=2, routed)           0.379    16.148    u_soc/g_pe[2].u_pe/u_core/core_i/ex_stage_i/mult_i/ex_valid_o03_out
    SLICE_X78Y256        LUT2 (Prop_G6LUT_SLICEM_I0_O)
                                                      0.150    16.298 f  u_soc/g_pe[2].u_pe/u_core/core_i/ex_stage_i/mult_i/i___35_i_2__1/O
                         net (fo=13, routed)          0.520    16.818    u_soc/g_pe[2].u_pe/u_core/ex_ready
    SLICE_X75Y255        LUT5 (Prop_A6LUT_SLICEL_I3_O)
                                                      0.050    16.868 f  u_soc/g_pe[2].u_pe/u_core/i___181/O
                         net (fo=13, routed)          0.743    17.610    u_soc/g_pe[2].u_pe/u_core/core_i/if_stage_i/aligner_i/id_ready
    SLICE_X76Y269        LUT6 (Prop_H6LUT_SLICEL_I4_O)
                                                      0.124    17.734 f  u_soc/g_pe[2].u_pe/u_core/core_i/if_stage_i/aligner_i/status_cnt_q[1]_i_4__1/O
                         net (fo=6, routed)           0.579    18.313    u_soc/g_pe[2].u_pe/u_core/core_i/if_stage_i/prefetch_buffer_i/fifo_i/mem_q_reg[0][0]_0
    SLICE_X76Y272        LUT6 (Prop_F6LUT_SLICEL_I0_O)
                                                      0.035    18.348 r  u_soc/g_pe[2].u_pe/u_core/core_i/if_stage_i/prefetch_buffer_i/fifo_i/mem_q[0][31]_i_1__1/O
                         net (fo=32, routed)          1.596    19.945    u_soc/g_pe[2].u_pe/u_core/core_i/if_stage_i/prefetch_buffer_i/fifo_i/mem_q[0][31]_i_1__1_n_0
    SLICE_X71Y273        FDCE                                         r  u_soc/g_pe[2].u_pe/u_core/core_i/if_stage_i/prefetch_buffer_i/fifo_i/mem_q_reg[0][31]/CE
  -------------------------------------------------------------------    -------------------

                         (clock clk rise edge)       16.665    16.665 r  
    AH18                                              0.000    16.665 r  clk300_p_i (IN)
                         net (fo=0)                   0.079    16.744    u_ibufds/I
    HPIOBDIFFINBUF_X1Y36 DIFFINBUF (Prop_DIFFINBUF_HPIOBDIFFINBUF_DIFF_IN_P_O)
                                                      0.429    17.173 r  u_ibufds/DIFFINBUF_INST/O
                         net (fo=1, routed)           0.040    17.213    u_ibufds/OUT
    AH18                 IBUFCTRL (Prop_IBUFCTRL_HPIOB_M_I_O)
                                                      0.000    17.213 r  u_ibufds/IBUFCTRL_INST/O
                         net (fo=1, routed)           0.286    17.499    clk_ref
    BUFGCE_DIV_X1Y7      BUFGCE_DIV (Prop_BUFGCE_DIV_I_O)
                                                      0.132    17.631 r  u_bufgce_div/O
                         net (fo=7742, routed)        1.723    19.354    u_soc/g_pe[2].u_pe/u_core/core_i/sleep_unit_i/core_clock_gate_i/clk
    BUFGCE_X0Y104        BUFGCE (Prop_BUFCE_BUFGCE_I_O)
                                                      0.024    19.378 r  u_soc/g_pe[2].u_pe/u_core/core_i/sleep_unit_i/core_clock_gate_i/u_bufgce/O
    X2Y4 (CLOCK_ROOT)    net (fo=2099, routed)        1.637    21.015    u_soc/g_pe[2].u_pe/u_core/core_i/if_stage_i/prefetch_buffer_i/fifo_i/clk_0
    SLICE_X71Y273        FDCE                                         r  u_soc/g_pe[2].u_pe/u_core/core_i/if_stage_i/prefetch_buffer_i/fifo_i/mem_q_reg[0][31]/C
                         clock pessimism              0.263    21.279    
                         clock uncertainty           -0.035    21.243    
    SLICE_X71Y273        FDCE (Setup_FFF_SLICEM_C_CE)
                                                     -0.061    21.182    u_soc/g_pe[2].u_pe/u_core/core_i/if_stage_i/prefetch_buffer_i/fifo_i/mem_q_reg[0][31]
  -------------------------------------------------------------------
                         required time                         21.182    
                         arrival time                         -19.945    
  -------------------------------------------------------------------
                         slack                                  1.238    

Slack (MET) :             1.245ns  (required time - arrival time)
  Source:                 u_soc/g_dcache.u_dcache/g_dcu[0].u_dcu/s2_addr_q_reg[4]/C
                            (rising edge-triggered cell FDCE clocked by clk  {rise@0.000ns fall@6.666ns period=16.665ns})
  Destination:            u_soc/g_pe[1].u_pe/u_core/core_i/if_stage_i/prefetch_buffer_i/fifo_i/mem_q_reg[0][4]/CE
                            (rising edge-triggered cell FDCE clocked by clk  {rise@0.000ns fall@6.666ns period=16.665ns})
  Path Group:             clk
  Path Type:              Setup (Max at Slow Process Corner)
  Requirement:            16.665ns  (clk rise@16.665ns - clk rise@0.000ns)
  Data Path Delay:        16.764ns  (logic 2.583ns (15.408%)  route 14.181ns (84.592%))
  Logic Levels:           26  (CARRY8=3 LUT2=2 LUT3=1 LUT4=1 LUT5=4 LUT6=14 RAMD64E=1)
  Clock Path Skew:        1.440ns (DCD - SCD + CPR)
    Destination Clock Delay (DCD):    4.750ns = ( 21.415 - 16.665 ) 
    Source Clock Delay      (SCD):    3.573ns
    Clock Pessimism Removal (CPR):    0.263ns
  Clock Uncertainty:      0.035ns  ((TSJ^2 + TIJ^2)^1/2 + DJ) / 2 + PE
    Total System Jitter     (TSJ):    0.071ns
    Total Input Jitter      (TIJ):    0.000ns
    Discrete Jitter          (DJ):    0.000ns
    Phase Error              (PE):    0.000ns
  Clock Net Delay (Source):      2.424ns (routing 1.007ns, distribution 1.417ns)
  Clock Net Delay (Destination): 1.728ns (routing 1.024ns, distribution 0.704ns)

    Location             Delay type                Incr(ns)  Path(ns)    Netlist Resource(s)
  -------------------------------------------------------------------    -------------------
                         (clock clk rise edge)        0.000     0.000 r  
    AH18                                              0.000     0.000 r  clk300_p_i (IN)
                         net (fo=0)                   0.100     0.100    u_ibufds/I
    HPIOBDIFFINBUF_X1Y36 DIFFINBUF (Prop_DIFFINBUF_HPIOBDIFFINBUF_DIFF_IN_P_O)
                                                      0.525     0.625 r  u_ibufds/DIFFINBUF_INST/O
                         net (fo=1, routed)           0.050     0.675    u_ibufds/OUT
    AH18                 IBUFCTRL (Prop_IBUFCTRL_HPIOB_M_I_O)
                                                      0.000     0.675 r  u_ibufds/IBUFCTRL_INST/O
                         net (fo=1, routed)           0.322     0.997    clk_ref
    BUFGCE_DIV_X1Y7      BUFGCE_DIV (Prop_BUFGCE_DIV_I_O)
                                                      0.152     1.149 r  u_bufgce_div/O
    X1Y3 (CLOCK_ROOT)    net (fo=7742, routed)        2.424     3.573    u_soc/g_dcache.u_dcache/g_dcu[0].u_dcu/clk
    SLICE_X84Y316        FDCE                                         r  u_soc/g_dcache.u_dcache/g_dcu[0].u_dcu/s2_addr_q_reg[4]/C
  -------------------------------------------------------------------    -------------------
    SLICE_X84Y316        FDCE (Prop_EFF_SLICEM_C_Q)
                                                      0.076     3.649 r  u_soc/g_dcache.u_dcache/g_dcu[0].u_dcu/s2_addr_q_reg[4]/Q
                         net (fo=83, routed)          0.797     4.446    u_soc/g_dcache.u_dcache/g_dcu[0].u_dcu/s2_addr_q_reg[31]_0[4]
    SLICE_X86Y295        LUT6 (Prop_A6LUT_SLICEM_I0_O)
                                                      0.125     4.571 r  u_soc/g_dcache.u_dcache/g_dcu[0].u_dcu/i___56__0_i_29__2/O
                         net (fo=1, routed)           0.013     4.584    u_soc/g_dcache.u_dcache/g_dcu[0].u_dcu/i___56__0_i_29__2_n_0
    SLICE_X86Y295        CARRY8 (Prop_CARRY8_SLICEM_S[0]_CO[7])
                                                      0.192     4.776 f  u_soc/g_dcache.u_dcache/g_dcu[0].u_dcu/i___56__0_i_8__1/CO[7]
                         net (fo=1, routed)           0.026     4.802    u_soc/g_dcache.u_dcache/g_dcu[0].u_dcu/i___56__0_i_8__1_n_0
    SLICE_X86Y296        CARRY8 (Prop_CARRY8_SLICEM_CI_CO[1])
                                                      0.042     4.844 f  u_soc/g_dcache.u_dcache/g_dcu[0].u_dcu/i___56__0_i_3__2/CO[1]
                         net (fo=1, routed)           0.605     5.449    u_soc/g_dcache.u_dcache/g_dcu[1].u_dcu/i___56__0_1[0]
    SLICE_X89Y296        LUT6 (Prop_C6LUT_SLICEM_I3_O)
                                                      0.098     5.547 f  u_soc/g_dcache.u_dcache/g_dcu[1].u_dcu/i___56__0_i_1/O
                         net (fo=2, routed)           0.325     5.872    u_soc/g_dcache.u_dcache/g_dcu[3].u_dcu/ptr_q_reg[1]
    SLICE_X89Y297        LUT4 (Prop_B6LUT_SLICEM_I3_O)
                                                      0.100     5.972 r  u_soc/g_dcache.u_dcache/g_dcu[3].u_dcu/i___56__0/O
                         net (fo=15, routed)          0.511     6.483    u_soc/g_dcache.u_dcache/u_snoopy_bus/u_inv_arb/req_i0[1]
    SLICE_X90Y290        LUT6 (Prop_E6LUT_SLICEL_I4_O)
                                                      0.099     6.582 r  u_soc/g_dcache.u_dcache/u_snoopy_bus/u_inv_arb/g_core[0].g_way[0].tag_mem_reg_0_63_0_6_i_9/O
                         net (fo=52, routed)          0.517     7.099    u_soc/g_dcache.u_dcache/u_snoopy_bus/u_inv_arb/inv_arb_idx[1]
    SLICE_X93Y296        LUT6 (Prop_F6LUT_SLICEM_I4_O)
                                                      0.037     7.136 r  u_soc/g_dcache.u_dcache/u_snoopy_bus/u_inv_arb/g_core[0].g_way[0].tag_mem_reg_0_63_0_6_i_6/O
                         net (fo=315, routed)         0.708     7.845    u_soc/g_dcache.u_dcache/u_snoopy_bus/g_filter.u_filter/g_core[2].g_way[0].tag_mem_reg_0_63_0_6/ADDRE0
    SLICE_X86Y282        RAMD64E (Prop_E6LUT_SLICEM_RADR0_O)
                                                      0.148     7.993 r  u_soc/g_dcache.u_dcache/u_snoopy_bus/g_filter.u_filter/g_core[2].g_way[0].tag_mem_reg_0_63_0_6/RAME/O
                         net (fo=1, routed)           0.219     8.212    u_soc/g_dcache.u_dcache/u_snoopy_bus/g_filter.u_filter/tag_rd[2][0]_4[4]
    SLICE_X88Y283        LUT6 (Prop_B6LUT_SLICEM_I5_O)
                                                      0.149     8.361 r  u_soc/g_dcache.u_dcache/u_snoopy_bus/g_filter.u_filter/i___56__1_i_151/O
                         net (fo=1, routed)           0.016     8.377    u_soc/g_dcache.u_dcache/u_snoopy_bus/g_filter.u_filter/i___56__1_i_151_n_0
    SLICE_X88Y283        CARRY8 (Prop_CARRY8_SLICEM_S[1]_CO[7])
                                                      0.197     8.574 r  u_soc/g_dcache.u_dcache/u_snoopy_bus/g_filter.u_filter/i___56__1_i_58/CO[7]
                         net (fo=1, routed)           0.660     9.234    u_soc/g_dcache.u_dcache/u_snoopy_bus/g_filter.u_filter/way_hit[2][0]0
    SLICE_X103Y279       LUT6 (Prop_B6LUT_SLICEL_I5_O)
                                                      0.098     9.332 r  u_soc/g_dcache.u_dcache/u_snoopy_bus/g_filter.u_filter/i___56__1_i_24/O
                         net (fo=1, routed)           0.539     9.871    u_soc/g_dcache.u_dcache/u_snoopy_bus/u_inv_arb/way_hit[2][0]_210
    SLICE_X99Y281        LUT6 (Prop_H6LUT_SLICEL_I0_O)
                                                      0.090     9.961 f  u_soc/g_dcache.u_dcache/u_snoopy_bus/u_inv_arb/i___56__1_i_14/O
                         net (fo=1, routed)           0.206    10.167    u_soc/g_dcache.u_dcache/g_dcu[0].u_dcu/u_data_ram/i___56__1_i_2__0_0
    SLICE_X99Y289        LUT5 (Prop_F6LUT_SLICEL_I2_O)
                                                      0.049    10.216 r  u_soc/g_dcache.u_dcache/g_dcu[0].u_dcu/u_data_ram/i___56__1_i_5__2/O
                         net (fo=6, routed)           0.595    10.811    u_soc/g_dcache.u_dcache/g_dcu[0].u_dcu/u_data_ram/FSM_onehot_ccl_q_reg[1]
    SLICE_X92Y295        LUT6 (Prop_G6LUT_SLICEL_I5_O)
                                                      0.035    10.846 f  u_soc/g_dcache.u_dcache/g_dcu[0].u_dcu/u_data_ram/i___36_i_3/O
                         net (fo=132, routed)         0.634    11.479    u_soc/g_dcache.u_dcache/u_snoopy_bus/u_inv_arb/s1_addr_q_reg[31]_8
    SLICE_X95Y292        LUT2 (Prop_G6LUT_SLICEL_I1_O)
                                                      0.097    11.576 r  u_soc/g_dcache.u_dcache/u_snoopy_bus/u_inv_arb/i___36_i_1__0/O
                         net (fo=15, routed)          0.179    11.756    u_soc/g_dcache.u_dcache/g_dcu[1].u_dcu/inv_valid[0]
    SLICE_X95Y292        LUT5 (Prop_D6LUT_SLICEL_I0_O)
                                                      0.146    11.902 r  u_soc/g_dcache.u_dcache/g_dcu[1].u_dcu/i___35_i_2__3/O
                         net (fo=39, routed)          0.309    12.210    u_soc/g_dcache.u_dcache/g_dcu[1].u_dcu/u_tag_ram/s1_req_q_reg[1]_0
    SLICE_X95Y292        LUT6 (Prop_E6LUT_SLICEL_I0_O)
                                                      0.123    12.333 r  u_soc/g_dcache.u_dcache/g_dcu[1].u_dcu/u_tag_ram/s1_req_q[1]_i_3__0/O
                         net (fo=36, routed)          0.612    12.946    u_soc/g_dcache.u_dcache/g_dcu[1].u_dcu/u_tag_ram/s1_req_q[1]_i_3__0_n_0
    SLICE_X94Y290        LUT3 (Prop_C6LUT_SLICEM_I0_O)
                                                      0.051    12.997 f  u_soc/g_dcache.u_dcache/g_dcu[1].u_dcu/u_tag_ram/i___107_i_2__0/O
                         net (fo=1, routed)           0.420    13.417    u_soc/g_pe[1].u_pe/u_core/core_i/id_stage_i/dcu_gnt[0]
    SLICE_X95Y290        LUT6 (Prop_G6LUT_SLICEL_I0_O)
                                                      0.097    13.514 f  u_soc/g_pe[1].u_pe/u_core/core_i/id_stage_i/i___107_i_1__0/O
                         net (fo=11, routed)          1.365    14.878    u_soc/g_pe[1].u_pe/u_core/core_i/id_stage_i/controller_i/i___35_i_4__0_0
    SLICE_X86Y320        LUT5 (Prop_E6LUT_SLICEM_I0_O)
                                                      0.091    14.969 f  u_soc/g_pe[1].u_pe/u_core/core_i/id_stage_i/controller_i/i___35_i_5__0/O
                         net (fo=1, routed)           0.246    15.215    u_soc/g_pe[1].u_pe/u_core/core_i/id_stage_i/controller_i/lsu_ready_ex
    SLICE_X86Y321        LUT6 (Prop_B6LUT_SLICEM_I1_O)
                                                      0.089    15.304 f  u_soc/g_pe[1].u_pe/u_core/core_i/id_stage_i/controller_i/i___35_i_4__0/O
                         net (fo=1, routed)           0.449    15.753    u_soc/g_pe[1].u_pe/u_core/core_i/ex_stage_i/mult_i/regfile_waddr_lsu[4]_i_2__0
    SLICE_X86Y331        LUT6 (Prop_H6LUT_SLICEM_I2_O)
                                                      0.101    15.854 f  u_soc/g_pe[1].u_pe/u_core/core_i/ex_stage_i/mult_i/i___35_i_3__1/O
                         net (fo=2, routed)           0.221    16.075    u_soc/g_pe[1].u_pe/u_core/core_i/ex_stage_i/mult_i/ex_valid_o03_out
    SLICE_X85Y331        LUT2 (Prop_B6LUT_SLICEL_I0_O)
                                                      0.090    16.165 f  u_soc/g_pe[1].u_pe/u_core/core_i/ex_stage_i/mult_i/i___35_i_2__0/O
                         net (fo=13, routed)          0.515    16.680    u_soc/g_pe[1].u_pe/u_core/ex_ready
    SLICE_X84Y329        LUT5 (Prop_E6LUT_SLICEM_I3_O)
                                                      0.037    16.717 f  u_soc/g_pe[1].u_pe/u_core/i___182/O
                         net (fo=13, routed)          0.776    17.493    u_soc/g_pe[1].u_pe/u_core/core_i/if_stage_i/aligner_i/id_ready
    SLICE_X78Y324        LUT6 (Prop_H6LUT_SLICEM_I4_O)
                                                      0.090    17.583 f  u_soc/g_pe[1].u_pe/u_core/core_i/if_stage_i/aligner_i/status_cnt_q[1]_i_4__0/O
                         net (fo=6, routed)           0.945    18.528    u_soc/g_pe[1].u_pe/u_core/core_i/if_stage_i/prefetch_buffer_i/fifo_i/mem_q_reg[0][0]_0
    SLICE_X77Y321        LUT6 (Prop_H6LUT_SLICEL_I0_O)
                                                      0.036    18.564 r  u_soc/g_pe[1].u_pe/u_core/core_i/if_stage_i/prefetch_buffer_i/fifo_i/mem_q[0][31]_i_1__0/O
                         net (fo=32, routed)          1.773    20.337    u_soc/g_pe[1].u_pe/u_core/core_i/if_stage_i/prefetch_buffer_i/fifo_i/mem_q[0][31]_i_1__0_n_0
    SLICE_X77Y314        FDCE                                         r  u_soc/g_pe[1].u_pe/u_core/core_i/if_stage_i/prefetch_buffer_i/fifo_i/mem_q_reg[0][4]/CE
  -------------------------------------------------------------------    -------------------

                         (clock clk rise edge)       16.665    16.665 r  
    AH18                                              0.000    16.665 r  clk300_p_i (IN)
                         net (fo=0)                   0.079    16.744    u_ibufds/I
    HPIOBDIFFINBUF_X1Y36 DIFFINBUF (Prop_DIFFINBUF_HPIOBDIFFINBUF_DIFF_IN_P_O)
                                                      0.429    17.173 r  u_ibufds/DIFFINBUF_INST/O
                         net (fo=1, routed)           0.040    17.213    u_ibufds/OUT
    AH18                 IBUFCTRL (Prop_IBUFCTRL_HPIOB_M_I_O)
                                                      0.000    17.213 r  u_ibufds/IBUFCTRL_INST/O
                         net (fo=1, routed)           0.286    17.499    clk_ref
    BUFGCE_DIV_X1Y7      BUFGCE_DIV (Prop_BUFGCE_DIV_I_O)
                                                      0.132    17.631 r  u_bufgce_div/O
                         net (fo=7742, routed)        2.032    19.663    u_soc/g_pe[1].u_pe/u_core/core_i/sleep_unit_i/core_clock_gate_i/clk
    BUFGCE_X0Y143        BUFGCE (Prop_BUFCE_BUFGCE_I_O)
                                                      0.024    19.687 r  u_soc/g_pe[1].u_pe/u_core/core_i/sleep_unit_i/core_clock_gate_i/u_bufgce/O
    X2Y5 (CLOCK_ROOT)    net (fo=2099, routed)        1.728    21.415    u_soc/g_pe[1].u_pe/u_core/core_i/if_stage_i/prefetch_buffer_i/fifo_i/clk_0
    SLICE_X77Y314        FDCE                                         r  u_soc/g_pe[1].u_pe/u_core/core_i/if_stage_i/prefetch_buffer_i/fifo_i/mem_q_reg[0][4]/C
                         clock pessimism              0.263    21.678    
                         clock uncertainty           -0.035    21.643    
    SLICE_X77Y314        FDCE (Setup_EFF2_SLICEL_C_CE)
                                                     -0.060    21.583    u_soc/g_pe[1].u_pe/u_core/core_i/if_stage_i/prefetch_buffer_i/fifo_i/mem_q_reg[0][4]
  -------------------------------------------------------------------
                         required time                         21.583    
                         arrival time                         -20.337    
  -------------------------------------------------------------------
                         slack                                  1.245    

Slack (MET) :             1.245ns  (required time - arrival time)
  Source:                 u_soc/g_dcache.u_dcache/g_dcu[0].u_dcu/s2_addr_q_reg[4]/C
                            (rising edge-triggered cell FDCE clocked by clk  {rise@0.000ns fall@6.666ns period=16.665ns})
  Destination:            u_soc/g_pe[1].u_pe/u_core/core_i/if_stage_i/prefetch_buffer_i/fifo_i/mem_q_reg[0][8]/CE
                            (rising edge-triggered cell FDCE clocked by clk  {rise@0.000ns fall@6.666ns period=16.665ns})
  Path Group:             clk
  Path Type:              Setup (Max at Slow Process Corner)
  Requirement:            16.665ns  (clk rise@16.665ns - clk rise@0.000ns)
  Data Path Delay:        16.764ns  (logic 2.583ns (15.408%)  route 14.181ns (84.592%))
  Logic Levels:           26  (CARRY8=3 LUT2=2 LUT3=1 LUT4=1 LUT5=4 LUT6=14 RAMD64E=1)
  Clock Path Skew:        1.440ns (DCD - SCD + CPR)
    Destination Clock Delay (DCD):    4.750ns = ( 21.415 - 16.665 ) 
    Source Clock Delay      (SCD):    3.573ns
    Clock Pessimism Removal (CPR):    0.263ns
  Clock Uncertainty:      0.035ns  ((TSJ^2 + TIJ^2)^1/2 + DJ) / 2 + PE
    Total System Jitter     (TSJ):    0.071ns
    Total Input Jitter      (TIJ):    0.000ns
    Discrete Jitter          (DJ):    0.000ns
    Phase Error              (PE):    0.000ns
  Clock Net Delay (Source):      2.424ns (routing 1.007ns, distribution 1.417ns)
  Clock Net Delay (Destination): 1.728ns (routing 1.024ns, distribution 0.704ns)

    Location             Delay type                Incr(ns)  Path(ns)    Netlist Resource(s)
  -------------------------------------------------------------------    -------------------
                         (clock clk rise edge)        0.000     0.000 r  
    AH18                                              0.000     0.000 r  clk300_p_i (IN)
                         net (fo=0)                   0.100     0.100    u_ibufds/I
    HPIOBDIFFINBUF_X1Y36 DIFFINBUF (Prop_DIFFINBUF_HPIOBDIFFINBUF_DIFF_IN_P_O)
                                                      0.525     0.625 r  u_ibufds/DIFFINBUF_INST/O
                         net (fo=1, routed)           0.050     0.675    u_ibufds/OUT
    AH18                 IBUFCTRL (Prop_IBUFCTRL_HPIOB_M_I_O)
                                                      0.000     0.675 r  u_ibufds/IBUFCTRL_INST/O
                         net (fo=1, routed)           0.322     0.997    clk_ref
    BUFGCE_DIV_X1Y7      BUFGCE_DIV (Prop_BUFGCE_DIV_I_O)
                                                      0.152     1.149 r  u_bufgce_div/O
    X1Y3 (CLOCK_ROOT)    net (fo=7742, routed)        2.424     3.573    u_soc/g_dcache.u_dcache/g_dcu[0].u_dcu/clk
    SLICE_X84Y316        FDCE                                         r  u_soc/g_dcache.u_dcache/g_dcu[0].u_dcu/s2_addr_q_reg[4]/C
  -------------------------------------------------------------------    -------------------
    SLICE_X84Y316        FDCE (Prop_EFF_SLICEM_C_Q)
                                                      0.076     3.649 r  u_soc/g_dcache.u_dcache/g_dcu[0].u_dcu/s2_addr_q_reg[4]/Q
                         net (fo=83, routed)          0.797     4.446    u_soc/g_dcache.u_dcache/g_dcu[0].u_dcu/s2_addr_q_reg[31]_0[4]
    SLICE_X86Y295        LUT6 (Prop_A6LUT_SLICEM_I0_O)
                                                      0.125     4.571 r  u_soc/g_dcache.u_dcache/g_dcu[0].u_dcu/i___56__0_i_29__2/O
                         net (fo=1, routed)           0.013     4.584    u_soc/g_dcache.u_dcache/g_dcu[0].u_dcu/i___56__0_i_29__2_n_0
    SLICE_X86Y295        CARRY8 (Prop_CARRY8_SLICEM_S[0]_CO[7])
                                                      0.192     4.776 f  u_soc/g_dcache.u_dcache/g_dcu[0].u_dcu/i___56__0_i_8__1/CO[7]
                         net (fo=1, routed)           0.026     4.802    u_soc/g_dcache.u_dcache/g_dcu[0].u_dcu/i___56__0_i_8__1_n_0
    SLICE_X86Y296        CARRY8 (Prop_CARRY8_SLICEM_CI_CO[1])
                                                      0.042     4.844 f  u_soc/g_dcache.u_dcache/g_dcu[0].u_dcu/i___56__0_i_3__2/CO[1]
                         net (fo=1, routed)           0.605     5.449    u_soc/g_dcache.u_dcache/g_dcu[1].u_dcu/i___56__0_1[0]
    SLICE_X89Y296        LUT6 (Prop_C6LUT_SLICEM_I3_O)
                                                      0.098     5.547 f  u_soc/g_dcache.u_dcache/g_dcu[1].u_dcu/i___56__0_i_1/O
                         net (fo=2, routed)           0.325     5.872    u_soc/g_dcache.u_dcache/g_dcu[3].u_dcu/ptr_q_reg[1]
    SLICE_X89Y297        LUT4 (Prop_B6LUT_SLICEM_I3_O)
                                                      0.100     5.972 r  u_soc/g_dcache.u_dcache/g_dcu[3].u_dcu/i___56__0/O
                         net (fo=15, routed)          0.511     6.483    u_soc/g_dcache.u_dcache/u_snoopy_bus/u_inv_arb/req_i0[1]
    SLICE_X90Y290        LUT6 (Prop_E6LUT_SLICEL_I4_O)
                                                      0.099     6.582 r  u_soc/g_dcache.u_dcache/u_snoopy_bus/u_inv_arb/g_core[0].g_way[0].tag_mem_reg_0_63_0_6_i_9/O
                         net (fo=52, routed)          0.517     7.099    u_soc/g_dcache.u_dcache/u_snoopy_bus/u_inv_arb/inv_arb_idx[1]
    SLICE_X93Y296        LUT6 (Prop_F6LUT_SLICEM_I4_O)
                                                      0.037     7.136 r  u_soc/g_dcache.u_dcache/u_snoopy_bus/u_inv_arb/g_core[0].g_way[0].tag_mem_reg_0_63_0_6_i_6/O
                         net (fo=315, routed)         0.708     7.845    u_soc/g_dcache.u_dcache/u_snoopy_bus/g_filter.u_filter/g_core[2].g_way[0].tag_mem_reg_0_63_0_6/ADDRE0
    SLICE_X86Y282        RAMD64E (Prop_E6LUT_SLICEM_RADR0_O)
                                                      0.148     7.993 r  u_soc/g_dcache.u_dcache/u_snoopy_bus/g_filter.u_filter/g_core[2].g_way[0].tag_mem_reg_0_63_0_6/RAME/O
                         net (fo=1, routed)           0.219     8.212    u_soc/g_dcache.u_dcache/u_snoopy_bus/g_filter.u_filter/tag_rd[2][0]_4[4]
    SLICE_X88Y283        LUT6 (Prop_B6LUT_SLICEM_I5_O)
                                                      0.149     8.361 r  u_soc/g_dcache.u_dcache/u_snoopy_bus/g_filter.u_filter/i___56__1_i_151/O
                         net (fo=1, routed)           0.016     8.377    u_soc/g_dcache.u_dcache/u_snoopy_bus/g_filter.u_filter/i___56__1_i_151_n_0
    SLICE_X88Y283        CARRY8 (Prop_CARRY8_SLICEM_S[1]_CO[7])
                                                      0.197     8.574 r  u_soc/g_dcache.u_dcache/u_snoopy_bus/g_filter.u_filter/i___56__1_i_58/CO[7]
                         net (fo=1, routed)           0.660     9.234    u_soc/g_dcache.u_dcache/u_snoopy_bus/g_filter.u_filter/way_hit[2][0]0
    SLICE_X103Y279       LUT6 (Prop_B6LUT_SLICEL_I5_O)
                                                      0.098     9.332 r  u_soc/g_dcache.u_dcache/u_snoopy_bus/g_filter.u_filter/i___56__1_i_24/O
                         net (fo=1, routed)           0.539     9.871    u_soc/g_dcache.u_dcache/u_snoopy_bus/u_inv_arb/way_hit[2][0]_210
    SLICE_X99Y281        LUT6 (Prop_H6LUT_SLICEL_I0_O)
                                                      0.090     9.961 f  u_soc/g_dcache.u_dcache/u_snoopy_bus/u_inv_arb/i___56__1_i_14/O
                         net (fo=1, routed)           0.206    10.167    u_soc/g_dcache.u_dcache/g_dcu[0].u_dcu/u_data_ram/i___56__1_i_2__0_0
    SLICE_X99Y289        LUT5 (Prop_F6LUT_SLICEL_I2_O)
                                                      0.049    10.216 r  u_soc/g_dcache.u_dcache/g_dcu[0].u_dcu/u_data_ram/i___56__1_i_5__2/O
                         net (fo=6, routed)           0.595    10.811    u_soc/g_dcache.u_dcache/g_dcu[0].u_dcu/u_data_ram/FSM_onehot_ccl_q_reg[1]
    SLICE_X92Y295        LUT6 (Prop_G6LUT_SLICEL_I5_O)
                                                      0.035    10.846 f  u_soc/g_dcache.u_dcache/g_dcu[0].u_dcu/u_data_ram/i___36_i_3/O
                         net (fo=132, routed)         0.634    11.479    u_soc/g_dcache.u_dcache/u_snoopy_bus/u_inv_arb/s1_addr_q_reg[31]_8
    SLICE_X95Y292        LUT2 (Prop_G6LUT_SLICEL_I1_O)
                                                      0.097    11.576 r  u_soc/g_dcache.u_dcache/u_snoopy_bus/u_inv_arb/i___36_i_1__0/O
                         net (fo=15, routed)          0.179    11.756    u_soc/g_dcache.u_dcache/g_dcu[1].u_dcu/inv_valid[0]
    SLICE_X95Y292        LUT5 (Prop_D6LUT_SLICEL_I0_O)
                                                      0.146    11.902 r  u_soc/g_dcache.u_dcache/g_dcu[1].u_dcu/i___35_i_2__3/O
                         net (fo=39, routed)          0.309    12.210    u_soc/g_dcache.u_dcache/g_dcu[1].u_dcu/u_tag_ram/s1_req_q_reg[1]_0
    SLICE_X95Y292        LUT6 (Prop_E6LUT_SLICEL_I0_O)
                                                      0.123    12.333 r  u_soc/g_dcache.u_dcache/g_dcu[1].u_dcu/u_tag_ram/s1_req_q[1]_i_3__0/O
                         net (fo=36, routed)          0.612    12.946    u_soc/g_dcache.u_dcache/g_dcu[1].u_dcu/u_tag_ram/s1_req_q[1]_i_3__0_n_0
    SLICE_X94Y290        LUT3 (Prop_C6LUT_SLICEM_I0_O)
                                                      0.051    12.997 f  u_soc/g_dcache.u_dcache/g_dcu[1].u_dcu/u_tag_ram/i___107_i_2__0/O
                         net (fo=1, routed)           0.420    13.417    u_soc/g_pe[1].u_pe/u_core/core_i/id_stage_i/dcu_gnt[0]
    SLICE_X95Y290        LUT6 (Prop_G6LUT_SLICEL_I0_O)
                                                      0.097    13.514 f  u_soc/g_pe[1].u_pe/u_core/core_i/id_stage_i/i___107_i_1__0/O
                         net (fo=11, routed)          1.365    14.878    u_soc/g_pe[1].u_pe/u_core/core_i/id_stage_i/controller_i/i___35_i_4__0_0
    SLICE_X86Y320        LUT5 (Prop_E6LUT_SLICEM_I0_O)
                                                      0.091    14.969 f  u_soc/g_pe[1].u_pe/u_core/core_i/id_stage_i/controller_i/i___35_i_5__0/O
                         net (fo=1, routed)           0.246    15.215    u_soc/g_pe[1].u_pe/u_core/core_i/id_stage_i/controller_i/lsu_ready_ex
    SLICE_X86Y321        LUT6 (Prop_B6LUT_SLICEM_I1_O)
                                                      0.089    15.304 f  u_soc/g_pe[1].u_pe/u_core/core_i/id_stage_i/controller_i/i___35_i_4__0/O
                         net (fo=1, routed)           0.449    15.753    u_soc/g_pe[1].u_pe/u_core/core_i/ex_stage_i/mult_i/regfile_waddr_lsu[4]_i_2__0
    SLICE_X86Y331        LUT6 (Prop_H6LUT_SLICEM_I2_O)
                                                      0.101    15.854 f  u_soc/g_pe[1].u_pe/u_core/core_i/ex_stage_i/mult_i/i___35_i_3__1/O
                         net (fo=2, routed)           0.221    16.075    u_soc/g_pe[1].u_pe/u_core/core_i/ex_stage_i/mult_i/ex_valid_o03_out
    SLICE_X85Y331        LUT2 (Prop_B6LUT_SLICEL_I0_O)
                                                      0.090    16.165 f  u_soc/g_pe[1].u_pe/u_core/core_i/ex_stage_i/mult_i/i___35_i_2__0/O
                         net (fo=13, routed)          0.515    16.680    u_soc/g_pe[1].u_pe/u_core/ex_ready
    SLICE_X84Y329        LUT5 (Prop_E6LUT_SLICEM_I3_O)
                                                      0.037    16.717 f  u_soc/g_pe[1].u_pe/u_core/i___182/O
                         net (fo=13, routed)          0.776    17.493    u_soc/g_pe[1].u_pe/u_core/core_i/if_stage_i/aligner_i/id_ready
    SLICE_X78Y324        LUT6 (Prop_H6LUT_SLICEM_I4_O)
                                                      0.090    17.583 f  u_soc/g_pe[1].u_pe/u_core/core_i/if_stage_i/aligner_i/status_cnt_q[1]_i_4__0/O
                         net (fo=6, routed)           0.945    18.528    u_soc/g_pe[1].u_pe/u_core/core_i/if_stage_i/prefetch_buffer_i/fifo_i/mem_q_reg[0][0]_0
    SLICE_X77Y321        LUT6 (Prop_H6LUT_SLICEL_I0_O)
                                                      0.036    18.564 r  u_soc/g_pe[1].u_pe/u_core/core_i/if_stage_i/prefetch_buffer_i/fifo_i/mem_q[0][31]_i_1__0/O
                         net (fo=32, routed)          1.773    20.337    u_soc/g_pe[1].u_pe/u_core/core_i/if_stage_i/prefetch_buffer_i/fifo_i/mem_q[0][31]_i_1__0_n_0
    SLICE_X77Y314        FDCE                                         r  u_soc/g_pe[1].u_pe/u_core/core_i/if_stage_i/prefetch_buffer_i/fifo_i/mem_q_reg[0][8]/CE
  -------------------------------------------------------------------    -------------------

                         (clock clk rise edge)       16.665    16.665 r  
    AH18                                              0.000    16.665 r  clk300_p_i (IN)
                         net (fo=0)                   0.079    16.744    u_ibufds/I
    HPIOBDIFFINBUF_X1Y36 DIFFINBUF (Prop_DIFFINBUF_HPIOBDIFFINBUF_DIFF_IN_P_O)
                                                      0.429    17.173 r  u_ibufds/DIFFINBUF_INST/O
                         net (fo=1, routed)           0.040    17.213    u_ibufds/OUT
    AH18                 IBUFCTRL (Prop_IBUFCTRL_HPIOB_M_I_O)
                                                      0.000    17.213 r  u_ibufds/IBUFCTRL_INST/O
                         net (fo=1, routed)           0.286    17.499    clk_ref
    BUFGCE_DIV_X1Y7      BUFGCE_DIV (Prop_BUFGCE_DIV_I_O)
                                                      0.132    17.631 r  u_bufgce_div/O
                         net (fo=7742, routed)        2.032    19.663    u_soc/g_pe[1].u_pe/u_core/core_i/sleep_unit_i/core_clock_gate_i/clk
    BUFGCE_X0Y143        BUFGCE (Prop_BUFCE_BUFGCE_I_O)
                                                      0.024    19.687 r  u_soc/g_pe[1].u_pe/u_core/core_i/sleep_unit_i/core_clock_gate_i/u_bufgce/O
    X2Y5 (CLOCK_ROOT)    net (fo=2099, routed)        1.728    21.415    u_soc/g_pe[1].u_pe/u_core/core_i/if_stage_i/prefetch_buffer_i/fifo_i/clk_0
    SLICE_X77Y314        FDCE                                         r  u_soc/g_pe[1].u_pe/u_core/core_i/if_stage_i/prefetch_buffer_i/fifo_i/mem_q_reg[0][8]/C
                         clock pessimism              0.263    21.678    
                         clock uncertainty           -0.035    21.643    
    SLICE_X77Y314        FDCE (Setup_FFF2_SLICEL_C_CE)
                                                     -0.060    21.583    u_soc/g_pe[1].u_pe/u_core/core_i/if_stage_i/prefetch_buffer_i/fifo_i/mem_q_reg[0][8]
  -------------------------------------------------------------------
                         required time                         21.583    
                         arrival time                         -20.337    
  -------------------------------------------------------------------
                         slack                                  1.245    

Slack (MET) :             1.247ns  (required time - arrival time)
  Source:                 u_soc/g_dcache.u_dcache/g_dcu[0].u_dcu/s2_addr_q_reg[4]/C
                            (rising edge-triggered cell FDCE clocked by clk  {rise@0.000ns fall@6.666ns period=16.665ns})
  Destination:            u_soc/g_pe[1].u_pe/u_core/core_i/if_stage_i/prefetch_buffer_i/fifo_i/mem_q_reg[0][14]/CE
                            (rising edge-triggered cell FDCE clocked by clk  {rise@0.000ns fall@6.666ns period=16.665ns})
  Path Group:             clk
  Path Type:              Setup (Max at Slow Process Corner)
  Requirement:            16.665ns  (clk rise@16.665ns - clk rise@0.000ns)
  Data Path Delay:        16.762ns  (logic 2.583ns (15.410%)  route 14.179ns (84.590%))
  Logic Levels:           26  (CARRY8=3 LUT2=2 LUT3=1 LUT4=1 LUT5=4 LUT6=14 RAMD64E=1)
  Clock Path Skew:        1.440ns (DCD - SCD + CPR)
    Destination Clock Delay (DCD):    4.750ns = ( 21.415 - 16.665 ) 
    Source Clock Delay      (SCD):    3.573ns
    Clock Pessimism Removal (CPR):    0.263ns
  Clock Uncertainty:      0.035ns  ((TSJ^2 + TIJ^2)^1/2 + DJ) / 2 + PE
    Total System Jitter     (TSJ):    0.071ns
    Total Input Jitter      (TIJ):    0.000ns
    Discrete Jitter          (DJ):    0.000ns
    Phase Error              (PE):    0.000ns
  Clock Net Delay (Source):      2.424ns (routing 1.007ns, distribution 1.417ns)
  Clock Net Delay (Destination): 1.728ns (routing 1.024ns, distribution 0.704ns)

    Location             Delay type                Incr(ns)  Path(ns)    Netlist Resource(s)
  -------------------------------------------------------------------    -------------------
                         (clock clk rise edge)        0.000     0.000 r  
    AH18                                              0.000     0.000 r  clk300_p_i (IN)
                         net (fo=0)                   0.100     0.100    u_ibufds/I
    HPIOBDIFFINBUF_X1Y36 DIFFINBUF (Prop_DIFFINBUF_HPIOBDIFFINBUF_DIFF_IN_P_O)
                                                      0.525     0.625 r  u_ibufds/DIFFINBUF_INST/O
                         net (fo=1, routed)           0.050     0.675    u_ibufds/OUT
    AH18                 IBUFCTRL (Prop_IBUFCTRL_HPIOB_M_I_O)
                                                      0.000     0.675 r  u_ibufds/IBUFCTRL_INST/O
                         net (fo=1, routed)           0.322     0.997    clk_ref
    BUFGCE_DIV_X1Y7      BUFGCE_DIV (Prop_BUFGCE_DIV_I_O)
                                                      0.152     1.149 r  u_bufgce_div/O
    X1Y3 (CLOCK_ROOT)    net (fo=7742, routed)        2.424     3.573    u_soc/g_dcache.u_dcache/g_dcu[0].u_dcu/clk
    SLICE_X84Y316        FDCE                                         r  u_soc/g_dcache.u_dcache/g_dcu[0].u_dcu/s2_addr_q_reg[4]/C
  -------------------------------------------------------------------    -------------------
    SLICE_X84Y316        FDCE (Prop_EFF_SLICEM_C_Q)
                                                      0.076     3.649 r  u_soc/g_dcache.u_dcache/g_dcu[0].u_dcu/s2_addr_q_reg[4]/Q
                         net (fo=83, routed)          0.797     4.446    u_soc/g_dcache.u_dcache/g_dcu[0].u_dcu/s2_addr_q_reg[31]_0[4]
    SLICE_X86Y295        LUT6 (Prop_A6LUT_SLICEM_I0_O)
                                                      0.125     4.571 r  u_soc/g_dcache.u_dcache/g_dcu[0].u_dcu/i___56__0_i_29__2/O
                         net (fo=1, routed)           0.013     4.584    u_soc/g_dcache.u_dcache/g_dcu[0].u_dcu/i___56__0_i_29__2_n_0
    SLICE_X86Y295        CARRY8 (Prop_CARRY8_SLICEM_S[0]_CO[7])
                                                      0.192     4.776 f  u_soc/g_dcache.u_dcache/g_dcu[0].u_dcu/i___56__0_i_8__1/CO[7]
                         net (fo=1, routed)           0.026     4.802    u_soc/g_dcache.u_dcache/g_dcu[0].u_dcu/i___56__0_i_8__1_n_0
    SLICE_X86Y296        CARRY8 (Prop_CARRY8_SLICEM_CI_CO[1])
                                                      0.042     4.844 f  u_soc/g_dcache.u_dcache/g_dcu[0].u_dcu/i___56__0_i_3__2/CO[1]
                         net (fo=1, routed)           0.605     5.449    u_soc/g_dcache.u_dcache/g_dcu[1].u_dcu/i___56__0_1[0]
    SLICE_X89Y296        LUT6 (Prop_C6LUT_SLICEM_I3_O)
                                                      0.098     5.547 f  u_soc/g_dcache.u_dcache/g_dcu[1].u_dcu/i___56__0_i_1/O
                         net (fo=2, routed)           0.325     5.872    u_soc/g_dcache.u_dcache/g_dcu[3].u_dcu/ptr_q_reg[1]
    SLICE_X89Y297        LUT4 (Prop_B6LUT_SLICEM_I3_O)
                                                      0.100     5.972 r  u_soc/g_dcache.u_dcache/g_dcu[3].u_dcu/i___56__0/O
                         net (fo=15, routed)          0.511     6.483    u_soc/g_dcache.u_dcache/u_snoopy_bus/u_inv_arb/req_i0[1]
    SLICE_X90Y290        LUT6 (Prop_E6LUT_SLICEL_I4_O)
                                                      0.099     6.582 r  u_soc/g_dcache.u_dcache/u_snoopy_bus/u_inv_arb/g_core[0].g_way[0].tag_mem_reg_0_63_0_6_i_9/O
                         net (fo=52, routed)          0.517     7.099    u_soc/g_dcache.u_dcache/u_snoopy_bus/u_inv_arb/inv_arb_idx[1]
    SLICE_X93Y296        LUT6 (Prop_F6LUT_SLICEM_I4_O)
                                                      0.037     7.136 r  u_soc/g_dcache.u_dcache/u_snoopy_bus/u_inv_arb/g_core[0].g_way[0].tag_mem_reg_0_63_0_6_i_6/O
                         net (fo=315, routed)         0.708     7.845    u_soc/g_dcache.u_dcache/u_snoopy_bus/g_filter.u_filter/g_core[2].g_way[0].tag_mem_reg_0_63_0_6/ADDRE0
    SLICE_X86Y282        RAMD64E (Prop_E6LUT_SLICEM_RADR0_O)
                                                      0.148     7.993 r  u_soc/g_dcache.u_dcache/u_snoopy_bus/g_filter.u_filter/g_core[2].g_way[0].tag_mem_reg_0_63_0_6/RAME/O
                         net (fo=1, routed)           0.219     8.212    u_soc/g_dcache.u_dcache/u_snoopy_bus/g_filter.u_filter/tag_rd[2][0]_4[4]
    SLICE_X88Y283        LUT6 (Prop_B6LUT_SLICEM_I5_O)
                                                      0.149     8.361 r  u_soc/g_dcache.u_dcache/u_snoopy_bus/g_filter.u_filter/i___56__1_i_151/O
                         net (fo=1, routed)           0.016     8.377    u_soc/g_dcache.u_dcache/u_snoopy_bus/g_filter.u_filter/i___56__1_i_151_n_0
    SLICE_X88Y283        CARRY8 (Prop_CARRY8_SLICEM_S[1]_CO[7])
                                                      0.197     8.574 r  u_soc/g_dcache.u_dcache/u_snoopy_bus/g_filter.u_filter/i___56__1_i_58/CO[7]
                         net (fo=1, routed)           0.660     9.234    u_soc/g_dcache.u_dcache/u_snoopy_bus/g_filter.u_filter/way_hit[2][0]0
    SLICE_X103Y279       LUT6 (Prop_B6LUT_SLICEL_I5_O)
                                                      0.098     9.332 r  u_soc/g_dcache.u_dcache/u_snoopy_bus/g_filter.u_filter/i___56__1_i_24/O
                         net (fo=1, routed)           0.539     9.871    u_soc/g_dcache.u_dcache/u_snoopy_bus/u_inv_arb/way_hit[2][0]_210
    SLICE_X99Y281        LUT6 (Prop_H6LUT_SLICEL_I0_O)
                                                      0.090     9.961 f  u_soc/g_dcache.u_dcache/u_snoopy_bus/u_inv_arb/i___56__1_i_14/O
                         net (fo=1, routed)           0.206    10.167    u_soc/g_dcache.u_dcache/g_dcu[0].u_dcu/u_data_ram/i___56__1_i_2__0_0
    SLICE_X99Y289        LUT5 (Prop_F6LUT_SLICEL_I2_O)
                                                      0.049    10.216 r  u_soc/g_dcache.u_dcache/g_dcu[0].u_dcu/u_data_ram/i___56__1_i_5__2/O
                         net (fo=6, routed)           0.595    10.811    u_soc/g_dcache.u_dcache/g_dcu[0].u_dcu/u_data_ram/FSM_onehot_ccl_q_reg[1]
    SLICE_X92Y295        LUT6 (Prop_G6LUT_SLICEL_I5_O)
                                                      0.035    10.846 f  u_soc/g_dcache.u_dcache/g_dcu[0].u_dcu/u_data_ram/i___36_i_3/O
                         net (fo=132, routed)         0.634    11.479    u_soc/g_dcache.u_dcache/u_snoopy_bus/u_inv_arb/s1_addr_q_reg[31]_8
    SLICE_X95Y292        LUT2 (Prop_G6LUT_SLICEL_I1_O)
                                                      0.097    11.576 r  u_soc/g_dcache.u_dcache/u_snoopy_bus/u_inv_arb/i___36_i_1__0/O
                         net (fo=15, routed)          0.179    11.756    u_soc/g_dcache.u_dcache/g_dcu[1].u_dcu/inv_valid[0]
    SLICE_X95Y292        LUT5 (Prop_D6LUT_SLICEL_I0_O)
                                                      0.146    11.902 r  u_soc/g_dcache.u_dcache/g_dcu[1].u_dcu/i___35_i_2__3/O
                         net (fo=39, routed)          0.309    12.210    u_soc/g_dcache.u_dcache/g_dcu[1].u_dcu/u_tag_ram/s1_req_q_reg[1]_0
    SLICE_X95Y292        LUT6 (Prop_E6LUT_SLICEL_I0_O)
                                                      0.123    12.333 r  u_soc/g_dcache.u_dcache/g_dcu[1].u_dcu/u_tag_ram/s1_req_q[1]_i_3__0/O
                         net (fo=36, routed)          0.612    12.946    u_soc/g_dcache.u_dcache/g_dcu[1].u_dcu/u_tag_ram/s1_req_q[1]_i_3__0_n_0
    SLICE_X94Y290        LUT3 (Prop_C6LUT_SLICEM_I0_O)
                                                      0.051    12.997 f  u_soc/g_dcache.u_dcache/g_dcu[1].u_dcu/u_tag_ram/i___107_i_2__0/O
                         net (fo=1, routed)           0.420    13.417    u_soc/g_pe[1].u_pe/u_core/core_i/id_stage_i/dcu_gnt[0]
    SLICE_X95Y290        LUT6 (Prop_G6LUT_SLICEL_I0_O)
                                                      0.097    13.514 f  u_soc/g_pe[1].u_pe/u_core/core_i/id_stage_i/i___107_i_1__0/O
                         net (fo=11, routed)          1.365    14.878    u_soc/g_pe[1].u_pe/u_core/core_i/id_stage_i/controller_i/i___35_i_4__0_0
    SLICE_X86Y320        LUT5 (Prop_E6LUT_SLICEM_I0_O)
                                                      0.091    14.969 f  u_soc/g_pe[1].u_pe/u_core/core_i/id_stage_i/controller_i/i___35_i_5__0/O
                         net (fo=1, routed)           0.246    15.215    u_soc/g_pe[1].u_pe/u_core/core_i/id_stage_i/controller_i/lsu_ready_ex
    SLICE_X86Y321        LUT6 (Prop_B6LUT_SLICEM_I1_O)
                                                      0.089    15.304 f  u_soc/g_pe[1].u_pe/u_core/core_i/id_stage_i/controller_i/i___35_i_4__0/O
                         net (fo=1, routed)           0.449    15.753    u_soc/g_pe[1].u_pe/u_core/core_i/ex_stage_i/mult_i/regfile_waddr_lsu[4]_i_2__0
    SLICE_X86Y331        LUT6 (Prop_H6LUT_SLICEM_I2_O)
                                                      0.101    15.854 f  u_soc/g_pe[1].u_pe/u_core/core_i/ex_stage_i/mult_i/i___35_i_3__1/O
                         net (fo=2, routed)           0.221    16.075    u_soc/g_pe[1].u_pe/u_core/core_i/ex_stage_i/mult_i/ex_valid_o03_out
    SLICE_X85Y331        LUT2 (Prop_B6LUT_SLICEL_I0_O)
                                                      0.090    16.165 f  u_soc/g_pe[1].u_pe/u_core/core_i/ex_stage_i/mult_i/i___35_i_2__0/O
                         net (fo=13, routed)          0.515    16.680    u_soc/g_pe[1].u_pe/u_core/ex_ready
    SLICE_X84Y329        LUT5 (Prop_E6LUT_SLICEM_I3_O)
                                                      0.037    16.717 f  u_soc/g_pe[1].u_pe/u_core/i___182/O
                         net (fo=13, routed)          0.776    17.493    u_soc/g_pe[1].u_pe/u_core/core_i/if_stage_i/aligner_i/id_ready
    SLICE_X78Y324        LUT6 (Prop_H6LUT_SLICEM_I4_O)
                                                      0.090    17.583 f  u_soc/g_pe[1].u_pe/u_core/core_i/if_stage_i/aligner_i/status_cnt_q[1]_i_4__0/O
                         net (fo=6, routed)           0.945    18.528    u_soc/g_pe[1].u_pe/u_core/core_i/if_stage_i/prefetch_buffer_i/fifo_i/mem_q_reg[0][0]_0
    SLICE_X77Y321        LUT6 (Prop_H6LUT_SLICEL_I0_O)
                                                      0.036    18.564 r  u_soc/g_pe[1].u_pe/u_core/core_i/if_stage_i/prefetch_buffer_i/fifo_i/mem_q[0][31]_i_1__0/O
                         net (fo=32, routed)          1.771    20.335    u_soc/g_pe[1].u_pe/u_core/core_i/if_stage_i/prefetch_buffer_i/fifo_i/mem_q[0][31]_i_1__0_n_0
    SLICE_X77Y314        FDCE                                         r  u_soc/g_pe[1].u_pe/u_core/core_i/if_stage_i/prefetch_buffer_i/fifo_i/mem_q_reg[0][14]/CE
  -------------------------------------------------------------------    -------------------

                         (clock clk rise edge)       16.665    16.665 r  
    AH18                                              0.000    16.665 r  clk300_p_i (IN)
                         net (fo=0)                   0.079    16.744    u_ibufds/I
    HPIOBDIFFINBUF_X1Y36 DIFFINBUF (Prop_DIFFINBUF_HPIOBDIFFINBUF_DIFF_IN_P_O)
                                                      0.429    17.173 r  u_ibufds/DIFFINBUF_INST/O
                         net (fo=1, routed)           0.040    17.213    u_ibufds/OUT
    AH18                 IBUFCTRL (Prop_IBUFCTRL_HPIOB_M_I_O)
                                                      0.000    17.213 r  u_ibufds/IBUFCTRL_INST/O
                         net (fo=1, routed)           0.286    17.499    clk_ref
    BUFGCE_DIV_X1Y7      BUFGCE_DIV (Prop_BUFGCE_DIV_I_O)
                                                      0.132    17.631 r  u_bufgce_div/O
                         net (fo=7742, routed)        2.032    19.663    u_soc/g_pe[1].u_pe/u_core/core_i/sleep_unit_i/core_clock_gate_i/clk
    BUFGCE_X0Y143        BUFGCE (Prop_BUFCE_BUFGCE_I_O)
                                                      0.024    19.687 r  u_soc/g_pe[1].u_pe/u_core/core_i/sleep_unit_i/core_clock_gate_i/u_bufgce/O
    X2Y5 (CLOCK_ROOT)    net (fo=2099, routed)        1.728    21.415    u_soc/g_pe[1].u_pe/u_core/core_i/if_stage_i/prefetch_buffer_i/fifo_i/clk_0
    SLICE_X77Y314        FDCE                                         r  u_soc/g_pe[1].u_pe/u_core/core_i/if_stage_i/prefetch_buffer_i/fifo_i/mem_q_reg[0][14]/C
                         clock pessimism              0.263    21.678    
                         clock uncertainty           -0.035    21.643    
    SLICE_X77Y314        FDCE (Setup_EFF_SLICEL_C_CE)
                                                     -0.060    21.583    u_soc/g_pe[1].u_pe/u_core/core_i/if_stage_i/prefetch_buffer_i/fifo_i/mem_q_reg[0][14]
  -------------------------------------------------------------------
                         required time                         21.583    
                         arrival time                         -20.335    
  -------------------------------------------------------------------
                         slack                                  1.247    





Min Delay Paths
--------------------------------------------------------------------------------------
Slack (MET) :             0.010ns  (arrival time - required time)
  Source:                 u_soc/g_dcache.u_dcache/g_dcu[1].u_dcu/hold_addr_q_reg[28]/C
                            (rising edge-triggered cell FDCE clocked by clk  {rise@0.000ns fall@6.666ns period=16.665ns})
  Destination:            u_soc/g_dcache.u_dcache/g_dcu[1].u_dcu/s1_addr_q_reg[28]/D
                            (rising edge-triggered cell FDCE clocked by clk  {rise@0.000ns fall@6.666ns period=16.665ns})
  Path Group:             clk
  Path Type:              Hold (Min at Slow Process Corner)
  Requirement:            0.000ns  (clk rise@0.000ns - clk rise@0.000ns)
  Data Path Delay:        0.227ns  (logic 0.141ns (62.115%)  route 0.086ns (37.886%))
  Logic Levels:           1  (LUT6=1)
  Clock Path Skew:        0.157ns (DCD - SCD - CPR)
    Destination Clock Delay (DCD):    3.646ns
    Source Clock Delay      (SCD):    3.207ns
    Clock Pessimism Removal (CPR):    0.282ns
  Clock Net Delay (Source):      2.241ns (routing 0.916ns, distribution 1.325ns)
  Clock Net Delay (Destination): 2.497ns (routing 1.007ns, distribution 1.490ns)

    Location             Delay type                Incr(ns)  Path(ns)    Netlist Resource(s)
  -------------------------------------------------------------------    -------------------
                         (clock clk rise edge)        0.000     0.000 r  
    AH18                                              0.000     0.000 r  clk300_p_i (IN)
                         net (fo=0)                   0.079     0.079    u_ibufds/I
    HPIOBDIFFINBUF_X1Y36 DIFFINBUF (Prop_DIFFINBUF_HPIOBDIFFINBUF_DIFF_IN_P_O)
                                                      0.429     0.508 r  u_ibufds/DIFFINBUF_INST/O
                         net (fo=1, routed)           0.040     0.548    u_ibufds/OUT
    AH18                 IBUFCTRL (Prop_IBUFCTRL_HPIOB_M_I_O)
                                                      0.000     0.548 r  u_ibufds/IBUFCTRL_INST/O
                         net (fo=1, routed)           0.286     0.834    clk_ref
    BUFGCE_DIV_X1Y7      BUFGCE_DIV (Prop_BUFGCE_DIV_I_O)
                                                      0.132     0.966 r  u_bufgce_div/O
    X1Y3 (CLOCK_ROOT)    net (fo=7742, routed)        2.241     3.207    u_soc/g_dcache.u_dcache/g_dcu[1].u_dcu/clk
    SLICE_X91Y300        FDCE                                         r  u_soc/g_dcache.u_dcache/g_dcu[1].u_dcu/hold_addr_q_reg[28]/C
  -------------------------------------------------------------------    -------------------
    SLICE_X91Y300        FDCE (Prop_EFF_SLICEL_C_Q)
                                                      0.059     3.266 r  u_soc/g_dcache.u_dcache/g_dcu[1].u_dcu/hold_addr_q_reg[28]/Q
                         net (fo=1, routed)           0.062     3.328    u_soc/g_dcache.u_dcache/g_dcu[1].u_dcu/u_tag_ram/s1_addr_q_reg[31][28]
    SLICE_X91Y299        LUT6 (Prop_H6LUT_SLICEL_I5_O)
                                                      0.082     3.410 r  u_soc/g_dcache.u_dcache/g_dcu[1].u_dcu/u_tag_ram/s1_addr_q[28]_i_1__0/O
                         net (fo=1, routed)           0.024     3.434    u_soc/g_dcache.u_dcache/g_dcu[1].u_dcu/u_tag_ram_n_43
    SLICE_X91Y299        FDCE                                         r  u_soc/g_dcache.u_dcache/g_dcu[1].u_dcu/s1_addr_q_reg[28]/D
  -------------------------------------------------------------------    -------------------

                         (clock clk rise edge)        0.000     0.000 r  
    AH18                                              0.000     0.000 r  clk300_p_i (IN)
                         net (fo=0)                   0.100     0.100    u_ibufds/I
    HPIOBDIFFINBUF_X1Y36 DIFFINBUF (Prop_DIFFINBUF_HPIOBDIFFINBUF_DIFF_IN_P_O)
                                                      0.525     0.625 r  u_ibufds/DIFFINBUF_INST/O
                         net (fo=1, routed)           0.050     0.675    u_ibufds/OUT
    AH18                 IBUFCTRL (Prop_IBUFCTRL_HPIOB_M_I_O)
                                                      0.000     0.675 r  u_ibufds/IBUFCTRL_INST/O
                         net (fo=1, routed)           0.322     0.997    clk_ref
    BUFGCE_DIV_X1Y7      BUFGCE_DIV (Prop_BUFGCE_DIV_I_O)
                                                      0.152     1.149 r  u_bufgce_div/O
    X1Y3 (CLOCK_ROOT)    net (fo=7742, routed)        2.497     3.646    u_soc/g_dcache.u_dcache/g_dcu[1].u_dcu/clk
    SLICE_X91Y299        FDCE                                         r  u_soc/g_dcache.u_dcache/g_dcu[1].u_dcu/s1_addr_q_reg[28]/C
                         clock pessimism             -0.282     3.364    
    SLICE_X91Y299        FDCE (Hold_HFF_SLICEL_C_D)
                                                      0.060     3.424    u_soc/g_dcache.u_dcache/g_dcu[1].u_dcu/s1_addr_q_reg[28]
  -------------------------------------------------------------------
                         required time                         -3.424    
                         arrival time                           3.434    
  -------------------------------------------------------------------
                         slack                                  0.010    

Slack (MET) :             0.011ns  (arrival time - required time)
  Source:                 u_soc/g_dcache.u_dcache/g_dcu[3].u_dcu/s1_wdata_q_reg[1]/C
                            (rising edge-triggered cell FDCE clocked by clk  {rise@0.000ns fall@6.666ns period=16.665ns})
  Destination:            u_soc/g_dcache.u_dcache/g_dcu[3].u_dcu/hold_wdata_q_reg[1]/D
                            (rising edge-triggered cell FDCE clocked by clk  {rise@0.000ns fall@6.666ns period=16.665ns})
  Path Group:             clk
  Path Type:              Hold (Min at Slow Process Corner)
  Requirement:            0.000ns  (clk rise@0.000ns - clk rise@0.000ns)
  Data Path Delay:        0.153ns  (logic 0.059ns (38.661%)  route 0.094ns (61.339%))
  Logic Levels:           0  
  Clock Path Skew:        0.082ns (DCD - SCD - CPR)
    Destination Clock Delay (DCD):    3.538ns
    Source Clock Delay      (SCD):    3.107ns
    Clock Pessimism Removal (CPR):    0.349ns
  Clock Net Delay (Source):      2.141ns (routing 0.916ns, distribution 1.225ns)
  Clock Net Delay (Destination): 2.389ns (routing 1.007ns, distribution 1.382ns)

    Location             Delay type                Incr(ns)  Path(ns)    Netlist Resource(s)
  -------------------------------------------------------------------    -------------------
                         (clock clk rise edge)        0.000     0.000 r  
    AH18                                              0.000     0.000 r  clk300_p_i (IN)
                         net (fo=0)                   0.079     0.079    u_ibufds/I
    HPIOBDIFFINBUF_X1Y36 DIFFINBUF (Prop_DIFFINBUF_HPIOBDIFFINBUF_DIFF_IN_P_O)
                                                      0.429     0.508 r  u_ibufds/DIFFINBUF_INST/O
                         net (fo=1, routed)           0.040     0.548    u_ibufds/OUT
    AH18                 IBUFCTRL (Prop_IBUFCTRL_HPIOB_M_I_O)
                                                      0.000     0.548 r  u_ibufds/IBUFCTRL_INST/O
                         net (fo=1, routed)           0.286     0.834    clk_ref
    BUFGCE_DIV_X1Y7      BUFGCE_DIV (Prop_BUFGCE_DIV_I_O)
                                                      0.132     0.966 r  u_bufgce_div/O
    X1Y3 (CLOCK_ROOT)    net (fo=7742, routed)        2.141     3.107    u_soc/g_dcache.u_dcache/g_dcu[3].u_dcu/clk
    SLICE_X69Y283        FDCE                                         r  u_soc/g_dcache.u_dcache/g_dcu[3].u_dcu/s1_wdata_q_reg[1]/C
  -------------------------------------------------------------------    -------------------
    SLICE_X69Y283        FDCE (Prop_DFF_SLICEL_C_Q)
                                                      0.059     3.166 r  u_soc/g_dcache.u_dcache/g_dcu[3].u_dcu/s1_wdata_q_reg[1]/Q
                         net (fo=2, routed)           0.094     3.260    u_soc/g_dcache.u_dcache/g_dcu[3].u_dcu/s1_wdata_q_reg_n_0_[1]
    SLICE_X70Y283        FDCE                                         r  u_soc/g_dcache.u_dcache/g_dcu[3].u_dcu/hold_wdata_q_reg[1]/D
  -------------------------------------------------------------------    -------------------

                         (clock clk rise edge)        0.000     0.000 r  
    AH18                                              0.000     0.000 r  clk300_p_i (IN)
                         net (fo=0)                   0.100     0.100    u_ibufds/I
    HPIOBDIFFINBUF_X1Y36 DIFFINBUF (Prop_DIFFINBUF_HPIOBDIFFINBUF_DIFF_IN_P_O)
                                                      0.525     0.625 r  u_ibufds/DIFFINBUF_INST/O
                         net (fo=1, routed)           0.050     0.675    u_ibufds/OUT
    AH18                 IBUFCTRL (Prop_IBUFCTRL_HPIOB_M_I_O)
                                                      0.000     0.675 r  u_ibufds/IBUFCTRL_INST/O
                         net (fo=1, routed)           0.322     0.997    clk_ref
    BUFGCE_DIV_X1Y7      BUFGCE_DIV (Prop_BUFGCE_DIV_I_O)
                                                      0.152     1.149 r  u_bufgce_div/O
    X1Y3 (CLOCK_ROOT)    net (fo=7742, routed)        2.389     3.538    u_soc/g_dcache.u_dcache/g_dcu[3].u_dcu/clk
    SLICE_X70Y283        FDCE                                         r  u_soc/g_dcache.u_dcache/g_dcu[3].u_dcu/hold_wdata_q_reg[1]/C
                         clock pessimism             -0.349     3.189    
    SLICE_X70Y283        FDCE (Hold_EFF_SLICEM_C_D)
                                                      0.060     3.249    u_soc/g_dcache.u_dcache/g_dcu[3].u_dcu/hold_wdata_q_reg[1]
  -------------------------------------------------------------------
                         required time                         -3.249    
                         arrival time                           3.260    
  -------------------------------------------------------------------
                         slack                                  0.011    

Slack (MET) :             0.011ns  (arrival time - required time)
  Source:                 u_soc/g_pe[2].u_axi_ext/rdata_o_reg[24]/C
                            (rising edge-triggered cell FDCE clocked by clk  {rise@0.000ns fall@6.666ns period=16.665ns})
  Destination:            u_soc/g_pe[2].u_pe/u_core/core_i/load_store_unit_i/rdata_q_reg[24]/D
                            (rising edge-triggered cell FDCE clocked by clk  {rise@0.000ns fall@6.666ns period=16.665ns})
  Path Group:             clk
  Path Type:              Hold (Min at Slow Process Corner)
  Requirement:            0.000ns  (clk rise@0.000ns - clk rise@0.000ns)
  Data Path Delay:        1.566ns  (logic 0.208ns (13.281%)  route 1.358ns (86.719%))
  Logic Levels:           2  (LUT4=1 LUT5=1)
  Clock Path Skew:        1.495ns (DCD - SCD - CPR)
    Destination Clock Delay (DCD):    4.935ns
    Source Clock Delay      (SCD):    3.176ns
    Clock Pessimism Removal (CPR):    0.263ns
  Clock Net Delay (Source):      2.210ns (routing 0.916ns, distribution 1.294ns)
  Clock Net Delay (Destination): 1.865ns (routing 1.028ns, distribution 0.837ns)

    Location             Delay type                Incr(ns)  Path(ns)    Netlist Resource(s)
  -------------------------------------------------------------------    -------------------
                         (clock clk rise edge)        0.000     0.000 r  
    AH18                                              0.000     0.000 r  clk300_p_i (IN)
                         net (fo=0)                   0.079     0.079    u_ibufds/I
    HPIOBDIFFINBUF_X1Y36 DIFFINBUF (Prop_DIFFINBUF_HPIOBDIFFINBUF_DIFF_IN_P_O)
                                                      0.429     0.508 r  u_ibufds/DIFFINBUF_INST/O
                         net (fo=1, routed)           0.040     0.548    u_ibufds/OUT
    AH18                 IBUFCTRL (Prop_IBUFCTRL_HPIOB_M_I_O)
                                                      0.000     0.548 r  u_ibufds/IBUFCTRL_INST/O
                         net (fo=1, routed)           0.286     0.834    clk_ref
    BUFGCE_DIV_X1Y7      BUFGCE_DIV (Prop_BUFGCE_DIV_I_O)
                                                      0.132     0.966 r  u_bufgce_div/O
    X1Y3 (CLOCK_ROOT)    net (fo=7742, routed)        2.210     3.176    u_soc/g_pe[2].u_axi_ext/clk
    SLICE_X89Y263        FDCE                                         r  u_soc/g_pe[2].u_axi_ext/rdata_o_reg[24]/C
  -------------------------------------------------------------------    -------------------
    SLICE_X89Y263        FDCE (Prop_CFF_SLICEM_C_Q)
                                                      0.058     3.234 r  u_soc/g_pe[2].u_axi_ext/rdata_o_reg[24]/Q
                         net (fo=1, routed)           1.017     4.251    u_soc/g_pe[2].u_pe/u_data_bridge/u_router/rdata_q_reg[31][24]
    SLICE_X73Y248        LUT5 (Prop_F6LUT_SLICEM_I0_O)
                                                      0.056     4.307 r  u_soc/g_pe[2].u_pe/u_data_bridge/u_router/rdata_q[24]_i_2__1/O
                         net (fo=4, routed)           0.317     4.624    u_soc/g_pe[2].u_pe/u_core/core_i/id_stage_i/data_rdata[24]
    SLICE_X75Y248        LUT4 (Prop_F6LUT_SLICEL_I0_O)
                                                      0.094     4.718 r  u_soc/g_pe[2].u_pe/u_core/core_i/id_stage_i/rdata_q[24]_i_1__1/O
                         net (fo=1, routed)           0.024     4.742    u_soc/g_pe[2].u_pe/u_core/core_i/load_store_unit_i/rdata_q_reg[31]_5[24]
    SLICE_X75Y248        FDCE                                         r  u_soc/g_pe[2].u_pe/u_core/core_i/load_store_unit_i/rdata_q_reg[24]/D
  -------------------------------------------------------------------    -------------------

                         (clock clk rise edge)        0.000     0.000 r  
    AH18                                              0.000     0.000 r  clk300_p_i (IN)
                         net (fo=0)                   0.100     0.100    u_ibufds/I
    HPIOBDIFFINBUF_X1Y36 DIFFINBUF (Prop_DIFFINBUF_HPIOBDIFFINBUF_DIFF_IN_P_O)
                                                      0.525     0.625 r  u_ibufds/DIFFINBUF_INST/O
                         net (fo=1, routed)           0.050     0.675    u_ibufds/OUT
    AH18                 IBUFCTRL (Prop_IBUFCTRL_HPIOB_M_I_O)
                                                      0.000     0.675 r  u_ibufds/IBUFCTRL_INST/O
                         net (fo=1, routed)           0.322     0.997    clk_ref
    BUFGCE_DIV_X1Y7      BUFGCE_DIV (Prop_BUFGCE_DIV_I_O)
                                                      0.152     1.149 r  u_bufgce_div/O
                         net (fo=7742, routed)        1.893     3.042    u_soc/g_pe[2].u_pe/u_core/core_i/sleep_unit_i/core_clock_gate_i/clk
    BUFGCE_X0Y104        BUFGCE (Prop_BUFCE_BUFGCE_I_O)
                                                      0.028     3.070 r  u_soc/g_pe[2].u_pe/u_core/core_i/sleep_unit_i/core_clock_gate_i/u_bufgce/O
    X2Y4 (CLOCK_ROOT)    net (fo=2099, routed)        1.865     4.935    u_soc/g_pe[2].u_pe/u_core/core_i/load_store_unit_i/clk_0
    SLICE_X75Y248        FDCE                                         r  u_soc/g_pe[2].u_pe/u_core/core_i/load_store_unit_i/rdata_q_reg[24]/C
                         clock pessimism             -0.263     4.672    
    SLICE_X75Y248        FDCE (Hold_FFF_SLICEL_C_D)
                                                      0.060     4.732    u_soc/g_pe[2].u_pe/u_core/core_i/load_store_unit_i/rdata_q_reg[24]
  -------------------------------------------------------------------
                         required time                         -4.732    
                         arrival time                           4.742    
  -------------------------------------------------------------------
                         slack                                  0.011    

Slack (MET) :             0.011ns  (arrival time - required time)
  Source:                 u_soc/g_pe[3].u_axi_ext/rdata_o_reg[21]/C
                            (rising edge-triggered cell FDCE clocked by clk  {rise@0.000ns fall@6.666ns period=16.665ns})
  Destination:            u_soc/g_pe[3].u_pe/u_core/core_i/load_store_unit_i/rdata_q_reg[21]/D
                            (rising edge-triggered cell FDCE clocked by clk  {rise@0.000ns fall@6.666ns period=16.665ns})
  Path Group:             clk
  Path Type:              Hold (Min at Slow Process Corner)
  Requirement:            0.000ns  (clk rise@0.000ns - clk rise@0.000ns)
  Data Path Delay:        1.427ns  (logic 0.171ns (11.984%)  route 1.256ns (88.016%))
  Logic Levels:           2  (LUT4=1 LUT5=1)
  Clock Path Skew:        1.356ns (DCD - SCD - CPR)
    Destination Clock Delay (DCD):    4.741ns
    Source Clock Delay      (SCD):    3.122ns
    Clock Pessimism Removal (CPR):    0.263ns
  Clock Net Delay (Source):      2.156ns (routing 0.916ns, distribution 1.240ns)
  Clock Net Delay (Destination): 1.669ns (routing 0.734ns, distribution 0.935ns)

    Location             Delay type                Incr(ns)  Path(ns)    Netlist Resource(s)
  -------------------------------------------------------------------    -------------------
                         (clock clk rise edge)        0.000     0.000 r  
    AH18                                              0.000     0.000 r  clk300_p_i (IN)
                         net (fo=0)                   0.079     0.079    u_ibufds/I
    HPIOBDIFFINBUF_X1Y36 DIFFINBUF (Prop_DIFFINBUF_HPIOBDIFFINBUF_DIFF_IN_P_O)
                                                      0.429     0.508 r  u_ibufds/DIFFINBUF_INST/O
                         net (fo=1, routed)           0.040     0.548    u_ibufds/OUT
    AH18                 IBUFCTRL (Prop_IBUFCTRL_HPIOB_M_I_O)
                                                      0.000     0.548 r  u_ibufds/IBUFCTRL_INST/O
                         net (fo=1, routed)           0.286     0.834    clk_ref
    BUFGCE_DIV_X1Y7      BUFGCE_DIV (Prop_BUFGCE_DIV_I_O)
                                                      0.132     0.966 r  u_bufgce_div/O
    X1Y3 (CLOCK_ROOT)    net (fo=7742, routed)        2.156     3.122    u_soc/g_pe[3].u_axi_ext/clk
    SLICE_X75Y290        FDCE                                         r  u_soc/g_pe[3].u_axi_ext/rdata_o_reg[21]/C
  -------------------------------------------------------------------    -------------------
    SLICE_X75Y290        FDCE (Prop_DFF_SLICEL_C_Q)
                                                      0.059     3.181 r  u_soc/g_pe[3].u_axi_ext/rdata_o_reg[21]/Q
                         net (fo=1, routed)           0.441     3.622    u_soc/g_pe[3].u_pe/u_data_bridge/u_router/rdata_q_reg[31][21]
    SLICE_X71Y290        LUT5 (Prop_C6LUT_SLICEM_I4_O)
                                                      0.056     3.678 r  u_soc/g_pe[3].u_pe/u_data_bridge/u_router/rdata_q[21]_i_2__2/O
                         net (fo=6, routed)           0.779     4.457    u_soc/g_pe[3].u_pe/u_core/core_i/id_stage_i/data_rdata[21]
    SLICE_X67Y292        LUT4 (Prop_D6LUT_SLICEM_I0_O)
                                                      0.056     4.513 r  u_soc/g_pe[3].u_pe/u_core/core_i/id_stage_i/rdata_q[21]_i_1__2/O
                         net (fo=1, routed)           0.036     4.549    u_soc/g_pe[3].u_pe/u_core/core_i/load_store_unit_i/rdata_q_reg[31]_5[21]
    SLICE_X67Y292        FDCE                                         r  u_soc/g_pe[3].u_pe/u_core/core_i/load_store_unit_i/rdata_q_reg[21]/D
  -------------------------------------------------------------------    -------------------

                         (clock clk rise edge)        0.000     0.000 r  
    AH18                                              0.000     0.000 r  clk300_p_i (IN)
                         net (fo=0)                   0.100     0.100    u_ibufds/I
    HPIOBDIFFINBUF_X1Y36 DIFFINBUF (Prop_DIFFINBUF_HPIOBDIFFINBUF_DIFF_IN_P_O)
                                                      0.525     0.625 r  u_ibufds/DIFFINBUF_INST/O
                         net (fo=1, routed)           0.050     0.675    u_ibufds/OUT
    AH18                 IBUFCTRL (Prop_IBUFCTRL_HPIOB_M_I_O)
                                                      0.000     0.675 r  u_ibufds/IBUFCTRL_INST/O
                         net (fo=1, routed)           0.322     0.997    clk_ref
    BUFGCE_DIV_X1Y7      BUFGCE_DIV (Prop_BUFGCE_DIV_I_O)
                                                      0.152     1.149 r  u_bufgce_div/O
                         net (fo=7742, routed)        1.895     3.044    u_soc/g_pe[3].u_pe/u_core/core_i/sleep_unit_i/core_clock_gate_i/clk
    BUFGCE_X0Y113        BUFGCE (Prop_BUFCE_BUFGCE_I_O)
                                                      0.028     3.072 r  u_soc/g_pe[3].u_pe/u_core/core_i/sleep_unit_i/core_clock_gate_i/u_bufgce/O
    X1Y4 (CLOCK_ROOT)    net (fo=2099, routed)        1.669     4.741    u_soc/g_pe[3].u_pe/u_core/core_i/load_store_unit_i/clk_0
    SLICE_X67Y292        FDCE                                         r  u_soc/g_pe[3].u_pe/u_core/core_i/load_store_unit_i/rdata_q_reg[21]/C
                         clock pessimism             -0.263     4.478    
    SLICE_X67Y292        FDCE (Hold_DFF_SLICEM_C_D)
                                                      0.060     4.538    u_soc/g_pe[3].u_pe/u_core/core_i/load_store_unit_i/rdata_q_reg[21]
  -------------------------------------------------------------------
                         required time                         -4.538    
                         arrival time                           4.549    
  -------------------------------------------------------------------
                         slack                                  0.011    

Slack (MET) :             0.011ns  (arrival time - required time)
  Source:                 u_soc/g_pe[3].u_axi_ext/FSM_onehot_state_q_reg[3]/C
                            (rising edge-triggered cell FDCE clocked by clk  {rise@0.000ns fall@6.666ns period=16.665ns})
  Destination:            u_soc/g_pe[3].u_axi_ext/FSM_onehot_state_q_reg[2]/D
                            (rising edge-triggered cell FDCE clocked by clk  {rise@0.000ns fall@6.666ns period=16.665ns})
  Path Group:             clk
  Path Type:              Hold (Min at Slow Process Corner)
  Requirement:            0.000ns  (clk rise@0.000ns - clk rise@0.000ns)
  Data Path Delay:        0.170ns  (logic 0.058ns (34.118%)  route 0.112ns (65.882%))
  Logic Levels:           0  
  Clock Path Skew:        0.097ns (DCD - SCD - CPR)
    Destination Clock Delay (DCD):    3.609ns
    Source Clock Delay      (SCD):    3.156ns
    Clock Pessimism Removal (CPR):    0.356ns
  Clock Net Delay (Source):      2.190ns (routing 0.916ns, distribution 1.274ns)
  Clock Net Delay (Destination): 2.460ns (routing 1.007ns, distribution 1.453ns)

    Location             Delay type                Incr(ns)  Path(ns)    Netlist Resource(s)
  -------------------------------------------------------------------    -------------------
                         (clock clk rise edge)        0.000     0.000 r  
    AH18                                              0.000     0.000 r  clk300_p_i (IN)
                         net (fo=0)                   0.079     0.079    u_ibufds/I
    HPIOBDIFFINBUF_X1Y36 DIFFINBUF (Prop_DIFFINBUF_HPIOBDIFFINBUF_DIFF_IN_P_O)
                                                      0.429     0.508 r  u_ibufds/DIFFINBUF_INST/O
                         net (fo=1, routed)           0.040     0.548    u_ibufds/OUT
    AH18                 IBUFCTRL (Prop_IBUFCTRL_HPIOB_M_I_O)
                                                      0.000     0.548 r  u_ibufds/IBUFCTRL_INST/O
                         net (fo=1, routed)           0.286     0.834    clk_ref
    BUFGCE_DIV_X1Y7      BUFGCE_DIV (Prop_BUFGCE_DIV_I_O)
                                                      0.132     0.966 r  u_bufgce_div/O
    X1Y3 (CLOCK_ROOT)    net (fo=7742, routed)        2.190     3.156    u_soc/g_pe[3].u_axi_ext/clk
    SLICE_X86Y302        FDCE                                         r  u_soc/g_pe[3].u_axi_ext/FSM_onehot_state_q_reg[3]/C
  -------------------------------------------------------------------    -------------------
    SLICE_X86Y302        FDCE (Prop_CFF_SLICEM_C_Q)
                                                      0.058     3.214 r  u_soc/g_pe[3].u_axi_ext/FSM_onehot_state_q_reg[3]/Q
                         net (fo=24, routed)          0.112     3.326    u_soc/g_pe[3].u_axi_ext/Q[3]
    SLICE_X85Y302        FDCE                                         r  u_soc/g_pe[3].u_axi_ext/FSM_onehot_state_q_reg[2]/D
  -------------------------------------------------------------------    -------------------

                         (clock clk rise edge)        0.000     0.000 r  
    AH18                                              0.000     0.000 r  clk300_p_i (IN)
                         net (fo=0)                   0.100     0.100    u_ibufds/I
    HPIOBDIFFINBUF_X1Y36 DIFFINBUF (Prop_DIFFINBUF_HPIOBDIFFINBUF_DIFF_IN_P_O)
                                                      0.525     0.625 r  u_ibufds/DIFFINBUF_INST/O
                         net (fo=1, routed)           0.050     0.675    u_ibufds/OUT
    AH18                 IBUFCTRL (Prop_IBUFCTRL_HPIOB_M_I_O)
                                                      0.000     0.675 r  u_ibufds/IBUFCTRL_INST/O
                         net (fo=1, routed)           0.322     0.997    clk_ref
    BUFGCE_DIV_X1Y7      BUFGCE_DIV (Prop_BUFGCE_DIV_I_O)
                                                      0.152     1.149 r  u_bufgce_div/O
    X1Y3 (CLOCK_ROOT)    net (fo=7742, routed)        2.460     3.609    u_soc/g_pe[3].u_axi_ext/clk
    SLICE_X85Y302        FDCE                                         r  u_soc/g_pe[3].u_axi_ext/FSM_onehot_state_q_reg[2]/C
                         clock pessimism             -0.356     3.253    
    SLICE_X85Y302        FDCE (Hold_FFF2_SLICEL_C_D)
                                                      0.062     3.315    u_soc/g_pe[3].u_axi_ext/FSM_onehot_state_q_reg[2]
  -------------------------------------------------------------------
                         required time                         -3.315    
                         arrival time                           3.326    
  -------------------------------------------------------------------
                         slack                                  0.011    

Slack (MET) :             0.012ns  (arrival time - required time)
  Source:                 u_soc/g_dcache.u_dcache/g_dcu[0].u_dcu/s1_be_q_reg[1]/C
                            (rising edge-triggered cell FDCE clocked by clk  {rise@0.000ns fall@6.666ns period=16.665ns})
  Destination:            u_soc/g_dcache.u_dcache/g_dcu[0].u_dcu/s2_be_q_reg[1]/D
                            (rising edge-triggered cell FDCE clocked by clk  {rise@0.000ns fall@6.666ns period=16.665ns})
  Path Group:             clk
  Path Type:              Hold (Min at Slow Process Corner)
  Requirement:            0.000ns  (clk rise@0.000ns - clk rise@0.000ns)
  Data Path Delay:        0.177ns  (logic 0.058ns (32.781%)  route 0.119ns (67.219%))
  Logic Levels:           0  
  Clock Path Skew:        0.105ns (DCD - SCD - CPR)
    Destination Clock Delay (DCD):    3.589ns
    Source Clock Delay      (SCD):    3.128ns
    Clock Pessimism Removal (CPR):    0.356ns
  Clock Net Delay (Source):      2.162ns (routing 0.916ns, distribution 1.246ns)
  Clock Net Delay (Destination): 2.440ns (routing 1.007ns, distribution 1.433ns)

    Location             Delay type                Incr(ns)  Path(ns)    Netlist Resource(s)
  -------------------------------------------------------------------    -------------------
                         (clock clk rise edge)        0.000     0.000 r  
    AH18                                              0.000     0.000 r  clk300_p_i (IN)
                         net (fo=0)                   0.079     0.079    u_ibufds/I
    HPIOBDIFFINBUF_X1Y36 DIFFINBUF (Prop_DIFFINBUF_HPIOBDIFFINBUF_DIFF_IN_P_O)
                                                      0.429     0.508 r  u_ibufds/DIFFINBUF_INST/O
                         net (fo=1, routed)           0.040     0.548    u_ibufds/OUT
    AH18                 IBUFCTRL (Prop_IBUFCTRL_HPIOB_M_I_O)
                                                      0.000     0.548 r  u_ibufds/IBUFCTRL_INST/O
                         net (fo=1, routed)           0.286     0.834    clk_ref
    BUFGCE_DIV_X1Y7      BUFGCE_DIV (Prop_BUFGCE_DIV_I_O)
                                                      0.132     0.966 r  u_bufgce_div/O
    X1Y3 (CLOCK_ROOT)    net (fo=7742, routed)        2.162     3.128    u_soc/g_dcache.u_dcache/g_dcu[0].u_dcu/clk
    SLICE_X73Y316        FDCE                                         r  u_soc/g_dcache.u_dcache/g_dcu[0].u_dcu/s1_be_q_reg[1]/C
  -------------------------------------------------------------------    -------------------
    SLICE_X73Y316        FDCE (Prop_DFF_SLICEM_C_Q)
                                                      0.058     3.186 r  u_soc/g_dcache.u_dcache/g_dcu[0].u_dcu/s1_be_q_reg[1]/Q
                         net (fo=2, routed)           0.119     3.305    u_soc/g_dcache.u_dcache/g_dcu[0].u_dcu/s1_be_q[1]
    SLICE_X72Y315        FDCE                                         r  u_soc/g_dcache.u_dcache/g_dcu[0].u_dcu/s2_be_q_reg[1]/D
  -------------------------------------------------------------------    -------------------

                         (clock clk rise edge)        0.000     0.000 r  
    AH18                                              0.000     0.000 r  clk300_p_i (IN)
                         net (fo=0)                   0.100     0.100    u_ibufds/I
    HPIOBDIFFINBUF_X1Y36 DIFFINBUF (Prop_DIFFINBUF_HPIOBDIFFINBUF_DIFF_IN_P_O)
                                                      0.525     0.625 r  u_ibufds/DIFFINBUF_INST/O
                         net (fo=1, routed)           0.050     0.675    u_ibufds/OUT
    AH18                 IBUFCTRL (Prop_IBUFCTRL_HPIOB_M_I_O)
                                                      0.000     0.675 r  u_ibufds/IBUFCTRL_INST/O
                         net (fo=1, routed)           0.322     0.997    clk_ref
    BUFGCE_DIV_X1Y7      BUFGCE_DIV (Prop_BUFGCE_DIV_I_O)
                                                      0.152     1.149 r  u_bufgce_div/O
    X1Y3 (CLOCK_ROOT)    net (fo=7742, routed)        2.440     3.589    u_soc/g_dcache.u_dcache/g_dcu[0].u_dcu/clk
    SLICE_X72Y315        FDCE                                         r  u_soc/g_dcache.u_dcache/g_dcu[0].u_dcu/s2_be_q_reg[1]/C
                         clock pessimism             -0.356     3.233    
    SLICE_X72Y315        FDCE (Hold_EFF_SLICEL_C_D)
                                                      0.060     3.293    u_soc/g_dcache.u_dcache/g_dcu[0].u_dcu/s2_be_q_reg[1]
  -------------------------------------------------------------------
                         required time                         -3.293    
                         arrival time                           3.305    
  -------------------------------------------------------------------
                         slack                                  0.012    

Slack (MET) :             0.013ns  (arrival time - required time)
  Source:                 u_soc/g_pe[1].u_pe/u_core/core_i/if_stage_i/aligner_i/pc_q_reg[8]/C
                            (rising edge-triggered cell FDCE clocked by clk  {rise@0.000ns fall@6.666ns period=16.665ns})
  Destination:            u_soc/g_pe[1].u_pe/u_core/core_i/if_stage_i/pc_id_o_reg[8]/D
                            (rising edge-triggered cell FDCE clocked by clk  {rise@0.000ns fall@6.666ns period=16.665ns})
  Path Group:             clk
  Path Type:              Hold (Min at Slow Process Corner)
  Requirement:            0.000ns  (clk rise@0.000ns - clk rise@0.000ns)
  Data Path Delay:        0.183ns  (logic 0.058ns (31.662%)  route 0.125ns (68.338%))
  Logic Levels:           0  
  Clock Path Skew:        0.108ns (DCD - SCD - CPR)
    Destination Clock Delay (DCD):    5.345ns
    Source Clock Delay      (SCD):    4.715ns
    Clock Pessimism Removal (CPR):    0.523ns
  Clock Net Delay (Source):      1.693ns (routing 1.024ns, distribution 0.669ns)
  Clock Net Delay (Destination): 1.934ns (routing 1.123ns, distribution 0.811ns)

    Location             Delay type                Incr(ns)  Path(ns)    Netlist Resource(s)
  -------------------------------------------------------------------    -------------------
                         (clock clk rise edge)        0.000     0.000 r  
    AH18                                              0.000     0.000 r  clk300_p_i (IN)
                         net (fo=0)                   0.079     0.079    u_ibufds/I
    HPIOBDIFFINBUF_X1Y36 DIFFINBUF (Prop_DIFFINBUF_HPIOBDIFFINBUF_DIFF_IN_P_O)
                                                      0.429     0.508 r  u_ibufds/DIFFINBUF_INST/O
                         net (fo=1, routed)           0.040     0.548    u_ibufds/OUT
    AH18                 IBUFCTRL (Prop_IBUFCTRL_HPIOB_M_I_O)
                                                      0.000     0.548 r  u_ibufds/IBUFCTRL_INST/O
                         net (fo=1, routed)           0.286     0.834    clk_ref
    BUFGCE_DIV_X1Y7      BUFGCE_DIV (Prop_BUFGCE_DIV_I_O)
                                                      0.132     0.966 r  u_bufgce_div/O
                         net (fo=7742, routed)        2.032     2.998    u_soc/g_pe[1].u_pe/u_core/core_i/sleep_unit_i/core_clock_gate_i/clk
    BUFGCE_X0Y143        BUFGCE (Prop_BUFCE_BUFGCE_I_O)
                                                      0.024     3.022 r  u_soc/g_pe[1].u_pe/u_core/core_i/sleep_unit_i/core_clock_gate_i/u_bufgce/O
    X2Y5 (CLOCK_ROOT)    net (fo=2099, routed)        1.693     4.715    u_soc/g_pe[1].u_pe/u_core/core_i/if_stage_i/aligner_i/clk_0
    SLICE_X83Y333        FDCE                                         r  u_soc/g_pe[1].u_pe/u_core/core_i/if_stage_i/aligner_i/pc_q_reg[8]/C
  -------------------------------------------------------------------    -------------------
    SLICE_X83Y333        FDCE (Prop_AFF_SLICEM_C_Q)
                                                      0.058     4.773 r  u_soc/g_pe[1].u_pe/u_core/core_i/if_stage_i/aligner_i/pc_q_reg[8]/Q
                         net (fo=4, routed)           0.125     4.898    u_soc/g_pe[1].u_pe/u_core/core_i/if_stage_i/pc_if[8]
    SLICE_X81Y331        FDCE                                         r  u_soc/g_pe[1].u_pe/u_core/core_i/if_stage_i/pc_id_o_reg[8]/D
  -------------------------------------------------------------------    -------------------

                         (clock clk rise edge)        0.000     0.000 r  
    AH18                                              0.000     0.000 r  clk300_p_i (IN)
                         net (fo=0)                   0.100     0.100    u_ibufds/I
    HPIOBDIFFINBUF_X1Y36 DIFFINBUF (Prop_DIFFINBUF_HPIOBDIFFINBUF_DIFF_IN_P_O)
                                                      0.525     0.625 r  u_ibufds/DIFFINBUF_INST/O
                         net (fo=1, routed)           0.050     0.675    u_ibufds/OUT
    AH18                 IBUFCTRL (Prop_IBUFCTRL_HPIOB_M_I_O)
                                                      0.000     0.675 r  u_ibufds/IBUFCTRL_INST/O
                         net (fo=1, routed)           0.322     0.997    clk_ref
    BUFGCE_DIV_X1Y7      BUFGCE_DIV (Prop_BUFGCE_DIV_I_O)
                                                      0.152     1.149 r  u_bufgce_div/O
                         net (fo=7742, routed)        2.234     3.383    u_soc/g_pe[1].u_pe/u_core/core_i/sleep_unit_i/core_clock_gate_i/clk
    BUFGCE_X0Y143        BUFGCE (Prop_BUFCE_BUFGCE_I_O)
                                                      0.028     3.411 r  u_soc/g_pe[1].u_pe/u_core/core_i/sleep_unit_i/core_clock_gate_i/u_bufgce/O
    X2Y5 (CLOCK_ROOT)    net (fo=2099, routed)        1.934     5.345    u_soc/g_pe[1].u_pe/u_core/core_i/if_stage_i/clk_0
    SLICE_X81Y331        FDCE                                         r  u_soc/g_pe[1].u_pe/u_core/core_i/if_stage_i/pc_id_o_reg[8]/C
                         clock pessimism             -0.523     4.823    
    SLICE_X81Y331        FDCE (Hold_BFF2_SLICEM_C_D)
                                                      0.062     4.885    u_soc/g_pe[1].u_pe/u_core/core_i/if_stage_i/pc_id_o_reg[8]
  -------------------------------------------------------------------
                         required time                         -4.885    
                         arrival time                           4.898    
  -------------------------------------------------------------------
                         slack                                  0.013    

Slack (MET) :             0.014ns  (arrival time - required time)
  Source:                 u_soc/g_pe[1].u_pe/u_core/core_i/if_stage_i/aligner_i/pc_q_reg[17]/C
                            (rising edge-triggered cell FDCE clocked by clk  {rise@0.000ns fall@6.666ns period=16.665ns})
  Destination:            u_soc/g_pe[1].u_pe/u_core/core_i/if_stage_i/pc_id_o_reg[17]/D
                            (rising edge-triggered cell FDCE clocked by clk  {rise@0.000ns fall@6.666ns period=16.665ns})
  Path Group:             clk
  Path Type:              Hold (Min at Slow Process Corner)
  Requirement:            0.000ns  (clk rise@0.000ns - clk rise@0.000ns)
  Data Path Delay:        0.186ns  (logic 0.060ns (32.176%)  route 0.126ns (67.824%))
  Logic Levels:           0  
  Clock Path Skew:        0.111ns (DCD - SCD - CPR)
    Destination Clock Delay (DCD):    5.351ns
    Source Clock Delay      (SCD):    4.718ns
    Clock Pessimism Removal (CPR):    0.523ns
  Clock Net Delay (Source):      1.696ns (routing 1.024ns, distribution 0.672ns)
  Clock Net Delay (Destination): 1.940ns (routing 1.123ns, distribution 0.817ns)

    Location             Delay type                Incr(ns)  Path(ns)    Netlist Resource(s)
  -------------------------------------------------------------------    -------------------
                         (clock clk rise edge)        0.000     0.000 r  
    AH18                                              0.000     0.000 r  clk300_p_i (IN)
                         net (fo=0)                   0.079     0.079    u_ibufds/I
    HPIOBDIFFINBUF_X1Y36 DIFFINBUF (Prop_DIFFINBUF_HPIOBDIFFINBUF_DIFF_IN_P_O)
                                                      0.429     0.508 r  u_ibufds/DIFFINBUF_INST/O
                         net (fo=1, routed)           0.040     0.548    u_ibufds/OUT
    AH18                 IBUFCTRL (Prop_IBUFCTRL_HPIOB_M_I_O)
                                                      0.000     0.548 r  u_ibufds/IBUFCTRL_INST/O
                         net (fo=1, routed)           0.286     0.834    clk_ref
    BUFGCE_DIV_X1Y7      BUFGCE_DIV (Prop_BUFGCE_DIV_I_O)
                                                      0.132     0.966 r  u_bufgce_div/O
                         net (fo=7742, routed)        2.032     2.998    u_soc/g_pe[1].u_pe/u_core/core_i/sleep_unit_i/core_clock_gate_i/clk
    BUFGCE_X0Y143        BUFGCE (Prop_BUFCE_BUFGCE_I_O)
                                                      0.024     3.022 r  u_soc/g_pe[1].u_pe/u_core/core_i/sleep_unit_i/core_clock_gate_i/u_bufgce/O
    X2Y5 (CLOCK_ROOT)    net (fo=2099, routed)        1.696     4.718    u_soc/g_pe[1].u_pe/u_core/core_i/if_stage_i/aligner_i/clk_0
    SLICE_X83Y335        FDCE                                         r  u_soc/g_pe[1].u_pe/u_core/core_i/if_stage_i/aligner_i/pc_q_reg[17]/C
  -------------------------------------------------------------------    -------------------
    SLICE_X83Y335        FDCE (Prop_AFF2_SLICEM_C_Q)
                                                      0.060     4.778 r  u_soc/g_pe[1].u_pe/u_core/core_i/if_stage_i/aligner_i/pc_q_reg[17]/Q
                         net (fo=4, routed)           0.126     4.904    u_soc/g_pe[1].u_pe/u_core/core_i/if_stage_i/pc_if[17]
    SLICE_X82Y337        FDCE                                         r  u_soc/g_pe[1].u_pe/u_core/core_i/if_stage_i/pc_id_o_reg[17]/D
  -------------------------------------------------------------------    -------------------

                         (clock clk rise edge)        0.000     0.000 r  
    AH18                                              0.000     0.000 r  clk300_p_i (IN)
                         net (fo=0)                   0.100     0.100    u_ibufds/I
    HPIOBDIFFINBUF_X1Y36 DIFFINBUF (Prop_DIFFINBUF_HPIOBDIFFINBUF_DIFF_IN_P_O)
                                                      0.525     0.625 r  u_ibufds/DIFFINBUF_INST/O
                         net (fo=1, routed)           0.050     0.675    u_ibufds/OUT
    AH18                 IBUFCTRL (Prop_IBUFCTRL_HPIOB_M_I_O)
                                                      0.000     0.675 r  u_ibufds/IBUFCTRL_INST/O
                         net (fo=1, routed)           0.322     0.997    clk_ref
    BUFGCE_DIV_X1Y7      BUFGCE_DIV (Prop_BUFGCE_DIV_I_O)
                                                      0.152     1.149 r  u_bufgce_div/O
                         net (fo=7742, routed)        2.234     3.383    u_soc/g_pe[1].u_pe/u_core/core_i/sleep_unit_i/core_clock_gate_i/clk
    BUFGCE_X0Y143        BUFGCE (Prop_BUFCE_BUFGCE_I_O)
                                                      0.028     3.411 r  u_soc/g_pe[1].u_pe/u_core/core_i/sleep_unit_i/core_clock_gate_i/u_bufgce/O
    X2Y5 (CLOCK_ROOT)    net (fo=2099, routed)        1.940     5.351    u_soc/g_pe[1].u_pe/u_core/core_i/if_stage_i/clk_0
    SLICE_X82Y337        FDCE                                         r  u_soc/g_pe[1].u_pe/u_core/core_i/if_stage_i/pc_id_o_reg[17]/C
                         clock pessimism             -0.523     4.829    
    SLICE_X82Y337        FDCE (Hold_EFF2_SLICEL_C_D)
                                                      0.062     4.891    u_soc/g_pe[1].u_pe/u_core/core_i/if_stage_i/pc_id_o_reg[17]
  -------------------------------------------------------------------
                         required time                         -4.891    
                         arrival time                           4.904    
  -------------------------------------------------------------------
                         slack                                  0.014    

Slack (MET) :             0.015ns  (arrival time - required time)
  Source:                 u_soc/g_dcache.u_dcache/g_dcu[2].u_dcu/s1_addr_q_reg[18]/C
                            (rising edge-triggered cell FDCE clocked by clk  {rise@0.000ns fall@6.666ns period=16.665ns})
  Destination:            u_soc/g_dcache.u_dcache/g_dcu[2].u_dcu/hold_addr_q_reg[18]/D
                            (rising edge-triggered cell FDCE clocked by clk  {rise@0.000ns fall@6.666ns period=16.665ns})
  Path Group:             clk
  Path Type:              Hold (Min at Slow Process Corner)
  Requirement:            0.000ns  (clk rise@0.000ns - clk rise@0.000ns)
  Data Path Delay:        0.133ns  (logic 0.058ns (43.672%)  route 0.075ns (56.328%))
  Logic Levels:           0  
  Clock Path Skew:        0.056ns (DCD - SCD - CPR)
    Destination Clock Delay (DCD):    3.569ns
    Source Clock Delay      (SCD):    3.113ns
    Clock Pessimism Removal (CPR):    0.401ns
  Clock Net Delay (Source):      2.147ns (routing 0.916ns, distribution 1.231ns)
  Clock Net Delay (Destination): 2.420ns (routing 1.007ns, distribution 1.413ns)

    Location             Delay type                Incr(ns)  Path(ns)    Netlist Resource(s)
  -------------------------------------------------------------------    -------------------
                         (clock clk rise edge)        0.000     0.000 r  
    AH18                                              0.000     0.000 r  clk300_p_i (IN)
                         net (fo=0)                   0.079     0.079    u_ibufds/I
    HPIOBDIFFINBUF_X1Y36 DIFFINBUF (Prop_DIFFINBUF_HPIOBDIFFINBUF_DIFF_IN_P_O)
                                                      0.429     0.508 r  u_ibufds/DIFFINBUF_INST/O
                         net (fo=1, routed)           0.040     0.548    u_ibufds/OUT
    AH18                 IBUFCTRL (Prop_IBUFCTRL_HPIOB_M_I_O)
                                                      0.000     0.548 r  u_ibufds/IBUFCTRL_INST/O
                         net (fo=1, routed)           0.286     0.834    clk_ref
    BUFGCE_DIV_X1Y7      BUFGCE_DIV (Prop_BUFGCE_DIV_I_O)
                                                      0.132     0.966 r  u_bufgce_div/O
    X1Y3 (CLOCK_ROOT)    net (fo=7742, routed)        2.147     3.113    u_soc/g_dcache.u_dcache/g_dcu[2].u_dcu/clk
    SLICE_X82Y279        FDCE                                         r  u_soc/g_dcache.u_dcache/g_dcu[2].u_dcu/s1_addr_q_reg[18]/C
  -------------------------------------------------------------------    -------------------
    SLICE_X82Y279        FDCE (Prop_HFF_SLICEL_C_Q)
                                                      0.058     3.171 r  u_soc/g_dcache.u_dcache/g_dcu[2].u_dcu/s1_addr_q_reg[18]/Q
                         net (fo=12, routed)          0.075     3.245    u_soc/g_dcache.u_dcache/g_dcu[2].u_dcu/s1_addr_q_reg[31]_0[18]
    SLICE_X82Y278        FDCE                                         r  u_soc/g_dcache.u_dcache/g_dcu[2].u_dcu/hold_addr_q_reg[18]/D
  -------------------------------------------------------------------    -------------------

                         (clock clk rise edge)        0.000     0.000 r  
    AH18                                              0.000     0.000 r  clk300_p_i (IN)
                         net (fo=0)                   0.100     0.100    u_ibufds/I
    HPIOBDIFFINBUF_X1Y36 DIFFINBUF (Prop_DIFFINBUF_HPIOBDIFFINBUF_DIFF_IN_P_O)
                                                      0.525     0.625 r  u_ibufds/DIFFINBUF_INST/O
                         net (fo=1, routed)           0.050     0.675    u_ibufds/OUT
    AH18                 IBUFCTRL (Prop_IBUFCTRL_HPIOB_M_I_O)
                                                      0.000     0.675 r  u_ibufds/IBUFCTRL_INST/O
                         net (fo=1, routed)           0.322     0.997    clk_ref
    BUFGCE_DIV_X1Y7      BUFGCE_DIV (Prop_BUFGCE_DIV_I_O)
                                                      0.152     1.149 r  u_bufgce_div/O
    X1Y3 (CLOCK_ROOT)    net (fo=7742, routed)        2.420     3.569    u_soc/g_dcache.u_dcache/g_dcu[2].u_dcu/clk
    SLICE_X82Y278        FDCE                                         r  u_soc/g_dcache.u_dcache/g_dcu[2].u_dcu/hold_addr_q_reg[18]/C
                         clock pessimism             -0.401     3.169    
    SLICE_X82Y278        FDCE (Hold_HFF2_SLICEL_C_D)
                                                      0.062     3.231    u_soc/g_dcache.u_dcache/g_dcu[2].u_dcu/hold_addr_q_reg[18]
  -------------------------------------------------------------------
                         required time                         -3.231    
                         arrival time                           3.245    
  -------------------------------------------------------------------
                         slack                                  0.015    

Slack (MET) :             0.015ns  (arrival time - required time)
  Source:                 rdata_q_reg[8]_i_4__2/C
                            (rising edge-triggered cell FDRE clocked by clk  {rise@0.000ns fall@6.666ns period=16.665ns})
  Destination:            u_soc/g_pe[3].u_pe/u_core/core_i/load_store_unit_i/rdata_q_reg[8]/D
                            (rising edge-triggered cell FDCE clocked by clk  {rise@0.000ns fall@6.666ns period=16.665ns})
  Path Group:             clk
  Path Type:              Hold (Min at Slow Process Corner)
  Requirement:            0.000ns  (clk rise@0.000ns - clk rise@0.000ns)
  Data Path Delay:        1.475ns  (logic 0.252ns (17.089%)  route 1.223ns (82.911%))
  Logic Levels:           3  (LUT4=1 LUT5=1 LUT6=1)
  Clock Path Skew:        1.399ns (DCD - SCD - CPR)
    Destination Clock Delay (DCD):    4.768ns
    Source Clock Delay      (SCD):    3.106ns
    Clock Pessimism Removal (CPR):    0.263ns
  Clock Net Delay (Source):      2.140ns (routing 0.916ns, distribution 1.224ns)
  Clock Net Delay (Destination): 1.696ns (routing 0.734ns, distribution 0.962ns)

    Location             Delay type                Incr(ns)  Path(ns)    Netlist Resource(s)
  -------------------------------------------------------------------    -------------------
                         (clock clk rise edge)        0.000     0.000 r  
    AH18                                              0.000     0.000 r  clk300_p_i (IN)
                         net (fo=0)                   0.079     0.079    u_ibufds/I
    HPIOBDIFFINBUF_X1Y36 DIFFINBUF (Prop_DIFFINBUF_HPIOBDIFFINBUF_DIFF_IN_P_O)
                                                      0.429     0.508 r  u_ibufds/DIFFINBUF_INST/O
                         net (fo=1, routed)           0.040     0.548    u_ibufds/OUT
    AH18                 IBUFCTRL (Prop_IBUFCTRL_HPIOB_M_I_O)
                                                      0.000     0.548 r  u_ibufds/IBUFCTRL_INST/O
                         net (fo=1, routed)           0.286     0.834    clk_ref
    BUFGCE_DIV_X1Y7      BUFGCE_DIV (Prop_BUFGCE_DIV_I_O)
                                                      0.132     0.966 r  u_bufgce_div/O
    X1Y3 (CLOCK_ROOT)    net (fo=7742, routed)        2.140     3.106    clk
    SLICE_X70Y285        FDRE                                         r  rdata_q_reg[8]_i_4__2/C
  -------------------------------------------------------------------    -------------------
    SLICE_X70Y285        FDRE (Prop_AFF_SLICEM_C_Q)
                                                      0.058     3.164 r  rdata_q_reg[8]_i_4__2/Q
                         net (fo=1, routed)           0.221     3.385    u_soc/g_pe[3].u_pe/u_data_bridge/u_router/rdata_q[8]_i_2__2_0
    SLICE_X70Y285        LUT6 (Prop_C6LUT_SLICEM_I2_O)
                                                      0.035     3.420 r  u_soc/g_pe[3].u_pe/u_data_bridge/u_router/rdata_q[8]_i_3__2/O
                         net (fo=1, routed)           0.237     3.657    u_soc/g_pe[3].u_pe/u_data_bridge/u_router/rdata_q[8]_i_3__2_n_0
    SLICE_X70Y286        LUT5 (Prop_E6LUT_SLICEM_I0_O)
                                                      0.094     3.751 r  u_soc/g_pe[3].u_pe/u_data_bridge/u_router/rdata_q[8]_i_2__2/O
                         net (fo=7, routed)           0.741     4.491    u_soc/g_pe[3].u_pe/u_core/core_i/id_stage_i/data_rdata[8]
    SLICE_X68Y294        LUT4 (Prop_C6LUT_SLICEL_I0_O)
                                                      0.065     4.556 r  u_soc/g_pe[3].u_pe/u_core/core_i/id_stage_i/rdata_q[8]_i_1__2/O
                         net (fo=1, routed)           0.024     4.580    u_soc/g_pe[3].u_pe/u_core/core_i/load_store_unit_i/rdata_q_reg[31]_5[8]
    SLICE_X68Y294        FDCE                                         r  u_soc/g_pe[3].u_pe/u_core/core_i/load_store_unit_i/rdata_q_reg[8]/D
  -------------------------------------------------------------------    -------------------

                         (clock clk rise edge)        0.000     0.000 r  
    AH18                                              0.000     0.000 r  clk300_p_i (IN)
                         net (fo=0)                   0.100     0.100    u_ibufds/I
    HPIOBDIFFINBUF_X1Y36 DIFFINBUF (Prop_DIFFINBUF_HPIOBDIFFINBUF_DIFF_IN_P_O)
                                                      0.525     0.625 r  u_ibufds/DIFFINBUF_INST/O
                         net (fo=1, routed)           0.050     0.675    u_ibufds/OUT
    AH18                 IBUFCTRL (Prop_IBUFCTRL_HPIOB_M_I_O)
                                                      0.000     0.675 r  u_ibufds/IBUFCTRL_INST/O
                         net (fo=1, routed)           0.322     0.997    clk_ref
    BUFGCE_DIV_X1Y7      BUFGCE_DIV (Prop_BUFGCE_DIV_I_O)
                                                      0.152     1.149 r  u_bufgce_div/O
                         net (fo=7742, routed)        1.895     3.044    u_soc/g_pe[3].u_pe/u_core/core_i/sleep_unit_i/core_clock_gate_i/clk
    BUFGCE_X0Y113        BUFGCE (Prop_BUFCE_BUFGCE_I_O)
                                                      0.028     3.072 r  u_soc/g_pe[3].u_pe/u_core/core_i/sleep_unit_i/core_clock_gate_i/u_bufgce/O
    X1Y4 (CLOCK_ROOT)    net (fo=2099, routed)        1.696     4.768    u_soc/g_pe[3].u_pe/u_core/core_i/load_store_unit_i/clk_0
    SLICE_X68Y294        FDCE                                         r  u_soc/g_pe[3].u_pe/u_core/core_i/load_store_unit_i/rdata_q_reg[8]/C
                         clock pessimism             -0.263     4.505    
    SLICE_X68Y294        FDCE (Hold_CFF_SLICEL_C_D)
                                                      0.060     4.565    u_soc/g_pe[3].u_pe/u_core/core_i/load_store_unit_i/rdata_q_reg[8]
  -------------------------------------------------------------------
                         required time                         -4.565    
                         arrival time                           4.580    
  -------------------------------------------------------------------
                         slack                                  0.015    





Pulse Width Checks
--------------------------------------------------------------------------------------
Clock Name:         clk
Waveform(ns):       { 0.000 6.666 }
Period(ns):         16.665
Sources:            { u_bufgce_div/O }

Check Type        Corner  Lib Pin             Reference Pin  Required(ns)  Actual(ns)  Slack(ns)  Location       Pin
Min Period        n/a     RAMB36E2/CLKARDCLK  n/a            1.569         16.665      15.096     RAMB36_X2Y62   u_soc/g_dcache.u_dcache/g_dcu[0].u_dcu/u_data_ram/mem_reg_0/CLKARDCLK
Min Period        n/a     RAMB36E2/CLKBWRCLK  n/a            1.569         16.665      15.096     RAMB36_X2Y62   u_soc/g_dcache.u_dcache/g_dcu[0].u_dcu/u_data_ram/mem_reg_0/CLKBWRCLK
Min Period        n/a     RAMB36E2/CLKARDCLK  n/a            1.569         16.665      15.096     RAMB36_X2Y63   u_soc/g_dcache.u_dcache/g_dcu[0].u_dcu/u_data_ram/mem_reg_1/CLKARDCLK
Min Period        n/a     RAMB36E2/CLKBWRCLK  n/a            1.569         16.665      15.096     RAMB36_X2Y63   u_soc/g_dcache.u_dcache/g_dcu[0].u_dcu/u_data_ram/mem_reg_1/CLKBWRCLK
Min Period        n/a     RAMB36E2/CLKARDCLK  n/a            1.569         16.665      15.096     RAMB36_X2Y60   u_soc/g_dcache.u_dcache/g_dcu[0].u_dcu/u_data_ram/mem_reg_2/CLKARDCLK
Min Period        n/a     RAMB36E2/CLKBWRCLK  n/a            1.569         16.665      15.096     RAMB36_X2Y60   u_soc/g_dcache.u_dcache/g_dcu[0].u_dcu/u_data_ram/mem_reg_2/CLKBWRCLK
Min Period        n/a     RAMB36E2/CLKARDCLK  n/a            1.569         16.665      15.096     RAMB36_X2Y61   u_soc/g_dcache.u_dcache/g_dcu[0].u_dcu/u_data_ram/mem_reg_3/CLKARDCLK
Min Period        n/a     RAMB36E2/CLKBWRCLK  n/a            1.569         16.665      15.096     RAMB36_X2Y61   u_soc/g_dcache.u_dcache/g_dcu[0].u_dcu/u_data_ram/mem_reg_3/CLKBWRCLK
Min Period        n/a     RAMB18E2/CLKARDCLK  n/a            1.569         16.665      15.096     RAMB18_X3Y118  u_soc/g_dcache.u_dcache/g_dcu[0].u_dcu/u_tag_ram/mem_reg_0/CLKARDCLK
Min Period        n/a     RAMB18E2/CLKBWRCLK  n/a            1.569         16.665      15.096     RAMB18_X3Y118  u_soc/g_dcache.u_dcache/g_dcu[0].u_dcu/u_tag_ram/mem_reg_0/CLKBWRCLK
Low Pulse Width   Slow    RAMB36E2/CLKARDCLK  n/a            0.542         9.999       9.457      RAMB36_X2Y62   u_soc/g_dcache.u_dcache/g_dcu[0].u_dcu/u_data_ram/mem_reg_0/CLKARDCLK
Low Pulse Width   Fast    RAMB36E2/CLKARDCLK  n/a            0.542         9.999       9.457      RAMB36_X2Y62   u_soc/g_dcache.u_dcache/g_dcu[0].u_dcu/u_data_ram/mem_reg_0/CLKARDCLK
Low Pulse Width   Slow    RAMB36E2/CLKBWRCLK  n/a            0.542         9.999       9.457      RAMB36_X2Y62   u_soc/g_dcache.u_dcache/g_dcu[0].u_dcu/u_data_ram/mem_reg_0/CLKBWRCLK
Low Pulse Width   Fast    RAMB36E2/CLKBWRCLK  n/a            0.542         9.999       9.457      RAMB36_X2Y62   u_soc/g_dcache.u_dcache/g_dcu[0].u_dcu/u_data_ram/mem_reg_0/CLKBWRCLK
Low Pulse Width   Slow    RAMB36E2/CLKARDCLK  n/a            0.542         9.999       9.457      RAMB36_X2Y63   u_soc/g_dcache.u_dcache/g_dcu[0].u_dcu/u_data_ram/mem_reg_1/CLKARDCLK
Low Pulse Width   Fast    RAMB36E2/CLKARDCLK  n/a            0.542         9.999       9.457      RAMB36_X2Y63   u_soc/g_dcache.u_dcache/g_dcu[0].u_dcu/u_data_ram/mem_reg_1/CLKARDCLK
Low Pulse Width   Slow    RAMB36E2/CLKBWRCLK  n/a            0.542         9.999       9.457      RAMB36_X2Y63   u_soc/g_dcache.u_dcache/g_dcu[0].u_dcu/u_data_ram/mem_reg_1/CLKBWRCLK
Low Pulse Width   Fast    RAMB36E2/CLKBWRCLK  n/a            0.542         9.999       9.457      RAMB36_X2Y63   u_soc/g_dcache.u_dcache/g_dcu[0].u_dcu/u_data_ram/mem_reg_1/CLKBWRCLK
Low Pulse Width   Slow    RAMB36E2/CLKARDCLK  n/a            0.542         9.999       9.457      RAMB36_X2Y60   u_soc/g_dcache.u_dcache/g_dcu[0].u_dcu/u_data_ram/mem_reg_2/CLKARDCLK
Low Pulse Width   Fast    RAMB36E2/CLKARDCLK  n/a            0.542         9.999       9.457      RAMB36_X2Y60   u_soc/g_dcache.u_dcache/g_dcu[0].u_dcu/u_data_ram/mem_reg_2/CLKARDCLK
High Pulse Width  Slow    RAMB36E2/CLKARDCLK  n/a            0.542         6.666       6.124      RAMB36_X2Y62   u_soc/g_dcache.u_dcache/g_dcu[0].u_dcu/u_data_ram/mem_reg_0/CLKARDCLK
High Pulse Width  Fast    RAMB36E2/CLKARDCLK  n/a            0.542         6.666       6.124      RAMB36_X2Y62   u_soc/g_dcache.u_dcache/g_dcu[0].u_dcu/u_data_ram/mem_reg_0/CLKARDCLK
High Pulse Width  Slow    RAMB36E2/CLKBWRCLK  n/a            0.542         6.666       6.124      RAMB36_X2Y62   u_soc/g_dcache.u_dcache/g_dcu[0].u_dcu/u_data_ram/mem_reg_0/CLKBWRCLK
High Pulse Width  Fast    RAMB36E2/CLKBWRCLK  n/a            0.542         6.666       6.124      RAMB36_X2Y62   u_soc/g_dcache.u_dcache/g_dcu[0].u_dcu/u_data_ram/mem_reg_0/CLKBWRCLK
High Pulse Width  Slow    RAMB36E2/CLKARDCLK  n/a            0.542         6.666       6.124      RAMB36_X2Y63   u_soc/g_dcache.u_dcache/g_dcu[0].u_dcu/u_data_ram/mem_reg_1/CLKARDCLK
High Pulse Width  Fast    RAMB36E2/CLKARDCLK  n/a            0.542         6.666       6.124      RAMB36_X2Y63   u_soc/g_dcache.u_dcache/g_dcu[0].u_dcu/u_data_ram/mem_reg_1/CLKARDCLK
High Pulse Width  Slow    RAMB36E2/CLKBWRCLK  n/a            0.542         6.666       6.124      RAMB36_X2Y63   u_soc/g_dcache.u_dcache/g_dcu[0].u_dcu/u_data_ram/mem_reg_1/CLKBWRCLK
High Pulse Width  Fast    RAMB36E2/CLKBWRCLK  n/a            0.542         6.666       6.124      RAMB36_X2Y63   u_soc/g_dcache.u_dcache/g_dcu[0].u_dcu/u_data_ram/mem_reg_1/CLKBWRCLK
High Pulse Width  Slow    RAMB36E2/CLKARDCLK  n/a            0.542         6.666       6.124      RAMB36_X2Y60   u_soc/g_dcache.u_dcache/g_dcu[0].u_dcu/u_data_ram/mem_reg_2/CLKARDCLK
High Pulse Width  Fast    RAMB36E2/CLKARDCLK  n/a            0.542         6.666       6.124      RAMB36_X2Y60   u_soc/g_dcache.u_dcache/g_dcu[0].u_dcu/u_data_ram/mem_reg_2/CLKARDCLK



---------------------------------------------------------------------------------------------------
Path Group:  **async_default**
From Clock:  clk
  To Clock:  clk

Setup :            0  Failing Endpoints,  Worst Slack       10.462ns,  Total Violation        0.000ns
Hold  :            0  Failing Endpoints,  Worst Slack        0.066ns,  Total Violation        0.000ns
---------------------------------------------------------------------------------------------------


Max Delay Paths
--------------------------------------------------------------------------------------
Slack (MET) :             10.462ns  (required time - arrival time)
  Source:                 rst_n_q_reg_rep__15/C
                            (rising edge-triggered cell FDRE clocked by clk  {rise@0.000ns fall@6.666ns period=16.665ns})
  Destination:            u_soc/g_pe[0].u_pe/u_core/core_i/id_stage_i/register_file_i/gen_rf[16].mem_reg[16][12]/CLR
                            (recovery check against rising-edge clock clk  {rise@0.000ns fall@6.666ns period=16.665ns})
  Path Group:             **async_default**
  Path Type:              Recovery (Max at Slow Process Corner)
  Requirement:            16.665ns  (clk rise@16.665ns - clk rise@0.000ns)
  Data Path Delay:        6.881ns  (logic 0.076ns (1.105%)  route 6.805ns (98.895%))
  Logic Levels:           0  
  Clock Path Skew:        0.779ns (DCD - SCD + CPR)
    Destination Clock Delay (DCD):    3.909ns = ( 20.574 - 16.665 ) 
    Source Clock Delay      (SCD):    3.393ns
    Clock Pessimism Removal (CPR):    0.263ns
  Clock Uncertainty:      0.035ns  ((TSJ^2 + TIJ^2)^1/2 + DJ) / 2 + PE
    Total System Jitter     (TSJ):    0.071ns
    Total Input Jitter      (TIJ):    0.000ns
    Discrete Jitter          (DJ):    0.000ns
    Phase Error              (PE):    0.000ns
  Clock Net Delay (Source):      2.244ns (routing 1.007ns, distribution 1.237ns)
  Clock Net Delay (Destination): 1.340ns (routing 0.619ns, distribution 0.721ns)

    Location             Delay type                Incr(ns)  Path(ns)    Netlist Resource(s)
  -------------------------------------------------------------------    -------------------
                         (clock clk rise edge)        0.000     0.000 r  
    AH18                                              0.000     0.000 r  clk300_p_i (IN)
                         net (fo=0)                   0.100     0.100    u_ibufds/I
    HPIOBDIFFINBUF_X1Y36 DIFFINBUF (Prop_DIFFINBUF_HPIOBDIFFINBUF_DIFF_IN_P_O)
                                                      0.525     0.625 r  u_ibufds/DIFFINBUF_INST/O
                         net (fo=1, routed)           0.050     0.675    u_ibufds/OUT
    AH18                 IBUFCTRL (Prop_IBUFCTRL_HPIOB_M_I_O)
                                                      0.000     0.675 r  u_ibufds/IBUFCTRL_INST/O
                         net (fo=1, routed)           0.322     0.997    clk_ref
    BUFGCE_DIV_X1Y7      BUFGCE_DIV (Prop_BUFGCE_DIV_I_O)
                                                      0.152     1.149 r  u_bufgce_div/O
    X1Y3 (CLOCK_ROOT)    net (fo=7742, routed)        2.244     3.393    clk
    SLICE_X54Y326        FDRE                                         r  rst_n_q_reg_rep__15/C
  -------------------------------------------------------------------    -------------------
    SLICE_X54Y326        FDRE (Prop_EFF_SLICEM_C_Q)
                                                      0.076     3.469 r  rst_n_q_reg_rep__15/Q
                         net (fo=200, routed)         6.805    10.274    u_soc/g_pe[0].u_pe/u_core/core_i/id_stage_i/register_file_i/gen_rf[16].mem_reg[16][28]_0
    SLICE_X65Y349        FDCE                                         f  u_soc/g_pe[0].u_pe/u_core/core_i/id_stage_i/register_file_i/gen_rf[16].mem_reg[16][12]/CLR  (IS_INVERTED)
  -------------------------------------------------------------------    -------------------

                         (clock clk rise edge)       16.665    16.665 r  
    AH18                                              0.000    16.665 r  clk300_p_i (IN)
                         net (fo=0)                   0.079    16.744    u_ibufds/I
    HPIOBDIFFINBUF_X1Y36 DIFFINBUF (Prop_DIFFINBUF_HPIOBDIFFINBUF_DIFF_IN_P_O)
                                                      0.429    17.173 r  u_ibufds/DIFFINBUF_INST/O
                         net (fo=1, routed)           0.040    17.213    u_ibufds/OUT
    AH18                 IBUFCTRL (Prop_IBUFCTRL_HPIOB_M_I_O)
                                                      0.000    17.213 r  u_ibufds/IBUFCTRL_INST/O
                         net (fo=1, routed)           0.286    17.499    clk_ref
    BUFGCE_DIV_X1Y7      BUFGCE_DIV (Prop_BUFGCE_DIV_I_O)
                                                      0.132    17.631 r  u_bufgce_div/O
                         net (fo=7742, routed)        1.579    19.210    u_soc/g_pe[0].u_pe/u_core/core_i/sleep_unit_i/core_clock_gate_i/clk
    BUFGCE_X1Y115        BUFGCE (Prop_BUFCE_BUFGCE_I_O)
                                                      0.024    19.234 r  u_soc/g_pe[0].u_pe/u_core/core_i/sleep_unit_i/core_clock_gate_i/u_bufgce/O
    X1Y5 (CLOCK_ROOT)    net (fo=2099, routed)        1.340    20.574    u_soc/g_pe[0].u_pe/u_core/core_i/id_stage_i/register_file_i/clk_0
    SLICE_X65Y349        FDCE                                         r  u_soc/g_pe[0].u_pe/u_core/core_i/id_stage_i/register_file_i/gen_rf[16].mem_reg[16][12]/C
                         clock pessimism              0.263    20.837    
                         clock uncertainty           -0.035    20.802    
    SLICE_X65Y349        FDCE (Recov_BFF_SLICEL_C_CLR)
                                                     -0.066    20.736    u_soc/g_pe[0].u_pe/u_core/core_i/id_stage_i/register_file_i/gen_rf[16].mem_reg[16][12]
  -------------------------------------------------------------------
                         required time                         20.736    
                         arrival time                         -10.274    
  -------------------------------------------------------------------
                         slack                                 10.462    

Slack (MET) :             10.462ns  (required time - arrival time)
  Source:                 rst_n_q_reg_rep__15/C
                            (rising edge-triggered cell FDRE clocked by clk  {rise@0.000ns fall@6.666ns period=16.665ns})
  Destination:            u_soc/g_pe[0].u_pe/u_core/core_i/id_stage_i/register_file_i/gen_rf[16].mem_reg[16][22]/CLR
                            (recovery check against rising-edge clock clk  {rise@0.000ns fall@6.666ns period=16.665ns})
  Path Group:             **async_default**
  Path Type:              Recovery (Max at Slow Process Corner)
  Requirement:            16.665ns  (clk rise@16.665ns - clk rise@0.000ns)
  Data Path Delay:        6.881ns  (logic 0.076ns (1.105%)  route 6.805ns (98.895%))
  Logic Levels:           0  
  Clock Path Skew:        0.779ns (DCD - SCD + CPR)
    Destination Clock Delay (DCD):    3.909ns = ( 20.574 - 16.665 ) 
    Source Clock Delay      (SCD):    3.393ns
    Clock Pessimism Removal (CPR):    0.263ns
  Clock Uncertainty:      0.035ns  ((TSJ^2 + TIJ^2)^1/2 + DJ) / 2 + PE
    Total System Jitter     (TSJ):    0.071ns
    Total Input Jitter      (TIJ):    0.000ns
    Discrete Jitter          (DJ):    0.000ns
    Phase Error              (PE):    0.000ns
  Clock Net Delay (Source):      2.244ns (routing 1.007ns, distribution 1.237ns)
  Clock Net Delay (Destination): 1.340ns (routing 0.619ns, distribution 0.721ns)

    Location             Delay type                Incr(ns)  Path(ns)    Netlist Resource(s)
  -------------------------------------------------------------------    -------------------
                         (clock clk rise edge)        0.000     0.000 r  
    AH18                                              0.000     0.000 r  clk300_p_i (IN)
                         net (fo=0)                   0.100     0.100    u_ibufds/I
    HPIOBDIFFINBUF_X1Y36 DIFFINBUF (Prop_DIFFINBUF_HPIOBDIFFINBUF_DIFF_IN_P_O)
                                                      0.525     0.625 r  u_ibufds/DIFFINBUF_INST/O
                         net (fo=1, routed)           0.050     0.675    u_ibufds/OUT
    AH18                 IBUFCTRL (Prop_IBUFCTRL_HPIOB_M_I_O)
                                                      0.000     0.675 r  u_ibufds/IBUFCTRL_INST/O
                         net (fo=1, routed)           0.322     0.997    clk_ref
    BUFGCE_DIV_X1Y7      BUFGCE_DIV (Prop_BUFGCE_DIV_I_O)
                                                      0.152     1.149 r  u_bufgce_div/O
    X1Y3 (CLOCK_ROOT)    net (fo=7742, routed)        2.244     3.393    clk
    SLICE_X54Y326        FDRE                                         r  rst_n_q_reg_rep__15/C
  -------------------------------------------------------------------    -------------------
    SLICE_X54Y326        FDRE (Prop_EFF_SLICEM_C_Q)
                                                      0.076     3.469 r  rst_n_q_reg_rep__15/Q
                         net (fo=200, routed)         6.805    10.274    u_soc/g_pe[0].u_pe/u_core/core_i/id_stage_i/register_file_i/gen_rf[16].mem_reg[16][28]_0
    SLICE_X65Y349        FDCE                                         f  u_soc/g_pe[0].u_pe/u_core/core_i/id_stage_i/register_file_i/gen_rf[16].mem_reg[16][22]/CLR  (IS_INVERTED)
  -------------------------------------------------------------------    -------------------

                         (clock clk rise edge)       16.665    16.665 r  
    AH18                                              0.000    16.665 r  clk300_p_i (IN)
                         net (fo=0)                   0.079    16.744    u_ibufds/I
    HPIOBDIFFINBUF_X1Y36 DIFFINBUF (Prop_DIFFINBUF_HPIOBDIFFINBUF_DIFF_IN_P_O)
                                                      0.429    17.173 r  u_ibufds/DIFFINBUF_INST/O
                         net (fo=1, routed)           0.040    17.213    u_ibufds/OUT
    AH18                 IBUFCTRL (Prop_IBUFCTRL_HPIOB_M_I_O)
                                                      0.000    17.213 r  u_ibufds/IBUFCTRL_INST/O
                         net (fo=1, routed)           0.286    17.499    clk_ref
    BUFGCE_DIV_X1Y7      BUFGCE_DIV (Prop_BUFGCE_DIV_I_O)
                                                      0.132    17.631 r  u_bufgce_div/O
                         net (fo=7742, routed)        1.579    19.210    u_soc/g_pe[0].u_pe/u_core/core_i/sleep_unit_i/core_clock_gate_i/clk
    BUFGCE_X1Y115        BUFGCE (Prop_BUFCE_BUFGCE_I_O)
                                                      0.024    19.234 r  u_soc/g_pe[0].u_pe/u_core/core_i/sleep_unit_i/core_clock_gate_i/u_bufgce/O
    X1Y5 (CLOCK_ROOT)    net (fo=2099, routed)        1.340    20.574    u_soc/g_pe[0].u_pe/u_core/core_i/id_stage_i/register_file_i/clk_0
    SLICE_X65Y349        FDCE                                         r  u_soc/g_pe[0].u_pe/u_core/core_i/id_stage_i/register_file_i/gen_rf[16].mem_reg[16][22]/C
                         clock pessimism              0.263    20.837    
                         clock uncertainty           -0.035    20.802    
    SLICE_X65Y349        FDCE (Recov_BFF2_SLICEL_C_CLR)
                                                     -0.066    20.736    u_soc/g_pe[0].u_pe/u_core/core_i/id_stage_i/register_file_i/gen_rf[16].mem_reg[16][22]
  -------------------------------------------------------------------
                         required time                         20.736    
                         arrival time                         -10.274    
  -------------------------------------------------------------------
                         slack                                 10.462    

Slack (MET) :             10.677ns  (required time - arrival time)
  Source:                 rst_n_q_reg_rep__25/C
                            (rising edge-triggered cell FDRE clocked by clk  {rise@0.000ns fall@6.666ns period=16.665ns})
  Destination:            u_soc/g_pe[2].u_pe/u_core/core_i/id_stage_i/register_file_i/gen_rf[15].mem_reg[15][22]/CLR
                            (recovery check against rising-edge clock clk  {rise@0.000ns fall@6.666ns period=16.665ns})
  Path Group:             **async_default**
  Path Type:              Recovery (Max at Slow Process Corner)
  Requirement:            16.665ns  (clk rise@16.665ns - clk rise@0.000ns)
  Data Path Delay:        7.104ns  (logic 0.081ns (1.140%)  route 7.023ns (98.860%))
  Logic Levels:           0  
  Clock Path Skew:        1.217ns (DCD - SCD + CPR)
    Destination Clock Delay (DCD):    4.372ns = ( 21.037 - 16.665 ) 
    Source Clock Delay      (SCD):    3.418ns
    Clock Pessimism Removal (CPR):    0.263ns
  Clock Uncertainty:      0.035ns  ((TSJ^2 + TIJ^2)^1/2 + DJ) / 2 + PE
    Total System Jitter     (TSJ):    0.071ns
    Total Input Jitter      (TIJ):    0.000ns
    Discrete Jitter          (DJ):    0.000ns
    Phase Error              (PE):    0.000ns
  Clock Net Delay (Source):      2.269ns (routing 1.007ns, distribution 1.262ns)
  Clock Net Delay (Destination): 1.659ns (routing 0.942ns, distribution 0.717ns)

    Location             Delay type                Incr(ns)  Path(ns)    Netlist Resource(s)
  -------------------------------------------------------------------    -------------------
                         (clock clk rise edge)        0.000     0.000 r  
    AH18                                              0.000     0.000 r  clk300_p_i (IN)
                         net (fo=0)                   0.100     0.100    u_ibufds/I
    HPIOBDIFFINBUF_X1Y36 DIFFINBUF (Prop_DIFFINBUF_HPIOBDIFFINBUF_DIFF_IN_P_O)
                                                      0.525     0.625 r  u_ibufds/DIFFINBUF_INST/O
                         net (fo=1, routed)           0.050     0.675    u_ibufds/OUT
    AH18                 IBUFCTRL (Prop_IBUFCTRL_HPIOB_M_I_O)
                                                      0.000     0.675 r  u_ibufds/IBUFCTRL_INST/O
                         net (fo=1, routed)           0.322     0.997    clk_ref
    BUFGCE_DIV_X1Y7      BUFGCE_DIV (Prop_BUFGCE_DIV_I_O)
                                                      0.152     1.149 r  u_bufgce_div/O
    X1Y3 (CLOCK_ROOT)    net (fo=7742, routed)        2.269     3.418    clk
    SLICE_X59Y316        FDRE                                         r  rst_n_q_reg_rep__25/C
  -------------------------------------------------------------------    -------------------
    SLICE_X59Y316        FDRE (Prop_EFF2_SLICEL_C_Q)
                                                      0.081     3.499 r  rst_n_q_reg_rep__25/Q
                         net (fo=200, routed)         7.023    10.523    u_soc/g_pe[2].u_pe/u_core/core_i/id_stage_i/register_file_i/gen_rf[17].mem_reg[17][8]_0
    SLICE_X77Y242        FDCE                                         f  u_soc/g_pe[2].u_pe/u_core/core_i/id_stage_i/register_file_i/gen_rf[15].mem_reg[15][22]/CLR  (IS_INVERTED)
  -------------------------------------------------------------------    -------------------

                         (clock clk rise edge)       16.665    16.665 r  
    AH18                                              0.000    16.665 r  clk300_p_i (IN)
                         net (fo=0)                   0.079    16.744    u_ibufds/I
    HPIOBDIFFINBUF_X1Y36 DIFFINBUF (Prop_DIFFINBUF_HPIOBDIFFINBUF_DIFF_IN_P_O)
                                                      0.429    17.173 r  u_ibufds/DIFFINBUF_INST/O
                         net (fo=1, routed)           0.040    17.213    u_ibufds/OUT
    AH18                 IBUFCTRL (Prop_IBUFCTRL_HPIOB_M_I_O)
                                                      0.000    17.213 r  u_ibufds/IBUFCTRL_INST/O
                         net (fo=1, routed)           0.286    17.499    clk_ref
    BUFGCE_DIV_X1Y7      BUFGCE_DIV (Prop_BUFGCE_DIV_I_O)
                                                      0.132    17.631 r  u_bufgce_div/O
                         net (fo=7742, routed)        1.723    19.354    u_soc/g_pe[2].u_pe/u_core/core_i/sleep_unit_i/core_clock_gate_i/clk
    BUFGCE_X0Y104        BUFGCE (Prop_BUFCE_BUFGCE_I_O)
                                                      0.024    19.378 r  u_soc/g_pe[2].u_pe/u_core/core_i/sleep_unit_i/core_clock_gate_i/u_bufgce/O
    X2Y4 (CLOCK_ROOT)    net (fo=2099, routed)        1.659    21.037    u_soc/g_pe[2].u_pe/u_core/core_i/id_stage_i/register_file_i/clk_0
    SLICE_X77Y242        FDCE                                         r  u_soc/g_pe[2].u_pe/u_core/core_i/id_stage_i/register_file_i/gen_rf[15].mem_reg[15][22]/C
                         clock pessimism              0.263    21.301    
                         clock uncertainty           -0.035    21.265    
    SLICE_X77Y242        FDCE (Recov_DFF_SLICEL_C_CLR)
                                                     -0.066    21.199    u_soc/g_pe[2].u_pe/u_core/core_i/id_stage_i/register_file_i/gen_rf[15].mem_reg[15][22]
  -------------------------------------------------------------------
                         required time                         21.199    
                         arrival time                         -10.523    
  -------------------------------------------------------------------
                         slack                                 10.677    

Slack (MET) :             10.677ns  (required time - arrival time)
  Source:                 rst_n_q_reg_rep__25/C
                            (rising edge-triggered cell FDRE clocked by clk  {rise@0.000ns fall@6.666ns period=16.665ns})
  Destination:            u_soc/g_pe[2].u_pe/u_core/core_i/id_stage_i/register_file_i/gen_rf[15].mem_reg[15][5]/CLR
                            (recovery check against rising-edge clock clk  {rise@0.000ns fall@6.666ns period=16.665ns})
  Path Group:             **async_default**
  Path Type:              Recovery (Max at Slow Process Corner)
  Requirement:            16.665ns  (clk rise@16.665ns - clk rise@0.000ns)
  Data Path Delay:        7.104ns  (logic 0.081ns (1.140%)  route 7.023ns (98.860%))
  Logic Levels:           0  
  Clock Path Skew:        1.217ns (DCD - SCD + CPR)
    Destination Clock Delay (DCD):    4.372ns = ( 21.037 - 16.665 ) 
    Source Clock Delay      (SCD):    3.418ns
    Clock Pessimism Removal (CPR):    0.263ns
  Clock Uncertainty:      0.035ns  ((TSJ^2 + TIJ^2)^1/2 + DJ) / 2 + PE
    Total System Jitter     (TSJ):    0.071ns
    Total Input Jitter      (TIJ):    0.000ns
    Discrete Jitter          (DJ):    0.000ns
    Phase Error              (PE):    0.000ns
  Clock Net Delay (Source):      2.269ns (routing 1.007ns, distribution 1.262ns)
  Clock Net Delay (Destination): 1.659ns (routing 0.942ns, distribution 0.717ns)

    Location             Delay type                Incr(ns)  Path(ns)    Netlist Resource(s)
  -------------------------------------------------------------------    -------------------
                         (clock clk rise edge)        0.000     0.000 r  
    AH18                                              0.000     0.000 r  clk300_p_i (IN)
                         net (fo=0)                   0.100     0.100    u_ibufds/I
    HPIOBDIFFINBUF_X1Y36 DIFFINBUF (Prop_DIFFINBUF_HPIOBDIFFINBUF_DIFF_IN_P_O)
                                                      0.525     0.625 r  u_ibufds/DIFFINBUF_INST/O
                         net (fo=1, routed)           0.050     0.675    u_ibufds/OUT
    AH18                 IBUFCTRL (Prop_IBUFCTRL_HPIOB_M_I_O)
                                                      0.000     0.675 r  u_ibufds/IBUFCTRL_INST/O
                         net (fo=1, routed)           0.322     0.997    clk_ref
    BUFGCE_DIV_X1Y7      BUFGCE_DIV (Prop_BUFGCE_DIV_I_O)
                                                      0.152     1.149 r  u_bufgce_div/O
    X1Y3 (CLOCK_ROOT)    net (fo=7742, routed)        2.269     3.418    clk
    SLICE_X59Y316        FDRE                                         r  rst_n_q_reg_rep__25/C
  -------------------------------------------------------------------    -------------------
    SLICE_X59Y316        FDRE (Prop_EFF2_SLICEL_C_Q)
                                                      0.081     3.499 r  rst_n_q_reg_rep__25/Q
                         net (fo=200, routed)         7.023    10.523    u_soc/g_pe[2].u_pe/u_core/core_i/id_stage_i/register_file_i/gen_rf[17].mem_reg[17][8]_0
    SLICE_X77Y242        FDCE                                         f  u_soc/g_pe[2].u_pe/u_core/core_i/id_stage_i/register_file_i/gen_rf[15].mem_reg[15][5]/CLR  (IS_INVERTED)
  -------------------------------------------------------------------    -------------------

                         (clock clk rise edge)       16.665    16.665 r  
    AH18                                              0.000    16.665 r  clk300_p_i (IN)
                         net (fo=0)                   0.079    16.744    u_ibufds/I
    HPIOBDIFFINBUF_X1Y36 DIFFINBUF (Prop_DIFFINBUF_HPIOBDIFFINBUF_DIFF_IN_P_O)
                                                      0.429    17.173 r  u_ibufds/DIFFINBUF_INST/O
                         net (fo=1, routed)           0.040    17.213    u_ibufds/OUT
    AH18                 IBUFCTRL (Prop_IBUFCTRL_HPIOB_M_I_O)
                                                      0.000    17.213 r  u_ibufds/IBUFCTRL_INST/O
                         net (fo=1, routed)           0.286    17.499    clk_ref
    BUFGCE_DIV_X1Y7      BUFGCE_DIV (Prop_BUFGCE_DIV_I_O)
                                                      0.132    17.631 r  u_bufgce_div/O
                         net (fo=7742, routed)        1.723    19.354    u_soc/g_pe[2].u_pe/u_core/core_i/sleep_unit_i/core_clock_gate_i/clk
    BUFGCE_X0Y104        BUFGCE (Prop_BUFCE_BUFGCE_I_O)
                                                      0.024    19.378 r  u_soc/g_pe[2].u_pe/u_core/core_i/sleep_unit_i/core_clock_gate_i/u_bufgce/O
    X2Y4 (CLOCK_ROOT)    net (fo=2099, routed)        1.659    21.037    u_soc/g_pe[2].u_pe/u_core/core_i/id_stage_i/register_file_i/clk_0
    SLICE_X77Y242        FDCE                                         r  u_soc/g_pe[2].u_pe/u_core/core_i/id_stage_i/register_file_i/gen_rf[15].mem_reg[15][5]/C
                         clock pessimism              0.263    21.301    
                         clock uncertainty           -0.035    21.265    
    SLICE_X77Y242        FDCE (Recov_DFF2_SLICEL_C_CLR)
                                                     -0.066    21.199    u_soc/g_pe[2].u_pe/u_core/core_i/id_stage_i/register_file_i/gen_rf[15].mem_reg[15][5]
  -------------------------------------------------------------------
                         required time                         21.199    
                         arrival time                         -10.523    
  -------------------------------------------------------------------
                         slack                                 10.677    

Slack (MET) :             10.690ns  (required time - arrival time)
  Source:                 rst_n_q_reg_rep__65/C
                            (rising edge-triggered cell FDRE clocked by clk  {rise@0.000ns fall@6.666ns period=16.665ns})
  Destination:            u_soc/g_pe[2].u_axi_dcu/r_line_q_reg[13]/CLR
                            (recovery check against rising-edge clock clk  {rise@0.000ns fall@6.666ns period=16.665ns})
  Path Group:             **async_default**
  Path Type:              Recovery (Max at Slow Process Corner)
  Requirement:            16.665ns  (clk rise@16.665ns - clk rise@0.000ns)
  Data Path Delay:        5.700ns  (logic 0.078ns (1.368%)  route 5.622ns (98.632%))
  Logic Levels:           0  
  Clock Path Skew:        -0.173ns (DCD - SCD + CPR)
    Destination Clock Delay (DCD):    3.110ns = ( 19.775 - 16.665 ) 
    Source Clock Delay      (SCD):    3.635ns
    Clock Pessimism Removal (CPR):    0.352ns
  Clock Uncertainty:      0.035ns  ((TSJ^2 + TIJ^2)^1/2 + DJ) / 2 + PE
    Total System Jitter     (TSJ):    0.071ns
    Total Input Jitter      (TIJ):    0.000ns
    Discrete Jitter          (DJ):    0.000ns
    Phase Error              (PE):    0.000ns
  Clock Net Delay (Source):      2.486ns (routing 1.007ns, distribution 1.479ns)
  Clock Net Delay (Destination): 2.144ns (routing 0.916ns, distribution 1.228ns)

    Location             Delay type                Incr(ns)  Path(ns)    Netlist Resource(s)
  -------------------------------------------------------------------    -------------------
                         (clock clk rise edge)        0.000     0.000 r  
    AH18                                              0.000     0.000 r  clk300_p_i (IN)
                         net (fo=0)                   0.100     0.100    u_ibufds/I
    HPIOBDIFFINBUF_X1Y36 DIFFINBUF (Prop_DIFFINBUF_HPIOBDIFFINBUF_DIFF_IN_P_O)
                                                      0.525     0.625 r  u_ibufds/DIFFINBUF_INST/O
                         net (fo=1, routed)           0.050     0.675    u_ibufds/OUT
    AH18                 IBUFCTRL (Prop_IBUFCTRL_HPIOB_M_I_O)
                                                      0.000     0.675 r  u_ibufds/IBUFCTRL_INST/O
                         net (fo=1, routed)           0.322     0.997    clk_ref
    BUFGCE_DIV_X1Y7      BUFGCE_DIV (Prop_BUFGCE_DIV_I_O)
                                                      0.152     1.149 r  u_bufgce_div/O
    X1Y3 (CLOCK_ROOT)    net (fo=7742, routed)        2.486     3.635    clk
    SLICE_X96Y299        FDRE                                         r  rst_n_q_reg_rep__65/C
  -------------------------------------------------------------------    -------------------
    SLICE_X96Y299        FDRE (Prop_BFF_SLICEM_C_Q)
                                                      0.078     3.713 r  rst_n_q_reg_rep__65/Q
                         net (fo=200, routed)         5.622     9.336    u_soc/g_pe[2].u_axi_dcu/r_line_q_reg[62]_0
    SLICE_X67Y253        FDCE                                         f  u_soc/g_pe[2].u_axi_dcu/r_line_q_reg[13]/CLR  (IS_INVERTED)
  -------------------------------------------------------------------    -------------------

                         (clock clk rise edge)       16.665    16.665 r  
    AH18                                              0.000    16.665 r  clk300_p_i (IN)
                         net (fo=0)                   0.079    16.744    u_ibufds/I
    HPIOBDIFFINBUF_X1Y36 DIFFINBUF (Prop_DIFFINBUF_HPIOBDIFFINBUF_DIFF_IN_P_O)
                                                      0.429    17.173 r  u_ibufds/DIFFINBUF_INST/O
                         net (fo=1, routed)           0.040    17.213    u_ibufds/OUT
    AH18                 IBUFCTRL (Prop_IBUFCTRL_HPIOB_M_I_O)
                                                      0.000    17.213 r  u_ibufds/IBUFCTRL_INST/O
                         net (fo=1, routed)           0.286    17.499    clk_ref
    BUFGCE_DIV_X1Y7      BUFGCE_DIV (Prop_BUFGCE_DIV_I_O)
                                                      0.132    17.631 r  u_bufgce_div/O
    X1Y3 (CLOCK_ROOT)    net (fo=7742, routed)        2.144    19.775    u_soc/g_pe[2].u_axi_dcu/clk
    SLICE_X67Y253        FDCE                                         r  u_soc/g_pe[2].u_axi_dcu/r_line_q_reg[13]/C
                         clock pessimism              0.352    20.127    
                         clock uncertainty           -0.035    20.092    
    SLICE_X67Y253        FDCE (Recov_DFF_SLICEM_C_CLR)
                                                     -0.066    20.026    u_soc/g_pe[2].u_axi_dcu/r_line_q_reg[13]
  -------------------------------------------------------------------
                         required time                         20.026    
                         arrival time                          -9.336    
  -------------------------------------------------------------------
                         slack                                 10.690    

Slack (MET) :             10.690ns  (required time - arrival time)
  Source:                 rst_n_q_reg_rep__65/C
                            (rising edge-triggered cell FDRE clocked by clk  {rise@0.000ns fall@6.666ns period=16.665ns})
  Destination:            u_soc/g_pe[2].u_axi_dcu/r_line_q_reg[23]/CLR
                            (recovery check against rising-edge clock clk  {rise@0.000ns fall@6.666ns period=16.665ns})
  Path Group:             **async_default**
  Path Type:              Recovery (Max at Slow Process Corner)
  Requirement:            16.665ns  (clk rise@16.665ns - clk rise@0.000ns)
  Data Path Delay:        5.700ns  (logic 0.078ns (1.368%)  route 5.622ns (98.632%))
  Logic Levels:           0  
  Clock Path Skew:        -0.173ns (DCD - SCD + CPR)
    Destination Clock Delay (DCD):    3.110ns = ( 19.775 - 16.665 ) 
    Source Clock Delay      (SCD):    3.635ns
    Clock Pessimism Removal (CPR):    0.352ns
  Clock Uncertainty:      0.035ns  ((TSJ^2 + TIJ^2)^1/2 + DJ) / 2 + PE
    Total System Jitter     (TSJ):    0.071ns
    Total Input Jitter      (TIJ):    0.000ns
    Discrete Jitter          (DJ):    0.000ns
    Phase Error              (PE):    0.000ns
  Clock Net Delay (Source):      2.486ns (routing 1.007ns, distribution 1.479ns)
  Clock Net Delay (Destination): 2.144ns (routing 0.916ns, distribution 1.228ns)

    Location             Delay type                Incr(ns)  Path(ns)    Netlist Resource(s)
  -------------------------------------------------------------------    -------------------
                         (clock clk rise edge)        0.000     0.000 r  
    AH18                                              0.000     0.000 r  clk300_p_i (IN)
                         net (fo=0)                   0.100     0.100    u_ibufds/I
    HPIOBDIFFINBUF_X1Y36 DIFFINBUF (Prop_DIFFINBUF_HPIOBDIFFINBUF_DIFF_IN_P_O)
                                                      0.525     0.625 r  u_ibufds/DIFFINBUF_INST/O
                         net (fo=1, routed)           0.050     0.675    u_ibufds/OUT
    AH18                 IBUFCTRL (Prop_IBUFCTRL_HPIOB_M_I_O)
                                                      0.000     0.675 r  u_ibufds/IBUFCTRL_INST/O
                         net (fo=1, routed)           0.322     0.997    clk_ref
    BUFGCE_DIV_X1Y7      BUFGCE_DIV (Prop_BUFGCE_DIV_I_O)
                                                      0.152     1.149 r  u_bufgce_div/O
    X1Y3 (CLOCK_ROOT)    net (fo=7742, routed)        2.486     3.635    clk
    SLICE_X96Y299        FDRE                                         r  rst_n_q_reg_rep__65/C
  -------------------------------------------------------------------    -------------------
    SLICE_X96Y299        FDRE (Prop_BFF_SLICEM_C_Q)
                                                      0.078     3.713 r  rst_n_q_reg_rep__65/Q
                         net (fo=200, routed)         5.622     9.336    u_soc/g_pe[2].u_axi_dcu/r_line_q_reg[62]_0
    SLICE_X67Y253        FDCE                                         f  u_soc/g_pe[2].u_axi_dcu/r_line_q_reg[23]/CLR  (IS_INVERTED)
  -------------------------------------------------------------------    -------------------

                         (clock clk rise edge)       16.665    16.665 r  
    AH18                                              0.000    16.665 r  clk300_p_i (IN)
                         net (fo=0)                   0.079    16.744    u_ibufds/I
    HPIOBDIFFINBUF_X1Y36 DIFFINBUF (Prop_DIFFINBUF_HPIOBDIFFINBUF_DIFF_IN_P_O)
                                                      0.429    17.173 r  u_ibufds/DIFFINBUF_INST/O
                         net (fo=1, routed)           0.040    17.213    u_ibufds/OUT
    AH18                 IBUFCTRL (Prop_IBUFCTRL_HPIOB_M_I_O)
                                                      0.000    17.213 r  u_ibufds/IBUFCTRL_INST/O
                         net (fo=1, routed)           0.286    17.499    clk_ref
    BUFGCE_DIV_X1Y7      BUFGCE_DIV (Prop_BUFGCE_DIV_I_O)
                                                      0.132    17.631 r  u_bufgce_div/O
    X1Y3 (CLOCK_ROOT)    net (fo=7742, routed)        2.144    19.775    u_soc/g_pe[2].u_axi_dcu/clk
    SLICE_X67Y253        FDCE                                         r  u_soc/g_pe[2].u_axi_dcu/r_line_q_reg[23]/C
                         clock pessimism              0.352    20.127    
                         clock uncertainty           -0.035    20.092    
    SLICE_X67Y253        FDCE (Recov_CFF_SLICEM_C_CLR)
                                                     -0.066    20.026    u_soc/g_pe[2].u_axi_dcu/r_line_q_reg[23]
  -------------------------------------------------------------------
                         required time                         20.026    
                         arrival time                          -9.336    
  -------------------------------------------------------------------
                         slack                                 10.690    

Slack (MET) :             10.690ns  (required time - arrival time)
  Source:                 rst_n_q_reg_rep__65/C
                            (rising edge-triggered cell FDRE clocked by clk  {rise@0.000ns fall@6.666ns period=16.665ns})
  Destination:            u_soc/g_pe[2].u_axi_dcu/r_line_q_reg[35]/CLR
                            (recovery check against rising-edge clock clk  {rise@0.000ns fall@6.666ns period=16.665ns})
  Path Group:             **async_default**
  Path Type:              Recovery (Max at Slow Process Corner)
  Requirement:            16.665ns  (clk rise@16.665ns - clk rise@0.000ns)
  Data Path Delay:        5.700ns  (logic 0.078ns (1.368%)  route 5.622ns (98.632%))
  Logic Levels:           0  
  Clock Path Skew:        -0.173ns (DCD - SCD + CPR)
    Destination Clock Delay (DCD):    3.110ns = ( 19.775 - 16.665 ) 
    Source Clock Delay      (SCD):    3.635ns
    Clock Pessimism Removal (CPR):    0.352ns
  Clock Uncertainty:      0.035ns  ((TSJ^2 + TIJ^2)^1/2 + DJ) / 2 + PE
    Total System Jitter     (TSJ):    0.071ns
    Total Input Jitter      (TIJ):    0.000ns
    Discrete Jitter          (DJ):    0.000ns
    Phase Error              (PE):    0.000ns
  Clock Net Delay (Source):      2.486ns (routing 1.007ns, distribution 1.479ns)
  Clock Net Delay (Destination): 2.144ns (routing 0.916ns, distribution 1.228ns)

    Location             Delay type                Incr(ns)  Path(ns)    Netlist Resource(s)
  -------------------------------------------------------------------    -------------------
                         (clock clk rise edge)        0.000     0.000 r  
    AH18                                              0.000     0.000 r  clk300_p_i (IN)
                         net (fo=0)                   0.100     0.100    u_ibufds/I
    HPIOBDIFFINBUF_X1Y36 DIFFINBUF (Prop_DIFFINBUF_HPIOBDIFFINBUF_DIFF_IN_P_O)
                                                      0.525     0.625 r  u_ibufds/DIFFINBUF_INST/O
                         net (fo=1, routed)           0.050     0.675    u_ibufds/OUT
    AH18                 IBUFCTRL (Prop_IBUFCTRL_HPIOB_M_I_O)
                                                      0.000     0.675 r  u_ibufds/IBUFCTRL_INST/O
                         net (fo=1, routed)           0.322     0.997    clk_ref
    BUFGCE_DIV_X1Y7      BUFGCE_DIV (Prop_BUFGCE_DIV_I_O)
                                                      0.152     1.149 r  u_bufgce_div/O
    X1Y3 (CLOCK_ROOT)    net (fo=7742, routed)        2.486     3.635    clk
    SLICE_X96Y299        FDRE                                         r  rst_n_q_reg_rep__65/C
  -------------------------------------------------------------------    -------------------
    SLICE_X96Y299        FDRE (Prop_BFF_SLICEM_C_Q)
                                                      0.078     3.713 r  rst_n_q_reg_rep__65/Q
                         net (fo=200, routed)         5.622     9.336    u_soc/g_pe[2].u_axi_dcu/r_line_q_reg[62]_0
    SLICE_X67Y253        FDCE                                         f  u_soc/g_pe[2].u_axi_dcu/r_line_q_reg[35]/CLR  (IS_INVERTED)
  -------------------------------------------------------------------    -------------------

                         (clock clk rise edge)       16.665    16.665 r  
    AH18                                              0.000    16.665 r  clk300_p_i (IN)
                         net (fo=0)                   0.079    16.744    u_ibufds/I
    HPIOBDIFFINBUF_X1Y36 DIFFINBUF (Prop_DIFFINBUF_HPIOBDIFFINBUF_DIFF_IN_P_O)
                                                      0.429    17.173 r  u_ibufds/DIFFINBUF_INST/O
                         net (fo=1, routed)           0.040    17.213    u_ibufds/OUT
    AH18                 IBUFCTRL (Prop_IBUFCTRL_HPIOB_M_I_O)
                                                      0.000    17.213 r  u_ibufds/IBUFCTRL_INST/O
                         net (fo=1, routed)           0.286    17.499    clk_ref
    BUFGCE_DIV_X1Y7      BUFGCE_DIV (Prop_BUFGCE_DIV_I_O)
                                                      0.132    17.631 r  u_bufgce_div/O
    X1Y3 (CLOCK_ROOT)    net (fo=7742, routed)        2.144    19.775    u_soc/g_pe[2].u_axi_dcu/clk
    SLICE_X67Y253        FDCE                                         r  u_soc/g_pe[2].u_axi_dcu/r_line_q_reg[35]/C
                         clock pessimism              0.352    20.127    
                         clock uncertainty           -0.035    20.092    
    SLICE_X67Y253        FDCE (Recov_DFF2_SLICEM_C_CLR)
                                                     -0.066    20.026    u_soc/g_pe[2].u_axi_dcu/r_line_q_reg[35]
  -------------------------------------------------------------------
                         required time                         20.026    
                         arrival time                          -9.336    
  -------------------------------------------------------------------
                         slack                                 10.690    

Slack (MET) :             10.690ns  (required time - arrival time)
  Source:                 rst_n_q_reg_rep__65/C
                            (rising edge-triggered cell FDRE clocked by clk  {rise@0.000ns fall@6.666ns period=16.665ns})
  Destination:            u_soc/g_pe[2].u_axi_dcu/r_line_q_reg[45]/CLR
                            (recovery check against rising-edge clock clk  {rise@0.000ns fall@6.666ns period=16.665ns})
  Path Group:             **async_default**
  Path Type:              Recovery (Max at Slow Process Corner)
  Requirement:            16.665ns  (clk rise@16.665ns - clk rise@0.000ns)
  Data Path Delay:        5.700ns  (logic 0.078ns (1.368%)  route 5.622ns (98.632%))
  Logic Levels:           0  
  Clock Path Skew:        -0.173ns (DCD - SCD + CPR)
    Destination Clock Delay (DCD):    3.110ns = ( 19.775 - 16.665 ) 
    Source Clock Delay      (SCD):    3.635ns
    Clock Pessimism Removal (CPR):    0.352ns
  Clock Uncertainty:      0.035ns  ((TSJ^2 + TIJ^2)^1/2 + DJ) / 2 + PE
    Total System Jitter     (TSJ):    0.071ns
    Total Input Jitter      (TIJ):    0.000ns
    Discrete Jitter          (DJ):    0.000ns
    Phase Error              (PE):    0.000ns
  Clock Net Delay (Source):      2.486ns (routing 1.007ns, distribution 1.479ns)
  Clock Net Delay (Destination): 2.144ns (routing 0.916ns, distribution 1.228ns)

    Location             Delay type                Incr(ns)  Path(ns)    Netlist Resource(s)
  -------------------------------------------------------------------    -------------------
                         (clock clk rise edge)        0.000     0.000 r  
    AH18                                              0.000     0.000 r  clk300_p_i (IN)
                         net (fo=0)                   0.100     0.100    u_ibufds/I
    HPIOBDIFFINBUF_X1Y36 DIFFINBUF (Prop_DIFFINBUF_HPIOBDIFFINBUF_DIFF_IN_P_O)
                                                      0.525     0.625 r  u_ibufds/DIFFINBUF_INST/O
                         net (fo=1, routed)           0.050     0.675    u_ibufds/OUT
    AH18                 IBUFCTRL (Prop_IBUFCTRL_HPIOB_M_I_O)
                                                      0.000     0.675 r  u_ibufds/IBUFCTRL_INST/O
                         net (fo=1, routed)           0.322     0.997    clk_ref
    BUFGCE_DIV_X1Y7      BUFGCE_DIV (Prop_BUFGCE_DIV_I_O)
                                                      0.152     1.149 r  u_bufgce_div/O
    X1Y3 (CLOCK_ROOT)    net (fo=7742, routed)        2.486     3.635    clk
    SLICE_X96Y299        FDRE                                         r  rst_n_q_reg_rep__65/C
  -------------------------------------------------------------------    -------------------
    SLICE_X96Y299        FDRE (Prop_BFF_SLICEM_C_Q)
                                                      0.078     3.713 r  rst_n_q_reg_rep__65/Q
                         net (fo=200, routed)         5.622     9.336    u_soc/g_pe[2].u_axi_dcu/r_line_q_reg[62]_0
    SLICE_X67Y253        FDCE                                         f  u_soc/g_pe[2].u_axi_dcu/r_line_q_reg[45]/CLR  (IS_INVERTED)
  -------------------------------------------------------------------    -------------------

                         (clock clk rise edge)       16.665    16.665 r  
    AH18                                              0.000    16.665 r  clk300_p_i (IN)
                         net (fo=0)                   0.079    16.744    u_ibufds/I
    HPIOBDIFFINBUF_X1Y36 DIFFINBUF (Prop_DIFFINBUF_HPIOBDIFFINBUF_DIFF_IN_P_O)
                                                      0.429    17.173 r  u_ibufds/DIFFINBUF_INST/O
                         net (fo=1, routed)           0.040    17.213    u_ibufds/OUT
    AH18                 IBUFCTRL (Prop_IBUFCTRL_HPIOB_M_I_O)
                                                      0.000    17.213 r  u_ibufds/IBUFCTRL_INST/O
                         net (fo=1, routed)           0.286    17.499    clk_ref
    BUFGCE_DIV_X1Y7      BUFGCE_DIV (Prop_BUFGCE_DIV_I_O)
                                                      0.132    17.631 r  u_bufgce_div/O
    X1Y3 (CLOCK_ROOT)    net (fo=7742, routed)        2.144    19.775    u_soc/g_pe[2].u_axi_dcu/clk
    SLICE_X67Y253        FDCE                                         r  u_soc/g_pe[2].u_axi_dcu/r_line_q_reg[45]/C
                         clock pessimism              0.352    20.127    
                         clock uncertainty           -0.035    20.092    
    SLICE_X67Y253        FDCE (Recov_CFF2_SLICEM_C_CLR)
                                                     -0.066    20.026    u_soc/g_pe[2].u_axi_dcu/r_line_q_reg[45]
  -------------------------------------------------------------------
                         required time                         20.026    
                         arrival time                          -9.336    
  -------------------------------------------------------------------
                         slack                                 10.690    

Slack (MET) :             10.701ns  (required time - arrival time)
  Source:                 rst_n_q_reg_rep__65/C
                            (rising edge-triggered cell FDRE clocked by clk  {rise@0.000ns fall@6.666ns period=16.665ns})
  Destination:            u_soc/g_pe[2].u_axi_dcu/r_line_q_reg[33]/CLR
                            (recovery check against rising-edge clock clk  {rise@0.000ns fall@6.666ns period=16.665ns})
  Path Group:             **async_default**
  Path Type:              Recovery (Max at Slow Process Corner)
  Requirement:            16.665ns  (clk rise@16.665ns - clk rise@0.000ns)
  Data Path Delay:        5.684ns  (logic 0.078ns (1.372%)  route 5.606ns (98.628%))
  Logic Levels:           0  
  Clock Path Skew:        -0.178ns (DCD - SCD + CPR)
    Destination Clock Delay (DCD):    3.105ns = ( 19.770 - 16.665 ) 
    Source Clock Delay      (SCD):    3.635ns
    Clock Pessimism Removal (CPR):    0.352ns
  Clock Uncertainty:      0.035ns  ((TSJ^2 + TIJ^2)^1/2 + DJ) / 2 + PE
    Total System Jitter     (TSJ):    0.071ns
    Total Input Jitter      (TIJ):    0.000ns
    Discrete Jitter          (DJ):    0.000ns
    Phase Error              (PE):    0.000ns
  Clock Net Delay (Source):      2.486ns (routing 1.007ns, distribution 1.479ns)
  Clock Net Delay (Destination): 2.139ns (routing 0.916ns, distribution 1.223ns)

    Location             Delay type                Incr(ns)  Path(ns)    Netlist Resource(s)
  -------------------------------------------------------------------    -------------------
                         (clock clk rise edge)        0.000     0.000 r  
    AH18                                              0.000     0.000 r  clk300_p_i (IN)
                         net (fo=0)                   0.100     0.100    u_ibufds/I
    HPIOBDIFFINBUF_X1Y36 DIFFINBUF (Prop_DIFFINBUF_HPIOBDIFFINBUF_DIFF_IN_P_O)
                                                      0.525     0.625 r  u_ibufds/DIFFINBUF_INST/O
                         net (fo=1, routed)           0.050     0.675    u_ibufds/OUT
    AH18                 IBUFCTRL (Prop_IBUFCTRL_HPIOB_M_I_O)
                                                      0.000     0.675 r  u_ibufds/IBUFCTRL_INST/O
                         net (fo=1, routed)           0.322     0.997    clk_ref
    BUFGCE_DIV_X1Y7      BUFGCE_DIV (Prop_BUFGCE_DIV_I_O)
                                                      0.152     1.149 r  u_bufgce_div/O
    X1Y3 (CLOCK_ROOT)    net (fo=7742, routed)        2.486     3.635    clk
    SLICE_X96Y299        FDRE                                         r  rst_n_q_reg_rep__65/C
  -------------------------------------------------------------------    -------------------
    SLICE_X96Y299        FDRE (Prop_BFF_SLICEM_C_Q)
                                                      0.078     3.713 r  rst_n_q_reg_rep__65/Q
                         net (fo=200, routed)         5.606     9.320    u_soc/g_pe[2].u_axi_dcu/r_line_q_reg[62]_0
    SLICE_X68Y253        FDCE                                         f  u_soc/g_pe[2].u_axi_dcu/r_line_q_reg[33]/CLR  (IS_INVERTED)
  -------------------------------------------------------------------    -------------------

                         (clock clk rise edge)       16.665    16.665 r  
    AH18                                              0.000    16.665 r  clk300_p_i (IN)
                         net (fo=0)                   0.079    16.744    u_ibufds/I
    HPIOBDIFFINBUF_X1Y36 DIFFINBUF (Prop_DIFFINBUF_HPIOBDIFFINBUF_DIFF_IN_P_O)
                                                      0.429    17.173 r  u_ibufds/DIFFINBUF_INST/O
                         net (fo=1, routed)           0.040    17.213    u_ibufds/OUT
    AH18                 IBUFCTRL (Prop_IBUFCTRL_HPIOB_M_I_O)
                                                      0.000    17.213 r  u_ibufds/IBUFCTRL_INST/O
                         net (fo=1, routed)           0.286    17.499    clk_ref
    BUFGCE_DIV_X1Y7      BUFGCE_DIV (Prop_BUFGCE_DIV_I_O)
                                                      0.132    17.631 r  u_bufgce_div/O
    X1Y3 (CLOCK_ROOT)    net (fo=7742, routed)        2.139    19.770    u_soc/g_pe[2].u_axi_dcu/clk
    SLICE_X68Y253        FDCE                                         r  u_soc/g_pe[2].u_axi_dcu/r_line_q_reg[33]/C
                         clock pessimism              0.352    20.122    
                         clock uncertainty           -0.035    20.087    
    SLICE_X68Y253        FDCE (Recov_EFF_SLICEL_C_CLR)
                                                     -0.066    20.021    u_soc/g_pe[2].u_axi_dcu/r_line_q_reg[33]
  -------------------------------------------------------------------
                         required time                         20.021    
                         arrival time                          -9.320    
  -------------------------------------------------------------------
                         slack                                 10.701    

Slack (MET) :             10.789ns  (required time - arrival time)
  Source:                 rst_n_q_reg_rep__25/C
                            (rising edge-triggered cell FDRE clocked by clk  {rise@0.000ns fall@6.666ns period=16.665ns})
  Destination:            u_soc/g_pe[2].u_pe/u_core/core_i/id_stage_i/register_file_i/gen_rf[15].mem_reg[15][8]/CLR
                            (recovery check against rising-edge clock clk  {rise@0.000ns fall@6.666ns period=16.665ns})
  Path Group:             **async_default**
  Path Type:              Recovery (Max at Slow Process Corner)
  Requirement:            16.665ns  (clk rise@16.665ns - clk rise@0.000ns)
  Data Path Delay:        7.006ns  (logic 0.081ns (1.156%)  route 6.925ns (98.844%))
  Logic Levels:           0  
  Clock Path Skew:        1.231ns (DCD - SCD + CPR)
    Destination Clock Delay (DCD):    4.386ns = ( 21.051 - 16.665 ) 
    Source Clock Delay      (SCD):    3.418ns
    Clock Pessimism Removal (CPR):    0.263ns
  Clock Uncertainty:      0.035ns  ((TSJ^2 + TIJ^2)^1/2 + DJ) / 2 + PE
    Total System Jitter     (TSJ):    0.071ns
    Total Input Jitter      (TIJ):    0.000ns
    Discrete Jitter          (DJ):    0.000ns
    Phase Error              (PE):    0.000ns
  Clock Net Delay (Source):      2.269ns (routing 1.007ns, distribution 1.262ns)
  Clock Net Delay (Destination): 1.673ns (routing 0.942ns, distribution 0.731ns)

    Location             Delay type                Incr(ns)  Path(ns)    Netlist Resource(s)
  -------------------------------------------------------------------    -------------------
                         (clock clk rise edge)        0.000     0.000 r  
    AH18                                              0.000     0.000 r  clk300_p_i (IN)
                         net (fo=0)                   0.100     0.100    u_ibufds/I
    HPIOBDIFFINBUF_X1Y36 DIFFINBUF (Prop_DIFFINBUF_HPIOBDIFFINBUF_DIFF_IN_P_O)
                                                      0.525     0.625 r  u_ibufds/DIFFINBUF_INST/O
                         net (fo=1, routed)           0.050     0.675    u_ibufds/OUT
    AH18                 IBUFCTRL (Prop_IBUFCTRL_HPIOB_M_I_O)
                                                      0.000     0.675 r  u_ibufds/IBUFCTRL_INST/O
                         net (fo=1, routed)           0.322     0.997    clk_ref
    BUFGCE_DIV_X1Y7      BUFGCE_DIV (Prop_BUFGCE_DIV_I_O)
                                                      0.152     1.149 r  u_bufgce_div/O
    X1Y3 (CLOCK_ROOT)    net (fo=7742, routed)        2.269     3.418    clk
    SLICE_X59Y316        FDRE                                         r  rst_n_q_reg_rep__25/C
  -------------------------------------------------------------------    -------------------
    SLICE_X59Y316        FDRE (Prop_EFF2_SLICEL_C_Q)
                                                      0.081     3.499 r  rst_n_q_reg_rep__25/Q
                         net (fo=200, routed)         6.925    10.424    u_soc/g_pe[2].u_pe/u_core/core_i/id_stage_i/register_file_i/gen_rf[17].mem_reg[17][8]_0
    SLICE_X86Y244        FDCE                                         f  u_soc/g_pe[2].u_pe/u_core/core_i/id_stage_i/register_file_i/gen_rf[15].mem_reg[15][8]/CLR  (IS_INVERTED)
  -------------------------------------------------------------------    -------------------

                         (clock clk rise edge)       16.665    16.665 r  
    AH18                                              0.000    16.665 r  clk300_p_i (IN)
                         net (fo=0)                   0.079    16.744    u_ibufds/I
    HPIOBDIFFINBUF_X1Y36 DIFFINBUF (Prop_DIFFINBUF_HPIOBDIFFINBUF_DIFF_IN_P_O)
                                                      0.429    17.173 r  u_ibufds/DIFFINBUF_INST/O
                         net (fo=1, routed)           0.040    17.213    u_ibufds/OUT
    AH18                 IBUFCTRL (Prop_IBUFCTRL_HPIOB_M_I_O)
                                                      0.000    17.213 r  u_ibufds/IBUFCTRL_INST/O
                         net (fo=1, routed)           0.286    17.499    clk_ref
    BUFGCE_DIV_X1Y7      BUFGCE_DIV (Prop_BUFGCE_DIV_I_O)
                                                      0.132    17.631 r  u_bufgce_div/O
                         net (fo=7742, routed)        1.723    19.354    u_soc/g_pe[2].u_pe/u_core/core_i/sleep_unit_i/core_clock_gate_i/clk
    BUFGCE_X0Y104        BUFGCE (Prop_BUFCE_BUFGCE_I_O)
                                                      0.024    19.378 r  u_soc/g_pe[2].u_pe/u_core/core_i/sleep_unit_i/core_clock_gate_i/u_bufgce/O
    X2Y4 (CLOCK_ROOT)    net (fo=2099, routed)        1.673    21.051    u_soc/g_pe[2].u_pe/u_core/core_i/id_stage_i/register_file_i/clk_0
    SLICE_X86Y244        FDCE                                         r  u_soc/g_pe[2].u_pe/u_core/core_i/id_stage_i/register_file_i/gen_rf[15].mem_reg[15][8]/C
                         clock pessimism              0.263    21.315    
                         clock uncertainty           -0.035    21.279    
    SLICE_X86Y244        FDCE (Recov_BFF_SLICEM_C_CLR)
                                                     -0.066    21.213    u_soc/g_pe[2].u_pe/u_core/core_i/id_stage_i/register_file_i/gen_rf[15].mem_reg[15][8]
  -------------------------------------------------------------------
                         required time                         21.213    
                         arrival time                         -10.424    
  -------------------------------------------------------------------
                         slack                                 10.789    





Min Delay Paths
--------------------------------------------------------------------------------------
Slack (MET) :             0.066ns  (arrival time - required time)
  Source:                 rst_n_q_reg_rep__11/C
                            (rising edge-triggered cell FDRE clocked by clk  {rise@0.000ns fall@6.666ns period=16.665ns})
  Destination:            u_soc/g_pe[3].u_pe/u_core/core_i/id_stage_i/register_file_i/gen_rf[4].mem_reg[4][30]/CLR
                            (removal check against rising-edge clock clk  {rise@0.000ns fall@6.666ns period=16.665ns})
  Path Group:             **async_default**
  Path Type:              Removal (Min at Slow Process Corner)
  Requirement:            0.000ns  (clk rise@0.000ns - clk rise@0.000ns)
  Data Path Delay:        1.515ns  (logic 0.059ns (3.894%)  route 1.456ns (96.106%))
  Logic Levels:           0  
  Clock Path Skew:        1.481ns (DCD - SCD - CPR)
    Destination Clock Delay (DCD):    4.729ns
    Source Clock Delay      (SCD):    2.985ns
    Clock Pessimism Removal (CPR):    0.263ns
  Clock Net Delay (Source):      2.019ns (routing 0.916ns, distribution 1.103ns)
  Clock Net Delay (Destination): 1.657ns (routing 0.734ns, distribution 0.923ns)

    Location             Delay type                Incr(ns)  Path(ns)    Netlist Resource(s)
  -------------------------------------------------------------------    -------------------
                         (clock clk rise edge)        0.000     0.000 r  
    AH18                                              0.000     0.000 r  clk300_p_i (IN)
                         net (fo=0)                   0.079     0.079    u_ibufds/I
    HPIOBDIFFINBUF_X1Y36 DIFFINBUF (Prop_DIFFINBUF_HPIOBDIFFINBUF_DIFF_IN_P_O)
                                                      0.429     0.508 r  u_ibufds/DIFFINBUF_INST/O
                         net (fo=1, routed)           0.040     0.548    u_ibufds/OUT
    AH18                 IBUFCTRL (Prop_IBUFCTRL_HPIOB_M_I_O)
                                                      0.000     0.548 r  u_ibufds/IBUFCTRL_INST/O
                         net (fo=1, routed)           0.286     0.834    clk_ref
    BUFGCE_DIV_X1Y7      BUFGCE_DIV (Prop_BUFGCE_DIV_I_O)
                                                      0.132     0.966 r  u_bufgce_div/O
    X1Y3 (CLOCK_ROOT)    net (fo=7742, routed)        2.019     2.985    clk
    SLICE_X60Y340        FDRE                                         r  rst_n_q_reg_rep__11/C
  -------------------------------------------------------------------    -------------------
    SLICE_X60Y340        FDRE (Prop_EFF_SLICEL_C_Q)
                                                      0.059     3.044 r  rst_n_q_reg_rep__11/Q
                         net (fo=200, routed)         1.456     4.500    u_soc/g_pe[3].u_pe/u_core/core_i/id_stage_i/register_file_i/gen_rf[2].mem_reg[2][4]_0
    SLICE_X54Y305        FDCE                                         f  u_soc/g_pe[3].u_pe/u_core/core_i/id_stage_i/register_file_i/gen_rf[4].mem_reg[4][30]/CLR  (IS_INVERTED)
  -------------------------------------------------------------------    -------------------

                         (clock clk rise edge)        0.000     0.000 r  
    AH18                                              0.000     0.000 r  clk300_p_i (IN)
                         net (fo=0)                   0.100     0.100    u_ibufds/I
    HPIOBDIFFINBUF_X1Y36 DIFFINBUF (Prop_DIFFINBUF_HPIOBDIFFINBUF_DIFF_IN_P_O)
                                                      0.525     0.625 r  u_ibufds/DIFFINBUF_INST/O
                         net (fo=1, routed)           0.050     0.675    u_ibufds/OUT
    AH18                 IBUFCTRL (Prop_IBUFCTRL_HPIOB_M_I_O)
                                                      0.000     0.675 r  u_ibufds/IBUFCTRL_INST/O
                         net (fo=1, routed)           0.322     0.997    clk_ref
    BUFGCE_DIV_X1Y7      BUFGCE_DIV (Prop_BUFGCE_DIV_I_O)
                                                      0.152     1.149 r  u_bufgce_div/O
                         net (fo=7742, routed)        1.895     3.044    u_soc/g_pe[3].u_pe/u_core/core_i/sleep_unit_i/core_clock_gate_i/clk
    BUFGCE_X0Y113        BUFGCE (Prop_BUFCE_BUFGCE_I_O)
                                                      0.028     3.072 r  u_soc/g_pe[3].u_pe/u_core/core_i/sleep_unit_i/core_clock_gate_i/u_bufgce/O
    X1Y4 (CLOCK_ROOT)    net (fo=2099, routed)        1.657     4.729    u_soc/g_pe[3].u_pe/u_core/core_i/id_stage_i/register_file_i/clk_0
    SLICE_X54Y305        FDCE                                         r  u_soc/g_pe[3].u_pe/u_core/core_i/id_stage_i/register_file_i/gen_rf[4].mem_reg[4][30]/C
                         clock pessimism             -0.263     4.466    
    SLICE_X54Y305        FDCE (Remov_HFF_SLICEM_C_CLR)
                                                     -0.032     4.434    u_soc/g_pe[3].u_pe/u_core/core_i/id_stage_i/register_file_i/gen_rf[4].mem_reg[4][30]
  -------------------------------------------------------------------
                         required time                         -4.434    
                         arrival time                           4.500    
  -------------------------------------------------------------------
                         slack                                  0.066    

Slack (MET) :             0.066ns  (arrival time - required time)
  Source:                 rst_n_q_reg_rep__11/C
                            (rising edge-triggered cell FDRE clocked by clk  {rise@0.000ns fall@6.666ns period=16.665ns})
  Destination:            u_soc/g_pe[3].u_pe/u_core/core_i/id_stage_i/register_file_i/gen_rf[6].mem_reg[6][30]/CLR
                            (removal check against rising-edge clock clk  {rise@0.000ns fall@6.666ns period=16.665ns})
  Path Group:             **async_default**
  Path Type:              Removal (Min at Slow Process Corner)
  Requirement:            0.000ns  (clk rise@0.000ns - clk rise@0.000ns)
  Data Path Delay:        1.515ns  (logic 0.059ns (3.894%)  route 1.456ns (96.106%))
  Logic Levels:           0  
  Clock Path Skew:        1.481ns (DCD - SCD - CPR)
    Destination Clock Delay (DCD):    4.729ns
    Source Clock Delay      (SCD):    2.985ns
    Clock Pessimism Removal (CPR):    0.263ns
  Clock Net Delay (Source):      2.019ns (routing 0.916ns, distribution 1.103ns)
  Clock Net Delay (Destination): 1.657ns (routing 0.734ns, distribution 0.923ns)

    Location             Delay type                Incr(ns)  Path(ns)    Netlist Resource(s)
  -------------------------------------------------------------------    -------------------
                         (clock clk rise edge)        0.000     0.000 r  
    AH18                                              0.000     0.000 r  clk300_p_i (IN)
                         net (fo=0)                   0.079     0.079    u_ibufds/I
    HPIOBDIFFINBUF_X1Y36 DIFFINBUF (Prop_DIFFINBUF_HPIOBDIFFINBUF_DIFF_IN_P_O)
                                                      0.429     0.508 r  u_ibufds/DIFFINBUF_INST/O
                         net (fo=1, routed)           0.040     0.548    u_ibufds/OUT
    AH18                 IBUFCTRL (Prop_IBUFCTRL_HPIOB_M_I_O)
                                                      0.000     0.548 r  u_ibufds/IBUFCTRL_INST/O
                         net (fo=1, routed)           0.286     0.834    clk_ref
    BUFGCE_DIV_X1Y7      BUFGCE_DIV (Prop_BUFGCE_DIV_I_O)
                                                      0.132     0.966 r  u_bufgce_div/O
    X1Y3 (CLOCK_ROOT)    net (fo=7742, routed)        2.019     2.985    clk
    SLICE_X60Y340        FDRE                                         r  rst_n_q_reg_rep__11/C
  -------------------------------------------------------------------    -------------------
    SLICE_X60Y340        FDRE (Prop_EFF_SLICEL_C_Q)
                                                      0.059     3.044 r  rst_n_q_reg_rep__11/Q
                         net (fo=200, routed)         1.456     4.500    u_soc/g_pe[3].u_pe/u_core/core_i/id_stage_i/register_file_i/gen_rf[2].mem_reg[2][4]_0
    SLICE_X54Y305        FDCE                                         f  u_soc/g_pe[3].u_pe/u_core/core_i/id_stage_i/register_file_i/gen_rf[6].mem_reg[6][30]/CLR  (IS_INVERTED)
  -------------------------------------------------------------------    -------------------

                         (clock clk rise edge)        0.000     0.000 r  
    AH18                                              0.000     0.000 r  clk300_p_i (IN)
                         net (fo=0)                   0.100     0.100    u_ibufds/I
    HPIOBDIFFINBUF_X1Y36 DIFFINBUF (Prop_DIFFINBUF_HPIOBDIFFINBUF_DIFF_IN_P_O)
                                                      0.525     0.625 r  u_ibufds/DIFFINBUF_INST/O
                         net (fo=1, routed)           0.050     0.675    u_ibufds/OUT
    AH18                 IBUFCTRL (Prop_IBUFCTRL_HPIOB_M_I_O)
                                                      0.000     0.675 r  u_ibufds/IBUFCTRL_INST/O
                         net (fo=1, routed)           0.322     0.997    clk_ref
    BUFGCE_DIV_X1Y7      BUFGCE_DIV (Prop_BUFGCE_DIV_I_O)
                                                      0.152     1.149 r  u_bufgce_div/O
                         net (fo=7742, routed)        1.895     3.044    u_soc/g_pe[3].u_pe/u_core/core_i/sleep_unit_i/core_clock_gate_i/clk
    BUFGCE_X0Y113        BUFGCE (Prop_BUFCE_BUFGCE_I_O)
                                                      0.028     3.072 r  u_soc/g_pe[3].u_pe/u_core/core_i/sleep_unit_i/core_clock_gate_i/u_bufgce/O
    X1Y4 (CLOCK_ROOT)    net (fo=2099, routed)        1.657     4.729    u_soc/g_pe[3].u_pe/u_core/core_i/id_stage_i/register_file_i/clk_0
    SLICE_X54Y305        FDCE                                         r  u_soc/g_pe[3].u_pe/u_core/core_i/id_stage_i/register_file_i/gen_rf[6].mem_reg[6][30]/C
                         clock pessimism             -0.263     4.466    
    SLICE_X54Y305        FDCE (Remov_HFF2_SLICEM_C_CLR)
                                                     -0.032     4.434    u_soc/g_pe[3].u_pe/u_core/core_i/id_stage_i/register_file_i/gen_rf[6].mem_reg[6][30]
  -------------------------------------------------------------------
                         required time                         -4.434    
                         arrival time                           4.500    
  -------------------------------------------------------------------
                         slack                                  0.066    

Slack (MET) :             0.072ns  (arrival time - required time)
  Source:                 rst_n_q_reg_rep__40/C
                            (rising edge-triggered cell FDRE clocked by clk  {rise@0.000ns fall@6.666ns period=16.665ns})
  Destination:            u_soc/g_pe[3].u_pe/u_core/core_i/cs_registers_i/dscratch1_q_reg[10]/CLR
                            (removal check against rising-edge clock clk  {rise@0.000ns fall@6.666ns period=16.665ns})
  Path Group:             **async_default**
  Path Type:              Removal (Min at Slow Process Corner)
  Requirement:            0.000ns  (clk rise@0.000ns - clk rise@0.000ns)
  Data Path Delay:        1.418ns  (logic 0.060ns (4.233%)  route 1.358ns (95.767%))
  Logic Levels:           0  
  Clock Path Skew:        1.378ns (DCD - SCD - CPR)
    Destination Clock Delay (DCD):    4.623ns
    Source Clock Delay      (SCD):    2.982ns
    Clock Pessimism Removal (CPR):    0.263ns
  Clock Net Delay (Source):      2.016ns (routing 0.916ns, distribution 1.100ns)
  Clock Net Delay (Destination): 1.551ns (routing 0.734ns, distribution 0.817ns)

    Location             Delay type                Incr(ns)  Path(ns)    Netlist Resource(s)
  -------------------------------------------------------------------    -------------------
                         (clock clk rise edge)        0.000     0.000 r  
    AH18                                              0.000     0.000 r  clk300_p_i (IN)
                         net (fo=0)                   0.079     0.079    u_ibufds/I
    HPIOBDIFFINBUF_X1Y36 DIFFINBUF (Prop_DIFFINBUF_HPIOBDIFFINBUF_DIFF_IN_P_O)
                                                      0.429     0.508 r  u_ibufds/DIFFINBUF_INST/O
                         net (fo=1, routed)           0.040     0.548    u_ibufds/OUT
    AH18                 IBUFCTRL (Prop_IBUFCTRL_HPIOB_M_I_O)
                                                      0.000     0.548 r  u_ibufds/IBUFCTRL_INST/O
                         net (fo=1, routed)           0.286     0.834    clk_ref
    BUFGCE_DIV_X1Y7      BUFGCE_DIV (Prop_BUFGCE_DIV_I_O)
                                                      0.132     0.966 r  u_bufgce_div/O
    X1Y3 (CLOCK_ROOT)    net (fo=7742, routed)        2.016     2.982    clk
    SLICE_X54Y316        FDRE                                         r  rst_n_q_reg_rep__40/C
  -------------------------------------------------------------------    -------------------
    SLICE_X54Y316        FDRE (Prop_AFF2_SLICEM_C_Q)
                                                      0.060     3.042 r  rst_n_q_reg_rep__40/Q
                         net (fo=200, routed)         1.358     4.400    u_soc/g_pe[3].u_pe/u_core/core_i/cs_registers_i/gen_mhpmcounter[2].gen_implemented.mhpmcounter_q_reg[2][45]_0
    SLICE_X61Y275        FDCE                                         f  u_soc/g_pe[3].u_pe/u_core/core_i/cs_registers_i/dscratch1_q_reg[10]/CLR  (IS_INVERTED)
  -------------------------------------------------------------------    -------------------

                         (clock clk rise edge)        0.000     0.000 r  
    AH18                                              0.000     0.000 r  clk300_p_i (IN)
                         net (fo=0)                   0.100     0.100    u_ibufds/I
    HPIOBDIFFINBUF_X1Y36 DIFFINBUF (Prop_DIFFINBUF_HPIOBDIFFINBUF_DIFF_IN_P_O)
                                                      0.525     0.625 r  u_ibufds/DIFFINBUF_INST/O
                         net (fo=1, routed)           0.050     0.675    u_ibufds/OUT
    AH18                 IBUFCTRL (Prop_IBUFCTRL_HPIOB_M_I_O)
                                                      0.000     0.675 r  u_ibufds/IBUFCTRL_INST/O
                         net (fo=1, routed)           0.322     0.997    clk_ref
    BUFGCE_DIV_X1Y7      BUFGCE_DIV (Prop_BUFGCE_DIV_I_O)
                                                      0.152     1.149 r  u_bufgce_div/O
                         net (fo=7742, routed)        1.895     3.044    u_soc/g_pe[3].u_pe/u_core/core_i/sleep_unit_i/core_clock_gate_i/clk
    BUFGCE_X0Y113        BUFGCE (Prop_BUFCE_BUFGCE_I_O)
                                                      0.028     3.072 r  u_soc/g_pe[3].u_pe/u_core/core_i/sleep_unit_i/core_clock_gate_i/u_bufgce/O
    X1Y4 (CLOCK_ROOT)    net (fo=2099, routed)        1.551     4.623    u_soc/g_pe[3].u_pe/u_core/core_i/cs_registers_i/clk_0
    SLICE_X61Y275        FDCE                                         r  u_soc/g_pe[3].u_pe/u_core/core_i/cs_registers_i/dscratch1_q_reg[10]/C
                         clock pessimism             -0.263     4.360    
    SLICE_X61Y275        FDCE (Remov_EFF_SLICEM_C_CLR)
                                                     -0.032     4.328    u_soc/g_pe[3].u_pe/u_core/core_i/cs_registers_i/dscratch1_q_reg[10]
  -------------------------------------------------------------------
                         required time                         -4.328    
                         arrival time                           4.400    
  -------------------------------------------------------------------
                         slack                                  0.072    

Slack (MET) :             0.072ns  (arrival time - required time)
  Source:                 rst_n_q_reg_rep__40/C
                            (rising edge-triggered cell FDRE clocked by clk  {rise@0.000ns fall@6.666ns period=16.665ns})
  Destination:            u_soc/g_pe[3].u_pe/u_core/core_i/cs_registers_i/dscratch1_q_reg[14]/CLR
                            (removal check against rising-edge clock clk  {rise@0.000ns fall@6.666ns period=16.665ns})
  Path Group:             **async_default**
  Path Type:              Removal (Min at Slow Process Corner)
  Requirement:            0.000ns  (clk rise@0.000ns - clk rise@0.000ns)
  Data Path Delay:        1.418ns  (logic 0.060ns (4.233%)  route 1.358ns (95.767%))
  Logic Levels:           0  
  Clock Path Skew:        1.378ns (DCD - SCD - CPR)
    Destination Clock Delay (DCD):    4.623ns
    Source Clock Delay      (SCD):    2.982ns
    Clock Pessimism Removal (CPR):    0.263ns
  Clock Net Delay (Source):      2.016ns (routing 0.916ns, distribution 1.100ns)
  Clock Net Delay (Destination): 1.551ns (routing 0.734ns, distribution 0.817ns)

    Location             Delay type                Incr(ns)  Path(ns)    Netlist Resource(s)
  -------------------------------------------------------------------    -------------------
                         (clock clk rise edge)        0.000     0.000 r  
    AH18                                              0.000     0.000 r  clk300_p_i (IN)
                         net (fo=0)                   0.079     0.079    u_ibufds/I
    HPIOBDIFFINBUF_X1Y36 DIFFINBUF (Prop_DIFFINBUF_HPIOBDIFFINBUF_DIFF_IN_P_O)
                                                      0.429     0.508 r  u_ibufds/DIFFINBUF_INST/O
                         net (fo=1, routed)           0.040     0.548    u_ibufds/OUT
    AH18                 IBUFCTRL (Prop_IBUFCTRL_HPIOB_M_I_O)
                                                      0.000     0.548 r  u_ibufds/IBUFCTRL_INST/O
                         net (fo=1, routed)           0.286     0.834    clk_ref
    BUFGCE_DIV_X1Y7      BUFGCE_DIV (Prop_BUFGCE_DIV_I_O)
                                                      0.132     0.966 r  u_bufgce_div/O
    X1Y3 (CLOCK_ROOT)    net (fo=7742, routed)        2.016     2.982    clk
    SLICE_X54Y316        FDRE                                         r  rst_n_q_reg_rep__40/C
  -------------------------------------------------------------------    -------------------
    SLICE_X54Y316        FDRE (Prop_AFF2_SLICEM_C_Q)
                                                      0.060     3.042 r  rst_n_q_reg_rep__40/Q
                         net (fo=200, routed)         1.358     4.400    u_soc/g_pe[3].u_pe/u_core/core_i/cs_registers_i/gen_mhpmcounter[2].gen_implemented.mhpmcounter_q_reg[2][45]_0
    SLICE_X61Y275        FDCE                                         f  u_soc/g_pe[3].u_pe/u_core/core_i/cs_registers_i/dscratch1_q_reg[14]/CLR  (IS_INVERTED)
  -------------------------------------------------------------------    -------------------

                         (clock clk rise edge)        0.000     0.000 r  
    AH18                                              0.000     0.000 r  clk300_p_i (IN)
                         net (fo=0)                   0.100     0.100    u_ibufds/I
    HPIOBDIFFINBUF_X1Y36 DIFFINBUF (Prop_DIFFINBUF_HPIOBDIFFINBUF_DIFF_IN_P_O)
                                                      0.525     0.625 r  u_ibufds/DIFFINBUF_INST/O
                         net (fo=1, routed)           0.050     0.675    u_ibufds/OUT
    AH18                 IBUFCTRL (Prop_IBUFCTRL_HPIOB_M_I_O)
                                                      0.000     0.675 r  u_ibufds/IBUFCTRL_INST/O
                         net (fo=1, routed)           0.322     0.997    clk_ref
    BUFGCE_DIV_X1Y7      BUFGCE_DIV (Prop_BUFGCE_DIV_I_O)
                                                      0.152     1.149 r  u_bufgce_div/O
                         net (fo=7742, routed)        1.895     3.044    u_soc/g_pe[3].u_pe/u_core/core_i/sleep_unit_i/core_clock_gate_i/clk
    BUFGCE_X0Y113        BUFGCE (Prop_BUFCE_BUFGCE_I_O)
                                                      0.028     3.072 r  u_soc/g_pe[3].u_pe/u_core/core_i/sleep_unit_i/core_clock_gate_i/u_bufgce/O
    X1Y4 (CLOCK_ROOT)    net (fo=2099, routed)        1.551     4.623    u_soc/g_pe[3].u_pe/u_core/core_i/cs_registers_i/clk_0
    SLICE_X61Y275        FDCE                                         r  u_soc/g_pe[3].u_pe/u_core/core_i/cs_registers_i/dscratch1_q_reg[14]/C
                         clock pessimism             -0.263     4.360    
    SLICE_X61Y275        FDCE (Remov_EFF2_SLICEM_C_CLR)
                                                     -0.032     4.328    u_soc/g_pe[3].u_pe/u_core/core_i/cs_registers_i/dscratch1_q_reg[14]
  -------------------------------------------------------------------
                         required time                         -4.328    
                         arrival time                           4.400    
  -------------------------------------------------------------------
                         slack                                  0.072    

Slack (MET) :             0.076ns  (arrival time - required time)
  Source:                 rst_n_q_reg_rep__39/C
                            (rising edge-triggered cell FDRE clocked by clk  {rise@0.000ns fall@6.666ns period=16.665ns})
  Destination:            u_soc/g_pe[0].u_pe/u_core/core_i/cs_registers_i/mtvec_q_reg[19]/CLR
                            (removal check against rising-edge clock clk  {rise@0.000ns fall@6.666ns period=16.665ns})
  Path Group:             **async_default**
  Path Type:              Removal (Min at Slow Process Corner)
  Requirement:            0.000ns  (clk rise@0.000ns - clk rise@0.000ns)
  Data Path Delay:        1.032ns  (logic 0.058ns (5.619%)  route 0.974ns (94.381%))
  Logic Levels:           0  
  Clock Path Skew:        0.988ns (DCD - SCD - CPR)
    Destination Clock Delay (DCD):    4.385ns
    Source Clock Delay      (SCD):    3.134ns
    Clock Pessimism Removal (CPR):    0.263ns
  Clock Net Delay (Source):      2.168ns (routing 0.916ns, distribution 1.252ns)
  Clock Net Delay (Destination): 1.472ns (routing 0.680ns, distribution 0.792ns)

    Location             Delay type                Incr(ns)  Path(ns)    Netlist Resource(s)
  -------------------------------------------------------------------    -------------------
                         (clock clk rise edge)        0.000     0.000 r  
    AH18                                              0.000     0.000 r  clk300_p_i (IN)
                         net (fo=0)                   0.079     0.079    u_ibufds/I
    HPIOBDIFFINBUF_X1Y36 DIFFINBUF (Prop_DIFFINBUF_HPIOBDIFFINBUF_DIFF_IN_P_O)
                                                      0.429     0.508 r  u_ibufds/DIFFINBUF_INST/O
                         net (fo=1, routed)           0.040     0.548    u_ibufds/OUT
    AH18                 IBUFCTRL (Prop_IBUFCTRL_HPIOB_M_I_O)
                                                      0.000     0.548 r  u_ibufds/IBUFCTRL_INST/O
                         net (fo=1, routed)           0.286     0.834    clk_ref
    BUFGCE_DIV_X1Y7      BUFGCE_DIV (Prop_BUFGCE_DIV_I_O)
                                                      0.132     0.966 r  u_bufgce_div/O
    X1Y3 (CLOCK_ROOT)    net (fo=7742, routed)        2.168     3.134    clk
    SLICE_X76Y307        FDRE                                         r  rst_n_q_reg_rep__39/C
  -------------------------------------------------------------------    -------------------
    SLICE_X76Y307        FDRE (Prop_FFF_SLICEL_C_Q)
                                                      0.058     3.192 r  rst_n_q_reg_rep__39/Q
                         net (fo=200, routed)         0.974     4.166    u_soc/g_pe[0].u_pe/u_core/core_i/cs_registers_i/dscratch1_q_reg[31]_1
    SLICE_X61Y329        FDCE                                         f  u_soc/g_pe[0].u_pe/u_core/core_i/cs_registers_i/mtvec_q_reg[19]/CLR  (IS_INVERTED)
  -------------------------------------------------------------------    -------------------

                         (clock clk rise edge)        0.000     0.000 r  
    AH18                                              0.000     0.000 r  clk300_p_i (IN)
                         net (fo=0)                   0.100     0.100    u_ibufds/I
    HPIOBDIFFINBUF_X1Y36 DIFFINBUF (Prop_DIFFINBUF_HPIOBDIFFINBUF_DIFF_IN_P_O)
                                                      0.525     0.625 r  u_ibufds/DIFFINBUF_INST/O
                         net (fo=1, routed)           0.050     0.675    u_ibufds/OUT
    AH18                 IBUFCTRL (Prop_IBUFCTRL_HPIOB_M_I_O)
                                                      0.000     0.675 r  u_ibufds/IBUFCTRL_INST/O
                         net (fo=1, routed)           0.322     0.997    clk_ref
    BUFGCE_DIV_X1Y7      BUFGCE_DIV (Prop_BUFGCE_DIV_I_O)
                                                      0.152     1.149 r  u_bufgce_div/O
                         net (fo=7742, routed)        1.736     2.885    u_soc/g_pe[0].u_pe/u_core/core_i/sleep_unit_i/core_clock_gate_i/clk
    BUFGCE_X1Y115        BUFGCE (Prop_BUFCE_BUFGCE_I_O)
                                                      0.028     2.913 r  u_soc/g_pe[0].u_pe/u_core/core_i/sleep_unit_i/core_clock_gate_i/u_bufgce/O
    X1Y5 (CLOCK_ROOT)    net (fo=2099, routed)        1.472     4.385    u_soc/g_pe[0].u_pe/u_core/core_i/cs_registers_i/clk_0
    SLICE_X61Y329        FDCE                                         r  u_soc/g_pe[0].u_pe/u_core/core_i/cs_registers_i/mtvec_q_reg[19]/C
                         clock pessimism             -0.263     4.122    
    SLICE_X61Y329        FDCE (Remov_DFF_SLICEM_C_CLR)
                                                     -0.032     4.090    u_soc/g_pe[0].u_pe/u_core/core_i/cs_registers_i/mtvec_q_reg[19]
  -------------------------------------------------------------------
                         required time                         -4.090    
                         arrival time                           4.166    
  -------------------------------------------------------------------
                         slack                                  0.076    

Slack (MET) :             0.076ns  (arrival time - required time)
  Source:                 rst_n_q_reg_rep__39/C
                            (rising edge-triggered cell FDRE clocked by clk  {rise@0.000ns fall@6.666ns period=16.665ns})
  Destination:            u_soc/g_pe[0].u_pe/u_core/core_i/cs_registers_i/mtvec_q_reg[22]/CLR
                            (removal check against rising-edge clock clk  {rise@0.000ns fall@6.666ns period=16.665ns})
  Path Group:             **async_default**
  Path Type:              Removal (Min at Slow Process Corner)
  Requirement:            0.000ns  (clk rise@0.000ns - clk rise@0.000ns)
  Data Path Delay:        1.032ns  (logic 0.058ns (5.619%)  route 0.974ns (94.381%))
  Logic Levels:           0  
  Clock Path Skew:        0.988ns (DCD - SCD - CPR)
    Destination Clock Delay (DCD):    4.385ns
    Source Clock Delay      (SCD):    3.134ns
    Clock Pessimism Removal (CPR):    0.263ns
  Clock Net Delay (Source):      2.168ns (routing 0.916ns, distribution 1.252ns)
  Clock Net Delay (Destination): 1.472ns (routing 0.680ns, distribution 0.792ns)

    Location             Delay type                Incr(ns)  Path(ns)    Netlist Resource(s)
  -------------------------------------------------------------------    -------------------
                         (clock clk rise edge)        0.000     0.000 r  
    AH18                                              0.000     0.000 r  clk300_p_i (IN)
                         net (fo=0)                   0.079     0.079    u_ibufds/I
    HPIOBDIFFINBUF_X1Y36 DIFFINBUF (Prop_DIFFINBUF_HPIOBDIFFINBUF_DIFF_IN_P_O)
                                                      0.429     0.508 r  u_ibufds/DIFFINBUF_INST/O
                         net (fo=1, routed)           0.040     0.548    u_ibufds/OUT
    AH18                 IBUFCTRL (Prop_IBUFCTRL_HPIOB_M_I_O)
                                                      0.000     0.548 r  u_ibufds/IBUFCTRL_INST/O
                         net (fo=1, routed)           0.286     0.834    clk_ref
    BUFGCE_DIV_X1Y7      BUFGCE_DIV (Prop_BUFGCE_DIV_I_O)
                                                      0.132     0.966 r  u_bufgce_div/O
    X1Y3 (CLOCK_ROOT)    net (fo=7742, routed)        2.168     3.134    clk
    SLICE_X76Y307        FDRE                                         r  rst_n_q_reg_rep__39/C
  -------------------------------------------------------------------    -------------------
    SLICE_X76Y307        FDRE (Prop_FFF_SLICEL_C_Q)
                                                      0.058     3.192 r  rst_n_q_reg_rep__39/Q
                         net (fo=200, routed)         0.974     4.166    u_soc/g_pe[0].u_pe/u_core/core_i/cs_registers_i/dscratch1_q_reg[31]_1
    SLICE_X61Y329        FDCE                                         f  u_soc/g_pe[0].u_pe/u_core/core_i/cs_registers_i/mtvec_q_reg[22]/CLR  (IS_INVERTED)
  -------------------------------------------------------------------    -------------------

                         (clock clk rise edge)        0.000     0.000 r  
    AH18                                              0.000     0.000 r  clk300_p_i (IN)
                         net (fo=0)                   0.100     0.100    u_ibufds/I
    HPIOBDIFFINBUF_X1Y36 DIFFINBUF (Prop_DIFFINBUF_HPIOBDIFFINBUF_DIFF_IN_P_O)
                                                      0.525     0.625 r  u_ibufds/DIFFINBUF_INST/O
                         net (fo=1, routed)           0.050     0.675    u_ibufds/OUT
    AH18                 IBUFCTRL (Prop_IBUFCTRL_HPIOB_M_I_O)
                                                      0.000     0.675 r  u_ibufds/IBUFCTRL_INST/O
                         net (fo=1, routed)           0.322     0.997    clk_ref
    BUFGCE_DIV_X1Y7      BUFGCE_DIV (Prop_BUFGCE_DIV_I_O)
                                                      0.152     1.149 r  u_bufgce_div/O
                         net (fo=7742, routed)        1.736     2.885    u_soc/g_pe[0].u_pe/u_core/core_i/sleep_unit_i/core_clock_gate_i/clk
    BUFGCE_X1Y115        BUFGCE (Prop_BUFCE_BUFGCE_I_O)
                                                      0.028     2.913 r  u_soc/g_pe[0].u_pe/u_core/core_i/sleep_unit_i/core_clock_gate_i/u_bufgce/O
    X1Y5 (CLOCK_ROOT)    net (fo=2099, routed)        1.472     4.385    u_soc/g_pe[0].u_pe/u_core/core_i/cs_registers_i/clk_0
    SLICE_X61Y329        FDCE                                         r  u_soc/g_pe[0].u_pe/u_core/core_i/cs_registers_i/mtvec_q_reg[22]/C
                         clock pessimism             -0.263     4.122    
    SLICE_X61Y329        FDCE (Remov_DFF2_SLICEM_C_CLR)
                                                     -0.032     4.090    u_soc/g_pe[0].u_pe/u_core/core_i/cs_registers_i/mtvec_q_reg[22]
  -------------------------------------------------------------------
                         required time                         -4.090    
                         arrival time                           4.166    
  -------------------------------------------------------------------
                         slack                                  0.076    

Slack (MET) :             0.083ns  (arrival time - required time)
  Source:                 rst_n_q_reg_rep__12/C
                            (rising edge-triggered cell FDRE clocked by clk  {rise@0.000ns fall@6.666ns period=16.665ns})
  Destination:            u_soc/g_pe[3].u_pe/u_core/core_i/id_stage_i/register_file_i/gen_rf[8].mem_reg[8][22]/CLR
                            (removal check against rising-edge clock clk  {rise@0.000ns fall@6.666ns period=16.665ns})
  Path Group:             **async_default**
  Path Type:              Removal (Min at Slow Process Corner)
  Requirement:            0.000ns  (clk rise@0.000ns - clk rise@0.000ns)
  Data Path Delay:        1.359ns  (logic 0.060ns (4.416%)  route 1.299ns (95.584%))
  Logic Levels:           0  
  Clock Path Skew:        1.308ns (DCD - SCD - CPR)
    Destination Clock Delay (DCD):    4.705ns
    Source Clock Delay      (SCD):    3.134ns
    Clock Pessimism Removal (CPR):    0.263ns
  Clock Net Delay (Source):      2.168ns (routing 0.916ns, distribution 1.252ns)
  Clock Net Delay (Destination): 1.632ns (routing 0.734ns, distribution 0.898ns)

    Location             Delay type                Incr(ns)  Path(ns)    Netlist Resource(s)
  -------------------------------------------------------------------    -------------------
                         (clock clk rise edge)        0.000     0.000 r  
    AH18                                              0.000     0.000 r  clk300_p_i (IN)
                         net (fo=0)                   0.079     0.079    u_ibufds/I
    HPIOBDIFFINBUF_X1Y36 DIFFINBUF (Prop_DIFFINBUF_HPIOBDIFFINBUF_DIFF_IN_P_O)
                                                      0.429     0.508 r  u_ibufds/DIFFINBUF_INST/O
                         net (fo=1, routed)           0.040     0.548    u_ibufds/OUT
    AH18                 IBUFCTRL (Prop_IBUFCTRL_HPIOB_M_I_O)
                                                      0.000     0.548 r  u_ibufds/IBUFCTRL_INST/O
                         net (fo=1, routed)           0.286     0.834    clk_ref
    BUFGCE_DIV_X1Y7      BUFGCE_DIV (Prop_BUFGCE_DIV_I_O)
                                                      0.132     0.966 r  u_bufgce_div/O
    X1Y3 (CLOCK_ROOT)    net (fo=7742, routed)        2.168     3.134    clk
    SLICE_X76Y307        FDRE                                         r  rst_n_q_reg_rep__12/C
  -------------------------------------------------------------------    -------------------
    SLICE_X76Y307        FDRE (Prop_EFF2_SLICEL_C_Q)
                                                      0.060     3.194 r  rst_n_q_reg_rep__12/Q
                         net (fo=200, routed)         1.299     4.493    u_soc/g_pe[3].u_pe/u_core/core_i/id_stage_i/register_file_i/gen_rf[6].mem_reg[6][18]_0
    SLICE_X56Y307        FDCE                                         f  u_soc/g_pe[3].u_pe/u_core/core_i/id_stage_i/register_file_i/gen_rf[8].mem_reg[8][22]/CLR  (IS_INVERTED)
  -------------------------------------------------------------------    -------------------

                         (clock clk rise edge)        0.000     0.000 r  
    AH18                                              0.000     0.000 r  clk300_p_i (IN)
                         net (fo=0)                   0.100     0.100    u_ibufds/I
    HPIOBDIFFINBUF_X1Y36 DIFFINBUF (Prop_DIFFINBUF_HPIOBDIFFINBUF_DIFF_IN_P_O)
                                                      0.525     0.625 r  u_ibufds/DIFFINBUF_INST/O
                         net (fo=1, routed)           0.050     0.675    u_ibufds/OUT
    AH18                 IBUFCTRL (Prop_IBUFCTRL_HPIOB_M_I_O)
                                                      0.000     0.675 r  u_ibufds/IBUFCTRL_INST/O
                         net (fo=1, routed)           0.322     0.997    clk_ref
    BUFGCE_DIV_X1Y7      BUFGCE_DIV (Prop_BUFGCE_DIV_I_O)
                                                      0.152     1.149 r  u_bufgce_div/O
                         net (fo=7742, routed)        1.895     3.044    u_soc/g_pe[3].u_pe/u_core/core_i/sleep_unit_i/core_clock_gate_i/clk
    BUFGCE_X0Y113        BUFGCE (Prop_BUFCE_BUFGCE_I_O)
                                                      0.028     3.072 r  u_soc/g_pe[3].u_pe/u_core/core_i/sleep_unit_i/core_clock_gate_i/u_bufgce/O
    X1Y4 (CLOCK_ROOT)    net (fo=2099, routed)        1.632     4.705    u_soc/g_pe[3].u_pe/u_core/core_i/id_stage_i/register_file_i/clk_0
    SLICE_X56Y307        FDCE                                         r  u_soc/g_pe[3].u_pe/u_core/core_i/id_stage_i/register_file_i/gen_rf[8].mem_reg[8][22]/C
                         clock pessimism             -0.263     4.441    
    SLICE_X56Y307        FDCE (Remov_HFF_SLICEM_C_CLR)
                                                     -0.032     4.409    u_soc/g_pe[3].u_pe/u_core/core_i/id_stage_i/register_file_i/gen_rf[8].mem_reg[8][22]
  -------------------------------------------------------------------
                         required time                         -4.409    
                         arrival time                           4.493    
  -------------------------------------------------------------------
                         slack                                  0.083    

Slack (MET) :             0.083ns  (arrival time - required time)
  Source:                 rst_n_q_reg_rep__12/C
                            (rising edge-triggered cell FDRE clocked by clk  {rise@0.000ns fall@6.666ns period=16.665ns})
  Destination:            u_soc/g_pe[3].u_pe/u_core/core_i/id_stage_i/register_file_i/gen_rf[8].mem_reg[8][23]/CLR
                            (removal check against rising-edge clock clk  {rise@0.000ns fall@6.666ns period=16.665ns})
  Path Group:             **async_default**
  Path Type:              Removal (Min at Slow Process Corner)
  Requirement:            0.000ns  (clk rise@0.000ns - clk rise@0.000ns)
  Data Path Delay:        1.359ns  (logic 0.060ns (4.416%)  route 1.299ns (95.584%))
  Logic Levels:           0  
  Clock Path Skew:        1.308ns (DCD - SCD - CPR)
    Destination Clock Delay (DCD):    4.705ns
    Source Clock Delay      (SCD):    3.134ns
    Clock Pessimism Removal (CPR):    0.263ns
  Clock Net Delay (Source):      2.168ns (routing 0.916ns, distribution 1.252ns)
  Clock Net Delay (Destination): 1.632ns (routing 0.734ns, distribution 0.898ns)

    Location             Delay type                Incr(ns)  Path(ns)    Netlist Resource(s)
  -------------------------------------------------------------------    -------------------
                         (clock clk rise edge)        0.000     0.000 r  
    AH18                                              0.000     0.000 r  clk300_p_i (IN)
                         net (fo=0)                   0.079     0.079    u_ibufds/I
    HPIOBDIFFINBUF_X1Y36 DIFFINBUF (Prop_DIFFINBUF_HPIOBDIFFINBUF_DIFF_IN_P_O)
                                                      0.429     0.508 r  u_ibufds/DIFFINBUF_INST/O
                         net (fo=1, routed)           0.040     0.548    u_ibufds/OUT
    AH18                 IBUFCTRL (Prop_IBUFCTRL_HPIOB_M_I_O)
                                                      0.000     0.548 r  u_ibufds/IBUFCTRL_INST/O
                         net (fo=1, routed)           0.286     0.834    clk_ref
    BUFGCE_DIV_X1Y7      BUFGCE_DIV (Prop_BUFGCE_DIV_I_O)
                                                      0.132     0.966 r  u_bufgce_div/O
    X1Y3 (CLOCK_ROOT)    net (fo=7742, routed)        2.168     3.134    clk
    SLICE_X76Y307        FDRE                                         r  rst_n_q_reg_rep__12/C
  -------------------------------------------------------------------    -------------------
    SLICE_X76Y307        FDRE (Prop_EFF2_SLICEL_C_Q)
                                                      0.060     3.194 r  rst_n_q_reg_rep__12/Q
                         net (fo=200, routed)         1.299     4.493    u_soc/g_pe[3].u_pe/u_core/core_i/id_stage_i/register_file_i/gen_rf[6].mem_reg[6][18]_0
    SLICE_X56Y307        FDCE                                         f  u_soc/g_pe[3].u_pe/u_core/core_i/id_stage_i/register_file_i/gen_rf[8].mem_reg[8][23]/CLR  (IS_INVERTED)
  -------------------------------------------------------------------    -------------------

                         (clock clk rise edge)        0.000     0.000 r  
    AH18                                              0.000     0.000 r  clk300_p_i (IN)
                         net (fo=0)                   0.100     0.100    u_ibufds/I
    HPIOBDIFFINBUF_X1Y36 DIFFINBUF (Prop_DIFFINBUF_HPIOBDIFFINBUF_DIFF_IN_P_O)
                                                      0.525     0.625 r  u_ibufds/DIFFINBUF_INST/O
                         net (fo=1, routed)           0.050     0.675    u_ibufds/OUT
    AH18                 IBUFCTRL (Prop_IBUFCTRL_HPIOB_M_I_O)
                                                      0.000     0.675 r  u_ibufds/IBUFCTRL_INST/O
                         net (fo=1, routed)           0.322     0.997    clk_ref
    BUFGCE_DIV_X1Y7      BUFGCE_DIV (Prop_BUFGCE_DIV_I_O)
                                                      0.152     1.149 r  u_bufgce_div/O
                         net (fo=7742, routed)        1.895     3.044    u_soc/g_pe[3].u_pe/u_core/core_i/sleep_unit_i/core_clock_gate_i/clk
    BUFGCE_X0Y113        BUFGCE (Prop_BUFCE_BUFGCE_I_O)
                                                      0.028     3.072 r  u_soc/g_pe[3].u_pe/u_core/core_i/sleep_unit_i/core_clock_gate_i/u_bufgce/O
    X1Y4 (CLOCK_ROOT)    net (fo=2099, routed)        1.632     4.705    u_soc/g_pe[3].u_pe/u_core/core_i/id_stage_i/register_file_i/clk_0
    SLICE_X56Y307        FDCE                                         r  u_soc/g_pe[3].u_pe/u_core/core_i/id_stage_i/register_file_i/gen_rf[8].mem_reg[8][23]/C
                         clock pessimism             -0.263     4.441    
    SLICE_X56Y307        FDCE (Remov_HFF2_SLICEM_C_CLR)
                                                     -0.032     4.409    u_soc/g_pe[3].u_pe/u_core/core_i/id_stage_i/register_file_i/gen_rf[8].mem_reg[8][23]
  -------------------------------------------------------------------
                         required time                         -4.409    
                         arrival time                           4.493    
  -------------------------------------------------------------------
                         slack                                  0.083    

Slack (MET) :             0.083ns  (arrival time - required time)
  Source:                 rst_n_q_reg_rep__12/C
                            (rising edge-triggered cell FDRE clocked by clk  {rise@0.000ns fall@6.666ns period=16.665ns})
  Destination:            u_soc/g_pe[3].u_pe/u_core/core_i/id_stage_i/register_file_i/gen_rf[8].mem_reg[8][30]/CLR
                            (removal check against rising-edge clock clk  {rise@0.000ns fall@6.666ns period=16.665ns})
  Path Group:             **async_default**
  Path Type:              Removal (Min at Slow Process Corner)
  Requirement:            0.000ns  (clk rise@0.000ns - clk rise@0.000ns)
  Data Path Delay:        1.359ns  (logic 0.060ns (4.416%)  route 1.299ns (95.584%))
  Logic Levels:           0  
  Clock Path Skew:        1.308ns (DCD - SCD - CPR)
    Destination Clock Delay (DCD):    4.705ns
    Source Clock Delay      (SCD):    3.134ns
    Clock Pessimism Removal (CPR):    0.263ns
  Clock Net Delay (Source):      2.168ns (routing 0.916ns, distribution 1.252ns)
  Clock Net Delay (Destination): 1.632ns (routing 0.734ns, distribution 0.898ns)

    Location             Delay type                Incr(ns)  Path(ns)    Netlist Resource(s)
  -------------------------------------------------------------------    -------------------
                         (clock clk rise edge)        0.000     0.000 r  
    AH18                                              0.000     0.000 r  clk300_p_i (IN)
                         net (fo=0)                   0.079     0.079    u_ibufds/I
    HPIOBDIFFINBUF_X1Y36 DIFFINBUF (Prop_DIFFINBUF_HPIOBDIFFINBUF_DIFF_IN_P_O)
                                                      0.429     0.508 r  u_ibufds/DIFFINBUF_INST/O
                         net (fo=1, routed)           0.040     0.548    u_ibufds/OUT
    AH18                 IBUFCTRL (Prop_IBUFCTRL_HPIOB_M_I_O)
                                                      0.000     0.548 r  u_ibufds/IBUFCTRL_INST/O
                         net (fo=1, routed)           0.286     0.834    clk_ref
    BUFGCE_DIV_X1Y7      BUFGCE_DIV (Prop_BUFGCE_DIV_I_O)
                                                      0.132     0.966 r  u_bufgce_div/O
    X1Y3 (CLOCK_ROOT)    net (fo=7742, routed)        2.168     3.134    clk
    SLICE_X76Y307        FDRE                                         r  rst_n_q_reg_rep__12/C
  -------------------------------------------------------------------    -------------------
    SLICE_X76Y307        FDRE (Prop_EFF2_SLICEL_C_Q)
                                                      0.060     3.194 r  rst_n_q_reg_rep__12/Q
                         net (fo=200, routed)         1.299     4.493    u_soc/g_pe[3].u_pe/u_core/core_i/id_stage_i/register_file_i/gen_rf[6].mem_reg[6][18]_0
    SLICE_X56Y307        FDCE                                         f  u_soc/g_pe[3].u_pe/u_core/core_i/id_stage_i/register_file_i/gen_rf[8].mem_reg[8][30]/CLR  (IS_INVERTED)
  -------------------------------------------------------------------    -------------------

                         (clock clk rise edge)        0.000     0.000 r  
    AH18                                              0.000     0.000 r  clk300_p_i (IN)
                         net (fo=0)                   0.100     0.100    u_ibufds/I
    HPIOBDIFFINBUF_X1Y36 DIFFINBUF (Prop_DIFFINBUF_HPIOBDIFFINBUF_DIFF_IN_P_O)
                                                      0.525     0.625 r  u_ibufds/DIFFINBUF_INST/O
                         net (fo=1, routed)           0.050     0.675    u_ibufds/OUT
    AH18                 IBUFCTRL (Prop_IBUFCTRL_HPIOB_M_I_O)
                                                      0.000     0.675 r  u_ibufds/IBUFCTRL_INST/O
                         net (fo=1, routed)           0.322     0.997    clk_ref
    BUFGCE_DIV_X1Y7      BUFGCE_DIV (Prop_BUFGCE_DIV_I_O)
                                                      0.152     1.149 r  u_bufgce_div/O
                         net (fo=7742, routed)        1.895     3.044    u_soc/g_pe[3].u_pe/u_core/core_i/sleep_unit_i/core_clock_gate_i/clk
    BUFGCE_X0Y113        BUFGCE (Prop_BUFCE_BUFGCE_I_O)
                                                      0.028     3.072 r  u_soc/g_pe[3].u_pe/u_core/core_i/sleep_unit_i/core_clock_gate_i/u_bufgce/O
    X1Y4 (CLOCK_ROOT)    net (fo=2099, routed)        1.632     4.705    u_soc/g_pe[3].u_pe/u_core/core_i/id_stage_i/register_file_i/clk_0
    SLICE_X56Y307        FDCE                                         r  u_soc/g_pe[3].u_pe/u_core/core_i/id_stage_i/register_file_i/gen_rf[8].mem_reg[8][30]/C
                         clock pessimism             -0.263     4.441    
    SLICE_X56Y307        FDCE (Remov_GFF_SLICEM_C_CLR)
                                                     -0.032     4.409    u_soc/g_pe[3].u_pe/u_core/core_i/id_stage_i/register_file_i/gen_rf[8].mem_reg[8][30]
  -------------------------------------------------------------------
                         required time                         -4.409    
                         arrival time                           4.493    
  -------------------------------------------------------------------
                         slack                                  0.083    

Slack (MET) :             0.083ns  (arrival time - required time)
  Source:                 rst_n_q_reg_rep__12/C
                            (rising edge-triggered cell FDRE clocked by clk  {rise@0.000ns fall@6.666ns period=16.665ns})
  Destination:            u_soc/g_pe[3].u_pe/u_core/core_i/id_stage_i/register_file_i/gen_rf[8].mem_reg[8][8]/CLR
                            (removal check against rising-edge clock clk  {rise@0.000ns fall@6.666ns period=16.665ns})
  Path Group:             **async_default**
  Path Type:              Removal (Min at Slow Process Corner)
  Requirement:            0.000ns  (clk rise@0.000ns - clk rise@0.000ns)
  Data Path Delay:        1.359ns  (logic 0.060ns (4.416%)  route 1.299ns (95.584%))
  Logic Levels:           0  
  Clock Path Skew:        1.308ns (DCD - SCD - CPR)
    Destination Clock Delay (DCD):    4.705ns
    Source Clock Delay      (SCD):    3.134ns
    Clock Pessimism Removal (CPR):    0.263ns
  Clock Net Delay (Source):      2.168ns (routing 0.916ns, distribution 1.252ns)
  Clock Net Delay (Destination): 1.632ns (routing 0.734ns, distribution 0.898ns)

    Location             Delay type                Incr(ns)  Path(ns)    Netlist Resource(s)
  -------------------------------------------------------------------    -------------------
                         (clock clk rise edge)        0.000     0.000 r  
    AH18                                              0.000     0.000 r  clk300_p_i (IN)
                         net (fo=0)                   0.079     0.079    u_ibufds/I
    HPIOBDIFFINBUF_X1Y36 DIFFINBUF (Prop_DIFFINBUF_HPIOBDIFFINBUF_DIFF_IN_P_O)
                                                      0.429     0.508 r  u_ibufds/DIFFINBUF_INST/O
                         net (fo=1, routed)           0.040     0.548    u_ibufds/OUT
    AH18                 IBUFCTRL (Prop_IBUFCTRL_HPIOB_M_I_O)
                                                      0.000     0.548 r  u_ibufds/IBUFCTRL_INST/O
                         net (fo=1, routed)           0.286     0.834    clk_ref
    BUFGCE_DIV_X1Y7      BUFGCE_DIV (Prop_BUFGCE_DIV_I_O)
                                                      0.132     0.966 r  u_bufgce_div/O
    X1Y3 (CLOCK_ROOT)    net (fo=7742, routed)        2.168     3.134    clk
    SLICE_X76Y307        FDRE                                         r  rst_n_q_reg_rep__12/C
  -------------------------------------------------------------------    -------------------
    SLICE_X76Y307        FDRE (Prop_EFF2_SLICEL_C_Q)
                                                      0.060     3.194 r  rst_n_q_reg_rep__12/Q
                         net (fo=200, routed)         1.299     4.493    u_soc/g_pe[3].u_pe/u_core/core_i/id_stage_i/register_file_i/gen_rf[6].mem_reg[6][18]_0
    SLICE_X56Y307        FDCE                                         f  u_soc/g_pe[3].u_pe/u_core/core_i/id_stage_i/register_file_i/gen_rf[8].mem_reg[8][8]/CLR  (IS_INVERTED)
  -------------------------------------------------------------------    -------------------

                         (clock clk rise edge)        0.000     0.000 r  
    AH18                                              0.000     0.000 r  clk300_p_i (IN)
                         net (fo=0)                   0.100     0.100    u_ibufds/I
    HPIOBDIFFINBUF_X1Y36 DIFFINBUF (Prop_DIFFINBUF_HPIOBDIFFINBUF_DIFF_IN_P_O)
                                                      0.525     0.625 r  u_ibufds/DIFFINBUF_INST/O
                         net (fo=1, routed)           0.050     0.675    u_ibufds/OUT
    AH18                 IBUFCTRL (Prop_IBUFCTRL_HPIOB_M_I_O)
                                                      0.000     0.675 r  u_ibufds/IBUFCTRL_INST/O
                         net (fo=1, routed)           0.322     0.997    clk_ref
    BUFGCE_DIV_X1Y7      BUFGCE_DIV (Prop_BUFGCE_DIV_I_O)
                                                      0.152     1.149 r  u_bufgce_div/O
                         net (fo=7742, routed)        1.895     3.044    u_soc/g_pe[3].u_pe/u_core/core_i/sleep_unit_i/core_clock_gate_i/clk
    BUFGCE_X0Y113        BUFGCE (Prop_BUFCE_BUFGCE_I_O)
                                                      0.028     3.072 r  u_soc/g_pe[3].u_pe/u_core/core_i/sleep_unit_i/core_clock_gate_i/u_bufgce/O
    X1Y4 (CLOCK_ROOT)    net (fo=2099, routed)        1.632     4.705    u_soc/g_pe[3].u_pe/u_core/core_i/id_stage_i/register_file_i/clk_0
    SLICE_X56Y307        FDCE                                         r  u_soc/g_pe[3].u_pe/u_core/core_i/id_stage_i/register_file_i/gen_rf[8].mem_reg[8][8]/C
                         clock pessimism             -0.263     4.441    
    SLICE_X56Y307        FDCE (Remov_GFF2_SLICEM_C_CLR)
                                                     -0.032     4.409    u_soc/g_pe[3].u_pe/u_core/core_i/id_stage_i/register_file_i/gen_rf[8].mem_reg[8][8]
  -------------------------------------------------------------------
                         required time                         -4.409    
                         arrival time                           4.493    
  -------------------------------------------------------------------
                         slack                                  0.083    





--------------------------------------------------------------------------------------
Path Group:  (none)
From Clock:  clk
  To Clock:  

Max Delay             4 Endpoints
Min Delay             4 Endpoints
--------------------------------------------------------------------------------------


Max Delay Paths
--------------------------------------------------------------------------------------
Slack:                    inf
  Source:                 led_o_reg[2]/C
                            (rising edge-triggered cell FDRE clocked by clk  {rise@0.000ns fall@6.666ns period=16.665ns})
  Destination:            led_o[2]
                            (output port)
  Path Group:             (none)
  Path Type:              Max at Slow Process Corner
  Data Path Delay:        4.139ns  (logic 2.927ns (70.715%)  route 1.212ns (29.285%))
  Logic Levels:           1  (OBUF=1)
  Clock Uncertainty:      0.025ns  ((TSJ^2 + TIJ^2)^1/2 + DJ) / 2 + PE
    Total System Jitter     (TSJ):    0.050ns
    Total Input Jitter      (TIJ):    0.000ns
    Discrete Jitter          (DJ):    0.000ns
    Phase Error              (PE):    0.000ns
  Clock Net Delay (Source):      2.428ns (routing 1.007ns, distribution 1.421ns)
  Timing Exception:       False Path

    Location             Delay type                Incr(ns)  Path(ns)    Netlist Resource(s)
  -------------------------------------------------------------------    -------------------
                         (clock clk rise edge)        0.000     0.000 r  
    AH18                                              0.000     0.000 r  clk300_p_i (IN)
                         net (fo=0)                   0.100     0.100    u_ibufds/I
    HPIOBDIFFINBUF_X1Y36 DIFFINBUF (Prop_DIFFINBUF_HPIOBDIFFINBUF_DIFF_IN_P_O)
                                                      0.525     0.625 r  u_ibufds/DIFFINBUF_INST/O
                         net (fo=1, routed)           0.050     0.675    u_ibufds/OUT
    AH18                 IBUFCTRL (Prop_IBUFCTRL_HPIOB_M_I_O)
                                                      0.000     0.675 r  u_ibufds/IBUFCTRL_INST/O
                         net (fo=1, routed)           0.322     0.997    clk_ref
    BUFGCE_DIV_X1Y7      BUFGCE_DIV (Prop_BUFGCE_DIV_I_O)
                                                      0.152     1.149 r  u_bufgce_div/O
    X1Y3 (CLOCK_ROOT)    net (fo=7742, routed)        2.428     3.577    clk
    SLICE_X84Y281        FDRE                                         r  led_o_reg[2]/C
  -------------------------------------------------------------------    -------------------
    SLICE_X84Y281        FDRE (Prop_DFF_SLICEM_C_Q)
                                                      0.078     3.655 r  led_o_reg[2]/Q
                         net (fo=1, routed)           1.212     4.867    led_o_OBUF[2]
    A5                   OBUF (Prop_OUTBUF_HDIOB_S_I_O)
                                                      2.849     7.716 r  led_o_OBUF[2]_inst/O
                         net (fo=0)                   0.000     7.716    led_o[2]
    A5                                                                r  led_o[2] (OUT)
  -------------------------------------------------------------------    -------------------

Slack:                    inf
  Source:                 led_o_reg[3]/C
                            (rising edge-triggered cell FDRE clocked by clk  {rise@0.000ns fall@6.666ns period=16.665ns})
  Destination:            led_o[3]
                            (output port)
  Path Group:             (none)
  Path Type:              Max at Slow Process Corner
  Data Path Delay:        4.131ns  (logic 2.922ns (70.735%)  route 1.209ns (29.265%))
  Logic Levels:           1  (OBUF=1)
  Clock Uncertainty:      0.025ns  ((TSJ^2 + TIJ^2)^1/2 + DJ) / 2 + PE
    Total System Jitter     (TSJ):    0.050ns
    Total Input Jitter      (TIJ):    0.000ns
    Discrete Jitter          (DJ):    0.000ns
    Phase Error              (PE):    0.000ns
  Clock Net Delay (Source):      2.428ns (routing 1.007ns, distribution 1.421ns)
  Timing Exception:       False Path

    Location             Delay type                Incr(ns)  Path(ns)    Netlist Resource(s)
  -------------------------------------------------------------------    -------------------
                         (clock clk rise edge)        0.000     0.000 r  
    AH18                                              0.000     0.000 r  clk300_p_i (IN)
                         net (fo=0)                   0.100     0.100    u_ibufds/I
    HPIOBDIFFINBUF_X1Y36 DIFFINBUF (Prop_DIFFINBUF_HPIOBDIFFINBUF_DIFF_IN_P_O)
                                                      0.525     0.625 r  u_ibufds/DIFFINBUF_INST/O
                         net (fo=1, routed)           0.050     0.675    u_ibufds/OUT
    AH18                 IBUFCTRL (Prop_IBUFCTRL_HPIOB_M_I_O)
                                                      0.000     0.675 r  u_ibufds/IBUFCTRL_INST/O
                         net (fo=1, routed)           0.322     0.997    clk_ref
    BUFGCE_DIV_X1Y7      BUFGCE_DIV (Prop_BUFGCE_DIV_I_O)
                                                      0.152     1.149 r  u_bufgce_div/O
    X1Y3 (CLOCK_ROOT)    net (fo=7742, routed)        2.428     3.577    clk
    SLICE_X84Y281        FDRE                                         r  led_o_reg[3]/C
  -------------------------------------------------------------------    -------------------
    SLICE_X84Y281        FDRE (Prop_BFF_SLICEM_C_Q)
                                                      0.078     3.655 r  led_o_reg[3]/Q
                         net (fo=1, routed)           1.209     4.864    led_o_OBUF[3]
    B5                   OBUF (Prop_OUTBUF_HDIOB_M_I_O)
                                                      2.844     7.709 r  led_o_OBUF[3]_inst/O
                         net (fo=0)                   0.000     7.709    led_o[3]
    B5                                                                r  led_o[3] (OUT)
  -------------------------------------------------------------------    -------------------

Slack:                    inf
  Source:                 led_o_reg[1]/C
                            (rising edge-triggered cell FDRE clocked by clk  {rise@0.000ns fall@6.666ns period=16.665ns})
  Destination:            led_o[1]
                            (output port)
  Path Group:             (none)
  Path Type:              Max at Slow Process Corner
  Data Path Delay:        4.049ns  (logic 2.907ns (71.797%)  route 1.142ns (28.203%))
  Logic Levels:           1  (OBUF=1)
  Clock Uncertainty:      0.025ns  ((TSJ^2 + TIJ^2)^1/2 + DJ) / 2 + PE
    Total System Jitter     (TSJ):    0.050ns
    Total Input Jitter      (TIJ):    0.000ns
    Discrete Jitter          (DJ):    0.000ns
    Phase Error              (PE):    0.000ns
  Clock Net Delay (Source):      2.477ns (routing 1.007ns, distribution 1.470ns)
  Timing Exception:       False Path

    Location             Delay type                Incr(ns)  Path(ns)    Netlist Resource(s)
  -------------------------------------------------------------------    -------------------
                         (clock clk rise edge)        0.000     0.000 r  
    AH18                                              0.000     0.000 r  clk300_p_i (IN)
                         net (fo=0)                   0.100     0.100    u_ibufds/I
    HPIOBDIFFINBUF_X1Y36 DIFFINBUF (Prop_DIFFINBUF_HPIOBDIFFINBUF_DIFF_IN_P_O)
                                                      0.525     0.625 r  u_ibufds/DIFFINBUF_INST/O
                         net (fo=1, routed)           0.050     0.675    u_ibufds/OUT
    AH18                 IBUFCTRL (Prop_IBUFCTRL_HPIOB_M_I_O)
                                                      0.000     0.675 r  u_ibufds/IBUFCTRL_INST/O
                         net (fo=1, routed)           0.322     0.997    clk_ref
    BUFGCE_DIV_X1Y7      BUFGCE_DIV (Prop_BUFGCE_DIV_I_O)
                                                      0.152     1.149 r  u_bufgce_div/O
    X1Y3 (CLOCK_ROOT)    net (fo=7742, routed)        2.477     3.626    clk
    SLICE_X89Y283        FDRE                                         r  led_o_reg[1]/C
  -------------------------------------------------------------------    -------------------
    SLICE_X89Y283        FDRE (Prop_HFF_SLICEM_C_Q)
                                                      0.079     3.705 r  led_o_reg[1]/Q
                         net (fo=1, routed)           1.142     4.847    led_o_OBUF[1]
    D6                   OBUF (Prop_OUTBUF_HDIOB_M_I_O)
                                                      2.828     7.676 r  led_o_OBUF[1]_inst/O
                         net (fo=0)                   0.000     7.676    led_o[1]
    D6                                                                r  led_o[1] (OUT)
  -------------------------------------------------------------------    -------------------

Slack:                    inf
  Source:                 led_o_reg[0]/C
                            (rising edge-triggered cell FDRE clocked by clk  {rise@0.000ns fall@6.666ns period=16.665ns})
  Destination:            led_o[0]
                            (output port)
  Path Group:             (none)
  Path Type:              Max at Slow Process Corner
  Data Path Delay:        4.045ns  (logic 2.905ns (71.814%)  route 1.140ns (28.186%))
  Logic Levels:           1  (OBUF=1)
  Clock Uncertainty:      0.025ns  ((TSJ^2 + TIJ^2)^1/2 + DJ) / 2 + PE
    Total System Jitter     (TSJ):    0.050ns
    Total Input Jitter      (TIJ):    0.000ns
    Discrete Jitter          (DJ):    0.000ns
    Phase Error              (PE):    0.000ns
  Clock Net Delay (Source):      2.407ns (routing 1.007ns, distribution 1.400ns)
  Timing Exception:       False Path

    Location             Delay type                Incr(ns)  Path(ns)    Netlist Resource(s)
  -------------------------------------------------------------------    -------------------
                         (clock clk rise edge)        0.000     0.000 r  
    AH18                                              0.000     0.000 r  clk300_p_i (IN)
                         net (fo=0)                   0.100     0.100    u_ibufds/I
    HPIOBDIFFINBUF_X1Y36 DIFFINBUF (Prop_DIFFINBUF_HPIOBDIFFINBUF_DIFF_IN_P_O)
                                                      0.525     0.625 r  u_ibufds/DIFFINBUF_INST/O
                         net (fo=1, routed)           0.050     0.675    u_ibufds/OUT
    AH18                 IBUFCTRL (Prop_IBUFCTRL_HPIOB_M_I_O)
                                                      0.000     0.675 r  u_ibufds/IBUFCTRL_INST/O
                         net (fo=1, routed)           0.322     0.997    clk_ref
    BUFGCE_DIV_X1Y7      BUFGCE_DIV (Prop_BUFGCE_DIV_I_O)
                                                      0.152     1.149 r  u_bufgce_div/O
    X1Y3 (CLOCK_ROOT)    net (fo=7742, routed)        2.407     3.556    clk
    SLICE_X87Y283        FDRE                                         r  led_o_reg[0]/C
  -------------------------------------------------------------------    -------------------
    SLICE_X87Y283        FDRE (Prop_HFF_SLICEL_C_Q)
                                                      0.079     3.635 r  led_o_reg[0]/Q
                         net (fo=1, routed)           1.140     4.775    led_o_OBUF[0]
    D5                   OBUF (Prop_OUTBUF_HDIOB_S_I_O)
                                                      2.826     7.601 r  led_o_OBUF[0]_inst/O
                         net (fo=0)                   0.000     7.601    led_o[0]
    D5                                                                r  led_o[0] (OUT)
  -------------------------------------------------------------------    -------------------





Min Delay Paths
--------------------------------------------------------------------------------------
Slack:                    inf
  Source:                 led_o_reg[0]/C
                            (rising edge-triggered cell FDRE clocked by clk  {rise@0.000ns fall@6.666ns period=16.665ns})
  Destination:            led_o[0]
                            (output port)
  Path Group:             (none)
  Path Type:              Min at Fast Process Corner
  Data Path Delay:        2.047ns  (logic 1.520ns (74.260%)  route 0.527ns (25.740%))
  Logic Levels:           1  (OBUF=1)
  Clock Uncertainty:      0.025ns  ((TSJ^2 + TIJ^2)^1/2 + DJ) / 2 + PE
    Total System Jitter     (TSJ):    0.050ns
    Total Input Jitter      (TIJ):    0.000ns
    Discrete Jitter          (DJ):    0.000ns
    Phase Error              (PE):    0.000ns
  Clock Net Delay (Source):      1.323ns (routing 0.554ns, distribution 0.769ns)
  Timing Exception:       False Path

    Location             Delay type                Incr(ns)  Path(ns)    Netlist Resource(s)
  -------------------------------------------------------------------    -------------------
                         (clock clk rise edge)        0.000     0.000 r  
    AH18                                              0.000     0.000 r  clk300_p_i (IN)
                         net (fo=0)                   0.079     0.079    u_ibufds/I
    HPIOBDIFFINBUF_X1Y36 DIFFINBUF (Prop_DIFFINBUF_HPIOBDIFFINBUF_DIFF_IN_P_O)
                                                      0.284     0.363 r  u_ibufds/DIFFINBUF_INST/O
                         net (fo=1, routed)           0.040     0.403    u_ibufds/OUT
    AH18                 IBUFCTRL (Prop_IBUFCTRL_HPIOB_M_I_O)
                                                      0.000     0.403 r  u_ibufds/IBUFCTRL_INST/O
                         net (fo=1, routed)           0.144     0.547    clk_ref
    BUFGCE_DIV_X1Y7      BUFGCE_DIV (Prop_BUFGCE_DIV_I_O)
                                                      0.089     0.636 r  u_bufgce_div/O
    X1Y3 (CLOCK_ROOT)    net (fo=7742, routed)        1.323     1.959    clk
    SLICE_X87Y283        FDRE                                         r  led_o_reg[0]/C
  -------------------------------------------------------------------    -------------------
    SLICE_X87Y283        FDRE (Prop_HFF_SLICEL_C_Q)
                                                      0.039     1.998 r  led_o_reg[0]/Q
                         net (fo=1, routed)           0.527     2.525    led_o_OBUF[0]
    D5                   OBUF (Prop_OUTBUF_HDIOB_S_I_O)
                                                      1.481     4.006 r  led_o_OBUF[0]_inst/O
                         net (fo=0)                   0.000     4.006    led_o[0]
    D5                                                                r  led_o[0] (OUT)
  -------------------------------------------------------------------    -------------------

Slack:                    inf
  Source:                 led_o_reg[2]/C
                            (rising edge-triggered cell FDRE clocked by clk  {rise@0.000ns fall@6.666ns period=16.665ns})
  Destination:            led_o[2]
                            (output port)
  Path Group:             (none)
  Path Type:              Min at Fast Process Corner
  Data Path Delay:        2.108ns  (logic 1.543ns (73.200%)  route 0.565ns (26.800%))
  Logic Levels:           1  (OBUF=1)
  Clock Uncertainty:      0.025ns  ((TSJ^2 + TIJ^2)^1/2 + DJ) / 2 + PE
    Total System Jitter     (TSJ):    0.050ns
    Total Input Jitter      (TIJ):    0.000ns
    Discrete Jitter          (DJ):    0.000ns
    Phase Error              (PE):    0.000ns
  Clock Net Delay (Source):      1.328ns (routing 0.554ns, distribution 0.774ns)
  Timing Exception:       False Path

    Location             Delay type                Incr(ns)  Path(ns)    Netlist Resource(s)
  -------------------------------------------------------------------    -------------------
                         (clock clk rise edge)        0.000     0.000 r  
    AH18                                              0.000     0.000 r  clk300_p_i (IN)
                         net (fo=0)                   0.079     0.079    u_ibufds/I
    HPIOBDIFFINBUF_X1Y36 DIFFINBUF (Prop_DIFFINBUF_HPIOBDIFFINBUF_DIFF_IN_P_O)
                                                      0.284     0.363 r  u_ibufds/DIFFINBUF_INST/O
                         net (fo=1, routed)           0.040     0.403    u_ibufds/OUT
    AH18                 IBUFCTRL (Prop_IBUFCTRL_HPIOB_M_I_O)
                                                      0.000     0.403 r  u_ibufds/IBUFCTRL_INST/O
                         net (fo=1, routed)           0.144     0.547    clk_ref
    BUFGCE_DIV_X1Y7      BUFGCE_DIV (Prop_BUFGCE_DIV_I_O)
                                                      0.089     0.636 r  u_bufgce_div/O
    X1Y3 (CLOCK_ROOT)    net (fo=7742, routed)        1.328     1.964    clk
    SLICE_X84Y281        FDRE                                         r  led_o_reg[2]/C
  -------------------------------------------------------------------    -------------------
    SLICE_X84Y281        FDRE (Prop_DFF_SLICEM_C_Q)
                                                      0.039     2.003 r  led_o_reg[2]/Q
                         net (fo=1, routed)           0.565     2.568    led_o_OBUF[2]
    A5                   OBUF (Prop_OUTBUF_HDIOB_S_I_O)
                                                      1.504     4.072 r  led_o_OBUF[2]_inst/O
                         net (fo=0)                   0.000     4.072    led_o[2]
    A5                                                                r  led_o[2] (OUT)
  -------------------------------------------------------------------    -------------------

Slack:                    inf
  Source:                 led_o_reg[1]/C
                            (rising edge-triggered cell FDRE clocked by clk  {rise@0.000ns fall@6.666ns period=16.665ns})
  Destination:            led_o[1]
                            (output port)
  Path Group:             (none)
  Path Type:              Min at Fast Process Corner
  Data Path Delay:        2.102ns  (logic 1.523ns (72.455%)  route 0.579ns (27.545%))
  Logic Levels:           1  (OBUF=1)
  Clock Uncertainty:      0.025ns  ((TSJ^2 + TIJ^2)^1/2 + DJ) / 2 + PE
    Total System Jitter     (TSJ):    0.050ns
    Total Input Jitter      (TIJ):    0.000ns
    Discrete Jitter          (DJ):    0.000ns
    Phase Error              (PE):    0.000ns
  Clock Net Delay (Source):      1.360ns (routing 0.554ns, distribution 0.806ns)
  Timing Exception:       False Path

    Location             Delay type                Incr(ns)  Path(ns)    Netlist Resource(s)
  -------------------------------------------------------------------    -------------------
                         (clock clk rise edge)        0.000     0.000 r  
    AH18                                              0.000     0.000 r  clk300_p_i (IN)
                         net (fo=0)                   0.079     0.079    u_ibufds/I
    HPIOBDIFFINBUF_X1Y36 DIFFINBUF (Prop_DIFFINBUF_HPIOBDIFFINBUF_DIFF_IN_P_O)
                                                      0.284     0.363 r  u_ibufds/DIFFINBUF_INST/O
                         net (fo=1, routed)           0.040     0.403    u_ibufds/OUT
    AH18                 IBUFCTRL (Prop_IBUFCTRL_HPIOB_M_I_O)
                                                      0.000     0.403 r  u_ibufds/IBUFCTRL_INST/O
                         net (fo=1, routed)           0.144     0.547    clk_ref
    BUFGCE_DIV_X1Y7      BUFGCE_DIV (Prop_BUFGCE_DIV_I_O)
                                                      0.089     0.636 r  u_bufgce_div/O
    X1Y3 (CLOCK_ROOT)    net (fo=7742, routed)        1.360     1.996    clk
    SLICE_X89Y283        FDRE                                         r  led_o_reg[1]/C
  -------------------------------------------------------------------    -------------------
    SLICE_X89Y283        FDRE (Prop_HFF_SLICEM_C_Q)
                                                      0.039     2.035 r  led_o_reg[1]/Q
                         net (fo=1, routed)           0.579     2.614    led_o_OBUF[1]
    D6                   OBUF (Prop_OUTBUF_HDIOB_M_I_O)
                                                      1.484     4.098 r  led_o_OBUF[1]_inst/O
                         net (fo=0)                   0.000     4.098    led_o[1]
    D6                                                                r  led_o[1] (OUT)
  -------------------------------------------------------------------    -------------------

Slack:                    inf
  Source:                 led_o_reg[3]/C
                            (rising edge-triggered cell FDRE clocked by clk  {rise@0.000ns fall@6.666ns period=16.665ns})
  Destination:            led_o[3]
                            (output port)
  Path Group:             (none)
  Path Type:              Min at Fast Process Corner
  Data Path Delay:        2.149ns  (logic 1.538ns (71.565%)  route 0.611ns (28.435%))
  Logic Levels:           1  (OBUF=1)
  Clock Uncertainty:      0.025ns  ((TSJ^2 + TIJ^2)^1/2 + DJ) / 2 + PE
    Total System Jitter     (TSJ):    0.050ns
    Total Input Jitter      (TIJ):    0.000ns
    Discrete Jitter          (DJ):    0.000ns
    Phase Error              (PE):    0.000ns
  Clock Net Delay (Source):      1.328ns (routing 0.554ns, distribution 0.774ns)
  Timing Exception:       False Path

    Location             Delay type                Incr(ns)  Path(ns)    Netlist Resource(s)
  -------------------------------------------------------------------    -------------------
                         (clock clk rise edge)        0.000     0.000 r  
    AH18                                              0.000     0.000 r  clk300_p_i (IN)
                         net (fo=0)                   0.079     0.079    u_ibufds/I
    HPIOBDIFFINBUF_X1Y36 DIFFINBUF (Prop_DIFFINBUF_HPIOBDIFFINBUF_DIFF_IN_P_O)
                                                      0.284     0.363 r  u_ibufds/DIFFINBUF_INST/O
                         net (fo=1, routed)           0.040     0.403    u_ibufds/OUT
    AH18                 IBUFCTRL (Prop_IBUFCTRL_HPIOB_M_I_O)
                                                      0.000     0.403 r  u_ibufds/IBUFCTRL_INST/O
                         net (fo=1, routed)           0.144     0.547    clk_ref
    BUFGCE_DIV_X1Y7      BUFGCE_DIV (Prop_BUFGCE_DIV_I_O)
                                                      0.089     0.636 r  u_bufgce_div/O
    X1Y3 (CLOCK_ROOT)    net (fo=7742, routed)        1.328     1.964    clk
    SLICE_X84Y281        FDRE                                         r  led_o_reg[3]/C
  -------------------------------------------------------------------    -------------------
    SLICE_X84Y281        FDRE (Prop_BFF_SLICEM_C_Q)
                                                      0.038     2.002 r  led_o_reg[3]/Q
                         net (fo=1, routed)           0.611     2.613    led_o_OBUF[3]
    B5                   OBUF (Prop_OUTBUF_HDIOB_M_I_O)
                                                      1.500     4.112 r  led_o_OBUF[3]_inst/O
                         net (fo=0)                   0.000     4.112    led_o[3]
    B5                                                                r  led_o[3] (OUT)
  -------------------------------------------------------------------    -------------------





--------------------------------------------------------------------------------------
Path Group:  (none)
From Clock:  
  To Clock:  clk

Max Delay             7 Endpoints
Min Delay             7 Endpoints
--------------------------------------------------------------------------------------


Max Delay Paths
--------------------------------------------------------------------------------------
Slack:                    inf
  Source:                 dip_i[1]
                            (input port)
  Destination:            dip_sync_q_reg[1]/D
                            (rising edge-triggered cell FDRE clocked by clk  {rise@0.000ns fall@6.666ns period=16.665ns})
  Path Group:             (none)
  Path Type:              Setup (Max at Slow Process Corner)
  Data Path Delay:        2.558ns  (logic 1.280ns (50.030%)  route 1.278ns (49.970%))
  Logic Levels:           2  (IBUFCTRL=1 INBUF=1)
  Clock Path Skew:        3.121ns (DCD - SCD + CPR)
    Destination Clock Delay (DCD):    3.121ns
    Source Clock Delay      (SCD):    0.000ns
    Clock Pessimism Removal (CPR):    0.000ns
  Clock Uncertainty:      0.025ns  ((TSJ^2 + TIJ^2)^1/2 + DJ) / 2 + PE
    Total System Jitter     (TSJ):    0.050ns
    Total Input Jitter      (TIJ):    0.000ns
    Discrete Jitter          (DJ):    0.000ns
    Phase Error              (PE):    0.000ns
  Clock Net Delay (Destination): 2.155ns (routing 0.916ns, distribution 1.239ns)
  Timing Exception:       False Path

    Location             Delay type                Incr(ns)  Path(ns)    Netlist Resource(s)
  -------------------------------------------------------------------    -------------------
    D4                                                0.000     0.000 r  dip_i[1] (IN)
                         net (fo=0)                   0.000     0.000    dip_i_IBUF[1]_inst/I
    D4                   INBUF (Prop_INBUF_HDIOB_S_PAD_O)
                                                      1.280     1.280 r  dip_i_IBUF[1]_inst/INBUF_INST/O
                         net (fo=1, routed)           0.000     1.280    dip_i_IBUF[1]_inst/OUT
    D4                   IBUFCTRL (Prop_IBUFCTRL_HDIOB_S_I_O)
                                                      0.000     1.280 r  dip_i_IBUF[1]_inst/IBUFCTRL_INST/O
                         net (fo=1, routed)           1.278     2.558    dip_i_IBUF[1]
    SLICE_X80Y281        FDRE                                         r  dip_sync_q_reg[1]/D
  -------------------------------------------------------------------    -------------------

                         (clock clk rise edge)        0.000     0.000 r  
    AH18                                              0.000     0.000 r  clk300_p_i (IN)
                         net (fo=0)                   0.079     0.079    u_ibufds/I
    HPIOBDIFFINBUF_X1Y36 DIFFINBUF (Prop_DIFFINBUF_HPIOBDIFFINBUF_DIFF_IN_P_O)
                                                      0.429     0.508 r  u_ibufds/DIFFINBUF_INST/O
                         net (fo=1, routed)           0.040     0.548    u_ibufds/OUT
    AH18                 IBUFCTRL (Prop_IBUFCTRL_HPIOB_M_I_O)
                                                      0.000     0.548 r  u_ibufds/IBUFCTRL_INST/O
                         net (fo=1, routed)           0.286     0.834    clk_ref
    BUFGCE_DIV_X1Y7      BUFGCE_DIV (Prop_BUFGCE_DIV_I_O)
                                                      0.132     0.966 r  u_bufgce_div/O
    X1Y3 (CLOCK_ROOT)    net (fo=7742, routed)        2.155     3.121    clk
    SLICE_X80Y281        FDRE                                         r  dip_sync_q_reg[1]/C

Slack:                    inf
  Source:                 pb_i[1]
                            (input port)
  Destination:            pb_sync_q_reg[1]/D
                            (rising edge-triggered cell FDRE clocked by clk  {rise@0.000ns fall@6.666ns period=16.665ns})
  Path Group:             (none)
  Path Type:              Setup (Max at Slow Process Corner)
  Data Path Delay:        2.513ns  (logic 1.298ns (51.644%)  route 1.215ns (48.356%))
  Logic Levels:           2  (IBUFCTRL=1 INBUF=1)
  Clock Path Skew:        3.224ns (DCD - SCD + CPR)
    Destination Clock Delay (DCD):    3.224ns
    Source Clock Delay      (SCD):    0.000ns
    Clock Pessimism Removal (CPR):    0.000ns
  Clock Uncertainty:      0.025ns  ((TSJ^2 + TIJ^2)^1/2 + DJ) / 2 + PE
    Total System Jitter     (TSJ):    0.050ns
    Total Input Jitter      (TIJ):    0.000ns
    Discrete Jitter          (DJ):    0.000ns
    Phase Error              (PE):    0.000ns
  Clock Net Delay (Destination): 2.258ns (routing 0.916ns, distribution 1.342ns)
  Timing Exception:       False Path

    Location             Delay type                Incr(ns)  Path(ns)    Netlist Resource(s)
  -------------------------------------------------------------------    -------------------
    C4                                                0.000     0.000 r  pb_i[1] (IN)
                         net (fo=0)                   0.000     0.000    pb_i_IBUF[1]_inst/I
    C4                   INBUF (Prop_INBUF_HDIOB_M_PAD_O)
                                                      1.298     1.298 r  pb_i_IBUF[1]_inst/INBUF_INST/O
                         net (fo=1, routed)           0.000     1.298    pb_i_IBUF[1]_inst/OUT
    C4                   IBUFCTRL (Prop_IBUFCTRL_HDIOB_M_I_O)
                                                      0.000     1.298 r  pb_i_IBUF[1]_inst/IBUFCTRL_INST/O
                         net (fo=1, routed)           1.215     2.513    pb_i_IBUF[1]
    SLICE_X100Y288       FDRE                                         r  pb_sync_q_reg[1]/D
  -------------------------------------------------------------------    -------------------

                         (clock clk rise edge)        0.000     0.000 r  
    AH18                                              0.000     0.000 r  clk300_p_i (IN)
                         net (fo=0)                   0.079     0.079    u_ibufds/I
    HPIOBDIFFINBUF_X1Y36 DIFFINBUF (Prop_DIFFINBUF_HPIOBDIFFINBUF_DIFF_IN_P_O)
                                                      0.429     0.508 r  u_ibufds/DIFFINBUF_INST/O
                         net (fo=1, routed)           0.040     0.548    u_ibufds/OUT
    AH18                 IBUFCTRL (Prop_IBUFCTRL_HPIOB_M_I_O)
                                                      0.000     0.548 r  u_ibufds/IBUFCTRL_INST/O
                         net (fo=1, routed)           0.286     0.834    clk_ref
    BUFGCE_DIV_X1Y7      BUFGCE_DIV (Prop_BUFGCE_DIV_I_O)
                                                      0.132     0.966 r  u_bufgce_div/O
    X1Y3 (CLOCK_ROOT)    net (fo=7742, routed)        2.258     3.224    clk
    SLICE_X100Y288       FDRE                                         r  pb_sync_q_reg[1]/C

Slack:                    inf
  Source:                 cpu_reset_i
                            (input port)
  Destination:            rst_sync_q_reg[0]/D
                            (rising edge-triggered cell FDRE clocked by clk  {rise@0.000ns fall@6.666ns period=16.665ns})
  Path Group:             (none)
  Path Type:              Setup (Max at Slow Process Corner)
  Data Path Delay:        2.427ns  (logic 1.222ns (50.353%)  route 1.205ns (49.647%))
  Logic Levels:           2  (IBUFCTRL=1 INBUF=1)
  Clock Path Skew:        3.208ns (DCD - SCD + CPR)
    Destination Clock Delay (DCD):    3.208ns
    Source Clock Delay      (SCD):    0.000ns
    Clock Pessimism Removal (CPR):    0.000ns
  Clock Uncertainty:      0.025ns  ((TSJ^2 + TIJ^2)^1/2 + DJ) / 2 + PE
    Total System Jitter     (TSJ):    0.050ns
    Total Input Jitter      (TIJ):    0.000ns
    Discrete Jitter          (DJ):    0.000ns
    Phase Error              (PE):    0.000ns
  Clock Net Delay (Destination): 2.242ns (routing 0.916ns, distribution 1.326ns)
  Timing Exception:       False Path

    Location             Delay type                Incr(ns)  Path(ns)    Netlist Resource(s)
  -------------------------------------------------------------------    -------------------
    M11                                               0.000     0.000 r  cpu_reset_i (IN)
                         net (fo=0)                   0.000     0.000    cpu_reset_i_IBUF_inst/I
    M11                  INBUF (Prop_INBUF_HDIOB_S_PAD_O)
                                                      1.222     1.222 r  cpu_reset_i_IBUF_inst/INBUF_INST/O
                         net (fo=1, routed)           0.000     1.222    cpu_reset_i_IBUF_inst/OUT
    M11                  IBUFCTRL (Prop_IBUFCTRL_HDIOB_S_I_O)
                                                      0.000     1.222 r  cpu_reset_i_IBUF_inst/IBUFCTRL_INST/O
                         net (fo=1, routed)           1.205     2.427    cpu_reset_i_IBUF
    SLICE_X99Y343        FDRE                                         r  rst_sync_q_reg[0]/D
  -------------------------------------------------------------------    -------------------

                         (clock clk rise edge)        0.000     0.000 r  
    AH18                                              0.000     0.000 r  clk300_p_i (IN)
                         net (fo=0)                   0.079     0.079    u_ibufds/I
    HPIOBDIFFINBUF_X1Y36 DIFFINBUF (Prop_DIFFINBUF_HPIOBDIFFINBUF_DIFF_IN_P_O)
                                                      0.429     0.508 r  u_ibufds/DIFFINBUF_INST/O
                         net (fo=1, routed)           0.040     0.548    u_ibufds/OUT
    AH18                 IBUFCTRL (Prop_IBUFCTRL_HPIOB_M_I_O)
                                                      0.000     0.548 r  u_ibufds/IBUFCTRL_INST/O
                         net (fo=1, routed)           0.286     0.834    clk_ref
    BUFGCE_DIV_X1Y7      BUFGCE_DIV (Prop_BUFGCE_DIV_I_O)
                                                      0.132     0.966 r  u_bufgce_div/O
    X1Y3 (CLOCK_ROOT)    net (fo=7742, routed)        2.242     3.208    clk
    SLICE_X99Y343        FDRE                                         r  rst_sync_q_reg[0]/C

Slack:                    inf
  Source:                 dip_i[3]
                            (input port)
  Destination:            dip_sync_q_reg[3]/D
                            (rising edge-triggered cell FDRE clocked by clk  {rise@0.000ns fall@6.666ns period=16.665ns})
  Path Group:             (none)
  Path Type:              Setup (Max at Slow Process Corner)
  Data Path Delay:        2.287ns  (logic 1.273ns (55.657%)  route 1.014ns (44.343%))
  Logic Levels:           2  (IBUFCTRL=1 INBUF=1)
  Clock Path Skew:        3.199ns (DCD - SCD + CPR)
    Destination Clock Delay (DCD):    3.199ns
    Source Clock Delay      (SCD):    0.000ns
    Clock Pessimism Removal (CPR):    0.000ns
  Clock Uncertainty:      0.025ns  ((TSJ^2 + TIJ^2)^1/2 + DJ) / 2 + PE
    Total System Jitter     (TSJ):    0.050ns
    Total Input Jitter      (TIJ):    0.000ns
    Discrete Jitter          (DJ):    0.000ns
    Phase Error              (PE):    0.000ns
  Clock Net Delay (Destination): 2.233ns (routing 0.916ns, distribution 1.317ns)
  Timing Exception:       False Path

    Location             Delay type                Incr(ns)  Path(ns)    Netlist Resource(s)
  -------------------------------------------------------------------    -------------------
    F4                                                0.000     0.000 r  dip_i[3] (IN)
                         net (fo=0)                   0.000     0.000    dip_i_IBUF[3]_inst/I
    F4                   INBUF (Prop_INBUF_HDIOB_S_PAD_O)
                                                      1.273     1.273 r  dip_i_IBUF[3]_inst/INBUF_INST/O
                         net (fo=1, routed)           0.000     1.273    dip_i_IBUF[3]_inst/OUT
    F4                   IBUFCTRL (Prop_IBUFCTRL_HDIOB_S_I_O)
                                                      0.000     1.273 r  dip_i_IBUF[3]_inst/IBUFCTRL_INST/O
                         net (fo=1, routed)           1.014     2.287    dip_i_IBUF[3]
    SLICE_X99Y289        FDRE                                         r  dip_sync_q_reg[3]/D
  -------------------------------------------------------------------    -------------------

                         (clock clk rise edge)        0.000     0.000 r  
    AH18                                              0.000     0.000 r  clk300_p_i (IN)
                         net (fo=0)                   0.079     0.079    u_ibufds/I
    HPIOBDIFFINBUF_X1Y36 DIFFINBUF (Prop_DIFFINBUF_HPIOBDIFFINBUF_DIFF_IN_P_O)
                                                      0.429     0.508 r  u_ibufds/DIFFINBUF_INST/O
                         net (fo=1, routed)           0.040     0.548    u_ibufds/OUT
    AH18                 IBUFCTRL (Prop_IBUFCTRL_HPIOB_M_I_O)
                                                      0.000     0.548 r  u_ibufds/IBUFCTRL_INST/O
                         net (fo=1, routed)           0.286     0.834    clk_ref
    BUFGCE_DIV_X1Y7      BUFGCE_DIV (Prop_BUFGCE_DIV_I_O)
                                                      0.132     0.966 r  u_bufgce_div/O
    X1Y3 (CLOCK_ROOT)    net (fo=7742, routed)        2.233     3.199    clk
    SLICE_X99Y289        FDRE                                         r  dip_sync_q_reg[3]/C

Slack:                    inf
  Source:                 dip_i[0]
                            (input port)
  Destination:            dip_sync_q_reg[0]/D
                            (rising edge-triggered cell FDRE clocked by clk  {rise@0.000ns fall@6.666ns period=16.665ns})
  Path Group:             (none)
  Path Type:              Setup (Max at Slow Process Corner)
  Data Path Delay:        2.186ns  (logic 1.279ns (58.513%)  route 0.907ns (41.487%))
  Logic Levels:           2  (IBUFCTRL=1 INBUF=1)
  Clock Path Skew:        3.120ns (DCD - SCD + CPR)
    Destination Clock Delay (DCD):    3.120ns
    Source Clock Delay      (SCD):    0.000ns
    Clock Pessimism Removal (CPR):    0.000ns
  Clock Uncertainty:      0.025ns  ((TSJ^2 + TIJ^2)^1/2 + DJ) / 2 + PE
    Total System Jitter     (TSJ):    0.050ns
    Total Input Jitter      (TIJ):    0.000ns
    Discrete Jitter          (DJ):    0.000ns
    Phase Error              (PE):    0.000ns
  Clock Net Delay (Destination): 2.154ns (routing 0.916ns, distribution 1.238ns)
  Timing Exception:       False Path

    Location             Delay type                Incr(ns)  Path(ns)    Netlist Resource(s)
  -------------------------------------------------------------------    -------------------
    E4                                                0.000     0.000 r  dip_i[0] (IN)
                         net (fo=0)                   0.000     0.000    dip_i_IBUF[0]_inst/I
    E4                   INBUF (Prop_INBUF_HDIOB_M_PAD_O)
                                                      1.279     1.279 r  dip_i_IBUF[0]_inst/INBUF_INST/O
                         net (fo=1, routed)           0.000     1.279    dip_i_IBUF[0]_inst/OUT
    E4                   IBUFCTRL (Prop_IBUFCTRL_HDIOB_M_I_O)
                                                      0.000     1.279 r  dip_i_IBUF[0]_inst/IBUFCTRL_INST/O
                         net (fo=1, routed)           0.907     2.186    dip_i_IBUF[0]
    SLICE_X80Y326        FDRE                                         r  dip_sync_q_reg[0]/D
  -------------------------------------------------------------------    -------------------

                         (clock clk rise edge)        0.000     0.000 r  
    AH18                                              0.000     0.000 r  clk300_p_i (IN)
                         net (fo=0)                   0.079     0.079    u_ibufds/I
    HPIOBDIFFINBUF_X1Y36 DIFFINBUF (Prop_DIFFINBUF_HPIOBDIFFINBUF_DIFF_IN_P_O)
                                                      0.429     0.508 r  u_ibufds/DIFFINBUF_INST/O
                         net (fo=1, routed)           0.040     0.548    u_ibufds/OUT
    AH18                 IBUFCTRL (Prop_IBUFCTRL_HPIOB_M_I_O)
                                                      0.000     0.548 r  u_ibufds/IBUFCTRL_INST/O
                         net (fo=1, routed)           0.286     0.834    clk_ref
    BUFGCE_DIV_X1Y7      BUFGCE_DIV (Prop_BUFGCE_DIV_I_O)
                                                      0.132     0.966 r  u_bufgce_div/O
    X1Y3 (CLOCK_ROOT)    net (fo=7742, routed)        2.154     3.120    clk
    SLICE_X80Y326        FDRE                                         r  dip_sync_q_reg[0]/C

Slack:                    inf
  Source:                 pb_i[0]
                            (input port)
  Destination:            pb_sync_q_reg[0]/D
                            (rising edge-triggered cell FDRE clocked by clk  {rise@0.000ns fall@6.666ns period=16.665ns})
  Path Group:             (none)
  Path Type:              Setup (Max at Slow Process Corner)
  Data Path Delay:        2.163ns  (logic 1.298ns (60.015%)  route 0.865ns (39.985%))
  Logic Levels:           2  (IBUFCTRL=1 INBUF=1)
  Clock Path Skew:        3.200ns (DCD - SCD + CPR)
    Destination Clock Delay (DCD):    3.200ns
    Source Clock Delay      (SCD):    0.000ns
    Clock Pessimism Removal (CPR):    0.000ns
  Clock Uncertainty:      0.025ns  ((TSJ^2 + TIJ^2)^1/2 + DJ) / 2 + PE
    Total System Jitter     (TSJ):    0.050ns
    Total Input Jitter      (TIJ):    0.000ns
    Discrete Jitter          (DJ):    0.000ns
    Phase Error              (PE):    0.000ns
  Clock Net Delay (Destination): 2.234ns (routing 0.916ns, distribution 1.318ns)
  Timing Exception:       False Path

    Location             Delay type                Incr(ns)  Path(ns)    Netlist Resource(s)
  -------------------------------------------------------------------    -------------------
    B4                                                0.000     0.000 r  pb_i[0] (IN)
                         net (fo=0)                   0.000     0.000    pb_i_IBUF[0]_inst/I
    B4                   INBUF (Prop_INBUF_HDIOB_S_PAD_O)
                                                      1.298     1.298 r  pb_i_IBUF[0]_inst/INBUF_INST/O
                         net (fo=1, routed)           0.000     1.298    pb_i_IBUF[0]_inst/OUT
    B4                   IBUFCTRL (Prop_IBUFCTRL_HDIOB_S_I_O)
                                                      0.000     1.298 r  pb_i_IBUF[0]_inst/IBUFCTRL_INST/O
                         net (fo=1, routed)           0.865     2.163    pb_i_IBUF[0]
    SLICE_X99Y293        FDRE                                         r  pb_sync_q_reg[0]/D
  -------------------------------------------------------------------    -------------------

                         (clock clk rise edge)        0.000     0.000 r  
    AH18                                              0.000     0.000 r  clk300_p_i (IN)
                         net (fo=0)                   0.079     0.079    u_ibufds/I
    HPIOBDIFFINBUF_X1Y36 DIFFINBUF (Prop_DIFFINBUF_HPIOBDIFFINBUF_DIFF_IN_P_O)
                                                      0.429     0.508 r  u_ibufds/DIFFINBUF_INST/O
                         net (fo=1, routed)           0.040     0.548    u_ibufds/OUT
    AH18                 IBUFCTRL (Prop_IBUFCTRL_HPIOB_M_I_O)
                                                      0.000     0.548 r  u_ibufds/IBUFCTRL_INST/O
                         net (fo=1, routed)           0.286     0.834    clk_ref
    BUFGCE_DIV_X1Y7      BUFGCE_DIV (Prop_BUFGCE_DIV_I_O)
                                                      0.132     0.966 r  u_bufgce_div/O
    X1Y3 (CLOCK_ROOT)    net (fo=7742, routed)        2.234     3.200    clk
    SLICE_X99Y293        FDRE                                         r  pb_sync_q_reg[0]/C

Slack:                    inf
  Source:                 dip_i[2]
                            (input port)
  Destination:            dip_sync_q_reg[2]/D
                            (rising edge-triggered cell FDRE clocked by clk  {rise@0.000ns fall@6.666ns period=16.665ns})
  Path Group:             (none)
  Path Type:              Setup (Max at Slow Process Corner)
  Data Path Delay:        2.159ns  (logic 1.271ns (58.876%)  route 0.888ns (41.124%))
  Logic Levels:           2  (IBUFCTRL=1 INBUF=1)
  Clock Path Skew:        3.196ns (DCD - SCD + CPR)
    Destination Clock Delay (DCD):    3.196ns
    Source Clock Delay      (SCD):    0.000ns
    Clock Pessimism Removal (CPR):    0.000ns
  Clock Uncertainty:      0.025ns  ((TSJ^2 + TIJ^2)^1/2 + DJ) / 2 + PE
    Total System Jitter     (TSJ):    0.050ns
    Total Input Jitter      (TIJ):    0.000ns
    Discrete Jitter          (DJ):    0.000ns
    Phase Error              (PE):    0.000ns
  Clock Net Delay (Destination): 2.230ns (routing 0.916ns, distribution 1.314ns)
  Timing Exception:       False Path

    Location             Delay type                Incr(ns)  Path(ns)    Netlist Resource(s)
  -------------------------------------------------------------------    -------------------
    F5                                                0.000     0.000 r  dip_i[2] (IN)
                         net (fo=0)                   0.000     0.000    dip_i_IBUF[2]_inst/I
    F5                   INBUF (Prop_INBUF_HDIOB_M_PAD_O)
                                                      1.271     1.271 r  dip_i_IBUF[2]_inst/INBUF_INST/O
                         net (fo=1, routed)           0.000     1.271    dip_i_IBUF[2]_inst/OUT
    F5                   IBUFCTRL (Prop_IBUFCTRL_HDIOB_M_I_O)
                                                      0.000     1.271 r  dip_i_IBUF[2]_inst/IBUFCTRL_INST/O
                         net (fo=1, routed)           0.888     2.159    dip_i_IBUF[2]
    SLICE_X98Y290        FDRE                                         r  dip_sync_q_reg[2]/D
  -------------------------------------------------------------------    -------------------

                         (clock clk rise edge)        0.000     0.000 r  
    AH18                                              0.000     0.000 r  clk300_p_i (IN)
                         net (fo=0)                   0.079     0.079    u_ibufds/I
    HPIOBDIFFINBUF_X1Y36 DIFFINBUF (Prop_DIFFINBUF_HPIOBDIFFINBUF_DIFF_IN_P_O)
                                                      0.429     0.508 r  u_ibufds/DIFFINBUF_INST/O
                         net (fo=1, routed)           0.040     0.548    u_ibufds/OUT
    AH18                 IBUFCTRL (Prop_IBUFCTRL_HPIOB_M_I_O)
                                                      0.000     0.548 r  u_ibufds/IBUFCTRL_INST/O
                         net (fo=1, routed)           0.286     0.834    clk_ref
    BUFGCE_DIV_X1Y7      BUFGCE_DIV (Prop_BUFGCE_DIV_I_O)
                                                      0.132     0.966 r  u_bufgce_div/O
    X1Y3 (CLOCK_ROOT)    net (fo=7742, routed)        2.230     3.196    clk
    SLICE_X98Y290        FDRE                                         r  dip_sync_q_reg[2]/C





Min Delay Paths
--------------------------------------------------------------------------------------
Slack:                    inf
  Source:                 pb_i[0]
                            (input port)
  Destination:            pb_sync_q_reg[0]/D
                            (rising edge-triggered cell FDRE clocked by clk  {rise@0.000ns fall@6.666ns period=16.665ns})
  Path Group:             (none)
  Path Type:              Hold (Min at Fast Process Corner)
  Data Path Delay:        1.264ns  (logic 0.875ns (69.222%)  route 0.389ns (30.778%))
  Logic Levels:           2  (IBUFCTRL=1 INBUF=1)
  Clock Path Skew:        2.349ns (DCD - SCD - CPR)
    Destination Clock Delay (DCD):    2.349ns
    Source Clock Delay      (SCD):    0.000ns
    Clock Pessimism Removal (CPR):    -0.000ns
  Clock Net Delay (Destination): 1.535ns (routing 0.616ns, distribution 0.919ns)
  Timing Exception:       False Path

    Location             Delay type                Incr(ns)  Path(ns)    Netlist Resource(s)
  -------------------------------------------------------------------    -------------------
    B4                                                0.000     0.000 r  pb_i[0] (IN)
                         net (fo=0)                   0.000     0.000    pb_i_IBUF[0]_inst/I
    B4                   INBUF (Prop_INBUF_HDIOB_S_PAD_O)
                                                      0.875     0.875 r  pb_i_IBUF[0]_inst/INBUF_INST/O
                         net (fo=1, routed)           0.000     0.875    pb_i_IBUF[0]_inst/OUT
    B4                   IBUFCTRL (Prop_IBUFCTRL_HDIOB_S_I_O)
                                                      0.000     0.875 r  pb_i_IBUF[0]_inst/IBUFCTRL_INST/O
                         net (fo=1, routed)           0.389     1.264    pb_i_IBUF[0]
    SLICE_X99Y293        FDRE                                         r  pb_sync_q_reg[0]/D
  -------------------------------------------------------------------    -------------------

                         (clock clk rise edge)        0.000     0.000 r  
    AH18                                              0.000     0.000 r  clk300_p_i (IN)
                         net (fo=0)                   0.100     0.100    u_ibufds/I
    HPIOBDIFFINBUF_X1Y36 DIFFINBUF (Prop_DIFFINBUF_HPIOBDIFFINBUF_DIFF_IN_P_O)
                                                      0.382     0.482 r  u_ibufds/DIFFINBUF_INST/O
                         net (fo=1, routed)           0.050     0.532    u_ibufds/OUT
    AH18                 IBUFCTRL (Prop_IBUFCTRL_HPIOB_M_I_O)
                                                      0.000     0.532 r  u_ibufds/IBUFCTRL_INST/O
                         net (fo=1, routed)           0.180     0.712    clk_ref
    BUFGCE_DIV_X1Y7      BUFGCE_DIV (Prop_BUFGCE_DIV_I_O)
                                                      0.101     0.813 r  u_bufgce_div/O
    X1Y3 (CLOCK_ROOT)    net (fo=7742, routed)        1.535     2.349    clk
    SLICE_X99Y293        FDRE                                         r  pb_sync_q_reg[0]/C

Slack:                    inf
  Source:                 dip_i[2]
                            (input port)
  Destination:            dip_sync_q_reg[2]/D
                            (rising edge-triggered cell FDRE clocked by clk  {rise@0.000ns fall@6.666ns period=16.665ns})
  Path Group:             (none)
  Path Type:              Hold (Min at Fast Process Corner)
  Data Path Delay:        1.274ns  (logic 0.848ns (66.566%)  route 0.426ns (33.434%))
  Logic Levels:           2  (IBUFCTRL=1 INBUF=1)
  Clock Path Skew:        2.347ns (DCD - SCD - CPR)
    Destination Clock Delay (DCD):    2.347ns
    Source Clock Delay      (SCD):    0.000ns
    Clock Pessimism Removal (CPR):    -0.000ns
  Clock Net Delay (Destination): 1.533ns (routing 0.616ns, distribution 0.917ns)
  Timing Exception:       False Path

    Location             Delay type                Incr(ns)  Path(ns)    Netlist Resource(s)
  -------------------------------------------------------------------    -------------------
    F5                                                0.000     0.000 r  dip_i[2] (IN)
                         net (fo=0)                   0.000     0.000    dip_i_IBUF[2]_inst/I
    F5                   INBUF (Prop_INBUF_HDIOB_M_PAD_O)
                                                      0.848     0.848 r  dip_i_IBUF[2]_inst/INBUF_INST/O
                         net (fo=1, routed)           0.000     0.848    dip_i_IBUF[2]_inst/OUT
    F5                   IBUFCTRL (Prop_IBUFCTRL_HDIOB_M_I_O)
                                                      0.000     0.848 r  dip_i_IBUF[2]_inst/IBUFCTRL_INST/O
                         net (fo=1, routed)           0.426     1.274    dip_i_IBUF[2]
    SLICE_X98Y290        FDRE                                         r  dip_sync_q_reg[2]/D
  -------------------------------------------------------------------    -------------------

                         (clock clk rise edge)        0.000     0.000 r  
    AH18                                              0.000     0.000 r  clk300_p_i (IN)
                         net (fo=0)                   0.100     0.100    u_ibufds/I
    HPIOBDIFFINBUF_X1Y36 DIFFINBUF (Prop_DIFFINBUF_HPIOBDIFFINBUF_DIFF_IN_P_O)
                                                      0.382     0.482 r  u_ibufds/DIFFINBUF_INST/O
                         net (fo=1, routed)           0.050     0.532    u_ibufds/OUT
    AH18                 IBUFCTRL (Prop_IBUFCTRL_HPIOB_M_I_O)
                                                      0.000     0.532 r  u_ibufds/IBUFCTRL_INST/O
                         net (fo=1, routed)           0.180     0.712    clk_ref
    BUFGCE_DIV_X1Y7      BUFGCE_DIV (Prop_BUFGCE_DIV_I_O)
                                                      0.101     0.813 r  u_bufgce_div/O
    X1Y3 (CLOCK_ROOT)    net (fo=7742, routed)        1.533     2.347    clk
    SLICE_X98Y290        FDRE                                         r  dip_sync_q_reg[2]/C

Slack:                    inf
  Source:                 dip_i[0]
                            (input port)
  Destination:            dip_sync_q_reg[0]/D
                            (rising edge-triggered cell FDRE clocked by clk  {rise@0.000ns fall@6.666ns period=16.665ns})
  Path Group:             (none)
  Path Type:              Hold (Min at Fast Process Corner)
  Data Path Delay:        1.289ns  (logic 0.856ns (66.408%)  route 0.433ns (33.592%))
  Logic Levels:           2  (IBUFCTRL=1 INBUF=1)
  Clock Path Skew:        2.299ns (DCD - SCD - CPR)
    Destination Clock Delay (DCD):    2.299ns
    Source Clock Delay      (SCD):    0.000ns
    Clock Pessimism Removal (CPR):    -0.000ns
  Clock Net Delay (Destination): 1.485ns (routing 0.616ns, distribution 0.869ns)
  Timing Exception:       False Path

    Location             Delay type                Incr(ns)  Path(ns)    Netlist Resource(s)
  -------------------------------------------------------------------    -------------------
    E4                                                0.000     0.000 r  dip_i[0] (IN)
                         net (fo=0)                   0.000     0.000    dip_i_IBUF[0]_inst/I
    E4                   INBUF (Prop_INBUF_HDIOB_M_PAD_O)
                                                      0.856     0.856 r  dip_i_IBUF[0]_inst/INBUF_INST/O
                         net (fo=1, routed)           0.000     0.856    dip_i_IBUF[0]_inst/OUT
    E4                   IBUFCTRL (Prop_IBUFCTRL_HDIOB_M_I_O)
                                                      0.000     0.856 r  dip_i_IBUF[0]_inst/IBUFCTRL_INST/O
                         net (fo=1, routed)           0.433     1.289    dip_i_IBUF[0]
    SLICE_X80Y326        FDRE                                         r  dip_sync_q_reg[0]/D
  -------------------------------------------------------------------    -------------------

                         (clock clk rise edge)        0.000     0.000 r  
    AH18                                              0.000     0.000 r  clk300_p_i (IN)
                         net (fo=0)                   0.100     0.100    u_ibufds/I
    HPIOBDIFFINBUF_X1Y36 DIFFINBUF (Prop_DIFFINBUF_HPIOBDIFFINBUF_DIFF_IN_P_O)
                                                      0.382     0.482 r  u_ibufds/DIFFINBUF_INST/O
                         net (fo=1, routed)           0.050     0.532    u_ibufds/OUT
    AH18                 IBUFCTRL (Prop_IBUFCTRL_HPIOB_M_I_O)
                                                      0.000     0.532 r  u_ibufds/IBUFCTRL_INST/O
                         net (fo=1, routed)           0.180     0.712    clk_ref
    BUFGCE_DIV_X1Y7      BUFGCE_DIV (Prop_BUFGCE_DIV_I_O)
                                                      0.101     0.813 r  u_bufgce_div/O
    X1Y3 (CLOCK_ROOT)    net (fo=7742, routed)        1.485     2.299    clk
    SLICE_X80Y326        FDRE                                         r  dip_sync_q_reg[0]/C

Slack:                    inf
  Source:                 dip_i[3]
                            (input port)
  Destination:            dip_sync_q_reg[3]/D
                            (rising edge-triggered cell FDRE clocked by clk  {rise@0.000ns fall@6.666ns period=16.665ns})
  Path Group:             (none)
  Path Type:              Hold (Min at Fast Process Corner)
  Data Path Delay:        1.314ns  (logic 0.850ns (64.675%)  route 0.464ns (35.325%))
  Logic Levels:           2  (IBUFCTRL=1 INBUF=1)
  Clock Path Skew:        2.348ns (DCD - SCD - CPR)
    Destination Clock Delay (DCD):    2.348ns
    Source Clock Delay      (SCD):    0.000ns
    Clock Pessimism Removal (CPR):    -0.000ns
  Clock Net Delay (Destination): 1.534ns (routing 0.616ns, distribution 0.918ns)
  Timing Exception:       False Path

    Location             Delay type                Incr(ns)  Path(ns)    Netlist Resource(s)
  -------------------------------------------------------------------    -------------------
    F4                                                0.000     0.000 r  dip_i[3] (IN)
                         net (fo=0)                   0.000     0.000    dip_i_IBUF[3]_inst/I
    F4                   INBUF (Prop_INBUF_HDIOB_S_PAD_O)
                                                      0.850     0.850 r  dip_i_IBUF[3]_inst/INBUF_INST/O
                         net (fo=1, routed)           0.000     0.850    dip_i_IBUF[3]_inst/OUT
    F4                   IBUFCTRL (Prop_IBUFCTRL_HDIOB_S_I_O)
                                                      0.000     0.850 r  dip_i_IBUF[3]_inst/IBUFCTRL_INST/O
                         net (fo=1, routed)           0.464     1.314    dip_i_IBUF[3]
    SLICE_X99Y289        FDRE                                         r  dip_sync_q_reg[3]/D
  -------------------------------------------------------------------    -------------------

                         (clock clk rise edge)        0.000     0.000 r  
    AH18                                              0.000     0.000 r  clk300_p_i (IN)
                         net (fo=0)                   0.100     0.100    u_ibufds/I
    HPIOBDIFFINBUF_X1Y36 DIFFINBUF (Prop_DIFFINBUF_HPIOBDIFFINBUF_DIFF_IN_P_O)
                                                      0.382     0.482 r  u_ibufds/DIFFINBUF_INST/O
                         net (fo=1, routed)           0.050     0.532    u_ibufds/OUT
    AH18                 IBUFCTRL (Prop_IBUFCTRL_HPIOB_M_I_O)
                                                      0.000     0.532 r  u_ibufds/IBUFCTRL_INST/O
                         net (fo=1, routed)           0.180     0.712    clk_ref
    BUFGCE_DIV_X1Y7      BUFGCE_DIV (Prop_BUFGCE_DIV_I_O)
                                                      0.101     0.813 r  u_bufgce_div/O
    X1Y3 (CLOCK_ROOT)    net (fo=7742, routed)        1.534     2.348    clk
    SLICE_X99Y289        FDRE                                         r  dip_sync_q_reg[3]/C

Slack:                    inf
  Source:                 cpu_reset_i
                            (input port)
  Destination:            rst_sync_q_reg[0]/D
                            (rising edge-triggered cell FDRE clocked by clk  {rise@0.000ns fall@6.666ns period=16.665ns})
  Path Group:             (none)
  Path Type:              Hold (Min at Fast Process Corner)
  Data Path Delay:        1.365ns  (logic 0.799ns (58.549%)  route 0.566ns (41.451%))
  Logic Levels:           2  (IBUFCTRL=1 INBUF=1)
  Clock Path Skew:        2.360ns (DCD - SCD - CPR)
    Destination Clock Delay (DCD):    2.360ns
    Source Clock Delay      (SCD):    0.000ns
    Clock Pessimism Removal (CPR):    -0.000ns
  Clock Net Delay (Destination): 1.546ns (routing 0.616ns, distribution 0.930ns)
  Timing Exception:       False Path

    Location             Delay type                Incr(ns)  Path(ns)    Netlist Resource(s)
  -------------------------------------------------------------------    -------------------
    M11                                               0.000     0.000 r  cpu_reset_i (IN)
                         net (fo=0)                   0.000     0.000    cpu_reset_i_IBUF_inst/I
    M11                  INBUF (Prop_INBUF_HDIOB_S_PAD_O)
                                                      0.799     0.799 r  cpu_reset_i_IBUF_inst/INBUF_INST/O
                         net (fo=1, routed)           0.000     0.799    cpu_reset_i_IBUF_inst/OUT
    M11                  IBUFCTRL (Prop_IBUFCTRL_HDIOB_S_I_O)
                                                      0.000     0.799 r  cpu_reset_i_IBUF_inst/IBUFCTRL_INST/O
                         net (fo=1, routed)           0.566     1.365    cpu_reset_i_IBUF
    SLICE_X99Y343        FDRE                                         r  rst_sync_q_reg[0]/D
  -------------------------------------------------------------------    -------------------

                         (clock clk rise edge)        0.000     0.000 r  
    AH18                                              0.000     0.000 r  clk300_p_i (IN)
                         net (fo=0)                   0.100     0.100    u_ibufds/I
    HPIOBDIFFINBUF_X1Y36 DIFFINBUF (Prop_DIFFINBUF_HPIOBDIFFINBUF_DIFF_IN_P_O)
                                                      0.382     0.482 r  u_ibufds/DIFFINBUF_INST/O
                         net (fo=1, routed)           0.050     0.532    u_ibufds/OUT
    AH18                 IBUFCTRL (Prop_IBUFCTRL_HPIOB_M_I_O)
                                                      0.000     0.532 r  u_ibufds/IBUFCTRL_INST/O
                         net (fo=1, routed)           0.180     0.712    clk_ref
    BUFGCE_DIV_X1Y7      BUFGCE_DIV (Prop_BUFGCE_DIV_I_O)
                                                      0.101     0.813 r  u_bufgce_div/O
    X1Y3 (CLOCK_ROOT)    net (fo=7742, routed)        1.546     2.360    clk
    SLICE_X99Y343        FDRE                                         r  rst_sync_q_reg[0]/C

Slack:                    inf
  Source:                 dip_i[1]
                            (input port)
  Destination:            dip_sync_q_reg[1]/D
                            (rising edge-triggered cell FDRE clocked by clk  {rise@0.000ns fall@6.666ns period=16.665ns})
  Path Group:             (none)
  Path Type:              Hold (Min at Fast Process Corner)
  Data Path Delay:        1.459ns  (logic 0.856ns (58.679%)  route 0.603ns (41.321%))
  Logic Levels:           2  (IBUFCTRL=1 INBUF=1)
  Clock Path Skew:        2.295ns (DCD - SCD - CPR)
    Destination Clock Delay (DCD):    2.295ns
    Source Clock Delay      (SCD):    0.000ns
    Clock Pessimism Removal (CPR):    -0.000ns
  Clock Net Delay (Destination): 1.482ns (routing 0.616ns, distribution 0.866ns)
  Timing Exception:       False Path

    Location             Delay type                Incr(ns)  Path(ns)    Netlist Resource(s)
  -------------------------------------------------------------------    -------------------
    D4                                                0.000     0.000 r  dip_i[1] (IN)
                         net (fo=0)                   0.000     0.000    dip_i_IBUF[1]_inst/I
    D4                   INBUF (Prop_INBUF_HDIOB_S_PAD_O)
                                                      0.856     0.856 r  dip_i_IBUF[1]_inst/INBUF_INST/O
                         net (fo=1, routed)           0.000     0.856    dip_i_IBUF[1]_inst/OUT
    D4                   IBUFCTRL (Prop_IBUFCTRL_HDIOB_S_I_O)
                                                      0.000     0.856 r  dip_i_IBUF[1]_inst/IBUFCTRL_INST/O
                         net (fo=1, routed)           0.603     1.459    dip_i_IBUF[1]
    SLICE_X80Y281        FDRE                                         r  dip_sync_q_reg[1]/D
  -------------------------------------------------------------------    -------------------

                         (clock clk rise edge)        0.000     0.000 r  
    AH18                                              0.000     0.000 r  clk300_p_i (IN)
                         net (fo=0)                   0.100     0.100    u_ibufds/I
    HPIOBDIFFINBUF_X1Y36 DIFFINBUF (Prop_DIFFINBUF_HPIOBDIFFINBUF_DIFF_IN_P_O)
                                                      0.382     0.482 r  u_ibufds/DIFFINBUF_INST/O
                         net (fo=1, routed)           0.050     0.532    u_ibufds/OUT
    AH18                 IBUFCTRL (Prop_IBUFCTRL_HPIOB_M_I_O)
                                                      0.000     0.532 r  u_ibufds/IBUFCTRL_INST/O
                         net (fo=1, routed)           0.180     0.712    clk_ref
    BUFGCE_DIV_X1Y7      BUFGCE_DIV (Prop_BUFGCE_DIV_I_O)
                                                      0.101     0.813 r  u_bufgce_div/O
    X1Y3 (CLOCK_ROOT)    net (fo=7742, routed)        1.482     2.295    clk
    SLICE_X80Y281        FDRE                                         r  dip_sync_q_reg[1]/C

Slack:                    inf
  Source:                 pb_i[1]
                            (input port)
  Destination:            pb_sync_q_reg[1]/D
                            (rising edge-triggered cell FDRE clocked by clk  {rise@0.000ns fall@6.666ns period=16.665ns})
  Path Group:             (none)
  Path Type:              Hold (Min at Fast Process Corner)
  Data Path Delay:        1.460ns  (logic 0.874ns (59.869%)  route 0.586ns (40.131%))
  Logic Levels:           2  (IBUFCTRL=1 INBUF=1)
  Clock Path Skew:        2.365ns (DCD - SCD - CPR)
    Destination Clock Delay (DCD):    2.365ns
    Source Clock Delay      (SCD):    0.000ns
    Clock Pessimism Removal (CPR):    -0.000ns
  Clock Net Delay (Destination): 1.551ns (routing 0.616ns, distribution 0.935ns)
  Timing Exception:       False Path

    Location             Delay type                Incr(ns)  Path(ns)    Netlist Resource(s)
  -------------------------------------------------------------------    -------------------
    C4                                                0.000     0.000 r  pb_i[1] (IN)
                         net (fo=0)                   0.000     0.000    pb_i_IBUF[1]_inst/I
    C4                   INBUF (Prop_INBUF_HDIOB_M_PAD_O)
                                                      0.874     0.874 r  pb_i_IBUF[1]_inst/INBUF_INST/O
                         net (fo=1, routed)           0.000     0.874    pb_i_IBUF[1]_inst/OUT
    C4                   IBUFCTRL (Prop_IBUFCTRL_HDIOB_M_I_O)
                                                      0.000     0.874 r  pb_i_IBUF[1]_inst/IBUFCTRL_INST/O
                         net (fo=1, routed)           0.586     1.460    pb_i_IBUF[1]
    SLICE_X100Y288       FDRE                                         r  pb_sync_q_reg[1]/D
  -------------------------------------------------------------------    -------------------

                         (clock clk rise edge)        0.000     0.000 r  
    AH18                                              0.000     0.000 r  clk300_p_i (IN)
                         net (fo=0)                   0.100     0.100    u_ibufds/I
    HPIOBDIFFINBUF_X1Y36 DIFFINBUF (Prop_DIFFINBUF_HPIOBDIFFINBUF_DIFF_IN_P_O)
                                                      0.382     0.482 r  u_ibufds/DIFFINBUF_INST/O
                         net (fo=1, routed)           0.050     0.532    u_ibufds/OUT
    AH18                 IBUFCTRL (Prop_IBUFCTRL_HPIOB_M_I_O)
                                                      0.000     0.532 r  u_ibufds/IBUFCTRL_INST/O
                         net (fo=1, routed)           0.180     0.712    clk_ref
    BUFGCE_DIV_X1Y7      BUFGCE_DIV (Prop_BUFGCE_DIV_I_O)
                                                      0.101     0.813 r  u_bufgce_div/O
    X1Y3 (CLOCK_ROOT)    net (fo=7742, routed)        1.551     2.365    clk
    SLICE_X100Y288       FDRE                                         r  pb_sync_q_reg[1]/C





