Copyright 1986-2022 Xilinx, Inc. All Rights Reserved. Copyright 2022-2025 Advanced Micro Devices, Inc. All Rights Reserved.
----------------------------------------------------------------------------------------------------------------------------------------------------------------------------------------
| Tool Version      : Vivado v.2025.1 (win64) Build 6140274 Thu May 22 00:12:29 MDT 2025
| Date              : Mon Aug 31 17:08:27 2026
| Host              : Krishna_NITjsr running 64-bit major release  (build 9200)
| Command           : report_timing_summary -delay_type min_max -max_paths 10 -report_unconstrained -file C:/work/riscv-cache-extension/fpga/reports_prj_coherent/post_route_timing.rpt
| Design            : fpga_top
| Device            : xczu7ev-ffvc1156
| Speed File        : -2  PRODUCTION 1.30 05-15-2022
| Design State      : Routed
| Temperature Grade : E
----------------------------------------------------------------------------------------------------------------------------------------------------------------------------------------

Timing Summary Report

------------------------------------------------------------------------------------------------
| Timer Settings
| --------------
------------------------------------------------------------------------------------------------

  Enable Multi Corner Analysis               :  Yes
  Enable Pessimism Removal                   :  Yes
  Pessimism Removal Resolution               :  Nearest Common Node
  Enable Input Delay Default Clock           :  No
  Enable Preset / Clear Arcs                 :  No
  Disable Flight Delays                      :  No
  Ignore I/O Paths                           :  No
  Timing Early Launch at Borrowing Latches   :  No
  Borrow Time for Max Delay Exceptions       :  Yes
  Merge Timing Exceptions                    :  Yes
  Inter-SLR Compensation                     :  Conservative

  Corner  Analyze    Analyze    
  Name    Max Paths  Min Paths  
  ------  ---------  ---------  
  Slow    Yes        Yes        
  Fast    Yes        Yes        


------------------------------------------------------------------------------------------------
| Report Methodology
| ------------------
------------------------------------------------------------------------------------------------

Rule      Severity  Description                                 Violations  
--------  --------  ------------------------------------------  ----------  
DPIR-2    Warning   Asynchronous driver check                   544         
SYNTH-6   Warning   Timing of a RAM block might be sub-optimal  52          
SYNTH-10  Warning   Wide multiplier                             12          
SYNTH-15  Warning   Byte wide write enable not inferred         112         
CLKC-9    Advisory  BUFGCE with active CE has BUFG driver       4           

Note: This report is based on the most recent report_methodology run and may not be up-to-date. Run report_methodology on the current design for the latest report.



check_timing report

Table of Contents
-----------------
1. checking no_clock (0)
2. checking constant_clock (0)
3. checking pulse_width_clock (0)
4. checking unconstrained_internal_endpoints (0)
5. checking no_input_delay (7)
6. checking no_output_delay (4)
7. checking multiple_clock (0)
8. checking generated_clocks (0)
9. checking loops (0)
10. checking partial_input_delay (0)
11. checking partial_output_delay (0)
12. checking latch_loops (0)

1. checking no_clock (0)
------------------------
 There are 0 register/latch pins with no clock.


2. checking constant_clock (0)
------------------------------
 There are 0 register/latch pins with constant_clock.


3. checking pulse_width_clock (0)
---------------------------------
 There are 0 register/latch pins which need pulse_width check


4. checking unconstrained_internal_endpoints (0)
------------------------------------------------
 There are 0 pins that are not constrained for maximum delay.

 There are 0 pins that are not constrained for maximum delay due to constant clock.


5. checking no_input_delay (7)
------------------------------
 There are 0 input ports with no input delay specified.

 There are 7 input ports with no input delay but user has a false path constraint. (MEDIUM)


6. checking no_output_delay (4)
-------------------------------
 There are 0 ports with no output delay specified.

 There are 4 ports with no output delay but user has a false path constraint (MEDIUM)

 There are 0 ports with no output delay but with a timing clock defined on it or propagating through it


7. checking multiple_clock (0)
------------------------------
 There are 0 register/latch pins with multiple clocks.


8. checking generated_clocks (0)
--------------------------------
 There are 0 generated clocks that are not connected to a clock source.


9. checking loops (0)
---------------------
 There are 0 combinational loops in the design.


10. checking partial_input_delay (0)
------------------------------------
 There are 0 input ports with partial input delay specified.


11. checking partial_output_delay (0)
-------------------------------------
 There are 0 ports with partial output delay specified.


12. checking latch_loops (0)
----------------------------
 There are 0 combinational latch loops in the design through latch input



------------------------------------------------------------------------------------------------
| Design Timing Summary
| ---------------------
------------------------------------------------------------------------------------------------

    WNS(ns)      TNS(ns)  TNS Failing Endpoints  TNS Total Endpoints      WHS(ns)      THS(ns)  THS Failing Endpoints  THS Total Endpoints     WPWS(ns)     TPWS(ns)  TPWS Failing Endpoints  TPWS Total Endpoints  
    -------      -------  ---------------------  -------------------      -------      -------  ---------------------  -------------------     --------     --------  ----------------------  --------------------  
      0.091        0.000                      0                47108       -0.030      -18.849                   1719                47108        2.262        0.000                       0                 15485  


Timing constraints are not met.


------------------------------------------------------------------------------------------------
| Clock Summary
| -------------
------------------------------------------------------------------------------------------------

Clock   Waveform(ns)         Period(ns)      Frequency(MHz)
-----   ------------         ----------      --------------
clk300  {0.000 1.666}        3.333           300.030         
  clk   {0.000 3.333}        9.999           100.010         


------------------------------------------------------------------------------------------------
| Intra Clock Table
| -----------------
------------------------------------------------------------------------------------------------

Clock             WNS(ns)      TNS(ns)  TNS Failing Endpoints  TNS Total Endpoints      WHS(ns)      THS(ns)  THS Failing Endpoints  THS Total Endpoints     WPWS(ns)     TPWS(ns)  TPWS Failing Endpoints  TPWS Total Endpoints  
-----             -------      -------  ---------------------  -------------------      -------      -------  ---------------------  -------------------     --------     --------  ----------------------  --------------------  
clk300                                                                                                                                                          2.262        0.000                       0                     1  
  clk               0.091        0.000                      0                33450        0.012        0.000                      0                33450        2.791        0.000                       0                 15484  


------------------------------------------------------------------------------------------------
| Inter Clock Table
| -----------------
------------------------------------------------------------------------------------------------

From Clock    To Clock          WNS(ns)      TNS(ns)  TNS Failing Endpoints  TNS Total Endpoints      WHS(ns)      THS(ns)  THS Failing Endpoints  THS Total Endpoints  
----------    --------          -------      -------  ---------------------  -------------------      -------      -------  ---------------------  -------------------  


------------------------------------------------------------------------------------------------
| Other Path Groups Table
| -----------------------
------------------------------------------------------------------------------------------------

Path Group         From Clock         To Clock               WNS(ns)      TNS(ns)  TNS Failing Endpoints  TNS Total Endpoints      WHS(ns)      THS(ns)  THS Failing Endpoints  THS Total Endpoints  
----------         ----------         --------               -------      -------  ---------------------  -------------------      -------      -------  ---------------------  -------------------  
**async_default**  clk                clk                      5.930        0.000                      0                13658       -0.030      -18.849                   1719                13658  


------------------------------------------------------------------------------------------------
| User Ignored Path Table
| -----------------------
------------------------------------------------------------------------------------------------

Path Group    From Clock    To Clock    
----------    ----------    --------    
(none)        clk                         
(none)                      clk           


------------------------------------------------------------------------------------------------
| Unconstrained Path Table
| ------------------------
------------------------------------------------------------------------------------------------

Path Group    From Clock    To Clock    
----------    ----------    --------    


------------------------------------------------------------------------------------------------
| Timing Details
| --------------
------------------------------------------------------------------------------------------------


---------------------------------------------------------------------------------------------------
From Clock:  clk300
  To Clock:  clk300

Setup :           NA  Failing Endpoints,  Worst Slack           NA  ,  Total Violation           NA
Hold  :           NA  Failing Endpoints,  Worst Slack           NA  ,  Total Violation           NA
PW    :            0  Failing Endpoints,  Worst Slack        2.262ns,  Total Violation        0.000ns
---------------------------------------------------------------------------------------------------


Pulse Width Checks
--------------------------------------------------------------------------------------
Clock Name:         clk300
Waveform(ns):       { 0.000 1.666 }
Period(ns):         3.333
Sources:            { clk300_p_i }

Check Type  Corner  Lib Pin       Reference Pin  Required(ns)  Actual(ns)  Slack(ns)  Location         Pin
Min Period  n/a     BUFGCE_DIV/I  n/a            1.071         3.333       2.262      BUFGCE_DIV_X1Y7  u_bufgce_div/I



---------------------------------------------------------------------------------------------------
From Clock:  clk
  To Clock:  clk

Setup :            0  Failing Endpoints,  Worst Slack        0.091ns,  Total Violation        0.000ns
Hold  :            0  Failing Endpoints,  Worst Slack        0.012ns,  Total Violation        0.000ns
PW    :            0  Failing Endpoints,  Worst Slack        2.791ns,  Total Violation        0.000ns
---------------------------------------------------------------------------------------------------


Max Delay Paths
--------------------------------------------------------------------------------------
Slack (MET) :             0.091ns  (required time - arrival time)
  Source:                 u_soc/g_pe[3].u_pe/u_itcm/mem_reg_2_bram_0/CLKBWRCLK
                            (rising edge-triggered cell RAMB36E2 clocked by clk  {rise@0.000ns fall@3.333ns period=9.999ns})
  Destination:            u_soc/g_pe[3].u_pe/u_core/core_i/if_stage_i/instr_rdata_id_o_reg[5]/D
                            (rising edge-triggered cell FDCE clocked by clk  {rise@0.000ns fall@3.333ns period=9.999ns})
  Path Group:             clk
  Path Type:              Setup (Max at Slow Process Corner)
  Requirement:            9.999ns  (clk rise@9.999ns - clk rise@0.000ns)
  Data Path Delay:        11.880ns  (logic 2.009ns (16.911%)  route 9.871ns (83.089%))
  Logic Levels:           9  (LUT2=1 LUT3=1 LUT6=6 RAMB36E2=1)
  Clock Path Skew:        1.982ns (DCD - SCD + CPR)
    Destination Clock Delay (DCD):    4.982ns = ( 14.981 - 9.999 ) 
    Source Clock Delay      (SCD):    3.235ns
    Clock Pessimism Removal (CPR):    0.235ns
  Clock Uncertainty:      0.035ns  ((TSJ^2 + TIJ^2)^1/2 + DJ) / 2 + PE
    Total System Jitter     (TSJ):    0.071ns
    Total Input Jitter      (TIJ):    0.000ns
    Discrete Jitter          (DJ):    0.000ns
    Phase Error              (PE):    0.000ns
  Clock Net Delay (Source):      2.086ns (routing 0.691ns, distribution 1.395ns)
  Clock Net Delay (Destination): 2.259ns (routing 1.389ns, distribution 0.870ns)

    Location             Delay type                Incr(ns)  Path(ns)    Netlist Resource(s)
  -------------------------------------------------------------------    -------------------
                         (clock clk rise edge)        0.000     0.000 r  
    AH18                                              0.000     0.000 r  clk300_p_i (IN)
                         net (fo=0)                   0.100     0.100    u_ibufds/I
    HPIOBDIFFINBUF_X1Y36 DIFFINBUF (Prop_DIFFINBUF_HPIOBDIFFINBUF_DIFF_IN_P_O)
                                                      0.525     0.625 r  u_ibufds/DIFFINBUF_INST/O
                         net (fo=1, routed)           0.050     0.675    u_ibufds/OUT
    AH18                 IBUFCTRL (Prop_IBUFCTRL_HPIOB_M_I_O)
                                                      0.000     0.675 r  u_ibufds/IBUFCTRL_INST/O
                         net (fo=1, routed)           0.322     0.997    clk_ref
    BUFGCE_DIV_X1Y7      BUFGCE_DIV (Prop_BUFGCE_DIV_I_O)
                                                      0.152     1.149 r  u_bufgce_div/O
    X1Y2 (CLOCK_ROOT)    net (fo=7065, routed)        2.086     3.235    u_soc/g_pe[3].u_pe/u_itcm/clk
    RAMB36_X2Y30         RAMB36E2                                     r  u_soc/g_pe[3].u_pe/u_itcm/mem_reg_2_bram_0/CLKBWRCLK
  -------------------------------------------------------------------    -------------------
    RAMB36_X2Y30         RAMB36E2 (Prop_RAMB36E2_RAMB36_CLKBWRCLK_CASDOUTB[1])
                                                      1.130     4.365 f  u_soc/g_pe[3].u_pe/u_itcm/mem_reg_2_bram_0/CASDOUTB[1]
                         net (fo=1, routed)           0.026     4.391    u_soc/g_pe[3].u_pe/u_itcm/mem_reg_2_bram_0_n_66
    RAMB36_X2Y31         RAMB36E2 (Prop_RAMB36E2_RAMB36_CASDINB[1]_DOUTBDOUT[1])
                                                      0.117     4.508 f  u_soc/g_pe[3].u_pe/u_itcm/mem_reg_2_bram_1/DOUTBDOUT[1]
                         net (fo=1, routed)           3.052     7.560    u_soc/g_pe[3].u_pe/u_instr_bridge/u_router/i_rdata_o[17]
    SLICE_X65Y120        LUT6 (Prop_H6LUT_SLICEL_I2_O)
                                                      0.036     7.596 f  u_soc/g_pe[3].u_pe/u_instr_bridge/u_router/mem_q[0][17]_i_1__2/O
                         net (fo=4, routed)           0.347     7.943    u_soc/g_pe[3].u_pe/u_core/core_i/if_stage_i/prefetch_buffer_i/fifo_i/mem_q_reg[1][31]_0[17]
    SLICE_X65Y119        LUT6 (Prop_C6LUT_SLICEL_I4_O)
                                                      0.146     8.089 r  u_soc/g_pe[3].u_pe/u_core/core_i/if_stage_i/prefetch_buffer_i/fifo_i/pc_q[31]_i_3__2/O
                         net (fo=17, routed)          2.281    10.370    u_soc/g_pe[3].u_pe/u_core/core_i/if_stage_i/aligner_i/pc_q_reg[1]_0
    SLICE_X66Y118        LUT6 (Prop_F6LUT_SLICEL_I2_O)
                                                      0.049    10.419 r  u_soc/g_pe[3].u_pe/u_core/core_i/if_stage_i/aligner_i/i___4_i_1__2/O
                         net (fo=10, routed)          0.195    10.614    u_soc/g_pe[3].u_pe/u_core/core_i/if_stage_i/aligner_i/r_instr_h_reg[4]_0
    SLICE_X66Y117        LUT6 (Prop_G6LUT_SLICEL_I1_O)
                                                      0.149    10.763 f  u_soc/g_pe[3].u_pe/u_core/core_i/if_stage_i/aligner_i/i___10_i_1__2/O
                         net (fo=5, routed)           0.876    11.639    u_soc/g_pe[3].u_pe/u_core/core_i/if_stage_i/prefetch_buffer_i/fifo_i/instr_rdata_id_o[26]_i_6__2_0
    SLICE_X68Y117        LUT3 (Prop_H5LUT_SLICEL_I0_O)
                                                      0.096    11.735 f  u_soc/g_pe[3].u_pe/u_core/core_i/if_stage_i/prefetch_buffer_i/fifo_i/instr_rdata_id_o[27]_i_7__2/O
                         net (fo=6, routed)           1.164    12.899    u_soc/g_pe[3].u_pe/u_core/core_i/if_stage_i/prefetch_buffer_i/fifo_i/state_reg[0]_8
    SLICE_X68Y117        LUT2 (Prop_C6LUT_SLICEL_I1_O)
                                                      0.050    12.949 f  u_soc/g_pe[3].u_pe/u_core/core_i/if_stage_i/prefetch_buffer_i/fifo_i/instr_rdata_id_o[14]_i_3__2/O
                         net (fo=6, routed)           1.084    14.033    u_soc/g_pe[3].u_pe/u_core/core_i/if_stage_i/prefetch_buffer_i/fifo_i/instr_rdata_id_o[14]_i_3__2_n_0
    SLICE_X68Y119        LUT6 (Prop_E6LUT_SLICEL_I5_O)
                                                      0.147    14.180 r  u_soc/g_pe[3].u_pe/u_core/core_i/if_stage_i/prefetch_buffer_i/fifo_i/instr_rdata_id_o[5]_i_2__2/O
                         net (fo=1, routed)           0.787    14.967    u_soc/g_pe[3].u_pe/u_core/core_i/if_stage_i/prefetch_buffer_i/fifo_i/instr_rdata_id_o[5]_i_2__2_n_0
    SLICE_X70Y120        LUT6 (Prop_B6LUT_SLICEM_I0_O)
                                                      0.089    15.056 r  u_soc/g_pe[3].u_pe/u_core/core_i/if_stage_i/prefetch_buffer_i/fifo_i/instr_rdata_id_o[5]_i_1__2/O
                         net (fo=1, routed)           0.059    15.115    u_soc/g_pe[3].u_pe/u_core/core_i/if_stage_i/instr_decompressed[5]
    SLICE_X70Y120        FDCE                                         r  u_soc/g_pe[3].u_pe/u_core/core_i/if_stage_i/instr_rdata_id_o_reg[5]/D
  -------------------------------------------------------------------    -------------------

                         (clock clk rise edge)        9.999     9.999 r  
    AH18                                              0.000     9.999 r  clk300_p_i (IN)
                         net (fo=0)                   0.079    10.078    u_ibufds/I
    HPIOBDIFFINBUF_X1Y36 DIFFINBUF (Prop_DIFFINBUF_HPIOBDIFFINBUF_DIFF_IN_P_O)
                                                      0.429    10.507 r  u_ibufds/DIFFINBUF_INST/O
                         net (fo=1, routed)           0.040    10.547    u_ibufds/OUT
    AH18                 IBUFCTRL (Prop_IBUFCTRL_HPIOB_M_I_O)
                                                      0.000    10.547 r  u_ibufds/IBUFCTRL_INST/O
                         net (fo=1, routed)           0.286    10.833    clk_ref
    BUFGCE_DIV_X1Y7      BUFGCE_DIV (Prop_BUFGCE_DIV_I_O)
                                                      0.132    10.965 r  u_bufgce_div/O
                         net (fo=7065, routed)        1.733    12.698    u_soc/g_pe[3].u_pe/u_core/core_i/sleep_unit_i/core_clock_gate_i/clk
    BUFGCE_X0Y113        BUFGCE (Prop_BUFCE_BUFGCE_I_O)
                                                      0.024    12.722 r  u_soc/g_pe[3].u_pe/u_core/core_i/sleep_unit_i/core_clock_gate_i/u_bufgce/O
    X1Y1 (CLOCK_ROOT)    net (fo=2104, routed)        2.259    14.981    u_soc/g_pe[3].u_pe/u_core/core_i/if_stage_i/clk_0
    SLICE_X70Y120        FDCE                                         r  u_soc/g_pe[3].u_pe/u_core/core_i/if_stage_i/instr_rdata_id_o_reg[5]/C
                         clock pessimism              0.235    15.216    
                         clock uncertainty           -0.035    15.181    
    SLICE_X70Y120        FDCE (Setup_BFF_SLICEM_C_D)
                                                      0.025    15.206    u_soc/g_pe[3].u_pe/u_core/core_i/if_stage_i/instr_rdata_id_o_reg[5]
  -------------------------------------------------------------------
                         required time                         15.206    
                         arrival time                         -15.115    
  -------------------------------------------------------------------
                         slack                                  0.091    

Slack (MET) :             0.192ns  (required time - arrival time)
  Source:                 u_soc/g_pe[3].u_pe/u_instr_bridge/u_router/tgt_q_reg[1]/C
                            (rising edge-triggered cell FDCE clocked by clk  {rise@0.000ns fall@3.333ns period=9.999ns})
  Destination:            u_soc/g_pe[3].u_pe/u_core/core_i/if_stage_i/instr_rdata_id_o_reg[18]/D
                            (rising edge-triggered cell FDCE clocked by clk  {rise@0.000ns fall@3.333ns period=9.999ns})
  Path Group:             clk
  Path Type:              Setup (Max at Slow Process Corner)
  Requirement:            9.999ns  (clk rise@9.999ns - clk rise@0.000ns)
  Data Path Delay:        11.830ns  (logic 0.598ns (5.055%)  route 11.232ns (94.945%))
  Logic Levels:           7  (LUT3=2 LUT6=5)
  Clock Path Skew:        2.033ns (DCD - SCD + CPR)
    Destination Clock Delay (DCD):    4.953ns = ( 14.952 - 9.999 ) 
    Source Clock Delay      (SCD):    3.155ns
    Clock Pessimism Removal (CPR):    0.235ns
  Clock Uncertainty:      0.035ns  ((TSJ^2 + TIJ^2)^1/2 + DJ) / 2 + PE
    Total System Jitter     (TSJ):    0.071ns
    Total Input Jitter      (TIJ):    0.000ns
    Discrete Jitter          (DJ):    0.000ns
    Phase Error              (PE):    0.000ns
  Clock Net Delay (Source):      2.006ns (routing 0.691ns, distribution 1.315ns)
  Clock Net Delay (Destination): 2.230ns (routing 1.389ns, distribution 0.841ns)

    Location             Delay type                Incr(ns)  Path(ns)    Netlist Resource(s)
  -------------------------------------------------------------------    -------------------
                         (clock clk rise edge)        0.000     0.000 r  
    AH18                                              0.000     0.000 r  clk300_p_i (IN)
                         net (fo=0)                   0.100     0.100    u_ibufds/I
    HPIOBDIFFINBUF_X1Y36 DIFFINBUF (Prop_DIFFINBUF_HPIOBDIFFINBUF_DIFF_IN_P_O)
                                                      0.525     0.625 r  u_ibufds/DIFFINBUF_INST/O
                         net (fo=1, routed)           0.050     0.675    u_ibufds/OUT
    AH18                 IBUFCTRL (Prop_IBUFCTRL_HPIOB_M_I_O)
                                                      0.000     0.675 r  u_ibufds/IBUFCTRL_INST/O
                         net (fo=1, routed)           0.322     0.997    clk_ref
    BUFGCE_DIV_X1Y7      BUFGCE_DIV (Prop_BUFGCE_DIV_I_O)
                                                      0.152     1.149 r  u_bufgce_div/O
    X1Y2 (CLOCK_ROOT)    net (fo=7065, routed)        2.006     3.155    u_soc/g_pe[3].u_pe/u_instr_bridge/u_router/clk
    SLICE_X76Y136        FDCE                                         r  u_soc/g_pe[3].u_pe/u_instr_bridge/u_router/tgt_q_reg[1]/C
  -------------------------------------------------------------------    -------------------
    SLICE_X76Y136        FDCE (Prop_HFF2_SLICEL_C_Q)
                                                      0.080     3.235 r  u_soc/g_pe[3].u_pe/u_instr_bridge/u_router/tgt_q_reg[1]/Q
                         net (fo=3, routed)           0.912     4.148    u_soc/g_pe[3].u_pe/u_instr_bridge/u_router/p_0_in
    SLICE_X75Y134        LUT3 (Prop_F6LUT_SLICEL_I1_O)
                                                      0.035     4.183 r  u_soc/g_pe[3].u_pe/u_instr_bridge/u_router/mem_q[0][31]_i_3__2/O
                         net (fo=33, routed)          2.817     6.999    u_soc/g_pe[3].u_pe/u_instr_bridge/u_router/mem_q[0][31]_i_3__2_n_0
    SLICE_X65Y121        LUT6 (Prop_G6LUT_SLICEL_I1_O)
                                                      0.035     7.034 r  u_soc/g_pe[3].u_pe/u_instr_bridge/u_router/mem_q[0][31]_i_2__2/O
                         net (fo=3, routed)           0.857     7.891    u_soc/g_pe[3].u_pe/u_core/core_i/if_stage_i/prefetch_buffer_i/fifo_i/mem_q_reg[1][31]_0[31]
    SLICE_X65Y121        LUT6 (Prop_H6LUT_SLICEL_I0_O)
                                                      0.036     7.927 r  u_soc/g_pe[3].u_pe/u_core/core_i/if_stage_i/prefetch_buffer_i/fifo_i/r_instr_h[15]_i_1__2/O
                         net (fo=3, routed)           2.107    10.034    u_soc/g_pe[3].u_pe/u_core/core_i/if_stage_i/prefetch_buffer_i/fifo_i/status_cnt_q_reg[0]_3[14]
    SLICE_X67Y120        LUT6 (Prop_F6LUT_SLICEM_I0_O)
                                                      0.098    10.132 f  u_soc/g_pe[3].u_pe/u_core/core_i/if_stage_i/prefetch_buffer_i/fifo_i/i___4_i_2__2/O
                         net (fo=56, routed)          1.937    12.068    u_soc/g_pe[3].u_pe/u_core/core_i/if_stage_i/prefetch_buffer_i/fifo_i/state_reg[0]
    SLICE_X67Y116        LUT3 (Prop_H6LUT_SLICEM_I2_O)
                                                      0.125    12.193 r  u_soc/g_pe[3].u_pe/u_core/core_i/if_stage_i/prefetch_buffer_i/fifo_i/instr_rdata_id_o[17]_i_4__2/O
                         net (fo=5, routed)           1.026    13.219    u_soc/g_pe[3].u_pe/u_core/core_i/if_stage_i/prefetch_buffer_i/fifo_i/r_instr_h_reg[12]
    SLICE_X68Y115        LUT6 (Prop_E6LUT_SLICEL_I5_O)
                                                      0.090    13.309 f  u_soc/g_pe[3].u_pe/u_core/core_i/if_stage_i/prefetch_buffer_i/fifo_i/instr_rdata_id_o[18]_i_2__2/O
                         net (fo=1, routed)           1.505    14.814    u_soc/g_pe[3].u_pe/u_core/core_i/if_stage_i/prefetch_buffer_i/fifo_i/instr_rdata_id_o[18]_i_2__2_n_0
    SLICE_X71Y116        LUT6 (Prop_D6LUT_SLICEM_I0_O)
                                                      0.099    14.913 r  u_soc/g_pe[3].u_pe/u_core/core_i/if_stage_i/prefetch_buffer_i/fifo_i/instr_rdata_id_o[18]_i_1__2/O
                         net (fo=1, routed)           0.072    14.985    u_soc/g_pe[3].u_pe/u_core/core_i/if_stage_i/instr_decompressed[18]
    SLICE_X71Y116        FDCE                                         r  u_soc/g_pe[3].u_pe/u_core/core_i/if_stage_i/instr_rdata_id_o_reg[18]/D
  -------------------------------------------------------------------    -------------------

                         (clock clk rise edge)        9.999     9.999 r  
    AH18                                              0.000     9.999 r  clk300_p_i (IN)
                         net (fo=0)                   0.079    10.078    u_ibufds/I
    HPIOBDIFFINBUF_X1Y36 DIFFINBUF (Prop_DIFFINBUF_HPIOBDIFFINBUF_DIFF_IN_P_O)
                                                      0.429    10.507 r  u_ibufds/DIFFINBUF_INST/O
                         net (fo=1, routed)           0.040    10.547    u_ibufds/OUT
    AH18                 IBUFCTRL (Prop_IBUFCTRL_HPIOB_M_I_O)
                                                      0.000    10.547 r  u_ibufds/IBUFCTRL_INST/O
                         net (fo=1, routed)           0.286    10.833    clk_ref
    BUFGCE_DIV_X1Y7      BUFGCE_DIV (Prop_BUFGCE_DIV_I_O)
                                                      0.132    10.965 r  u_bufgce_div/O
                         net (fo=7065, routed)        1.733    12.698    u_soc/g_pe[3].u_pe/u_core/core_i/sleep_unit_i/core_clock_gate_i/clk
    BUFGCE_X0Y113        BUFGCE (Prop_BUFCE_BUFGCE_I_O)
                                                      0.024    12.722 r  u_soc/g_pe[3].u_pe/u_core/core_i/sleep_unit_i/core_clock_gate_i/u_bufgce/O
    X1Y1 (CLOCK_ROOT)    net (fo=2104, routed)        2.230    14.952    u_soc/g_pe[3].u_pe/u_core/core_i/if_stage_i/clk_0
    SLICE_X71Y116        FDCE                                         r  u_soc/g_pe[3].u_pe/u_core/core_i/if_stage_i/instr_rdata_id_o_reg[18]/C
                         clock pessimism              0.235    15.188    
                         clock uncertainty           -0.035    15.152    
    SLICE_X71Y116        FDCE (Setup_DFF_SLICEM_C_D)
                                                      0.025    15.177    u_soc/g_pe[3].u_pe/u_core/core_i/if_stage_i/instr_rdata_id_o_reg[18]
  -------------------------------------------------------------------
                         required time                         15.177    
                         arrival time                         -14.985    
  -------------------------------------------------------------------
                         slack                                  0.192    

Slack (MET) :             0.262ns  (required time - arrival time)
  Source:                 u_soc/g_pe[2].u_pe/u_core/core_i/id_stage_i/alu_operand_a_ex_o_reg[20]/C
                            (rising edge-triggered cell FDCE clocked by clk  {rise@0.000ns fall@3.333ns period=9.999ns})
  Destination:            u_soc/g_pe[2].u_pe/u_core/core_i/id_stage_i/mult_operand_a_ex_o_reg[2]/CE
                            (rising edge-triggered cell FDCE clocked by clk  {rise@0.000ns fall@3.333ns period=9.999ns})
  Path Group:             clk
  Path Type:              Setup (Max at Slow Process Corner)
  Requirement:            9.999ns  (clk rise@9.999ns - clk rise@0.000ns)
  Data Path Delay:        9.562ns  (logic 1.245ns (13.020%)  route 8.317ns (86.980%))
  Logic Levels:           15  (CARRY8=2 LUT2=3 LUT3=1 LUT5=3 LUT6=6)
  Clock Path Skew:        -0.079ns (DCD - SCD + CPR)
    Destination Clock Delay (DCD):    5.087ns = ( 15.086 - 9.999 ) 
    Source Clock Delay      (SCD):    5.727ns
    Clock Pessimism Removal (CPR):    0.561ns
  Clock Uncertainty:      0.035ns  ((TSJ^2 + TIJ^2)^1/2 + DJ) / 2 + PE
    Total System Jitter     (TSJ):    0.071ns
    Total Input Jitter      (TIJ):    0.000ns
    Discrete Jitter          (DJ):    0.000ns
    Phase Error              (PE):    0.000ns
  Clock Net Delay (Source):      2.645ns (routing 1.631ns, distribution 1.014ns)
  Clock Net Delay (Destination): 2.366ns (routing 1.480ns, distribution 0.886ns)

    Location             Delay type                Incr(ns)  Path(ns)    Netlist Resource(s)
  -------------------------------------------------------------------    -------------------
                         (clock clk rise edge)        0.000     0.000 r  
    AH18                                              0.000     0.000 r  clk300_p_i (IN)
                         net (fo=0)                   0.100     0.100    u_ibufds/I
    HPIOBDIFFINBUF_X1Y36 DIFFINBUF (Prop_DIFFINBUF_HPIOBDIFFINBUF_DIFF_IN_P_O)
                                                      0.525     0.625 r  u_ibufds/DIFFINBUF_INST/O
                         net (fo=1, routed)           0.050     0.675    u_ibufds/OUT
    AH18                 IBUFCTRL (Prop_IBUFCTRL_HPIOB_M_I_O)
                                                      0.000     0.675 r  u_ibufds/IBUFCTRL_INST/O
                         net (fo=1, routed)           0.322     0.997    clk_ref
    BUFGCE_DIV_X1Y7      BUFGCE_DIV (Prop_BUFGCE_DIV_I_O)
                                                      0.152     1.149 r  u_bufgce_div/O
                         net (fo=7065, routed)        1.905     3.054    u_soc/g_pe[2].u_pe/u_core/core_i/sleep_unit_i/core_clock_gate_i/clk
    BUFGCE_X0Y104        BUFGCE (Prop_BUFCE_BUFGCE_I_O)
                                                      0.028     3.082 r  u_soc/g_pe[2].u_pe/u_core/core_i/sleep_unit_i/core_clock_gate_i/u_bufgce/O
    X1Y0 (CLOCK_ROOT)    net (fo=2104, routed)        2.645     5.727    u_soc/g_pe[2].u_pe/u_core/core_i/id_stage_i/clk_0
    SLICE_X77Y87         FDCE                                         r  u_soc/g_pe[2].u_pe/u_core/core_i/id_stage_i/alu_operand_a_ex_o_reg[20]/C
  -------------------------------------------------------------------    -------------------
    SLICE_X77Y87         FDCE (Prop_DFF_SLICEL_C_Q)
                                                      0.079     5.806 r  u_soc/g_pe[2].u_pe/u_core/core_i/id_stage_i/alu_operand_a_ex_o_reg[20]/Q
                         net (fo=24, routed)          1.226     7.032    u_soc/g_pe[2].u_pe/u_core/core_i/id_stage_i/alu_operand_a_ex_o_reg[31]_0[20]
    SLICE_X64Y109        LUT3 (Prop_E6LUT_SLICEM_I0_O)
                                                      0.124     7.156 r  u_soc/g_pe[2].u_pe/u_core/core_i/id_stage_i/addr_q[17]_i_5__1/O
                         net (fo=1, routed)           0.014     7.170    u_soc/g_pe[2].u_pe/u_core/core_i/id_stage_i/addr_q[17]_i_5__1_n_0
    SLICE_X64Y109        CARRY8 (Prop_CARRY8_SLICEM_S[4]_CO[7])
                                                      0.156     7.326 r  u_soc/g_pe[2].u_pe/u_core/core_i/id_stage_i/addr_q_reg[17]_i_1__1/CO[7]
                         net (fo=1, routed)           0.026     7.352    u_soc/g_pe[2].u_pe/u_core/core_i/id_stage_i/addr_q_reg[17]_i_1__1_n_0
    SLICE_X64Y110        CARRY8 (Prop_CARRY8_SLICEM_CI_O[7])
                                                      0.123     7.475 r  u_soc/g_pe[2].u_pe/u_core/core_i/id_stage_i/addr_q_reg[31]_i_2__1/O[7]
                         net (fo=13, routed)          0.298     7.773    u_soc/g_pe[2].u_pe/u_core/core_i/id_stage_i/alu_operand_a_ex_o_reg[30]_0[7]
    SLICE_X64Y111        LUT6 (Prop_H6LUT_SLICEM_I2_O)
                                                      0.053     7.826 f  u_soc/g_pe[2].u_pe/u_core/core_i/id_stage_i/d_rvalid_o_i_4__0/O
                         net (fo=5, routed)           0.199     8.025    u_soc/g_pe[2].u_pe/u_core/core_i/id_stage_i/tgt_q_reg[1]
    SLICE_X65Y111        LUT6 (Prop_F6LUT_SLICEL_I1_O)
                                                      0.097     8.122 f  u_soc/g_pe[2].u_pe/u_core/core_i/id_stage_i/i___37_i_3__3/O
                         net (fo=4, routed)           0.503     8.625    u_soc/g_pe[2].u_pe/u_core/core_i/id_stage_i/i___37_i_3__3_n_0
    SLICE_X64Y139        LUT5 (Prop_H5LUT_SLICEM_I4_O)
                                                      0.096     8.721 r  u_soc/g_pe[2].u_pe/u_core/core_i/id_stage_i/FSM_onehot_state_q[5]_i_4__1/O
                         net (fo=3, routed)           0.371     9.092    u_soc/g_pe[2].u_axi_ext/ex_req_2
    SLICE_X64Y141        LUT2 (Prop_G6LUT_SLICEM_I1_O)
                                                      0.052     9.144 r  u_soc/g_pe[2].u_axi_ext/i___157_i_4__0/O
                         net (fo=1, routed)           1.193    10.337    u_soc/g_pe[2].u_pe/u_core/core_i/id_stage_i/ex_gnt_2
    SLICE_X64Y111        LUT6 (Prop_G6LUT_SLICEM_I4_O)
                                                      0.100    10.437 r  u_soc/g_pe[2].u_pe/u_core/core_i/id_stage_i/i___157_i_1__0/O
                         net (fo=11, routed)          0.687    11.125    u_soc/g_pe[2].u_pe/u_core/core_i/id_stage_i/controller_i/i___61_i_3__1_0
    SLICE_X66Y89         LUT5 (Prop_D5LUT_SLICEL_I0_O)
                                                      0.066    11.191 r  u_soc/g_pe[2].u_pe/u_core/core_i/id_stage_i/controller_i/i___61_i_4__1/O
                         net (fo=1, routed)           0.785    11.976    u_soc/g_pe[2].u_pe/u_core/core_i/id_stage_i/controller_i/lsu_ready_ex
    SLICE_X65Y89         LUT6 (Prop_G6LUT_SLICEL_I5_O)
                                                      0.089    12.065 f  u_soc/g_pe[2].u_pe/u_core/core_i/id_stage_i/controller_i/i___61_i_3__1/O
                         net (fo=1, routed)           0.443    12.508    u_soc/g_pe[2].u_pe/u_core/core_i/id_stage_i/controller_i/i___61_i_3__1_n_0
    SLICE_X65Y86         LUT6 (Prop_D6LUT_SLICEL_I5_O)
                                                      0.050    12.558 r  u_soc/g_pe[2].u_pe/u_core/core_i/id_stage_i/controller_i/i___61_i_2__1/O
                         net (fo=2, routed)           0.378    12.936    u_soc/g_pe[2].u_pe/u_core/core_i/id_stage_i/controller_i/FSM_onehot_mulh_CS_reg[0]
    SLICE_X66Y87         LUT2 (Prop_F6LUT_SLICEL_I1_O)
                                                      0.035    12.971 r  u_soc/g_pe[2].u_pe/u_core/core_i/id_stage_i/controller_i/i___61_i_1__1/O
                         net (fo=10, routed)          0.387    13.357    u_soc/g_pe[2].u_pe/u_core/ex_ready
    SLICE_X71Y88         LUT5 (Prop_G6LUT_SLICEM_I2_O)
                                                      0.037    13.394 f  u_soc/g_pe[2].u_pe/u_core/i___261/O
                         net (fo=11, routed)          0.612    14.006    u_soc/g_pe[2].u_pe/u_core/core_i/id_stage_i/controller_i/instr_valid_id_o_reg_1
    SLICE_X67Y90         LUT2 (Prop_C6LUT_SLICEM_I1_O)
                                                      0.051    14.057 r  u_soc/g_pe[2].u_pe/u_core/core_i/id_stage_i/controller_i/id_valid_q_i_1__1/O
                         net (fo=29, routed)          0.392    14.449    u_soc/g_pe[2].u_pe/u_core/core_i/ex_stage_i/mult_i/data_sign_ext_ex_o_reg[0]_0
    SLICE_X71Y85         LUT6 (Prop_C6LUT_SLICEM_I5_O)
                                                      0.037    14.486 r  u_soc/g_pe[2].u_pe/u_core/core_i/ex_stage_i/mult_i/mult_operator_ex_o[2]_i_1__1/O
                         net (fo=68, routed)          0.803    15.289    u_soc/g_pe[2].u_pe/u_core/core_i/id_stage_i/mult_operand_b_ex_o_reg[0]_0[0]
    SLICE_X78Y80         FDCE                                         r  u_soc/g_pe[2].u_pe/u_core/core_i/id_stage_i/mult_operand_a_ex_o_reg[2]/CE
  -------------------------------------------------------------------    -------------------

                         (clock clk rise edge)        9.999     9.999 r  
    AH18                                              0.000     9.999 r  clk300_p_i (IN)
                         net (fo=0)                   0.079    10.078    u_ibufds/I
    HPIOBDIFFINBUF_X1Y36 DIFFINBUF (Prop_DIFFINBUF_HPIOBDIFFINBUF_DIFF_IN_P_O)
                                                      0.429    10.507 r  u_ibufds/DIFFINBUF_INST/O
                         net (fo=1, routed)           0.040    10.547    u_ibufds/OUT
    AH18                 IBUFCTRL (Prop_IBUFCTRL_HPIOB_M_I_O)
                                                      0.000    10.547 r  u_ibufds/IBUFCTRL_INST/O
                         net (fo=1, routed)           0.286    10.833    clk_ref
    BUFGCE_DIV_X1Y7      BUFGCE_DIV (Prop_BUFGCE_DIV_I_O)
                                                      0.132    10.965 r  u_bufgce_div/O
                         net (fo=7065, routed)        1.731    12.696    u_soc/g_pe[2].u_pe/u_core/core_i/sleep_unit_i/core_clock_gate_i/clk
    BUFGCE_X0Y104        BUFGCE (Prop_BUFCE_BUFGCE_I_O)
                                                      0.024    12.720 r  u_soc/g_pe[2].u_pe/u_core/core_i/sleep_unit_i/core_clock_gate_i/u_bufgce/O
    X1Y0 (CLOCK_ROOT)    net (fo=2104, routed)        2.366    15.086    u_soc/g_pe[2].u_pe/u_core/core_i/id_stage_i/clk_0
    SLICE_X78Y80         FDCE                                         r  u_soc/g_pe[2].u_pe/u_core/core_i/id_stage_i/mult_operand_a_ex_o_reg[2]/C
                         clock pessimism              0.561    15.647    
                         clock uncertainty           -0.035    15.612    
    SLICE_X78Y80         FDCE (Setup_HFF_SLICEM_C_CE)
                                                     -0.061    15.551    u_soc/g_pe[2].u_pe/u_core/core_i/id_stage_i/mult_operand_a_ex_o_reg[2]
  -------------------------------------------------------------------
                         required time                         15.551    
                         arrival time                         -15.289    
  -------------------------------------------------------------------
                         slack                                  0.262    

Slack (MET) :             0.308ns  (required time - arrival time)
  Source:                 u_soc/g_dcache.u_dcache/g_dcu[2].u_dcu/u_tag_ram/mem_reg_1/CLKARDCLK
                            (rising edge-triggered cell RAMB18E2 clocked by clk  {rise@0.000ns fall@3.333ns period=9.999ns})
  Destination:            u_soc/g_pe[2].u_pe/u_core/core_i/id_stage_i/alu_operand_b_ex_o_reg[27]/D
                            (rising edge-triggered cell FDCE clocked by clk  {rise@0.000ns fall@3.333ns period=9.999ns})
  Path Group:             clk
  Path Type:              Setup (Max at Slow Process Corner)
  Requirement:            9.999ns  (clk rise@9.999ns - clk rise@0.000ns)
  Data Path Delay:        11.803ns  (logic 2.033ns (17.224%)  route 9.770ns (82.776%))
  Logic Levels:           13  (CARRY8=1 LUT2=1 LUT3=1 LUT4=1 LUT5=2 LUT6=7)
  Clock Path Skew:        2.122ns (DCD - SCD + CPR)
    Destination Clock Delay (DCD):    5.084ns = ( 15.083 - 9.999 ) 
    Source Clock Delay      (SCD):    3.197ns
    Clock Pessimism Removal (CPR):    0.235ns
  Clock Uncertainty:      0.035ns  ((TSJ^2 + TIJ^2)^1/2 + DJ) / 2 + PE
    Total System Jitter     (TSJ):    0.071ns
    Total Input Jitter      (TIJ):    0.000ns
    Discrete Jitter          (DJ):    0.000ns
    Phase Error              (PE):    0.000ns
  Clock Net Delay (Source):      2.048ns (routing 0.691ns, distribution 1.357ns)
  Clock Net Delay (Destination): 2.363ns (routing 1.480ns, distribution 0.883ns)

    Location             Delay type                Incr(ns)  Path(ns)    Netlist Resource(s)
  -------------------------------------------------------------------    -------------------
                         (clock clk rise edge)        0.000     0.000 r  
    AH18                                              0.000     0.000 r  clk300_p_i (IN)
                         net (fo=0)                   0.100     0.100    u_ibufds/I
    HPIOBDIFFINBUF_X1Y36 DIFFINBUF (Prop_DIFFINBUF_HPIOBDIFFINBUF_DIFF_IN_P_O)
                                                      0.525     0.625 r  u_ibufds/DIFFINBUF_INST/O
                         net (fo=1, routed)           0.050     0.675    u_ibufds/OUT
    AH18                 IBUFCTRL (Prop_IBUFCTRL_HPIOB_M_I_O)
                                                      0.000     0.675 r  u_ibufds/IBUFCTRL_INST/O
                         net (fo=1, routed)           0.322     0.997    clk_ref
    BUFGCE_DIV_X1Y7      BUFGCE_DIV (Prop_BUFGCE_DIV_I_O)
                                                      0.152     1.149 r  u_bufgce_div/O
    X1Y2 (CLOCK_ROOT)    net (fo=7065, routed)        2.048     3.197    u_soc/g_dcache.u_dcache/g_dcu[2].u_dcu/u_tag_ram/clk
    RAMB18_X1Y77         RAMB18E2                                     r  u_soc/g_dcache.u_dcache/g_dcu[2].u_dcu/u_tag_ram/mem_reg_1/CLKARDCLK
  -------------------------------------------------------------------    -------------------
    RAMB18_X1Y77         RAMB18E2 (Prop_RAMB18E2_U_RAMB181_CLKARDCLK_DOUTADOUT[11])
                                                      0.837     4.034 r  u_soc/g_dcache.u_dcache/g_dcu[2].u_dcu/u_tag_ram/mem_reg_1/DOUTADOUT[11]
                         net (fo=1, routed)           0.244     4.278    u_soc/g_dcache.u_dcache/g_dcu[2].u_dcu/rdata_q[33]
    SLICE_X52Y194        LUT4 (Prop_D6LUT_SLICEL_I1_O)
                                                      0.122     4.400 r  u_soc/g_dcache.u_dcache/g_dcu[2].u_dcu/i___21/O
                         net (fo=1, routed)           0.201     4.601    u_soc/g_dcache.u_dcache/g_dcu[2].u_dcu/i___21_n_0
    SLICE_X53Y193        LUT6 (Prop_D6LUT_SLICEM_I4_O)
                                                      0.145     4.746 r  u_soc/g_dcache.u_dcache/g_dcu[2].u_dcu/i___32_i_7/O
                         net (fo=1, routed)           0.025     4.771    u_soc/g_dcache.u_dcache/g_dcu[2].u_dcu/i___32_i_7_n_0
    SLICE_X53Y193        CARRY8 (Prop_CARRY8_SLICEM_S[3]_CO[7])
                                                      0.170     4.941 r  u_soc/g_dcache.u_dcache/g_dcu[2].u_dcu/i___32_i_3/CO[7]
                         net (fo=3, routed)           0.193     5.135    u_soc/g_dcache.u_dcache/g_dcu[2].u_dcu/u_hcl/hit_o10_out
    SLICE_X53Y190        LUT2 (Prop_B6LUT_SLICEM_I1_O)
                                                      0.052     5.187 r  u_soc/g_dcache.u_dcache/g_dcu[2].u_dcu/i___32_i_1/O
                         net (fo=121, routed)         2.204     7.390    u_soc/g_dcache.u_dcache/g_dcu[2].u_dcu/u_data_ram/hit_way
    SLICE_X52Y63         LUT6 (Prop_C6LUT_SLICEL_I2_O)
                                                      0.123     7.513 r  u_soc/g_dcache.u_dcache/g_dcu[2].u_dcu/u_data_ram/mem_reg_0_i_128__1/O
                         net (fo=2, routed)           0.831     8.344    u_soc/g_dcache.u_dcache/g_dcu[2].u_dcu/u_data_ram/mem_reg_0_i_128__1_n_0
    SLICE_X56Y68         LUT5 (Prop_E6LUT_SLICEM_I0_O)
                                                      0.148     8.492 r  u_soc/g_dcache.u_dcache/g_dcu[2].u_dcu/u_data_ram/rdata_q[3]_i_9__0/O
                         net (fo=1, routed)           0.457     8.949    u_soc/g_pe[2].u_pe/u_itcm/dcu_rdata[3]
    SLICE_X62Y69         LUT6 (Prop_F6LUT_SLICEL_I4_O)
                                                      0.035     8.984 r  u_soc/g_pe[2].u_pe/u_itcm/rdata_q[3]_i_4__0/O
                         net (fo=1, routed)           0.840     9.824    u_soc/g_pe[2].u_pe/u_data_bridge/u_router/rdata_q_reg[3]
    SLICE_X61Y69         LUT5 (Prop_C6LUT_SLICEM_I4_O)
                                                      0.088     9.912 r  u_soc/g_pe[2].u_pe/u_data_bridge/u_router/rdata_q[3]_i_2__1/O
                         net (fo=8, routed)           1.160    11.072    u_soc/g_pe[2].u_pe/u_data_bridge/u_router/rdata_o_reg[3]
    SLICE_X61Y70         LUT6 (Prop_H6LUT_SLICEM_I0_O)
                                                      0.039    11.111 r  u_soc/g_pe[2].u_pe/u_data_bridge/u_router/i___308_i_1__1/O
                         net (fo=1, routed)           0.875    11.986    u_soc/g_pe[2].u_pe/u_core/rdata_q_reg[31]_0[3]
    SLICE_X62Y70         LUT6 (Prop_H6LUT_SLICEL_I5_O)
                                                      0.051    12.037 r  u_soc/g_pe[2].u_pe/u_core/i___308/O
                         net (fo=2, routed)           0.082    12.119    u_soc/g_pe[2].u_pe/u_core/core_i/load_store_unit_i/gen_rf[8].mem_reg[8][31][19]
    SLICE_X62Y71         LUT3 (Prop_F6LUT_SLICEL_I0_O)
                                                      0.049    12.168 r  u_soc/g_pe[2].u_pe/u_core/core_i/load_store_unit_i/gen_rf[31].mem[31][27]_i_3__0/O
                         net (fo=34, routed)          1.620    13.788    u_soc/g_pe[2].u_pe/u_core/core_i/id_stage_i/register_file_i/lsu_rdata[27]
    SLICE_X77Y76         LUT6 (Prop_H6LUT_SLICEL_I0_O)
                                                      0.124    13.912 r  u_soc/g_pe[2].u_pe/u_core/core_i/id_stage_i/register_file_i/alu_operand_a_ex_o[27]_i_2__1/O
                         net (fo=6, routed)           0.989    14.901    u_soc/g_pe[2].u_pe/u_core/core_i/id_stage_i/register_file_i/rdata_q_reg[27]
    SLICE_X80Y86         LUT6 (Prop_D6LUT_SLICEL_I0_O)
                                                      0.050    14.951 r  u_soc/g_pe[2].u_pe/u_core/core_i/id_stage_i/register_file_i/alu_operand_b_ex_o[27]_i_1__1/O
                         net (fo=1, routed)           0.049    15.000    u_soc/g_pe[2].u_pe/u_core/core_i/id_stage_i/register_file_i_n_107
    SLICE_X80Y86         FDCE                                         r  u_soc/g_pe[2].u_pe/u_core/core_i/id_stage_i/alu_operand_b_ex_o_reg[27]/D
  -------------------------------------------------------------------    -------------------

                         (clock clk rise edge)        9.999     9.999 r  
    AH18                                              0.000     9.999 r  clk300_p_i (IN)
                         net (fo=0)                   0.079    10.078    u_ibufds/I
    HPIOBDIFFINBUF_X1Y36 DIFFINBUF (Prop_DIFFINBUF_HPIOBDIFFINBUF_DIFF_IN_P_O)
                                                      0.429    10.507 r  u_ibufds/DIFFINBUF_INST/O
                         net (fo=1, routed)           0.040    10.547    u_ibufds/OUT
    AH18                 IBUFCTRL (Prop_IBUFCTRL_HPIOB_M_I_O)
                                                      0.000    10.547 r  u_ibufds/IBUFCTRL_INST/O
                         net (fo=1, routed)           0.286    10.833    clk_ref
    BUFGCE_DIV_X1Y7      BUFGCE_DIV (Prop_BUFGCE_DIV_I_O)
                                                      0.132    10.965 r  u_bufgce_div/O
                         net (fo=7065, routed)        1.731    12.696    u_soc/g_pe[2].u_pe/u_core/core_i/sleep_unit_i/core_clock_gate_i/clk
    BUFGCE_X0Y104        BUFGCE (Prop_BUFCE_BUFGCE_I_O)
                                                      0.024    12.720 r  u_soc/g_pe[2].u_pe/u_core/core_i/sleep_unit_i/core_clock_gate_i/u_bufgce/O
    X1Y0 (CLOCK_ROOT)    net (fo=2104, routed)        2.363    15.083    u_soc/g_pe[2].u_pe/u_core/core_i/id_stage_i/clk_0
    SLICE_X80Y86         FDCE                                         r  u_soc/g_pe[2].u_pe/u_core/core_i/id_stage_i/alu_operand_b_ex_o_reg[27]/C
                         clock pessimism              0.235    15.319    
                         clock uncertainty           -0.035    15.283    
    SLICE_X80Y86         FDCE (Setup_DFF_SLICEL_C_D)
                                                      0.025    15.308    u_soc/g_pe[2].u_pe/u_core/core_i/id_stage_i/alu_operand_b_ex_o_reg[27]
  -------------------------------------------------------------------
                         required time                         15.308    
                         arrival time                         -15.000    
  -------------------------------------------------------------------
                         slack                                  0.308    

Slack (MET) :             0.319ns  (required time - arrival time)
  Source:                 u_soc/g_pe[3].u_pe/u_itcm/mem_reg_2_bram_0/CLKBWRCLK
                            (rising edge-triggered cell RAMB36E2 clocked by clk  {rise@0.000ns fall@3.333ns period=9.999ns})
  Destination:            u_soc/g_pe[3].u_pe/u_core/core_i/if_stage_i/instr_rdata_id_o_reg[2]/D
                            (rising edge-triggered cell FDCE clocked by clk  {rise@0.000ns fall@3.333ns period=9.999ns})
  Path Group:             clk
  Path Type:              Setup (Max at Slow Process Corner)
  Requirement:            9.999ns  (clk rise@9.999ns - clk rise@0.000ns)
  Data Path Delay:        11.608ns  (logic 1.929ns (16.618%)  route 9.679ns (83.382%))
  Logic Levels:           8  (LUT2=1 LUT3=1 LUT5=1 LUT6=4 RAMB36E2=1)
  Clock Path Skew:        1.939ns (DCD - SCD + CPR)
    Destination Clock Delay (DCD):    4.939ns = ( 14.938 - 9.999 ) 
    Source Clock Delay      (SCD):    3.235ns
    Clock Pessimism Removal (CPR):    0.235ns
  Clock Uncertainty:      0.035ns  ((TSJ^2 + TIJ^2)^1/2 + DJ) / 2 + PE
    Total System Jitter     (TSJ):    0.071ns
    Total Input Jitter      (TIJ):    0.000ns
    Discrete Jitter          (DJ):    0.000ns
    Phase Error              (PE):    0.000ns
  Clock Net Delay (Source):      2.086ns (routing 0.691ns, distribution 1.395ns)
  Clock Net Delay (Destination): 2.216ns (routing 1.389ns, distribution 0.827ns)

    Location             Delay type                Incr(ns)  Path(ns)    Netlist Resource(s)
  -------------------------------------------------------------------    -------------------
                         (clock clk rise edge)        0.000     0.000 r  
    AH18                                              0.000     0.000 r  clk300_p_i (IN)
                         net (fo=0)                   0.100     0.100    u_ibufds/I
    HPIOBDIFFINBUF_X1Y36 DIFFINBUF (Prop_DIFFINBUF_HPIOBDIFFINBUF_DIFF_IN_P_O)
                                                      0.525     0.625 r  u_ibufds/DIFFINBUF_INST/O
                         net (fo=1, routed)           0.050     0.675    u_ibufds/OUT
    AH18                 IBUFCTRL (Prop_IBUFCTRL_HPIOB_M_I_O)
                                                      0.000     0.675 r  u_ibufds/IBUFCTRL_INST/O
                         net (fo=1, routed)           0.322     0.997    clk_ref
    BUFGCE_DIV_X1Y7      BUFGCE_DIV (Prop_BUFGCE_DIV_I_O)
                                                      0.152     1.149 r  u_bufgce_div/O
    X1Y2 (CLOCK_ROOT)    net (fo=7065, routed)        2.086     3.235    u_soc/g_pe[3].u_pe/u_itcm/clk
    RAMB36_X2Y30         RAMB36E2                                     r  u_soc/g_pe[3].u_pe/u_itcm/mem_reg_2_bram_0/CLKBWRCLK
  -------------------------------------------------------------------    -------------------
    RAMB36_X2Y30         RAMB36E2 (Prop_RAMB36E2_RAMB36_CLKBWRCLK_CASDOUTB[1])
                                                      1.130     4.365 f  u_soc/g_pe[3].u_pe/u_itcm/mem_reg_2_bram_0/CASDOUTB[1]
                         net (fo=1, routed)           0.026     4.391    u_soc/g_pe[3].u_pe/u_itcm/mem_reg_2_bram_0_n_66
    RAMB36_X2Y31         RAMB36E2 (Prop_RAMB36E2_RAMB36_CASDINB[1]_DOUTBDOUT[1])
                                                      0.117     4.508 f  u_soc/g_pe[3].u_pe/u_itcm/mem_reg_2_bram_1/DOUTBDOUT[1]
                         net (fo=1, routed)           3.052     7.560    u_soc/g_pe[3].u_pe/u_instr_bridge/u_router/i_rdata_o[17]
    SLICE_X65Y120        LUT6 (Prop_H6LUT_SLICEL_I2_O)
                                                      0.036     7.596 f  u_soc/g_pe[3].u_pe/u_instr_bridge/u_router/mem_q[0][17]_i_1__2/O
                         net (fo=4, routed)           0.347     7.943    u_soc/g_pe[3].u_pe/u_core/core_i/if_stage_i/prefetch_buffer_i/fifo_i/mem_q_reg[1][31]_0[17]
    SLICE_X65Y119        LUT6 (Prop_C6LUT_SLICEL_I4_O)
                                                      0.146     8.089 r  u_soc/g_pe[3].u_pe/u_core/core_i/if_stage_i/prefetch_buffer_i/fifo_i/pc_q[31]_i_3__2/O
                         net (fo=17, routed)          2.055    10.144    u_soc/g_pe[3].u_pe/u_core/core_i/if_stage_i/prefetch_buffer_i/fifo_i/mem_q_reg[0][17]_0
    SLICE_X66Y120        LUT6 (Prop_E6LUT_SLICEL_I1_O)
                                                      0.090    10.234 f  u_soc/g_pe[3].u_pe/u_core/core_i/if_stage_i/prefetch_buffer_i/fifo_i/i___3_i_1__2/O
                         net (fo=13, routed)          1.104    11.338    u_soc/g_pe[3].u_pe/u_core/core_i_n_506
    SLICE_X67Y116        LUT2 (Prop_C5LUT_SLICEM_I1_O)
                                                      0.111    11.449 r  u_soc/g_pe[3].u_pe/u_core/i___5/O
                         net (fo=4, routed)           1.034    12.483    u_soc/g_pe[3].u_pe/u_core/core_i/if_stage_i/aligner_i/instr_rdata_id_o_reg[7]_0
    SLICE_X68Y117        LUT3 (Prop_G5LUT_SLICEL_I1_O)
                                                      0.111    12.594 r  u_soc/g_pe[3].u_pe/u_core/core_i/if_stage_i/aligner_i/i___4_i_3__2/O
                         net (fo=2, routed)           1.623    14.217    u_soc/g_pe[3].u_pe/u_core/core_i/if_stage_i/prefetch_buffer_i/fifo_i/instr_rdata_id_o_reg[2]
    SLICE_X70Y117        LUT6 (Prop_G6LUT_SLICEM_I2_O)
                                                      0.100    14.317 r  u_soc/g_pe[3].u_pe/u_core/core_i/if_stage_i/prefetch_buffer_i/fifo_i/instr_rdata_id_o[2]_i_2__2/O
                         net (fo=1, routed)           0.372    14.689    u_soc/g_pe[3].u_pe/u_core/core_i/if_stage_i/prefetch_buffer_i/fifo_i/instr_rdata_id_o[2]_i_2__2_n_0
    SLICE_X70Y119        LUT5 (Prop_C6LUT_SLICEM_I4_O)
                                                      0.088    14.777 r  u_soc/g_pe[3].u_pe/u_core/core_i/if_stage_i/prefetch_buffer_i/fifo_i/instr_rdata_id_o[2]_i_1__2/O
                         net (fo=1, routed)           0.066    14.843    u_soc/g_pe[3].u_pe/u_core/core_i/if_stage_i/instr_decompressed[2]
    SLICE_X70Y119        FDCE                                         r  u_soc/g_pe[3].u_pe/u_core/core_i/if_stage_i/instr_rdata_id_o_reg[2]/D
  -------------------------------------------------------------------    -------------------

                         (clock clk rise edge)        9.999     9.999 r  
    AH18                                              0.000     9.999 r  clk300_p_i (IN)
                         net (fo=0)                   0.079    10.078    u_ibufds/I
    HPIOBDIFFINBUF_X1Y36 DIFFINBUF (Prop_DIFFINBUF_HPIOBDIFFINBUF_DIFF_IN_P_O)
                                                      0.429    10.507 r  u_ibufds/DIFFINBUF_INST/O
                         net (fo=1, routed)           0.040    10.547    u_ibufds/OUT
    AH18                 IBUFCTRL (Prop_IBUFCTRL_HPIOB_M_I_O)
                                                      0.000    10.547 r  u_ibufds/IBUFCTRL_INST/O
                         net (fo=1, routed)           0.286    10.833    clk_ref
    BUFGCE_DIV_X1Y7      BUFGCE_DIV (Prop_BUFGCE_DIV_I_O)
                                                      0.132    10.965 r  u_bufgce_div/O
                         net (fo=7065, routed)        1.733    12.698    u_soc/g_pe[3].u_pe/u_core/core_i/sleep_unit_i/core_clock_gate_i/clk
    BUFGCE_X0Y113        BUFGCE (Prop_BUFCE_BUFGCE_I_O)
                                                      0.024    12.722 r  u_soc/g_pe[3].u_pe/u_core/core_i/sleep_unit_i/core_clock_gate_i/u_bufgce/O
    X1Y1 (CLOCK_ROOT)    net (fo=2104, routed)        2.216    14.938    u_soc/g_pe[3].u_pe/u_core/core_i/if_stage_i/clk_0
    SLICE_X70Y119        FDCE                                         r  u_soc/g_pe[3].u_pe/u_core/core_i/if_stage_i/instr_rdata_id_o_reg[2]/C
                         clock pessimism              0.235    15.173    
                         clock uncertainty           -0.035    15.138    
    SLICE_X70Y119        FDCE (Setup_CFF_SLICEM_C_D)
                                                      0.025    15.163    u_soc/g_pe[3].u_pe/u_core/core_i/if_stage_i/instr_rdata_id_o_reg[2]
  -------------------------------------------------------------------
                         required time                         15.163    
                         arrival time                         -14.843    
  -------------------------------------------------------------------
                         slack                                  0.319    

Slack (MET) :             0.326ns  (required time - arrival time)
  Source:                 u_soc/g_pe[1].u_axi_ext/rvalid_o_reg/C
                            (rising edge-triggered cell FDCE clocked by clk  {rise@0.000ns fall@3.333ns period=9.999ns})
  Destination:            u_soc/g_pe[1].u_pe/u_core/core_i/id_stage_i/register_file_i/gen_rf[26].mem_reg[26][19]/D
                            (rising edge-triggered cell FDCE clocked by clk  {rise@0.000ns fall@3.333ns period=9.999ns})
  Path Group:             clk
  Path Type:              Setup (Max at Slow Process Corner)
  Requirement:            9.999ns  (clk rise@9.999ns - clk rise@0.000ns)
  Data Path Delay:        11.657ns  (logic 0.832ns (7.137%)  route 10.825ns (92.863%))
  Logic Levels:           8  (LUT3=3 LUT5=2 LUT6=3)
  Clock Path Skew:        1.994ns (DCD - SCD + CPR)
    Destination Clock Delay (DCD):    4.781ns = ( 14.780 - 9.999 ) 
    Source Clock Delay      (SCD):    3.022ns
    Clock Pessimism Removal (CPR):    0.235ns
  Clock Uncertainty:      0.035ns  ((TSJ^2 + TIJ^2)^1/2 + DJ) / 2 + PE
    Total System Jitter     (TSJ):    0.071ns
    Total Input Jitter      (TIJ):    0.000ns
    Discrete Jitter          (DJ):    0.000ns
    Phase Error              (PE):    0.000ns
  Clock Net Delay (Source):      1.873ns (routing 0.691ns, distribution 1.182ns)
  Clock Net Delay (Destination): 1.749ns (routing 0.911ns, distribution 0.838ns)

    Location             Delay type                Incr(ns)  Path(ns)    Netlist Resource(s)
  -------------------------------------------------------------------    -------------------
                         (clock clk rise edge)        0.000     0.000 r  
    AH18                                              0.000     0.000 r  clk300_p_i (IN)
                         net (fo=0)                   0.100     0.100    u_ibufds/I
    HPIOBDIFFINBUF_X1Y36 DIFFINBUF (Prop_DIFFINBUF_HPIOBDIFFINBUF_DIFF_IN_P_O)
                                                      0.525     0.625 r  u_ibufds/DIFFINBUF_INST/O
                         net (fo=1, routed)           0.050     0.675    u_ibufds/OUT
    AH18                 IBUFCTRL (Prop_IBUFCTRL_HPIOB_M_I_O)
                                                      0.000     0.675 r  u_ibufds/IBUFCTRL_INST/O
                         net (fo=1, routed)           0.322     0.997    clk_ref
    BUFGCE_DIV_X1Y7      BUFGCE_DIV (Prop_BUFGCE_DIV_I_O)
                                                      0.152     1.149 r  u_bufgce_div/O
    X1Y2 (CLOCK_ROOT)    net (fo=7065, routed)        1.873     3.022    u_soc/g_pe[1].u_axi_ext/clk
    SLICE_X64Y164        FDCE                                         r  u_soc/g_pe[1].u_axi_ext/rvalid_o_reg/C
  -------------------------------------------------------------------    -------------------
    SLICE_X64Y164        FDCE (Prop_HFF_SLICEM_C_Q)
                                                      0.079     3.101 f  u_soc/g_pe[1].u_axi_ext/rvalid_o_reg/Q
                         net (fo=35, routed)          2.667     5.768    u_soc/g_pe[1].u_pe/u_data_bridge/u_router/outstanding_q_reg[0]_0
    SLICE_X56Y216        LUT3 (Prop_D6LUT_SLICEM_I2_O)
                                                      0.099     5.867 f  u_soc/g_pe[1].u_pe/u_data_bridge/u_router/rdata_q[31]_i_12/O
                         net (fo=1, routed)           0.985     6.852    u_soc/g_pe[1].u_pe/u_data_bridge/u_router/rdata_q[31]_i_12_n_0
    SLICE_X59Y217        LUT6 (Prop_F6LUT_SLICEL_I5_O)
                                                      0.097     6.949 r  u_soc/g_pe[1].u_pe/u_data_bridge/u_router/rdata_q[31]_i_9/O
                         net (fo=32, routed)          1.778     8.727    u_soc/g_pe[1].u_pe/u_data_bridge/u_router/rdata_q[31]_i_9_n_0
    SLICE_X51Y230        LUT6 (Prop_H6LUT_SLICEL_I5_O)
                                                      0.051     8.778 r  u_soc/g_pe[1].u_pe/u_data_bridge/u_router/rdata_q[15]_i_3__0/O
                         net (fo=1, routed)           0.918     9.696    u_soc/g_pe[1].u_pe/u_data_bridge/u_router/rdata_q[15]_i_3__0_n_0
    SLICE_X51Y230        LUT5 (Prop_G6LUT_SLICEL_I0_O)
                                                      0.123     9.819 r  u_soc/g_pe[1].u_pe/u_data_bridge/u_router/rdata_q[15]_i_2__0/O
                         net (fo=9, routed)           0.544    10.363    u_soc/g_pe[1].u_pe/u_core/core_i/load_store_unit_i/data_rdata[15]
    SLICE_X52Y240        LUT5 (Prop_G6LUT_SLICEL_I4_O)
                                                      0.050    10.413 r  u_soc/g_pe[1].u_pe/u_core/core_i/load_store_unit_i/i___362_i_2/O
                         net (fo=24, routed)          1.306    11.720    u_soc/g_pe[1].u_pe/u_core/core_i_n_168
    SLICE_X49Y241        LUT6 (Prop_B6LUT_SLICEM_I1_O)
                                                      0.052    11.772 r  u_soc/g_pe[1].u_pe/u_core/i___365/O
                         net (fo=2, routed)           0.376    12.148    u_soc/g_pe[1].u_pe/u_core/core_i/load_store_unit_i/gen_rf[12].mem_reg[12][31][11]
    SLICE_X51Y241        LUT3 (Prop_H5LUT_SLICEL_I0_O)
                                                      0.158    12.306 r  u_soc/g_pe[1].u_pe/u_core/core_i/load_store_unit_i/i___461_i_1/O
                         net (fo=35, routed)          2.184    14.489    u_soc/g_pe[1].u_pe/u_core/core_i/id_stage_i/register_file_i/gen_rf[12].mem_reg[12][19]_0
    SLICE_X64Y274        LUT3 (Prop_F6LUT_SLICEM_I2_O)
                                                      0.123    14.612 r  u_soc/g_pe[1].u_pe/u_core/core_i/id_stage_i/register_file_i/gen_rf[26].mem[26][19]_i_1__0/O
                         net (fo=1, routed)           0.067    14.679    u_soc/g_pe[1].u_pe/u_core/core_i/id_stage_i/register_file_i/gen_rf[26].mem[26][19]_i_1__0_n_0
    SLICE_X64Y274        FDCE                                         r  u_soc/g_pe[1].u_pe/u_core/core_i/id_stage_i/register_file_i/gen_rf[26].mem_reg[26][19]/D
  -------------------------------------------------------------------    -------------------

                         (clock clk rise edge)        9.999     9.999 r  
    AH18                                              0.000     9.999 r  clk300_p_i (IN)
                         net (fo=0)                   0.079    10.078    u_ibufds/I
    HPIOBDIFFINBUF_X1Y36 DIFFINBUF (Prop_DIFFINBUF_HPIOBDIFFINBUF_DIFF_IN_P_O)
                                                      0.429    10.507 r  u_ibufds/DIFFINBUF_INST/O
                         net (fo=1, routed)           0.040    10.547    u_ibufds/OUT
    AH18                 IBUFCTRL (Prop_IBUFCTRL_HPIOB_M_I_O)
                                                      0.000    10.547 r  u_ibufds/IBUFCTRL_INST/O
                         net (fo=1, routed)           0.286    10.833    clk_ref
    BUFGCE_DIV_X1Y7      BUFGCE_DIV (Prop_BUFGCE_DIV_I_O)
                                                      0.132    10.965 r  u_bufgce_div/O
                         net (fo=7065, routed)        2.042    13.007    u_soc/g_pe[1].u_pe/u_core/core_i/sleep_unit_i/core_clock_gate_i/clk
    BUFGCE_X0Y143        BUFGCE (Prop_BUFCE_BUFGCE_I_O)
                                                      0.024    13.031 r  u_soc/g_pe[1].u_pe/u_core/core_i/sleep_unit_i/core_clock_gate_i/u_bufgce/O
    X0Y4 (CLOCK_ROOT)    net (fo=2107, routed)        1.749    14.780    u_soc/g_pe[1].u_pe/u_core/core_i/id_stage_i/register_file_i/clk_0
    SLICE_X64Y274        FDCE                                         r  u_soc/g_pe[1].u_pe/u_core/core_i/id_stage_i/register_file_i/gen_rf[26].mem_reg[26][19]/C
                         clock pessimism              0.235    15.015    
                         clock uncertainty           -0.035    14.980    
    SLICE_X64Y274        FDCE (Setup_FFF_SLICEM_C_D)
                                                      0.025    15.005    u_soc/g_pe[1].u_pe/u_core/core_i/id_stage_i/register_file_i/gen_rf[26].mem_reg[26][19]
  -------------------------------------------------------------------
                         required time                         15.005    
                         arrival time                         -14.679    
  -------------------------------------------------------------------
                         slack                                  0.326    

Slack (MET) :             0.329ns  (required time - arrival time)
  Source:                 u_soc/g_pe[2].u_axi_ifetch/rvalid_o_reg/C
                            (rising edge-triggered cell FDCE clocked by clk  {rise@0.000ns fall@3.333ns period=9.999ns})
  Destination:            u_soc/g_pe[2].u_pe/u_core/core_i/if_stage_i/instr_rdata_id_o_reg[19]/D
                            (rising edge-triggered cell FDCE clocked by clk  {rise@0.000ns fall@3.333ns period=9.999ns})
  Path Group:             clk
  Path Type:              Setup (Max at Slow Process Corner)
  Requirement:            9.999ns  (clk rise@9.999ns - clk rise@0.000ns)
  Data Path Delay:        11.830ns  (logic 0.648ns (5.478%)  route 11.182ns (94.522%))
  Logic Levels:           8  (LUT2=2 LUT3=1 LUT6=5)
  Clock Path Skew:        2.170ns (DCD - SCD + CPR)
    Destination Clock Delay (DCD):    5.079ns = ( 15.078 - 9.999 ) 
    Source Clock Delay      (SCD):    3.144ns
    Clock Pessimism Removal (CPR):    0.235ns
  Clock Uncertainty:      0.035ns  ((TSJ^2 + TIJ^2)^1/2 + DJ) / 2 + PE
    Total System Jitter     (TSJ):    0.071ns
    Total Input Jitter      (TIJ):    0.000ns
    Discrete Jitter          (DJ):    0.000ns
    Phase Error              (PE):    0.000ns
  Clock Net Delay (Source):      1.995ns (routing 0.691ns, distribution 1.304ns)
  Clock Net Delay (Destination): 2.358ns (routing 1.480ns, distribution 0.878ns)

    Location             Delay type                Incr(ns)  Path(ns)    Netlist Resource(s)
  -------------------------------------------------------------------    -------------------
                         (clock clk rise edge)        0.000     0.000 r  
    AH18                                              0.000     0.000 r  clk300_p_i (IN)
                         net (fo=0)                   0.100     0.100    u_ibufds/I
    HPIOBDIFFINBUF_X1Y36 DIFFINBUF (Prop_DIFFINBUF_HPIOBDIFFINBUF_DIFF_IN_P_O)
                                                      0.525     0.625 r  u_ibufds/DIFFINBUF_INST/O
                         net (fo=1, routed)           0.050     0.675    u_ibufds/OUT
    AH18                 IBUFCTRL (Prop_IBUFCTRL_HPIOB_M_I_O)
                                                      0.000     0.675 r  u_ibufds/IBUFCTRL_INST/O
                         net (fo=1, routed)           0.322     0.997    clk_ref
    BUFGCE_DIV_X1Y7      BUFGCE_DIV (Prop_BUFGCE_DIV_I_O)
                                                      0.152     1.149 r  u_bufgce_div/O
    X1Y2 (CLOCK_ROOT)    net (fo=7065, routed)        1.995     3.144    u_soc/g_pe[2].u_axi_ifetch/clk
    SLICE_X68Y112        FDCE                                         r  u_soc/g_pe[2].u_axi_ifetch/rvalid_o_reg/C
  -------------------------------------------------------------------    -------------------
    SLICE_X68Y112        FDCE (Prop_HFF2_SLICEL_C_Q)
                                                      0.080     3.224 r  u_soc/g_pe[2].u_axi_ifetch/rvalid_o_reg/Q
                         net (fo=2, routed)           1.490     4.715    u_soc/g_pe[2].u_pe/u_instr_bridge/u_router/rvalid_o
    SLICE_X68Y112        LUT3 (Prop_E6LUT_SLICEL_I2_O)
                                                      0.035     4.750 r  u_soc/g_pe[2].u_pe/u_instr_bridge/u_router/mem_q[0][31]_i_3__1/O
                         net (fo=33, routed)          1.264     6.014    u_soc/g_pe[2].u_pe/u_instr_bridge/u_router/mem_q[0][31]_i_3__1_n_0
    SLICE_X67Y104        LUT6 (Prop_G6LUT_SLICEM_I1_O)
                                                      0.100     6.114 f  u_soc/g_pe[2].u_pe/u_instr_bridge/u_router/mem_q[0][1]_i_1__1/O
                         net (fo=4, routed)           1.732     7.846    u_soc/g_pe[2].u_pe/u_core/core_i/if_stage_i/prefetch_buffer_i/fifo_i/mem_q_reg[1][31]_0[1]
    SLICE_X67Y92         LUT6 (Prop_H6LUT_SLICEM_I0_O)
                                                      0.090     7.936 f  u_soc/g_pe[2].u_pe/u_core/core_i/if_stage_i/prefetch_buffer_i/fifo_i/i___0_i_5__1/O
                         net (fo=3, routed)           0.357     8.292    u_soc/g_pe[2].u_pe/u_core/core_i/if_stage_i/prefetch_buffer_i/fifo_i/status_cnt_q_reg[0]_7
    SLICE_X68Y88         LUT6 (Prop_F6LUT_SLICEL_I2_O)
                                                      0.035     8.327 r  u_soc/g_pe[2].u_pe/u_core/core_i/if_stage_i/prefetch_buffer_i/fifo_i/i___0_i_1__1/O
                         net (fo=41, routed)          2.314    10.642    u_soc/g_pe[2].u_pe/u_core/core_i/if_stage_i/prefetch_buffer_i/fifo_i/state_reg[0]_1
    SLICE_X66Y80         LUT2 (Prop_C6LUT_SLICEL_I0_O)
                                                      0.096    10.738 r  u_soc/g_pe[2].u_pe/u_core/core_i/if_stage_i/prefetch_buffer_i/fifo_i/i___18_i_1__1/O
                         net (fo=23, routed)          1.245    11.983    u_soc/g_pe[2].u_pe/u_core/core_i/if_stage_i/prefetch_buffer_i/fifo_i/state_reg[0]_10
    SLICE_X68Y80         LUT2 (Prop_H6LUT_SLICEL_I1_O)
                                                      0.051    12.034 r  u_soc/g_pe[2].u_pe/u_core/core_i/if_stage_i/prefetch_buffer_i/fifo_i/instr_rdata_id_o[24]_i_3__1/O
                         net (fo=5, routed)           1.400    13.435    u_soc/g_pe[2].u_pe/u_core/core_i/if_stage_i/prefetch_buffer_i/fifo_i/instr_rdata_id_o[24]_i_3__1_n_0
    SLICE_X67Y77         LUT6 (Prop_H6LUT_SLICEM_I2_O)
                                                      0.125    13.560 r  u_soc/g_pe[2].u_pe/u_core/core_i/if_stage_i/prefetch_buffer_i/fifo_i/instr_rdata_id_o[19]_i_3__1/O
                         net (fo=1, routed)           1.330    14.890    u_soc/g_pe[2].u_pe/u_core/core_i/if_stage_i/prefetch_buffer_i/fifo_i/instr_rdata_id_o[19]_i_3__1_n_0
    SLICE_X77Y74         LUT6 (Prop_D6LUT_SLICEL_I2_O)
                                                      0.036    14.926 r  u_soc/g_pe[2].u_pe/u_core/core_i/if_stage_i/prefetch_buffer_i/fifo_i/instr_rdata_id_o[19]_i_1__1/O
                         net (fo=1, routed)           0.049    14.975    u_soc/g_pe[2].u_pe/u_core/core_i/if_stage_i/instr_decompressed[19]
    SLICE_X77Y74         FDCE                                         r  u_soc/g_pe[2].u_pe/u_core/core_i/if_stage_i/instr_rdata_id_o_reg[19]/D
  -------------------------------------------------------------------    -------------------

                         (clock clk rise edge)        9.999     9.999 r  
    AH18                                              0.000     9.999 r  clk300_p_i (IN)
                         net (fo=0)                   0.079    10.078    u_ibufds/I
    HPIOBDIFFINBUF_X1Y36 DIFFINBUF (Prop_DIFFINBUF_HPIOBDIFFINBUF_DIFF_IN_P_O)
                                                      0.429    10.507 r  u_ibufds/DIFFINBUF_INST/O
                         net (fo=1, routed)           0.040    10.547    u_ibufds/OUT
    AH18                 IBUFCTRL (Prop_IBUFCTRL_HPIOB_M_I_O)
                                                      0.000    10.547 r  u_ibufds/IBUFCTRL_INST/O
                         net (fo=1, routed)           0.286    10.833    clk_ref
    BUFGCE_DIV_X1Y7      BUFGCE_DIV (Prop_BUFGCE_DIV_I_O)
                                                      0.132    10.965 r  u_bufgce_div/O
                         net (fo=7065, routed)        1.731    12.696    u_soc/g_pe[2].u_pe/u_core/core_i/sleep_unit_i/core_clock_gate_i/clk
    BUFGCE_X0Y104        BUFGCE (Prop_BUFCE_BUFGCE_I_O)
                                                      0.024    12.720 r  u_soc/g_pe[2].u_pe/u_core/core_i/sleep_unit_i/core_clock_gate_i/u_bufgce/O
    X1Y0 (CLOCK_ROOT)    net (fo=2104, routed)        2.358    15.078    u_soc/g_pe[2].u_pe/u_core/core_i/if_stage_i/clk_0
    SLICE_X77Y74         FDCE                                         r  u_soc/g_pe[2].u_pe/u_core/core_i/if_stage_i/instr_rdata_id_o_reg[19]/C
                         clock pessimism              0.235    15.313    
                         clock uncertainty           -0.035    15.278    
    SLICE_X77Y74         FDCE (Setup_DFF_SLICEL_C_D)
                                                      0.025    15.303    u_soc/g_pe[2].u_pe/u_core/core_i/if_stage_i/instr_rdata_id_o_reg[19]
  -------------------------------------------------------------------
                         required time                         15.303    
                         arrival time                         -14.975    
  -------------------------------------------------------------------
                         slack                                  0.329    

Slack (MET) :             0.331ns  (required time - arrival time)
  Source:                 u_soc/g_dcache.u_dcache/g_dcu[2].u_dcu/u_tag_ram/mem_reg_1/CLKARDCLK
                            (rising edge-triggered cell RAMB18E2 clocked by clk  {rise@0.000ns fall@3.333ns period=9.999ns})
  Destination:            u_soc/g_pe[2].u_pe/u_core/core_i/id_stage_i/alu_operand_c_ex_o_reg[3]/D
                            (rising edge-triggered cell FDCE clocked by clk  {rise@0.000ns fall@3.333ns period=9.999ns})
  Path Group:             clk
  Path Type:              Setup (Max at Slow Process Corner)
  Requirement:            9.999ns  (clk rise@9.999ns - clk rise@0.000ns)
  Data Path Delay:        11.763ns  (logic 2.117ns (17.998%)  route 9.646ns (82.002%))
  Logic Levels:           13  (CARRY8=1 LUT2=1 LUT3=1 LUT4=1 LUT5=3 LUT6=6)
  Clock Path Skew:        2.105ns (DCD - SCD + CPR)
    Destination Clock Delay (DCD):    5.067ns = ( 15.066 - 9.999 ) 
    Source Clock Delay      (SCD):    3.197ns
    Clock Pessimism Removal (CPR):    0.235ns
  Clock Uncertainty:      0.035ns  ((TSJ^2 + TIJ^2)^1/2 + DJ) / 2 + PE
    Total System Jitter     (TSJ):    0.071ns
    Total Input Jitter      (TIJ):    0.000ns
    Discrete Jitter          (DJ):    0.000ns
    Phase Error              (PE):    0.000ns
  Clock Net Delay (Source):      2.048ns (routing 0.691ns, distribution 1.357ns)
  Clock Net Delay (Destination): 2.346ns (routing 1.480ns, distribution 0.866ns)

    Location             Delay type                Incr(ns)  Path(ns)    Netlist Resource(s)
  -------------------------------------------------------------------    -------------------
                         (clock clk rise edge)        0.000     0.000 r  
    AH18                                              0.000     0.000 r  clk300_p_i (IN)
                         net (fo=0)                   0.100     0.100    u_ibufds/I
    HPIOBDIFFINBUF_X1Y36 DIFFINBUF (Prop_DIFFINBUF_HPIOBDIFFINBUF_DIFF_IN_P_O)
                                                      0.525     0.625 r  u_ibufds/DIFFINBUF_INST/O
                         net (fo=1, routed)           0.050     0.675    u_ibufds/OUT
    AH18                 IBUFCTRL (Prop_IBUFCTRL_HPIOB_M_I_O)
                                                      0.000     0.675 r  u_ibufds/IBUFCTRL_INST/O
                         net (fo=1, routed)           0.322     0.997    clk_ref
    BUFGCE_DIV_X1Y7      BUFGCE_DIV (Prop_BUFGCE_DIV_I_O)
                                                      0.152     1.149 r  u_bufgce_div/O
    X1Y2 (CLOCK_ROOT)    net (fo=7065, routed)        2.048     3.197    u_soc/g_dcache.u_dcache/g_dcu[2].u_dcu/u_tag_ram/clk
    RAMB18_X1Y77         RAMB18E2                                     r  u_soc/g_dcache.u_dcache/g_dcu[2].u_dcu/u_tag_ram/mem_reg_1/CLKARDCLK
  -------------------------------------------------------------------    -------------------
    RAMB18_X1Y77         RAMB18E2 (Prop_RAMB18E2_U_RAMB181_CLKARDCLK_DOUTADOUT[11])
                                                      0.837     4.034 r  u_soc/g_dcache.u_dcache/g_dcu[2].u_dcu/u_tag_ram/mem_reg_1/DOUTADOUT[11]
                         net (fo=1, routed)           0.244     4.278    u_soc/g_dcache.u_dcache/g_dcu[2].u_dcu/rdata_q[33]
    SLICE_X52Y194        LUT4 (Prop_D6LUT_SLICEL_I1_O)
                                                      0.122     4.400 r  u_soc/g_dcache.u_dcache/g_dcu[2].u_dcu/i___21/O
                         net (fo=1, routed)           0.201     4.601    u_soc/g_dcache.u_dcache/g_dcu[2].u_dcu/i___21_n_0
    SLICE_X53Y193        LUT6 (Prop_D6LUT_SLICEM_I4_O)
                                                      0.145     4.746 r  u_soc/g_dcache.u_dcache/g_dcu[2].u_dcu/i___32_i_7/O
                         net (fo=1, routed)           0.025     4.771    u_soc/g_dcache.u_dcache/g_dcu[2].u_dcu/i___32_i_7_n_0
    SLICE_X53Y193        CARRY8 (Prop_CARRY8_SLICEM_S[3]_CO[7])
                                                      0.170     4.941 r  u_soc/g_dcache.u_dcache/g_dcu[2].u_dcu/i___32_i_3/CO[7]
                         net (fo=3, routed)           0.193     5.135    u_soc/g_dcache.u_dcache/g_dcu[2].u_dcu/u_hcl/hit_o10_out
    SLICE_X53Y190        LUT2 (Prop_B6LUT_SLICEM_I1_O)
                                                      0.052     5.187 r  u_soc/g_dcache.u_dcache/g_dcu[2].u_dcu/i___32_i_1/O
                         net (fo=121, routed)         2.204     7.390    u_soc/g_dcache.u_dcache/g_dcu[2].u_dcu/u_data_ram/hit_way
    SLICE_X52Y63         LUT6 (Prop_C6LUT_SLICEL_I2_O)
                                                      0.123     7.513 r  u_soc/g_dcache.u_dcache/g_dcu[2].u_dcu/u_data_ram/mem_reg_0_i_128__1/O
                         net (fo=2, routed)           0.831     8.344    u_soc/g_dcache.u_dcache/g_dcu[2].u_dcu/u_data_ram/mem_reg_0_i_128__1_n_0
    SLICE_X56Y68         LUT5 (Prop_E6LUT_SLICEM_I0_O)
                                                      0.148     8.492 r  u_soc/g_dcache.u_dcache/g_dcu[2].u_dcu/u_data_ram/rdata_q[3]_i_9__0/O
                         net (fo=1, routed)           0.457     8.949    u_soc/g_pe[2].u_pe/u_itcm/dcu_rdata[3]
    SLICE_X62Y69         LUT6 (Prop_F6LUT_SLICEL_I4_O)
                                                      0.035     8.984 r  u_soc/g_pe[2].u_pe/u_itcm/rdata_q[3]_i_4__0/O
                         net (fo=1, routed)           0.840     9.824    u_soc/g_pe[2].u_pe/u_data_bridge/u_router/rdata_q_reg[3]
    SLICE_X61Y69         LUT5 (Prop_C6LUT_SLICEM_I4_O)
                                                      0.088     9.912 r  u_soc/g_pe[2].u_pe/u_data_bridge/u_router/rdata_q[3]_i_2__1/O
                         net (fo=8, routed)           1.069    10.981    u_soc/g_pe[2].u_pe/u_data_bridge/u_router/rdata_o_reg[3]
    SLICE_X62Y70         LUT6 (Prop_G6LUT_SLICEL_I1_O)
                                                      0.097    11.078 r  u_soc/g_pe[2].u_pe/u_data_bridge/u_router/rdata_q[3]_i_6__0/O
                         net (fo=1, routed)           0.694    11.772    u_soc/g_pe[2].u_pe/u_core/core_i/load_store_unit_i/rdata_b_ext[3]
    SLICE_X62Y70         LUT5 (Prop_E6LUT_SLICEL_I1_O)
                                                      0.051    11.823 r  u_soc/g_pe[2].u_pe/u_core/core_i/load_store_unit_i/rdata_q[3]_i_3__1/O
                         net (fo=2, routed)           0.094    11.917    u_soc/g_pe[2].u_pe/u_core/core_i/load_store_unit_i/data_rdata_ext[3]
    SLICE_X62Y69         LUT3 (Prop_A6LUT_SLICEL_I0_O)
                                                      0.124    12.041 r  u_soc/g_pe[2].u_pe/u_core/core_i/load_store_unit_i/gen_rf[31].mem[31][3]_i_3__0/O
                         net (fo=35, routed)          1.735    13.776    u_soc/g_pe[2].u_pe/u_core/core_i/id_stage_i/register_file_i/lsu_rdata[3]
    SLICE_X81Y75         LUT6 (Prop_F6LUT_SLICEM_I4_O)
                                                      0.037    13.813 f  u_soc/g_pe[2].u_pe/u_core/core_i/id_stage_i/register_file_i/alu_operand_b_ex_o[3]_i_2__1/O
                         net (fo=5, routed)           1.009    14.822    u_soc/g_pe[2].u_pe/u_core/core_i/if_stage_i/mult_operand_b_ex_o_reg[3]_1
    SLICE_X72Y81         LUT6 (Prop_C6LUT_SLICEL_I5_O)
                                                      0.088    14.910 r  u_soc/g_pe[2].u_pe/u_core/core_i/if_stage_i/alu_operand_c_ex_o[3]_i_1__1/O
                         net (fo=1, routed)           0.050    14.960    u_soc/g_pe[2].u_pe/u_core/core_i/id_stage_i/alu_operand_c_ex_o_reg[31]_1[3]
    SLICE_X72Y81         FDCE                                         r  u_soc/g_pe[2].u_pe/u_core/core_i/id_stage_i/alu_operand_c_ex_o_reg[3]/D
  -------------------------------------------------------------------    -------------------

                         (clock clk rise edge)        9.999     9.999 r  
    AH18                                              0.000     9.999 r  clk300_p_i (IN)
                         net (fo=0)                   0.079    10.078    u_ibufds/I
    HPIOBDIFFINBUF_X1Y36 DIFFINBUF (Prop_DIFFINBUF_HPIOBDIFFINBUF_DIFF_IN_P_O)
                                                      0.429    10.507 r  u_ibufds/DIFFINBUF_INST/O
                         net (fo=1, routed)           0.040    10.547    u_ibufds/OUT
    AH18                 IBUFCTRL (Prop_IBUFCTRL_HPIOB_M_I_O)
                                                      0.000    10.547 r  u_ibufds/IBUFCTRL_INST/O
                         net (fo=1, routed)           0.286    10.833    clk_ref
    BUFGCE_DIV_X1Y7      BUFGCE_DIV (Prop_BUFGCE_DIV_I_O)
                                                      0.132    10.965 r  u_bufgce_div/O
                         net (fo=7065, routed)        1.731    12.696    u_soc/g_pe[2].u_pe/u_core/core_i/sleep_unit_i/core_clock_gate_i/clk
    BUFGCE_X0Y104        BUFGCE (Prop_BUFCE_BUFGCE_I_O)
                                                      0.024    12.720 r  u_soc/g_pe[2].u_pe/u_core/core_i/sleep_unit_i/core_clock_gate_i/u_bufgce/O
    X1Y0 (CLOCK_ROOT)    net (fo=2104, routed)        2.346    15.066    u_soc/g_pe[2].u_pe/u_core/core_i/id_stage_i/clk_0
    SLICE_X72Y81         FDCE                                         r  u_soc/g_pe[2].u_pe/u_core/core_i/id_stage_i/alu_operand_c_ex_o_reg[3]/C
                         clock pessimism              0.235    15.301    
                         clock uncertainty           -0.035    15.266    
    SLICE_X72Y81         FDCE (Setup_CFF_SLICEL_C_D)
                                                      0.025    15.291    u_soc/g_pe[2].u_pe/u_core/core_i/id_stage_i/alu_operand_c_ex_o_reg[3]
  -------------------------------------------------------------------
                         required time                         15.291    
                         arrival time                         -14.960    
  -------------------------------------------------------------------
                         slack                                  0.331    

Slack (MET) :             0.334ns  (required time - arrival time)
  Source:                 u_soc/g_dcache.u_dcache/g_dcu[2].u_dcu/u_tag_ram/mem_reg_1/CLKARDCLK
                            (rising edge-triggered cell RAMB18E2 clocked by clk  {rise@0.000ns fall@3.333ns period=9.999ns})
  Destination:            u_soc/g_pe[2].u_pe/u_core/core_i/id_stage_i/mult_operand_c_ex_o_reg[3]/D
                            (rising edge-triggered cell FDCE clocked by clk  {rise@0.000ns fall@3.333ns period=9.999ns})
  Path Group:             clk
  Path Type:              Setup (Max at Slow Process Corner)
  Requirement:            9.999ns  (clk rise@9.999ns - clk rise@0.000ns)
  Data Path Delay:        11.761ns  (logic 2.079ns (17.677%)  route 9.682ns (82.322%))
  Logic Levels:           13  (CARRY8=1 LUT2=1 LUT3=1 LUT4=1 LUT5=3 LUT6=6)
  Clock Path Skew:        2.106ns (DCD - SCD + CPR)
    Destination Clock Delay (DCD):    5.068ns = ( 15.067 - 9.999 ) 
    Source Clock Delay      (SCD):    3.197ns
    Clock Pessimism Removal (CPR):    0.235ns
  Clock Uncertainty:      0.035ns  ((TSJ^2 + TIJ^2)^1/2 + DJ) / 2 + PE
    Total System Jitter     (TSJ):    0.071ns
    Total Input Jitter      (TIJ):    0.000ns
    Discrete Jitter          (DJ):    0.000ns
    Phase Error              (PE):    0.000ns
  Clock Net Delay (Source):      2.048ns (routing 0.691ns, distribution 1.357ns)
  Clock Net Delay (Destination): 2.347ns (routing 1.480ns, distribution 0.867ns)

    Location             Delay type                Incr(ns)  Path(ns)    Netlist Resource(s)
  -------------------------------------------------------------------    -------------------
                         (clock clk rise edge)        0.000     0.000 r  
    AH18                                              0.000     0.000 r  clk300_p_i (IN)
                         net (fo=0)                   0.100     0.100    u_ibufds/I
    HPIOBDIFFINBUF_X1Y36 DIFFINBUF (Prop_DIFFINBUF_HPIOBDIFFINBUF_DIFF_IN_P_O)
                                                      0.525     0.625 r  u_ibufds/DIFFINBUF_INST/O
                         net (fo=1, routed)           0.050     0.675    u_ibufds/OUT
    AH18                 IBUFCTRL (Prop_IBUFCTRL_HPIOB_M_I_O)
                                                      0.000     0.675 r  u_ibufds/IBUFCTRL_INST/O
                         net (fo=1, routed)           0.322     0.997    clk_ref
    BUFGCE_DIV_X1Y7      BUFGCE_DIV (Prop_BUFGCE_DIV_I_O)
                                                      0.152     1.149 r  u_bufgce_div/O
    X1Y2 (CLOCK_ROOT)    net (fo=7065, routed)        2.048     3.197    u_soc/g_dcache.u_dcache/g_dcu[2].u_dcu/u_tag_ram/clk
    RAMB18_X1Y77         RAMB18E2                                     r  u_soc/g_dcache.u_dcache/g_dcu[2].u_dcu/u_tag_ram/mem_reg_1/CLKARDCLK
  -------------------------------------------------------------------    -------------------
    RAMB18_X1Y77         RAMB18E2 (Prop_RAMB18E2_U_RAMB181_CLKARDCLK_DOUTADOUT[11])
                                                      0.837     4.034 r  u_soc/g_dcache.u_dcache/g_dcu[2].u_dcu/u_tag_ram/mem_reg_1/DOUTADOUT[11]
                         net (fo=1, routed)           0.244     4.278    u_soc/g_dcache.u_dcache/g_dcu[2].u_dcu/rdata_q[33]
    SLICE_X52Y194        LUT4 (Prop_D6LUT_SLICEL_I1_O)
                                                      0.122     4.400 r  u_soc/g_dcache.u_dcache/g_dcu[2].u_dcu/i___21/O
                         net (fo=1, routed)           0.201     4.601    u_soc/g_dcache.u_dcache/g_dcu[2].u_dcu/i___21_n_0
    SLICE_X53Y193        LUT6 (Prop_D6LUT_SLICEM_I4_O)
                                                      0.145     4.746 r  u_soc/g_dcache.u_dcache/g_dcu[2].u_dcu/i___32_i_7/O
                         net (fo=1, routed)           0.025     4.771    u_soc/g_dcache.u_dcache/g_dcu[2].u_dcu/i___32_i_7_n_0
    SLICE_X53Y193        CARRY8 (Prop_CARRY8_SLICEM_S[3]_CO[7])
                                                      0.170     4.941 r  u_soc/g_dcache.u_dcache/g_dcu[2].u_dcu/i___32_i_3/CO[7]
                         net (fo=3, routed)           0.193     5.135    u_soc/g_dcache.u_dcache/g_dcu[2].u_dcu/u_hcl/hit_o10_out
    SLICE_X53Y190        LUT2 (Prop_B6LUT_SLICEM_I1_O)
                                                      0.052     5.187 r  u_soc/g_dcache.u_dcache/g_dcu[2].u_dcu/i___32_i_1/O
                         net (fo=121, routed)         2.204     7.390    u_soc/g_dcache.u_dcache/g_dcu[2].u_dcu/u_data_ram/hit_way
    SLICE_X52Y63         LUT6 (Prop_C6LUT_SLICEL_I2_O)
                                                      0.123     7.513 r  u_soc/g_dcache.u_dcache/g_dcu[2].u_dcu/u_data_ram/mem_reg_0_i_128__1/O
                         net (fo=2, routed)           0.831     8.344    u_soc/g_dcache.u_dcache/g_dcu[2].u_dcu/u_data_ram/mem_reg_0_i_128__1_n_0
    SLICE_X56Y68         LUT5 (Prop_E6LUT_SLICEM_I0_O)
                                                      0.148     8.492 r  u_soc/g_dcache.u_dcache/g_dcu[2].u_dcu/u_data_ram/rdata_q[3]_i_9__0/O
                         net (fo=1, routed)           0.457     8.949    u_soc/g_pe[2].u_pe/u_itcm/dcu_rdata[3]
    SLICE_X62Y69         LUT6 (Prop_F6LUT_SLICEL_I4_O)
                                                      0.035     8.984 r  u_soc/g_pe[2].u_pe/u_itcm/rdata_q[3]_i_4__0/O
                         net (fo=1, routed)           0.840     9.824    u_soc/g_pe[2].u_pe/u_data_bridge/u_router/rdata_q_reg[3]
    SLICE_X61Y69         LUT5 (Prop_C6LUT_SLICEM_I4_O)
                                                      0.088     9.912 r  u_soc/g_pe[2].u_pe/u_data_bridge/u_router/rdata_q[3]_i_2__1/O
                         net (fo=8, routed)           1.069    10.981    u_soc/g_pe[2].u_pe/u_data_bridge/u_router/rdata_o_reg[3]
    SLICE_X62Y70         LUT6 (Prop_G6LUT_SLICEL_I1_O)
                                                      0.097    11.078 r  u_soc/g_pe[2].u_pe/u_data_bridge/u_router/rdata_q[3]_i_6__0/O
                         net (fo=1, routed)           0.694    11.772    u_soc/g_pe[2].u_pe/u_core/core_i/load_store_unit_i/rdata_b_ext[3]
    SLICE_X62Y70         LUT5 (Prop_E6LUT_SLICEL_I1_O)
                                                      0.051    11.823 r  u_soc/g_pe[2].u_pe/u_core/core_i/load_store_unit_i/rdata_q[3]_i_3__1/O
                         net (fo=2, routed)           0.094    11.917    u_soc/g_pe[2].u_pe/u_core/core_i/load_store_unit_i/data_rdata_ext[3]
    SLICE_X62Y69         LUT3 (Prop_A6LUT_SLICEL_I0_O)
                                                      0.124    12.041 r  u_soc/g_pe[2].u_pe/u_core/core_i/load_store_unit_i/gen_rf[31].mem[31][3]_i_3__0/O
                         net (fo=35, routed)          1.735    13.776    u_soc/g_pe[2].u_pe/u_core/core_i/id_stage_i/register_file_i/lsu_rdata[3]
    SLICE_X81Y75         LUT6 (Prop_F6LUT_SLICEM_I4_O)
                                                      0.037    13.813 f  u_soc/g_pe[2].u_pe/u_core/core_i/id_stage_i/register_file_i/alu_operand_b_ex_o[3]_i_2__1/O
                         net (fo=5, routed)           1.046    14.859    u_soc/g_pe[2].u_pe/u_core/core_i/if_stage_i/mult_operand_b_ex_o_reg[3]_1
    SLICE_X72Y80         LUT6 (Prop_D6LUT_SLICEL_I5_O)
                                                      0.050    14.909 r  u_soc/g_pe[2].u_pe/u_core/core_i/if_stage_i/mult_operand_c_ex_o[3]_i_1__1/O
                         net (fo=1, routed)           0.049    14.958    u_soc/g_pe[2].u_pe/u_core/core_i/id_stage_i/mult_operand_c_ex_o_reg[31]_2[3]
    SLICE_X72Y80         FDCE                                         r  u_soc/g_pe[2].u_pe/u_core/core_i/id_stage_i/mult_operand_c_ex_o_reg[3]/D
  -------------------------------------------------------------------    -------------------

                         (clock clk rise edge)        9.999     9.999 r  
    AH18                                              0.000     9.999 r  clk300_p_i (IN)
                         net (fo=0)                   0.079    10.078    u_ibufds/I
    HPIOBDIFFINBUF_X1Y36 DIFFINBUF (Prop_DIFFINBUF_HPIOBDIFFINBUF_DIFF_IN_P_O)
                                                      0.429    10.507 r  u_ibufds/DIFFINBUF_INST/O
                         net (fo=1, routed)           0.040    10.547    u_ibufds/OUT
    AH18                 IBUFCTRL (Prop_IBUFCTRL_HPIOB_M_I_O)
                                                      0.000    10.547 r  u_ibufds/IBUFCTRL_INST/O
                         net (fo=1, routed)           0.286    10.833    clk_ref
    BUFGCE_DIV_X1Y7      BUFGCE_DIV (Prop_BUFGCE_DIV_I_O)
                                                      0.132    10.965 r  u_bufgce_div/O
                         net (fo=7065, routed)        1.731    12.696    u_soc/g_pe[2].u_pe/u_core/core_i/sleep_unit_i/core_clock_gate_i/clk
    BUFGCE_X0Y104        BUFGCE (Prop_BUFCE_BUFGCE_I_O)
                                                      0.024    12.720 r  u_soc/g_pe[2].u_pe/u_core/core_i/sleep_unit_i/core_clock_gate_i/u_bufgce/O
    X1Y0 (CLOCK_ROOT)    net (fo=2104, routed)        2.347    15.067    u_soc/g_pe[2].u_pe/u_core/core_i/id_stage_i/clk_0
    SLICE_X72Y80         FDCE                                         r  u_soc/g_pe[2].u_pe/u_core/core_i/id_stage_i/mult_operand_c_ex_o_reg[3]/C
                         clock pessimism              0.235    15.302    
                         clock uncertainty           -0.035    15.267    
    SLICE_X72Y80         FDCE (Setup_DFF_SLICEL_C_D)
                                                      0.025    15.292    u_soc/g_pe[2].u_pe/u_core/core_i/id_stage_i/mult_operand_c_ex_o_reg[3]
  -------------------------------------------------------------------
                         required time                         15.292    
                         arrival time                         -14.958    
  -------------------------------------------------------------------
                         slack                                  0.334    

Slack (MET) :             0.341ns  (required time - arrival time)
  Source:                 u_soc/g_pe[2].u_pe/u_core/core_i/id_stage_i/alu_operand_a_ex_o_reg[20]/C
                            (rising edge-triggered cell FDCE clocked by clk  {rise@0.000ns fall@3.333ns period=9.999ns})
  Destination:            u_soc/g_pe[2].u_pe/u_core/core_i/id_stage_i/mult_operand_a_ex_o_reg[0]/CE
                            (rising edge-triggered cell FDCE clocked by clk  {rise@0.000ns fall@3.333ns period=9.999ns})
  Path Group:             clk
  Path Type:              Setup (Max at Slow Process Corner)
  Requirement:            9.999ns  (clk rise@9.999ns - clk rise@0.000ns)
  Data Path Delay:        9.486ns  (logic 1.245ns (13.124%)  route 8.241ns (86.876%))
  Logic Levels:           15  (CARRY8=2 LUT2=3 LUT3=1 LUT5=3 LUT6=6)
  Clock Path Skew:        -0.076ns (DCD - SCD + CPR)
    Destination Clock Delay (DCD):    5.089ns = ( 15.088 - 9.999 ) 
    Source Clock Delay      (SCD):    5.727ns
    Clock Pessimism Removal (CPR):    0.561ns
  Clock Uncertainty:      0.035ns  ((TSJ^2 + TIJ^2)^1/2 + DJ) / 2 + PE
    Total System Jitter     (TSJ):    0.071ns
    Total Input Jitter      (TIJ):    0.000ns
    Discrete Jitter          (DJ):    0.000ns
    Phase Error              (PE):    0.000ns
  Clock Net Delay (Source):      2.645ns (routing 1.631ns, distribution 1.014ns)
  Clock Net Delay (Destination): 2.368ns (routing 1.480ns, distribution 0.888ns)

    Location             Delay type                Incr(ns)  Path(ns)    Netlist Resource(s)
  -------------------------------------------------------------------    -------------------
                         (clock clk rise edge)        0.000     0.000 r  
    AH18                                              0.000     0.000 r  clk300_p_i (IN)
                         net (fo=0)                   0.100     0.100    u_ibufds/I
    HPIOBDIFFINBUF_X1Y36 DIFFINBUF (Prop_DIFFINBUF_HPIOBDIFFINBUF_DIFF_IN_P_O)
                                                      0.525     0.625 r  u_ibufds/DIFFINBUF_INST/O
                         net (fo=1, routed)           0.050     0.675    u_ibufds/OUT
    AH18                 IBUFCTRL (Prop_IBUFCTRL_HPIOB_M_I_O)
                                                      0.000     0.675 r  u_ibufds/IBUFCTRL_INST/O
                         net (fo=1, routed)           0.322     0.997    clk_ref
    BUFGCE_DIV_X1Y7      BUFGCE_DIV (Prop_BUFGCE_DIV_I_O)
                                                      0.152     1.149 r  u_bufgce_div/O
                         net (fo=7065, routed)        1.905     3.054    u_soc/g_pe[2].u_pe/u_core/core_i/sleep_unit_i/core_clock_gate_i/clk
    BUFGCE_X0Y104        BUFGCE (Prop_BUFCE_BUFGCE_I_O)
                                                      0.028     3.082 r  u_soc/g_pe[2].u_pe/u_core/core_i/sleep_unit_i/core_clock_gate_i/u_bufgce/O
    X1Y0 (CLOCK_ROOT)    net (fo=2104, routed)        2.645     5.727    u_soc/g_pe[2].u_pe/u_core/core_i/id_stage_i/clk_0
    SLICE_X77Y87         FDCE                                         r  u_soc/g_pe[2].u_pe/u_core/core_i/id_stage_i/alu_operand_a_ex_o_reg[20]/C
  -------------------------------------------------------------------    -------------------
    SLICE_X77Y87         FDCE (Prop_DFF_SLICEL_C_Q)
                                                      0.079     5.806 r  u_soc/g_pe[2].u_pe/u_core/core_i/id_stage_i/alu_operand_a_ex_o_reg[20]/Q
                         net (fo=24, routed)          1.226     7.032    u_soc/g_pe[2].u_pe/u_core/core_i/id_stage_i/alu_operand_a_ex_o_reg[31]_0[20]
    SLICE_X64Y109        LUT3 (Prop_E6LUT_SLICEM_I0_O)
                                                      0.124     7.156 r  u_soc/g_pe[2].u_pe/u_core/core_i/id_stage_i/addr_q[17]_i_5__1/O
                         net (fo=1, routed)           0.014     7.170    u_soc/g_pe[2].u_pe/u_core/core_i/id_stage_i/addr_q[17]_i_5__1_n_0
    SLICE_X64Y109        CARRY8 (Prop_CARRY8_SLICEM_S[4]_CO[7])
                                                      0.156     7.326 r  u_soc/g_pe[2].u_pe/u_core/core_i/id_stage_i/addr_q_reg[17]_i_1__1/CO[7]
                         net (fo=1, routed)           0.026     7.352    u_soc/g_pe[2].u_pe/u_core/core_i/id_stage_i/addr_q_reg[17]_i_1__1_n_0
    SLICE_X64Y110        CARRY8 (Prop_CARRY8_SLICEM_CI_O[7])
                                                      0.123     7.475 r  u_soc/g_pe[2].u_pe/u_core/core_i/id_stage_i/addr_q_reg[31]_i_2__1/O[7]
                         net (fo=13, routed)          0.298     7.773    u_soc/g_pe[2].u_pe/u_core/core_i/id_stage_i/alu_operand_a_ex_o_reg[30]_0[7]
    SLICE_X64Y111        LUT6 (Prop_H6LUT_SLICEM_I2_O)
                                                      0.053     7.826 f  u_soc/g_pe[2].u_pe/u_core/core_i/id_stage_i/d_rvalid_o_i_4__0/O
                         net (fo=5, routed)           0.199     8.025    u_soc/g_pe[2].u_pe/u_core/core_i/id_stage_i/tgt_q_reg[1]
    SLICE_X65Y111        LUT6 (Prop_F6LUT_SLICEL_I1_O)
                                                      0.097     8.122 f  u_soc/g_pe[2].u_pe/u_core/core_i/id_stage_i/i___37_i_3__3/O
                         net (fo=4, routed)           0.503     8.625    u_soc/g_pe[2].u_pe/u_core/core_i/id_stage_i/i___37_i_3__3_n_0
    SLICE_X64Y139        LUT5 (Prop_H5LUT_SLICEM_I4_O)
                                                      0.096     8.721 r  u_soc/g_pe[2].u_pe/u_core/core_i/id_stage_i/FSM_onehot_state_q[5]_i_4__1/O
                         net (fo=3, routed)           0.371     9.092    u_soc/g_pe[2].u_axi_ext/ex_req_2
    SLICE_X64Y141        LUT2 (Prop_G6LUT_SLICEM_I1_O)
                                                      0.052     9.144 r  u_soc/g_pe[2].u_axi_ext/i___157_i_4__0/O
                         net (fo=1, routed)           1.193    10.337    u_soc/g_pe[2].u_pe/u_core/core_i/id_stage_i/ex_gnt_2
    SLICE_X64Y111        LUT6 (Prop_G6LUT_SLICEM_I4_O)
                                                      0.100    10.437 r  u_soc/g_pe[2].u_pe/u_core/core_i/id_stage_i/i___157_i_1__0/O
                         net (fo=11, routed)          0.687    11.125    u_soc/g_pe[2].u_pe/u_core/core_i/id_stage_i/controller_i/i___61_i_3__1_0
    SLICE_X66Y89         LUT5 (Prop_D5LUT_SLICEL_I0_O)
                                                      0.066    11.191 r  u_soc/g_pe[2].u_pe/u_core/core_i/id_stage_i/controller_i/i___61_i_4__1/O
                         net (fo=1, routed)           0.785    11.976    u_soc/g_pe[2].u_pe/u_core/core_i/id_stage_i/controller_i/lsu_ready_ex
    SLICE_X65Y89         LUT6 (Prop_G6LUT_SLICEL_I5_O)
                                                      0.089    12.065 f  u_soc/g_pe[2].u_pe/u_core/core_i/id_stage_i/controller_i/i___61_i_3__1/O
                         net (fo=1, routed)           0.443    12.508    u_soc/g_pe[2].u_pe/u_core/core_i/id_stage_i/controller_i/i___61_i_3__1_n_0
    SLICE_X65Y86         LUT6 (Prop_D6LUT_SLICEL_I5_O)
                                                      0.050    12.558 r  u_soc/g_pe[2].u_pe/u_core/core_i/id_stage_i/controller_i/i___61_i_2__1/O
                         net (fo=2, routed)           0.378    12.936    u_soc/g_pe[2].u_pe/u_core/core_i/id_stage_i/controller_i/FSM_onehot_mulh_CS_reg[0]
    SLICE_X66Y87         LUT2 (Prop_F6LUT_SLICEL_I1_O)
                                                      0.035    12.971 r  u_soc/g_pe[2].u_pe/u_core/core_i/id_stage_i/controller_i/i___61_i_1__1/O
                         net (fo=10, routed)          0.387    13.357    u_soc/g_pe[2].u_pe/u_core/ex_ready
    SLICE_X71Y88         LUT5 (Prop_G6LUT_SLICEM_I2_O)
                                                      0.037    13.394 f  u_soc/g_pe[2].u_pe/u_core/i___261/O
                         net (fo=11, routed)          0.612    14.006    u_soc/g_pe[2].u_pe/u_core/core_i/id_stage_i/controller_i/instr_valid_id_o_reg_1
    SLICE_X67Y90         LUT2 (Prop_C6LUT_SLICEM_I1_O)
                                                      0.051    14.057 r  u_soc/g_pe[2].u_pe/u_core/core_i/id_stage_i/controller_i/id_valid_q_i_1__1/O
                         net (fo=29, routed)          0.392    14.449    u_soc/g_pe[2].u_pe/u_core/core_i/ex_stage_i/mult_i/data_sign_ext_ex_o_reg[0]_0
    SLICE_X71Y85         LUT6 (Prop_C6LUT_SLICEM_I5_O)
                                                      0.037    14.486 r  u_soc/g_pe[2].u_pe/u_core/core_i/ex_stage_i/mult_i/mult_operator_ex_o[2]_i_1__1/O
                         net (fo=68, routed)          0.727    15.213    u_soc/g_pe[2].u_pe/u_core/core_i/id_stage_i/mult_operand_b_ex_o_reg[0]_0[0]
    SLICE_X82Y83         FDCE                                         r  u_soc/g_pe[2].u_pe/u_core/core_i/id_stage_i/mult_operand_a_ex_o_reg[0]/CE
  -------------------------------------------------------------------    -------------------

                         (clock clk rise edge)        9.999     9.999 r  
    AH18                                              0.000     9.999 r  clk300_p_i (IN)
                         net (fo=0)                   0.079    10.078    u_ibufds/I
    HPIOBDIFFINBUF_X1Y36 DIFFINBUF (Prop_DIFFINBUF_HPIOBDIFFINBUF_DIFF_IN_P_O)
                                                      0.429    10.507 r  u_ibufds/DIFFINBUF_INST/O
                         net (fo=1, routed)           0.040    10.547    u_ibufds/OUT
    AH18                 IBUFCTRL (Prop_IBUFCTRL_HPIOB_M_I_O)
                                                      0.000    10.547 r  u_ibufds/IBUFCTRL_INST/O
                         net (fo=1, routed)           0.286    10.833    clk_ref
    BUFGCE_DIV_X1Y7      BUFGCE_DIV (Prop_BUFGCE_DIV_I_O)
                                                      0.132    10.965 r  u_bufgce_div/O
                         net (fo=7065, routed)        1.731    12.696    u_soc/g_pe[2].u_pe/u_core/core_i/sleep_unit_i/core_clock_gate_i/clk
    BUFGCE_X0Y104        BUFGCE (Prop_BUFCE_BUFGCE_I_O)
                                                      0.024    12.720 r  u_soc/g_pe[2].u_pe/u_core/core_i/sleep_unit_i/core_clock_gate_i/u_bufgce/O
    X1Y0 (CLOCK_ROOT)    net (fo=2104, routed)        2.368    15.088    u_soc/g_pe[2].u_pe/u_core/core_i/id_stage_i/clk_0
    SLICE_X82Y83         FDCE                                         r  u_soc/g_pe[2].u_pe/u_core/core_i/id_stage_i/mult_operand_a_ex_o_reg[0]/C
                         clock pessimism              0.561    15.650    
                         clock uncertainty           -0.035    15.614    
    SLICE_X82Y83         FDCE (Setup_DFF_SLICEL_C_CE)
                                                     -0.060    15.554    u_soc/g_pe[2].u_pe/u_core/core_i/id_stage_i/mult_operand_a_ex_o_reg[0]
  -------------------------------------------------------------------
                         required time                         15.554    
                         arrival time                         -15.213    
  -------------------------------------------------------------------
                         slack                                  0.341    





Min Delay Paths
--------------------------------------------------------------------------------------
Slack (MET) :             0.012ns  (arrival time - required time)
  Source:                 u_soc/g_dcache.u_dcache/g_dcu[0].u_dcu/s1_wdata_q_reg[1]/C
                            (rising edge-triggered cell FDCE clocked by clk  {rise@0.000ns fall@3.333ns period=9.999ns})
  Destination:            u_soc/g_dcache.u_dcache/g_dcu[0].u_dcu/s2_wdata_q_reg[1]/D
                            (rising edge-triggered cell FDCE clocked by clk  {rise@0.000ns fall@3.333ns period=9.999ns})
  Path Group:             clk
  Path Type:              Hold (Min at Slow Process Corner)
  Requirement:            0.000ns  (clk rise@0.000ns - clk rise@0.000ns)
  Data Path Delay:        0.173ns  (logic 0.059ns (34.025%)  route 0.114ns (65.975%))
  Logic Levels:           0  
  Clock Path Skew:        0.101ns (DCD - SCD - CPR)
    Destination Clock Delay (DCD):    3.047ns
    Source Clock Delay      (SCD):    2.637ns
    Clock Pessimism Removal (CPR):    0.309ns
  Clock Net Delay (Source):      1.671ns (routing 0.628ns, distribution 1.043ns)
  Clock Net Delay (Destination): 1.898ns (routing 0.691ns, distribution 1.207ns)

    Location             Delay type                Incr(ns)  Path(ns)    Netlist Resource(s)
  -------------------------------------------------------------------    -------------------
                         (clock clk rise edge)        0.000     0.000 r  
    AH18                                              0.000     0.000 r  clk300_p_i (IN)
                         net (fo=0)                   0.079     0.079    u_ibufds/I
    HPIOBDIFFINBUF_X1Y36 DIFFINBUF (Prop_DIFFINBUF_HPIOBDIFFINBUF_DIFF_IN_P_O)
                                                      0.429     0.508 r  u_ibufds/DIFFINBUF_INST/O
                         net (fo=1, routed)           0.040     0.548    u_ibufds/OUT
    AH18                 IBUFCTRL (Prop_IBUFCTRL_HPIOB_M_I_O)
                                                      0.000     0.548 r  u_ibufds/IBUFCTRL_INST/O
                         net (fo=1, routed)           0.286     0.834    clk_ref
    BUFGCE_DIV_X1Y7      BUFGCE_DIV (Prop_BUFGCE_DIV_I_O)
                                                      0.132     0.966 r  u_bufgce_div/O
    X1Y2 (CLOCK_ROOT)    net (fo=7065, routed)        1.671     2.637    u_soc/g_dcache.u_dcache/g_dcu[0].u_dcu/clk
    SLICE_X59Y146        FDCE                                         r  u_soc/g_dcache.u_dcache/g_dcu[0].u_dcu/s1_wdata_q_reg[1]/C
  -------------------------------------------------------------------    -------------------
    SLICE_X59Y146        FDCE (Prop_DFF_SLICEL_C_Q)
                                                      0.059     2.696 r  u_soc/g_dcache.u_dcache/g_dcu[0].u_dcu/s1_wdata_q_reg[1]/Q
                         net (fo=2, routed)           0.114     2.811    u_soc/g_dcache.u_dcache/g_dcu[0].u_dcu/s1_wdata_q_reg_n_0_[1]
    SLICE_X58Y145        FDCE                                         r  u_soc/g_dcache.u_dcache/g_dcu[0].u_dcu/s2_wdata_q_reg[1]/D
  -------------------------------------------------------------------    -------------------

                         (clock clk rise edge)        0.000     0.000 r  
    AH18                                              0.000     0.000 r  clk300_p_i (IN)
                         net (fo=0)                   0.100     0.100    u_ibufds/I
    HPIOBDIFFINBUF_X1Y36 DIFFINBUF (Prop_DIFFINBUF_HPIOBDIFFINBUF_DIFF_IN_P_O)
                                                      0.525     0.625 r  u_ibufds/DIFFINBUF_INST/O
                         net (fo=1, routed)           0.050     0.675    u_ibufds/OUT
    AH18                 IBUFCTRL (Prop_IBUFCTRL_HPIOB_M_I_O)
                                                      0.000     0.675 r  u_ibufds/IBUFCTRL_INST/O
                         net (fo=1, routed)           0.322     0.997    clk_ref
    BUFGCE_DIV_X1Y7      BUFGCE_DIV (Prop_BUFGCE_DIV_I_O)
                                                      0.152     1.149 r  u_bufgce_div/O
    X1Y2 (CLOCK_ROOT)    net (fo=7065, routed)        1.898     3.047    u_soc/g_dcache.u_dcache/g_dcu[0].u_dcu/clk
    SLICE_X58Y145        FDCE                                         r  u_soc/g_dcache.u_dcache/g_dcu[0].u_dcu/s2_wdata_q_reg[1]/C
                         clock pessimism             -0.309     2.739    
    SLICE_X58Y145        FDCE (Hold_DFF_SLICEL_C_D)
                                                      0.060     2.799    u_soc/g_dcache.u_dcache/g_dcu[0].u_dcu/s2_wdata_q_reg[1]
  -------------------------------------------------------------------
                         required time                         -2.799    
                         arrival time                           2.811    
  -------------------------------------------------------------------
                         slack                                  0.012    

Slack (MET) :             0.012ns  (arrival time - required time)
  Source:                 u_soc/g_dcache.u_dcache/g_dcu[2].u_dcu/s1_addr_q_reg[13]/C
                            (rising edge-triggered cell FDCE clocked by clk  {rise@0.000ns fall@3.333ns period=9.999ns})
  Destination:            u_soc/g_dcache.u_dcache/g_dcu[2].u_dcu/hold_addr_q_reg[13]/D
                            (rising edge-triggered cell FDCE clocked by clk  {rise@0.000ns fall@3.333ns period=9.999ns})
  Path Group:             clk
  Path Type:              Hold (Min at Slow Process Corner)
  Requirement:            0.000ns  (clk rise@0.000ns - clk rise@0.000ns)
  Data Path Delay:        0.133ns  (logic 0.058ns (43.672%)  route 0.075ns (56.328%))
  Logic Levels:           0  
  Clock Path Skew:        0.058ns (DCD - SCD - CPR)
    Destination Clock Delay (DCD):    3.099ns
    Source Clock Delay      (SCD):    2.679ns
    Clock Pessimism Removal (CPR):    0.362ns
  Clock Net Delay (Source):      1.713ns (routing 0.628ns, distribution 1.085ns)
  Clock Net Delay (Destination): 1.950ns (routing 0.691ns, distribution 1.259ns)

    Location             Delay type                Incr(ns)  Path(ns)    Netlist Resource(s)
  -------------------------------------------------------------------    -------------------
                         (clock clk rise edge)        0.000     0.000 r  
    AH18                                              0.000     0.000 r  clk300_p_i (IN)
                         net (fo=0)                   0.079     0.079    u_ibufds/I
    HPIOBDIFFINBUF_X1Y36 DIFFINBUF (Prop_DIFFINBUF_HPIOBDIFFINBUF_DIFF_IN_P_O)
                                                      0.429     0.508 r  u_ibufds/DIFFINBUF_INST/O
                         net (fo=1, routed)           0.040     0.548    u_ibufds/OUT
    AH18                 IBUFCTRL (Prop_IBUFCTRL_HPIOB_M_I_O)
                                                      0.000     0.548 r  u_ibufds/IBUFCTRL_INST/O
                         net (fo=1, routed)           0.286     0.834    clk_ref
    BUFGCE_DIV_X1Y7      BUFGCE_DIV (Prop_BUFGCE_DIV_I_O)
                                                      0.132     0.966 r  u_bufgce_div/O
    X1Y2 (CLOCK_ROOT)    net (fo=7065, routed)        1.713     2.679    u_soc/g_dcache.u_dcache/g_dcu[2].u_dcu/clk
    SLICE_X65Y185        FDCE                                         r  u_soc/g_dcache.u_dcache/g_dcu[2].u_dcu/s1_addr_q_reg[13]/C
  -------------------------------------------------------------------    -------------------
    SLICE_X65Y185        FDCE (Prop_HFF_SLICEL_C_Q)
                                                      0.058     2.737 r  u_soc/g_dcache.u_dcache/g_dcu[2].u_dcu/s1_addr_q_reg[13]/Q
                         net (fo=11, routed)          0.075     2.811    u_soc/g_dcache.u_dcache/g_dcu[2].u_dcu/s1_addr_q_reg[31]_0[13]
    SLICE_X65Y184        FDCE                                         r  u_soc/g_dcache.u_dcache/g_dcu[2].u_dcu/hold_addr_q_reg[13]/D
  -------------------------------------------------------------------    -------------------

                         (clock clk rise edge)        0.000     0.000 r  
    AH18                                              0.000     0.000 r  clk300_p_i (IN)
                         net (fo=0)                   0.100     0.100    u_ibufds/I
    HPIOBDIFFINBUF_X1Y36 DIFFINBUF (Prop_DIFFINBUF_HPIOBDIFFINBUF_DIFF_IN_P_O)
                                                      0.525     0.625 r  u_ibufds/DIFFINBUF_INST/O
                         net (fo=1, routed)           0.050     0.675    u_ibufds/OUT
    AH18                 IBUFCTRL (Prop_IBUFCTRL_HPIOB_M_I_O)
                                                      0.000     0.675 r  u_ibufds/IBUFCTRL_INST/O
                         net (fo=1, routed)           0.322     0.997    clk_ref
    BUFGCE_DIV_X1Y7      BUFGCE_DIV (Prop_BUFGCE_DIV_I_O)
                                                      0.152     1.149 r  u_bufgce_div/O
    X1Y2 (CLOCK_ROOT)    net (fo=7065, routed)        1.950     3.099    u_soc/g_dcache.u_dcache/g_dcu[2].u_dcu/clk
    SLICE_X65Y184        FDCE                                         r  u_soc/g_dcache.u_dcache/g_dcu[2].u_dcu/hold_addr_q_reg[13]/C
                         clock pessimism             -0.362     2.737    
    SLICE_X65Y184        FDCE (Hold_HFF2_SLICEL_C_D)
                                                      0.062     2.799    u_soc/g_dcache.u_dcache/g_dcu[2].u_dcu/hold_addr_q_reg[13]
  -------------------------------------------------------------------
                         required time                         -2.799    
                         arrival time                           2.811    
  -------------------------------------------------------------------
                         slack                                  0.012    

Slack (MET) :             0.014ns  (arrival time - required time)
  Source:                 u_soc/g_pe[1].u_pe/u_itcm/mem_reg_1_bram_1/CLKBWRCLK
                            (rising edge-triggered cell RAMB36E2 clocked by clk  {rise@0.000ns fall@3.333ns period=9.999ns})
  Destination:            u_soc/g_pe[1].u_pe/u_core/core_i/if_stage_i/instr_rdata_id_o_reg[28]/D
                            (rising edge-triggered cell FDCE clocked by clk  {rise@0.000ns fall@3.333ns period=9.999ns})
  Path Group:             clk
  Path Type:              Hold (Min at Slow Process Corner)
  Requirement:            0.000ns  (clk rise@0.000ns - clk rise@0.000ns)
  Data Path Delay:        2.385ns  (logic 0.361ns (15.139%)  route 2.024ns (84.861%))
  Logic Levels:           3  (LUT6=3)
  Clock Path Skew:        2.310ns (DCD - SCD - CPR)
    Destination Clock Delay (DCD):    5.298ns
    Source Clock Delay      (SCD):    2.753ns
    Clock Pessimism Removal (CPR):    0.235ns
  Clock Net Delay (Source):      1.787ns (routing 0.628ns, distribution 1.159ns)
  Clock Net Delay (Destination): 1.873ns (routing 1.004ns, distribution 0.869ns)

    Location             Delay type                Incr(ns)  Path(ns)    Netlist Resource(s)
  -------------------------------------------------------------------    -------------------
                         (clock clk rise edge)        0.000     0.000 r  
    AH18                                              0.000     0.000 r  clk300_p_i (IN)
                         net (fo=0)                   0.079     0.079    u_ibufds/I
    HPIOBDIFFINBUF_X1Y36 DIFFINBUF (Prop_DIFFINBUF_HPIOBDIFFINBUF_DIFF_IN_P_O)
                                                      0.429     0.508 r  u_ibufds/DIFFINBUF_INST/O
                         net (fo=1, routed)           0.040     0.548    u_ibufds/OUT
    AH18                 IBUFCTRL (Prop_IBUFCTRL_HPIOB_M_I_O)
                                                      0.000     0.548 r  u_ibufds/IBUFCTRL_INST/O
                         net (fo=1, routed)           0.286     0.834    clk_ref
    BUFGCE_DIV_X1Y7      BUFGCE_DIV (Prop_BUFGCE_DIV_I_O)
                                                      0.132     0.966 r  u_bufgce_div/O
    X1Y2 (CLOCK_ROOT)    net (fo=7065, routed)        1.787     2.753    u_soc/g_pe[1].u_pe/u_itcm/clk
    RAMB36_X1Y51         RAMB36E2                                     r  u_soc/g_pe[1].u_pe/u_itcm/mem_reg_1_bram_1/CLKBWRCLK
  -------------------------------------------------------------------    -------------------
    RAMB36_X1Y51         RAMB36E2 (Prop_RAMB36E2_RAMB36_CLKBWRCLK_DOUTBDOUT[4])
                                                      0.192     2.945 r  u_soc/g_pe[1].u_pe/u_itcm/mem_reg_1_bram_1/DOUTBDOUT[4]
                         net (fo=1, routed)           0.454     3.399    u_soc/g_pe[1].u_pe/u_instr_bridge/u_router/i_rdata_o[12]
    SLICE_X52Y246        LUT6 (Prop_F6LUT_SLICEL_I2_O)
                                                      0.081     3.480 r  u_soc/g_pe[1].u_pe/u_instr_bridge/u_router/mem_q[0][12]_i_1__0/O
                         net (fo=3, routed)           0.488     3.967    u_soc/g_pe[1].u_pe/u_core/core_i/if_stage_i/prefetch_buffer_i/fifo_i/mem_q_reg[1][31]_0[12]
    SLICE_X47Y247        LUT6 (Prop_D6LUT_SLICEM_I0_O)
                                                      0.022     3.989 r  u_soc/g_pe[1].u_pe/u_core/core_i/if_stage_i/prefetch_buffer_i/fifo_i/instr_rdata_id_o[28]_i_3__0/O
                         net (fo=2, routed)           1.046     5.035    u_soc/g_pe[1].u_pe/u_core/core_i/if_stage_i/prefetch_buffer_i/fifo_i/status_cnt_q_reg[0]_5
    SLICE_X46Y252        LUT6 (Prop_D6LUT_SLICEM_I5_O)
                                                      0.066     5.101 r  u_soc/g_pe[1].u_pe/u_core/core_i/if_stage_i/prefetch_buffer_i/fifo_i/instr_rdata_id_o[28]_i_1__0/O
                         net (fo=1, routed)           0.036     5.137    u_soc/g_pe[1].u_pe/u_core/core_i/if_stage_i/instr_decompressed[28]
    SLICE_X46Y252        FDCE                                         r  u_soc/g_pe[1].u_pe/u_core/core_i/if_stage_i/instr_rdata_id_o_reg[28]/D
  -------------------------------------------------------------------    -------------------

                         (clock clk rise edge)        0.000     0.000 r  
    AH18                                              0.000     0.000 r  clk300_p_i (IN)
                         net (fo=0)                   0.100     0.100    u_ibufds/I
    HPIOBDIFFINBUF_X1Y36 DIFFINBUF (Prop_DIFFINBUF_HPIOBDIFFINBUF_DIFF_IN_P_O)
                                                      0.525     0.625 r  u_ibufds/DIFFINBUF_INST/O
                         net (fo=1, routed)           0.050     0.675    u_ibufds/OUT
    AH18                 IBUFCTRL (Prop_IBUFCTRL_HPIOB_M_I_O)
                                                      0.000     0.675 r  u_ibufds/IBUFCTRL_INST/O
                         net (fo=1, routed)           0.322     0.997    clk_ref
    BUFGCE_DIV_X1Y7      BUFGCE_DIV (Prop_BUFGCE_DIV_I_O)
                                                      0.152     1.149 r  u_bufgce_div/O
                         net (fo=7065, routed)        2.248     3.397    u_soc/g_pe[1].u_pe/u_core/core_i/sleep_unit_i/core_clock_gate_i/clk
    BUFGCE_X0Y143        BUFGCE (Prop_BUFCE_BUFGCE_I_O)
                                                      0.028     3.425 r  u_soc/g_pe[1].u_pe/u_core/core_i/sleep_unit_i/core_clock_gate_i/u_bufgce/O
    X0Y4 (CLOCK_ROOT)    net (fo=2107, routed)        1.873     5.298    u_soc/g_pe[1].u_pe/u_core/core_i/if_stage_i/clk_0
    SLICE_X46Y252        FDCE                                         r  u_soc/g_pe[1].u_pe/u_core/core_i/if_stage_i/instr_rdata_id_o_reg[28]/C
                         clock pessimism             -0.235     5.063    
    SLICE_X46Y252        FDCE (Hold_DFF_SLICEM_C_D)
                                                      0.060     5.123    u_soc/g_pe[1].u_pe/u_core/core_i/if_stage_i/instr_rdata_id_o_reg[28]
  -------------------------------------------------------------------
                         required time                         -5.123    
                         arrival time                           5.137    
  -------------------------------------------------------------------
                         slack                                  0.014    

Slack (MET) :             0.015ns  (arrival time - required time)
  Source:                 u_soc/g_dcache.u_dcache/g_dcu[0].u_dcu/s1_addr_q_reg[0]/C
                            (rising edge-triggered cell FDCE clocked by clk  {rise@0.000ns fall@3.333ns period=9.999ns})
  Destination:            u_soc/g_dcache.u_dcache/g_dcu[0].u_dcu/hold_addr_q_reg[0]/D
                            (rising edge-triggered cell FDCE clocked by clk  {rise@0.000ns fall@3.333ns period=9.999ns})
  Path Group:             clk
  Path Type:              Hold (Min at Slow Process Corner)
  Requirement:            0.000ns  (clk rise@0.000ns - clk rise@0.000ns)
  Data Path Delay:        0.186ns  (logic 0.058ns (31.258%)  route 0.128ns (68.742%))
  Logic Levels:           0  
  Clock Path Skew:        0.109ns (DCD - SCD - CPR)
    Destination Clock Delay (DCD):    3.052ns
    Source Clock Delay      (SCD):    2.635ns
    Clock Pessimism Removal (CPR):    0.309ns
  Clock Net Delay (Source):      1.669ns (routing 0.628ns, distribution 1.041ns)
  Clock Net Delay (Destination): 1.903ns (routing 0.691ns, distribution 1.212ns)

    Location             Delay type                Incr(ns)  Path(ns)    Netlist Resource(s)
  -------------------------------------------------------------------    -------------------
                         (clock clk rise edge)        0.000     0.000 r  
    AH18                                              0.000     0.000 r  clk300_p_i (IN)
                         net (fo=0)                   0.079     0.079    u_ibufds/I
    HPIOBDIFFINBUF_X1Y36 DIFFINBUF (Prop_DIFFINBUF_HPIOBDIFFINBUF_DIFF_IN_P_O)
                                                      0.429     0.508 r  u_ibufds/DIFFINBUF_INST/O
                         net (fo=1, routed)           0.040     0.548    u_ibufds/OUT
    AH18                 IBUFCTRL (Prop_IBUFCTRL_HPIOB_M_I_O)
                                                      0.000     0.548 r  u_ibufds/IBUFCTRL_INST/O
                         net (fo=1, routed)           0.286     0.834    clk_ref
    BUFGCE_DIV_X1Y7      BUFGCE_DIV (Prop_BUFGCE_DIV_I_O)
                                                      0.132     0.966 r  u_bufgce_div/O
    X1Y2 (CLOCK_ROOT)    net (fo=7065, routed)        1.669     2.635    u_soc/g_dcache.u_dcache/g_dcu[0].u_dcu/clk
    SLICE_X63Y176        FDCE                                         r  u_soc/g_dcache.u_dcache/g_dcu[0].u_dcu/s1_addr_q_reg[0]/C
  -------------------------------------------------------------------    -------------------
    SLICE_X63Y176        FDCE (Prop_HFF_SLICEM_C_Q)
                                                      0.058     2.693 r  u_soc/g_dcache.u_dcache/g_dcu[0].u_dcu/s1_addr_q_reg[0]/Q
                         net (fo=3, routed)           0.128     2.820    u_soc/g_dcache.u_dcache/g_dcu[0].u_dcu/s1_addr_q_reg[31]_0[0]
    SLICE_X64Y176        FDCE                                         r  u_soc/g_dcache.u_dcache/g_dcu[0].u_dcu/hold_addr_q_reg[0]/D
  -------------------------------------------------------------------    -------------------

                         (clock clk rise edge)        0.000     0.000 r  
    AH18                                              0.000     0.000 r  clk300_p_i (IN)
                         net (fo=0)                   0.100     0.100    u_ibufds/I
    HPIOBDIFFINBUF_X1Y36 DIFFINBUF (Prop_DIFFINBUF_HPIOBDIFFINBUF_DIFF_IN_P_O)
                                                      0.525     0.625 r  u_ibufds/DIFFINBUF_INST/O
                         net (fo=1, routed)           0.050     0.675    u_ibufds/OUT
    AH18                 IBUFCTRL (Prop_IBUFCTRL_HPIOB_M_I_O)
                                                      0.000     0.675 r  u_ibufds/IBUFCTRL_INST/O
                         net (fo=1, routed)           0.322     0.997    clk_ref
    BUFGCE_DIV_X1Y7      BUFGCE_DIV (Prop_BUFGCE_DIV_I_O)
                                                      0.152     1.149 r  u_bufgce_div/O
    X1Y2 (CLOCK_ROOT)    net (fo=7065, routed)        1.903     3.052    u_soc/g_dcache.u_dcache/g_dcu[0].u_dcu/clk
    SLICE_X64Y176        FDCE                                         r  u_soc/g_dcache.u_dcache/g_dcu[0].u_dcu/hold_addr_q_reg[0]/C
                         clock pessimism             -0.309     2.744    
    SLICE_X64Y176        FDCE (Hold_DFF2_SLICEM_C_D)
                                                      0.061     2.805    u_soc/g_dcache.u_dcache/g_dcu[0].u_dcu/hold_addr_q_reg[0]
  -------------------------------------------------------------------
                         required time                         -2.805    
                         arrival time                           2.820    
  -------------------------------------------------------------------
                         slack                                  0.015    

Slack (MET) :             0.018ns  (arrival time - required time)
  Source:                 u_soc/g_dcache.u_dcache/g_dcu[0].u_dcu/perf_stall_s2_o_reg[0]/C
                            (rising edge-triggered cell FDCE clocked by clk  {rise@0.000ns fall@3.333ns period=9.999ns})
  Destination:            u_soc/g_dcache.u_dcache/g_dcu[0].u_dcu/perf_stall_s2_o_reg[1]/D
                            (rising edge-triggered cell FDCE clocked by clk  {rise@0.000ns fall@3.333ns period=9.999ns})
  Path Group:             clk
  Path Type:              Hold (Min at Slow Process Corner)
  Requirement:            0.000ns  (clk rise@0.000ns - clk rise@0.000ns)
  Data Path Delay:        0.283ns  (logic 0.131ns (46.353%)  route 0.152ns (53.648%))
  Logic Levels:           1  (CARRY8=1)
  Clock Path Skew:        0.204ns (DCD - SCD - CPR)
    Destination Clock Delay (DCD):    3.109ns
    Source Clock Delay      (SCD):    2.659ns
    Clock Pessimism Removal (CPR):    0.246ns
  Clock Net Delay (Source):      1.693ns (routing 0.628ns, distribution 1.065ns)
  Clock Net Delay (Destination): 1.960ns (routing 0.691ns, distribution 1.269ns)

    Location             Delay type                Incr(ns)  Path(ns)    Netlist Resource(s)
  -------------------------------------------------------------------    -------------------
                         (clock clk rise edge)        0.000     0.000 r  
    AH18                                              0.000     0.000 r  clk300_p_i (IN)
                         net (fo=0)                   0.079     0.079    u_ibufds/I
    HPIOBDIFFINBUF_X1Y36 DIFFINBUF (Prop_DIFFINBUF_HPIOBDIFFINBUF_DIFF_IN_P_O)
                                                      0.429     0.508 r  u_ibufds/DIFFINBUF_INST/O
                         net (fo=1, routed)           0.040     0.548    u_ibufds/OUT
    AH18                 IBUFCTRL (Prop_IBUFCTRL_HPIOB_M_I_O)
                                                      0.000     0.548 r  u_ibufds/IBUFCTRL_INST/O
                         net (fo=1, routed)           0.286     0.834    clk_ref
    BUFGCE_DIV_X1Y7      BUFGCE_DIV (Prop_BUFGCE_DIV_I_O)
                                                      0.132     0.966 r  u_bufgce_div/O
    X1Y2 (CLOCK_ROOT)    net (fo=7065, routed)        1.693     2.659    u_soc/g_dcache.u_dcache/g_dcu[0].u_dcu/clk
    SLICE_X57Y179        FDCE                                         r  u_soc/g_dcache.u_dcache/g_dcu[0].u_dcu/perf_stall_s2_o_reg[0]/C
  -------------------------------------------------------------------    -------------------
    SLICE_X57Y179        FDCE (Prop_HFF2_SLICEM_C_Q)
                                                      0.059     2.718 r  u_soc/g_dcache.u_dcache/g_dcu[0].u_dcu/perf_stall_s2_o_reg[0]/Q
                         net (fo=3, routed)           0.143     2.861    u_soc/g_dcache.u_dcache/g_dcu[0].u_dcu/perf_stall_s2_o_reg[31]_0[0]
    SLICE_X58Y180        CARRY8 (Prop_CARRY8_SLICEL_CI_O[0])
                                                      0.072     2.933 r  u_soc/g_dcache.u_dcache/g_dcu[0].u_dcu/perf_stall_s2_o_reg[8]_i_1/O[0]
                         net (fo=1, routed)           0.009     2.942    u_soc/g_dcache.u_dcache/g_dcu[0].u_dcu/perf_stall_s2_o_reg[8]_i_1_n_15
    SLICE_X58Y180        FDCE                                         r  u_soc/g_dcache.u_dcache/g_dcu[0].u_dcu/perf_stall_s2_o_reg[1]/D
  -------------------------------------------------------------------    -------------------

                         (clock clk rise edge)        0.000     0.000 r  
    AH18                                              0.000     0.000 r  clk300_p_i (IN)
                         net (fo=0)                   0.100     0.100    u_ibufds/I
    HPIOBDIFFINBUF_X1Y36 DIFFINBUF (Prop_DIFFINBUF_HPIOBDIFFINBUF_DIFF_IN_P_O)
                                                      0.525     0.625 r  u_ibufds/DIFFINBUF_INST/O
                         net (fo=1, routed)           0.050     0.675    u_ibufds/OUT
    AH18                 IBUFCTRL (Prop_IBUFCTRL_HPIOB_M_I_O)
                                                      0.000     0.675 r  u_ibufds/IBUFCTRL_INST/O
                         net (fo=1, routed)           0.322     0.997    clk_ref
    BUFGCE_DIV_X1Y7      BUFGCE_DIV (Prop_BUFGCE_DIV_I_O)
                                                      0.152     1.149 r  u_bufgce_div/O
    X1Y2 (CLOCK_ROOT)    net (fo=7065, routed)        1.960     3.109    u_soc/g_dcache.u_dcache/g_dcu[0].u_dcu/clk
    SLICE_X58Y180        FDCE                                         r  u_soc/g_dcache.u_dcache/g_dcu[0].u_dcu/perf_stall_s2_o_reg[1]/C
                         clock pessimism             -0.246     2.863    
    SLICE_X58Y180        FDCE (Hold_AFF_SLICEL_C_D)
                                                      0.060     2.923    u_soc/g_dcache.u_dcache/g_dcu[0].u_dcu/perf_stall_s2_o_reg[1]
  -------------------------------------------------------------------
                         required time                         -2.923    
                         arrival time                           2.942    
  -------------------------------------------------------------------
                         slack                                  0.018    

Slack (MET) :             0.019ns  (arrival time - required time)
  Source:                 u_soc/g_dcache.u_dcache/g_dcu[2].u_dcu/s1_wdata_q_reg[8]/C
                            (rising edge-triggered cell FDCE clocked by clk  {rise@0.000ns fall@3.333ns period=9.999ns})
  Destination:            u_soc/g_dcache.u_dcache/g_dcu[2].u_dcu/hold_wdata_q_reg[8]/D
                            (rising edge-triggered cell FDCE clocked by clk  {rise@0.000ns fall@3.333ns period=9.999ns})
  Path Group:             clk
  Path Type:              Hold (Min at Fast Process Corner)
  Requirement:            0.000ns  (clk rise@0.000ns - clk rise@0.000ns)
  Data Path Delay:        0.072ns  (logic 0.039ns (54.167%)  route 0.033ns (45.833%))
  Logic Levels:           0  
  Clock Path Skew:        0.006ns (DCD - SCD - CPR)
    Destination Clock Delay (DCD):    1.990ns
    Source Clock Delay      (SCD):    1.685ns
    Clock Pessimism Removal (CPR):    0.299ns
  Clock Net Delay (Source):      1.049ns (routing 0.384ns, distribution 0.665ns)
  Clock Net Delay (Destination): 1.177ns (routing 0.425ns, distribution 0.752ns)

    Location             Delay type                Incr(ns)  Path(ns)    Netlist Resource(s)
  -------------------------------------------------------------------    -------------------
                         (clock clk rise edge)        0.000     0.000 r  
    AH18                                              0.000     0.000 r  clk300_p_i (IN)
                         net (fo=0)                   0.079     0.079    u_ibufds/I
    HPIOBDIFFINBUF_X1Y36 DIFFINBUF (Prop_DIFFINBUF_HPIOBDIFFINBUF_DIFF_IN_P_O)
                                                      0.284     0.363 r  u_ibufds/DIFFINBUF_INST/O
                         net (fo=1, routed)           0.040     0.403    u_ibufds/OUT
    AH18                 IBUFCTRL (Prop_IBUFCTRL_HPIOB_M_I_O)
                                                      0.000     0.403 r  u_ibufds/IBUFCTRL_INST/O
                         net (fo=1, routed)           0.144     0.547    clk_ref
    BUFGCE_DIV_X1Y7      BUFGCE_DIV (Prop_BUFGCE_DIV_I_O)
                                                      0.089     0.636 r  u_bufgce_div/O
    X1Y2 (CLOCK_ROOT)    net (fo=7065, routed)        1.049     1.685    u_soc/g_dcache.u_dcache/g_dcu[2].u_dcu/clk
    SLICE_X59Y142        FDCE                                         r  u_soc/g_dcache.u_dcache/g_dcu[2].u_dcu/s1_wdata_q_reg[8]/C
  -------------------------------------------------------------------    -------------------
    SLICE_X59Y142        FDCE (Prop_HFF_SLICEL_C_Q)
                                                      0.039     1.724 r  u_soc/g_dcache.u_dcache/g_dcu[2].u_dcu/s1_wdata_q_reg[8]/Q
                         net (fo=2, routed)           0.033     1.757    u_soc/g_dcache.u_dcache/g_dcu[2].u_dcu/s1_wdata_q_reg_n_0_[8]
    SLICE_X59Y142        FDCE                                         r  u_soc/g_dcache.u_dcache/g_dcu[2].u_dcu/hold_wdata_q_reg[8]/D
  -------------------------------------------------------------------    -------------------

                         (clock clk rise edge)        0.000     0.000 r  
    AH18                                              0.000     0.000 r  clk300_p_i (IN)
                         net (fo=0)                   0.100     0.100    u_ibufds/I
    HPIOBDIFFINBUF_X1Y36 DIFFINBUF (Prop_DIFFINBUF_HPIOBDIFFINBUF_DIFF_IN_P_O)
                                                      0.382     0.482 r  u_ibufds/DIFFINBUF_INST/O
                         net (fo=1, routed)           0.050     0.532    u_ibufds/OUT
    AH18                 IBUFCTRL (Prop_IBUFCTRL_HPIOB_M_I_O)
                                                      0.000     0.532 r  u_ibufds/IBUFCTRL_INST/O
                         net (fo=1, routed)           0.180     0.712    clk_ref
    BUFGCE_DIV_X1Y7      BUFGCE_DIV (Prop_BUFGCE_DIV_I_O)
                                                      0.101     0.813 r  u_bufgce_div/O
    X1Y2 (CLOCK_ROOT)    net (fo=7065, routed)        1.177     1.990    u_soc/g_dcache.u_dcache/g_dcu[2].u_dcu/clk
    SLICE_X59Y142        FDCE                                         r  u_soc/g_dcache.u_dcache/g_dcu[2].u_dcu/hold_wdata_q_reg[8]/C
                         clock pessimism             -0.299     1.691    
    SLICE_X59Y142        FDCE (Hold_HFF2_SLICEL_C_D)
                                                      0.047     1.738    u_soc/g_dcache.u_dcache/g_dcu[2].u_dcu/hold_wdata_q_reg[8]
  -------------------------------------------------------------------
                         required time                         -1.738    
                         arrival time                           1.757    
  -------------------------------------------------------------------
                         slack                                  0.019    

Slack (MET) :             0.019ns  (arrival time - required time)
  Source:                 u_soc/g_dcache.u_dcache/g_dcu[2].u_dcu/s2_addr_q_reg[1]/C
                            (rising edge-triggered cell FDCE clocked by clk  {rise@0.000ns fall@3.333ns period=9.999ns})
  Destination:            u_soc/g_pe[2].u_axi_dcu/w_addr_q_reg[1]/D
                            (rising edge-triggered cell FDCE clocked by clk  {rise@0.000ns fall@3.333ns period=9.999ns})
  Path Group:             clk
  Path Type:              Hold (Min at Fast Process Corner)
  Requirement:            0.000ns  (clk rise@0.000ns - clk rise@0.000ns)
  Data Path Delay:        0.072ns  (logic 0.039ns (54.167%)  route 0.033ns (45.833%))
  Logic Levels:           0  
  Clock Path Skew:        0.006ns (DCD - SCD - CPR)
    Destination Clock Delay (DCD):    1.994ns
    Source Clock Delay      (SCD):    1.689ns
    Clock Pessimism Removal (CPR):    0.299ns
  Clock Net Delay (Source):      1.053ns (routing 0.384ns, distribution 0.669ns)
  Clock Net Delay (Destination): 1.181ns (routing 0.425ns, distribution 0.756ns)

    Location             Delay type                Incr(ns)  Path(ns)    Netlist Resource(s)
  -------------------------------------------------------------------    -------------------
                         (clock clk rise edge)        0.000     0.000 r  
    AH18                                              0.000     0.000 r  clk300_p_i (IN)
                         net (fo=0)                   0.079     0.079    u_ibufds/I
    HPIOBDIFFINBUF_X1Y36 DIFFINBUF (Prop_DIFFINBUF_HPIOBDIFFINBUF_DIFF_IN_P_O)
                                                      0.284     0.363 r  u_ibufds/DIFFINBUF_INST/O
                         net (fo=1, routed)           0.040     0.403    u_ibufds/OUT
    AH18                 IBUFCTRL (Prop_IBUFCTRL_HPIOB_M_I_O)
                                                      0.000     0.403 r  u_ibufds/IBUFCTRL_INST/O
                         net (fo=1, routed)           0.144     0.547    clk_ref
    BUFGCE_DIV_X1Y7      BUFGCE_DIV (Prop_BUFGCE_DIV_I_O)
                                                      0.089     0.636 r  u_bufgce_div/O
    X1Y2 (CLOCK_ROOT)    net (fo=7065, routed)        1.053     1.689    u_soc/g_dcache.u_dcache/g_dcu[2].u_dcu/clk
    SLICE_X60Y174        FDCE                                         r  u_soc/g_dcache.u_dcache/g_dcu[2].u_dcu/s2_addr_q_reg[1]/C
  -------------------------------------------------------------------    -------------------
    SLICE_X60Y174        FDCE (Prop_HFF_SLICEL_C_Q)
                                                      0.039     1.728 r  u_soc/g_dcache.u_dcache/g_dcu[2].u_dcu/s2_addr_q_reg[1]/Q
                         net (fo=1, routed)           0.033     1.761    u_soc/g_pe[2].u_axi_dcu/w_addr_q_reg[3]_0[1]
    SLICE_X60Y174        FDCE                                         r  u_soc/g_pe[2].u_axi_dcu/w_addr_q_reg[1]/D
  -------------------------------------------------------------------    -------------------

                         (clock clk rise edge)        0.000     0.000 r  
    AH18                                              0.000     0.000 r  clk300_p_i (IN)
                         net (fo=0)                   0.100     0.100    u_ibufds/I
    HPIOBDIFFINBUF_X1Y36 DIFFINBUF (Prop_DIFFINBUF_HPIOBDIFFINBUF_DIFF_IN_P_O)
                                                      0.382     0.482 r  u_ibufds/DIFFINBUF_INST/O
                         net (fo=1, routed)           0.050     0.532    u_ibufds/OUT
    AH18                 IBUFCTRL (Prop_IBUFCTRL_HPIOB_M_I_O)
                                                      0.000     0.532 r  u_ibufds/IBUFCTRL_INST/O
                         net (fo=1, routed)           0.180     0.712    clk_ref
    BUFGCE_DIV_X1Y7      BUFGCE_DIV (Prop_BUFGCE_DIV_I_O)
                                                      0.101     0.813 r  u_bufgce_div/O
    X1Y2 (CLOCK_ROOT)    net (fo=7065, routed)        1.181     1.994    u_soc/g_pe[2].u_axi_dcu/clk
    SLICE_X60Y174        FDCE                                         r  u_soc/g_pe[2].u_axi_dcu/w_addr_q_reg[1]/C
                         clock pessimism             -0.299     1.695    
    SLICE_X60Y174        FDCE (Hold_HFF2_SLICEL_C_D)
                                                      0.047     1.742    u_soc/g_pe[2].u_axi_dcu/w_addr_q_reg[1]
  -------------------------------------------------------------------
                         required time                         -1.742    
                         arrival time                           1.761    
  -------------------------------------------------------------------
                         slack                                  0.019    

Slack (MET) :             0.019ns  (arrival time - required time)
  Source:                 u_soc/g_dcache.u_dcache/g_dcu[2].u_dcu/s2_addr_q_reg[2]/C
                            (rising edge-triggered cell FDCE clocked by clk  {rise@0.000ns fall@3.333ns period=9.999ns})
  Destination:            u_soc/g_pe[2].u_axi_dcu/w_addr_q_reg[2]/D
                            (rising edge-triggered cell FDCE clocked by clk  {rise@0.000ns fall@3.333ns period=9.999ns})
  Path Group:             clk
  Path Type:              Hold (Min at Fast Process Corner)
  Requirement:            0.000ns  (clk rise@0.000ns - clk rise@0.000ns)
  Data Path Delay:        0.072ns  (logic 0.039ns (54.167%)  route 0.033ns (45.833%))
  Logic Levels:           0  
  Clock Path Skew:        0.006ns (DCD - SCD - CPR)
    Destination Clock Delay (DCD):    1.989ns
    Source Clock Delay      (SCD):    1.684ns
    Clock Pessimism Removal (CPR):    0.299ns
  Clock Net Delay (Source):      1.048ns (routing 0.384ns, distribution 0.664ns)
  Clock Net Delay (Destination): 1.176ns (routing 0.425ns, distribution 0.751ns)

    Location             Delay type                Incr(ns)  Path(ns)    Netlist Resource(s)
  -------------------------------------------------------------------    -------------------
                         (clock clk rise edge)        0.000     0.000 r  
    AH18                                              0.000     0.000 r  clk300_p_i (IN)
                         net (fo=0)                   0.079     0.079    u_ibufds/I
    HPIOBDIFFINBUF_X1Y36 DIFFINBUF (Prop_DIFFINBUF_HPIOBDIFFINBUF_DIFF_IN_P_O)
                                                      0.284     0.363 r  u_ibufds/DIFFINBUF_INST/O
                         net (fo=1, routed)           0.040     0.403    u_ibufds/OUT
    AH18                 IBUFCTRL (Prop_IBUFCTRL_HPIOB_M_I_O)
                                                      0.000     0.403 r  u_ibufds/IBUFCTRL_INST/O
                         net (fo=1, routed)           0.144     0.547    clk_ref
    BUFGCE_DIV_X1Y7      BUFGCE_DIV (Prop_BUFGCE_DIV_I_O)
                                                      0.089     0.636 r  u_bufgce_div/O
    X1Y2 (CLOCK_ROOT)    net (fo=7065, routed)        1.048     1.684    u_soc/g_dcache.u_dcache/g_dcu[2].u_dcu/clk
    SLICE_X60Y143        FDCE                                         r  u_soc/g_dcache.u_dcache/g_dcu[2].u_dcu/s2_addr_q_reg[2]/C
  -------------------------------------------------------------------    -------------------
    SLICE_X60Y143        FDCE (Prop_HFF_SLICEL_C_Q)
                                                      0.039     1.723 r  u_soc/g_dcache.u_dcache/g_dcu[2].u_dcu/s2_addr_q_reg[2]/Q
                         net (fo=1, routed)           0.033     1.756    u_soc/g_pe[2].u_axi_dcu/w_addr_q_reg[3]_0[2]
    SLICE_X60Y143        FDCE                                         r  u_soc/g_pe[2].u_axi_dcu/w_addr_q_reg[2]/D
  -------------------------------------------------------------------    -------------------

                         (clock clk rise edge)        0.000     0.000 r  
    AH18                                              0.000     0.000 r  clk300_p_i (IN)
                         net (fo=0)                   0.100     0.100    u_ibufds/I
    HPIOBDIFFINBUF_X1Y36 DIFFINBUF (Prop_DIFFINBUF_HPIOBDIFFINBUF_DIFF_IN_P_O)
                                                      0.382     0.482 r  u_ibufds/DIFFINBUF_INST/O
                         net (fo=1, routed)           0.050     0.532    u_ibufds/OUT
    AH18                 IBUFCTRL (Prop_IBUFCTRL_HPIOB_M_I_O)
                                                      0.000     0.532 r  u_ibufds/IBUFCTRL_INST/O
                         net (fo=1, routed)           0.180     0.712    clk_ref
    BUFGCE_DIV_X1Y7      BUFGCE_DIV (Prop_BUFGCE_DIV_I_O)
                                                      0.101     0.813 r  u_bufgce_div/O
    X1Y2 (CLOCK_ROOT)    net (fo=7065, routed)        1.176     1.989    u_soc/g_pe[2].u_axi_dcu/clk
    SLICE_X60Y143        FDCE                                         r  u_soc/g_pe[2].u_axi_dcu/w_addr_q_reg[2]/C
                         clock pessimism             -0.299     1.690    
    SLICE_X60Y143        FDCE (Hold_HFF2_SLICEL_C_D)
                                                      0.047     1.737    u_soc/g_pe[2].u_axi_dcu/w_addr_q_reg[2]
  -------------------------------------------------------------------
                         required time                         -1.737    
                         arrival time                           1.756    
  -------------------------------------------------------------------
                         slack                                  0.019    

Slack (MET) :             0.019ns  (arrival time - required time)
  Source:                 u_soc/g_dcache.u_dcache/g_dcu[3].u_dcu/s1_wdata_q_reg[11]/C
                            (rising edge-triggered cell FDCE clocked by clk  {rise@0.000ns fall@3.333ns period=9.999ns})
  Destination:            u_soc/g_dcache.u_dcache/g_dcu[3].u_dcu/s2_wdata_q_reg[11]/D
                            (rising edge-triggered cell FDCE clocked by clk  {rise@0.000ns fall@3.333ns period=9.999ns})
  Path Group:             clk
  Path Type:              Hold (Min at Slow Process Corner)
  Requirement:            0.000ns  (clk rise@0.000ns - clk rise@0.000ns)
  Data Path Delay:        0.181ns  (logic 0.059ns (32.609%)  route 0.122ns (67.391%))
  Logic Levels:           0  
  Clock Path Skew:        0.101ns (DCD - SCD - CPR)
    Destination Clock Delay (DCD):    3.045ns
    Source Clock Delay      (SCD):    2.636ns
    Clock Pessimism Removal (CPR):    0.309ns
  Clock Net Delay (Source):      1.670ns (routing 0.628ns, distribution 1.042ns)
  Clock Net Delay (Destination): 1.896ns (routing 0.691ns, distribution 1.205ns)

    Location             Delay type                Incr(ns)  Path(ns)    Netlist Resource(s)
  -------------------------------------------------------------------    -------------------
                         (clock clk rise edge)        0.000     0.000 r  
    AH18                                              0.000     0.000 r  clk300_p_i (IN)
                         net (fo=0)                   0.079     0.079    u_ibufds/I
    HPIOBDIFFINBUF_X1Y36 DIFFINBUF (Prop_DIFFINBUF_HPIOBDIFFINBUF_DIFF_IN_P_O)
                                                      0.429     0.508 r  u_ibufds/DIFFINBUF_INST/O
                         net (fo=1, routed)           0.040     0.548    u_ibufds/OUT
    AH18                 IBUFCTRL (Prop_IBUFCTRL_HPIOB_M_I_O)
                                                      0.000     0.548 r  u_ibufds/IBUFCTRL_INST/O
                         net (fo=1, routed)           0.286     0.834    clk_ref
    BUFGCE_DIV_X1Y7      BUFGCE_DIV (Prop_BUFGCE_DIV_I_O)
                                                      0.132     0.966 r  u_bufgce_div/O
    X1Y2 (CLOCK_ROOT)    net (fo=7065, routed)        1.670     2.636    u_soc/g_dcache.u_dcache/g_dcu[3].u_dcu/clk
    SLICE_X59Y152        FDCE                                         r  u_soc/g_dcache.u_dcache/g_dcu[3].u_dcu/s1_wdata_q_reg[11]/C
  -------------------------------------------------------------------    -------------------
    SLICE_X59Y152        FDCE (Prop_DFF_SLICEL_C_Q)
                                                      0.059     2.695 r  u_soc/g_dcache.u_dcache/g_dcu[3].u_dcu/s1_wdata_q_reg[11]/Q
                         net (fo=2, routed)           0.122     2.817    u_soc/g_dcache.u_dcache/g_dcu[3].u_dcu/s1_wdata_q_reg_n_0_[11]
    SLICE_X57Y151        FDCE                                         r  u_soc/g_dcache.u_dcache/g_dcu[3].u_dcu/s2_wdata_q_reg[11]/D
  -------------------------------------------------------------------    -------------------

                         (clock clk rise edge)        0.000     0.000 r  
    AH18                                              0.000     0.000 r  clk300_p_i (IN)
                         net (fo=0)                   0.100     0.100    u_ibufds/I
    HPIOBDIFFINBUF_X1Y36 DIFFINBUF (Prop_DIFFINBUF_HPIOBDIFFINBUF_DIFF_IN_P_O)
                                                      0.525     0.625 r  u_ibufds/DIFFINBUF_INST/O
                         net (fo=1, routed)           0.050     0.675    u_ibufds/OUT
    AH18                 IBUFCTRL (Prop_IBUFCTRL_HPIOB_M_I_O)
                                                      0.000     0.675 r  u_ibufds/IBUFCTRL_INST/O
                         net (fo=1, routed)           0.322     0.997    clk_ref
    BUFGCE_DIV_X1Y7      BUFGCE_DIV (Prop_BUFGCE_DIV_I_O)
                                                      0.152     1.149 r  u_bufgce_div/O
    X1Y2 (CLOCK_ROOT)    net (fo=7065, routed)        1.896     3.045    u_soc/g_dcache.u_dcache/g_dcu[3].u_dcu/clk
    SLICE_X57Y151        FDCE                                         r  u_soc/g_dcache.u_dcache/g_dcu[3].u_dcu/s2_wdata_q_reg[11]/C
                         clock pessimism             -0.309     2.737    
    SLICE_X57Y151        FDCE (Hold_DFF2_SLICEM_C_D)
                                                      0.061     2.798    u_soc/g_dcache.u_dcache/g_dcu[3].u_dcu/s2_wdata_q_reg[11]
  -------------------------------------------------------------------
                         required time                         -2.798    
                         arrival time                           2.817    
  -------------------------------------------------------------------
                         slack                                  0.019    

Slack (MET) :             0.020ns  (arrival time - required time)
  Source:                 u_soc/g_dcache.u_dcache/g_dcu[2].u_dcu/s1_wdata_q_reg[27]/C
                            (rising edge-triggered cell FDCE clocked by clk  {rise@0.000ns fall@3.333ns period=9.999ns})
  Destination:            u_soc/g_dcache.u_dcache/g_dcu[2].u_dcu/s2_wdata_q_reg[27]/D
                            (rising edge-triggered cell FDCE clocked by clk  {rise@0.000ns fall@3.333ns period=9.999ns})
  Path Group:             clk
  Path Type:              Hold (Min at Slow Process Corner)
  Requirement:            0.000ns  (clk rise@0.000ns - clk rise@0.000ns)
  Data Path Delay:        0.179ns  (logic 0.058ns (32.415%)  route 0.121ns (67.585%))
  Logic Levels:           0  
  Clock Path Skew:        0.098ns (DCD - SCD - CPR)
    Destination Clock Delay (DCD):    3.047ns
    Source Clock Delay      (SCD):    2.641ns
    Clock Pessimism Removal (CPR):    0.309ns
  Clock Net Delay (Source):      1.675ns (routing 0.628ns, distribution 1.047ns)
  Clock Net Delay (Destination): 1.898ns (routing 0.691ns, distribution 1.207ns)

    Location             Delay type                Incr(ns)  Path(ns)    Netlist Resource(s)
  -------------------------------------------------------------------    -------------------
                         (clock clk rise edge)        0.000     0.000 r  
    AH18                                              0.000     0.000 r  clk300_p_i (IN)
                         net (fo=0)                   0.079     0.079    u_ibufds/I
    HPIOBDIFFINBUF_X1Y36 DIFFINBUF (Prop_DIFFINBUF_HPIOBDIFFINBUF_DIFF_IN_P_O)
                                                      0.429     0.508 r  u_ibufds/DIFFINBUF_INST/O
                         net (fo=1, routed)           0.040     0.548    u_ibufds/OUT
    AH18                 IBUFCTRL (Prop_IBUFCTRL_HPIOB_M_I_O)
                                                      0.000     0.548 r  u_ibufds/IBUFCTRL_INST/O
                         net (fo=1, routed)           0.286     0.834    clk_ref
    BUFGCE_DIV_X1Y7      BUFGCE_DIV (Prop_BUFGCE_DIV_I_O)
                                                      0.132     0.966 r  u_bufgce_div/O
    X1Y2 (CLOCK_ROOT)    net (fo=7065, routed)        1.675     2.641    u_soc/g_dcache.u_dcache/g_dcu[2].u_dcu/clk
    SLICE_X56Y144        FDCE                                         r  u_soc/g_dcache.u_dcache/g_dcu[2].u_dcu/s1_wdata_q_reg[27]/C
  -------------------------------------------------------------------    -------------------
    SLICE_X56Y144        FDCE (Prop_DFF_SLICEM_C_Q)
                                                      0.058     2.699 r  u_soc/g_dcache.u_dcache/g_dcu[2].u_dcu/s1_wdata_q_reg[27]/Q
                         net (fo=2, routed)           0.121     2.820    u_soc/g_dcache.u_dcache/g_dcu[2].u_dcu/s1_wdata_q_reg_n_0_[27]
    SLICE_X54Y144        FDCE                                         r  u_soc/g_dcache.u_dcache/g_dcu[2].u_dcu/s2_wdata_q_reg[27]/D
  -------------------------------------------------------------------    -------------------

                         (clock clk rise edge)        0.000     0.000 r  
    AH18                                              0.000     0.000 r  clk300_p_i (IN)
                         net (fo=0)                   0.100     0.100    u_ibufds/I
    HPIOBDIFFINBUF_X1Y36 DIFFINBUF (Prop_DIFFINBUF_HPIOBDIFFINBUF_DIFF_IN_P_O)
                                                      0.525     0.625 r  u_ibufds/DIFFINBUF_INST/O
                         net (fo=1, routed)           0.050     0.675    u_ibufds/OUT
    AH18                 IBUFCTRL (Prop_IBUFCTRL_HPIOB_M_I_O)
                                                      0.000     0.675 r  u_ibufds/IBUFCTRL_INST/O
                         net (fo=1, routed)           0.322     0.997    clk_ref
    BUFGCE_DIV_X1Y7      BUFGCE_DIV (Prop_BUFGCE_DIV_I_O)
                                                      0.152     1.149 r  u_bufgce_div/O
    X1Y2 (CLOCK_ROOT)    net (fo=7065, routed)        1.898     3.047    u_soc/g_dcache.u_dcache/g_dcu[2].u_dcu/clk
    SLICE_X54Y144        FDCE                                         r  u_soc/g_dcache.u_dcache/g_dcu[2].u_dcu/s2_wdata_q_reg[27]/C
                         clock pessimism             -0.309     2.739    
    SLICE_X54Y144        FDCE (Hold_DFF2_SLICEM_C_D)
                                                      0.061     2.800    u_soc/g_dcache.u_dcache/g_dcu[2].u_dcu/s2_wdata_q_reg[27]
  -------------------------------------------------------------------
                         required time                         -2.800    
                         arrival time                           2.820    
  -------------------------------------------------------------------
                         slack                                  0.020    





Pulse Width Checks
--------------------------------------------------------------------------------------
Clock Name:         clk
Waveform(ns):       { 0.000 3.333 }
Period(ns):         9.999
Sources:            { u_bufgce_div/O }

Check Type        Corner  Lib Pin             Reference Pin  Required(ns)  Actual(ns)  Slack(ns)  Location      Pin
Min Period        n/a     RAMB36E2/CLKARDCLK  n/a            1.569         9.999       8.430      RAMB36_X1Y24  u_soc/g_dcache.u_dcache/g_dcu[0].u_dcu/u_data_ram/mem_reg_0/CLKARDCLK
Min Period        n/a     RAMB36E2/CLKBWRCLK  n/a            1.569         9.999       8.430      RAMB36_X1Y24  u_soc/g_dcache.u_dcache/g_dcu[0].u_dcu/u_data_ram/mem_reg_0/CLKBWRCLK
Min Period        n/a     RAMB36E2/CLKARDCLK  n/a            1.569         9.999       8.430      RAMB36_X1Y21  u_soc/g_dcache.u_dcache/g_dcu[0].u_dcu/u_data_ram/mem_reg_1/CLKARDCLK
Min Period        n/a     RAMB36E2/CLKBWRCLK  n/a            1.569         9.999       8.430      RAMB36_X1Y21  u_soc/g_dcache.u_dcache/g_dcu[0].u_dcu/u_data_ram/mem_reg_1/CLKBWRCLK
Min Period        n/a     RAMB36E2/CLKARDCLK  n/a            1.569         9.999       8.430      RAMB36_X1Y23  u_soc/g_dcache.u_dcache/g_dcu[0].u_dcu/u_data_ram/mem_reg_2/CLKARDCLK
Min Period        n/a     RAMB36E2/CLKBWRCLK  n/a            1.569         9.999       8.430      RAMB36_X1Y23  u_soc/g_dcache.u_dcache/g_dcu[0].u_dcu/u_data_ram/mem_reg_2/CLKBWRCLK
Min Period        n/a     RAMB36E2/CLKARDCLK  n/a            1.569         9.999       8.430      RAMB36_X1Y22  u_soc/g_dcache.u_dcache/g_dcu[0].u_dcu/u_data_ram/mem_reg_3/CLKARDCLK
Min Period        n/a     RAMB36E2/CLKBWRCLK  n/a            1.569         9.999       8.430      RAMB36_X1Y22  u_soc/g_dcache.u_dcache/g_dcu[0].u_dcu/u_data_ram/mem_reg_3/CLKBWRCLK
Min Period        n/a     RAMB18E2/CLKARDCLK  n/a            1.569         9.999       8.430      RAMB18_X1Y79  u_soc/g_dcache.u_dcache/g_dcu[0].u_dcu/u_tag_ram/mem_reg_0/CLKARDCLK
Min Period        n/a     RAMB18E2/CLKBWRCLK  n/a            1.569         9.999       8.430      RAMB18_X1Y79  u_soc/g_dcache.u_dcache/g_dcu[0].u_dcu/u_tag_ram/mem_reg_0/CLKBWRCLK
Low Pulse Width   Slow    RAMB36E2/CLKARDCLK  n/a            0.542         6.666       6.124      RAMB36_X1Y24  u_soc/g_dcache.u_dcache/g_dcu[0].u_dcu/u_data_ram/mem_reg_0/CLKARDCLK
Low Pulse Width   Fast    RAMB36E2/CLKARDCLK  n/a            0.542         6.666       6.124      RAMB36_X1Y24  u_soc/g_dcache.u_dcache/g_dcu[0].u_dcu/u_data_ram/mem_reg_0/CLKARDCLK
Low Pulse Width   Slow    RAMB36E2/CLKBWRCLK  n/a            0.542         6.666       6.124      RAMB36_X1Y24  u_soc/g_dcache.u_dcache/g_dcu[0].u_dcu/u_data_ram/mem_reg_0/CLKBWRCLK
Low Pulse Width   Fast    RAMB36E2/CLKBWRCLK  n/a            0.542         6.666       6.124      RAMB36_X1Y24  u_soc/g_dcache.u_dcache/g_dcu[0].u_dcu/u_data_ram/mem_reg_0/CLKBWRCLK
Low Pulse Width   Slow    RAMB36E2/CLKARDCLK  n/a            0.542         6.666       6.124      RAMB36_X1Y21  u_soc/g_dcache.u_dcache/g_dcu[0].u_dcu/u_data_ram/mem_reg_1/CLKARDCLK
Low Pulse Width   Fast    RAMB36E2/CLKARDCLK  n/a            0.542         6.666       6.124      RAMB36_X1Y21  u_soc/g_dcache.u_dcache/g_dcu[0].u_dcu/u_data_ram/mem_reg_1/CLKARDCLK
Low Pulse Width   Slow    RAMB36E2/CLKBWRCLK  n/a            0.542         6.666       6.124      RAMB36_X1Y21  u_soc/g_dcache.u_dcache/g_dcu[0].u_dcu/u_data_ram/mem_reg_1/CLKBWRCLK
Low Pulse Width   Fast    RAMB36E2/CLKBWRCLK  n/a            0.542         6.666       6.124      RAMB36_X1Y21  u_soc/g_dcache.u_dcache/g_dcu[0].u_dcu/u_data_ram/mem_reg_1/CLKBWRCLK
Low Pulse Width   Slow    RAMB36E2/CLKARDCLK  n/a            0.542         6.666       6.124      RAMB36_X1Y23  u_soc/g_dcache.u_dcache/g_dcu[0].u_dcu/u_data_ram/mem_reg_2/CLKARDCLK
Low Pulse Width   Fast    RAMB36E2/CLKARDCLK  n/a            0.542         6.666       6.124      RAMB36_X1Y23  u_soc/g_dcache.u_dcache/g_dcu[0].u_dcu/u_data_ram/mem_reg_2/CLKARDCLK
High Pulse Width  Slow    RAMB36E2/CLKARDCLK  n/a            0.542         3.333       2.791      RAMB36_X1Y24  u_soc/g_dcache.u_dcache/g_dcu[0].u_dcu/u_data_ram/mem_reg_0/CLKARDCLK
High Pulse Width  Fast    RAMB36E2/CLKARDCLK  n/a            0.542         3.333       2.791      RAMB36_X1Y24  u_soc/g_dcache.u_dcache/g_dcu[0].u_dcu/u_data_ram/mem_reg_0/CLKARDCLK
High Pulse Width  Slow    RAMB36E2/CLKBWRCLK  n/a            0.542         3.333       2.791      RAMB36_X1Y24  u_soc/g_dcache.u_dcache/g_dcu[0].u_dcu/u_data_ram/mem_reg_0/CLKBWRCLK
High Pulse Width  Fast    RAMB36E2/CLKBWRCLK  n/a            0.542         3.333       2.791      RAMB36_X1Y24  u_soc/g_dcache.u_dcache/g_dcu[0].u_dcu/u_data_ram/mem_reg_0/CLKBWRCLK
High Pulse Width  Slow    RAMB36E2/CLKARDCLK  n/a            0.542         3.333       2.791      RAMB36_X1Y21  u_soc/g_dcache.u_dcache/g_dcu[0].u_dcu/u_data_ram/mem_reg_1/CLKARDCLK
High Pulse Width  Fast    RAMB36E2/CLKARDCLK  n/a            0.542         3.333       2.791      RAMB36_X1Y21  u_soc/g_dcache.u_dcache/g_dcu[0].u_dcu/u_data_ram/mem_reg_1/CLKARDCLK
High Pulse Width  Slow    RAMB36E2/CLKBWRCLK  n/a            0.542         3.333       2.791      RAMB36_X1Y21  u_soc/g_dcache.u_dcache/g_dcu[0].u_dcu/u_data_ram/mem_reg_1/CLKBWRCLK
High Pulse Width  Fast    RAMB36E2/CLKBWRCLK  n/a            0.542         3.333       2.791      RAMB36_X1Y21  u_soc/g_dcache.u_dcache/g_dcu[0].u_dcu/u_data_ram/mem_reg_1/CLKBWRCLK
High Pulse Width  Slow    RAMB36E2/CLKARDCLK  n/a            0.542         3.333       2.791      RAMB36_X1Y23  u_soc/g_dcache.u_dcache/g_dcu[0].u_dcu/u_data_ram/mem_reg_2/CLKARDCLK
High Pulse Width  Fast    RAMB36E2/CLKARDCLK  n/a            0.542         3.333       2.791      RAMB36_X1Y23  u_soc/g_dcache.u_dcache/g_dcu[0].u_dcu/u_data_ram/mem_reg_2/CLKARDCLK



---------------------------------------------------------------------------------------------------
Path Group:  **async_default**
From Clock:  clk
  To Clock:  clk

Setup :            0  Failing Endpoints,  Worst Slack        5.930ns,  Total Violation        0.000ns
Hold  :         1719  Failing Endpoints,  Worst Slack       -0.030ns,  Total Violation      -18.849ns
---------------------------------------------------------------------------------------------------


Max Delay Paths
--------------------------------------------------------------------------------------
Slack (MET) :             5.930ns  (required time - arrival time)
  Source:                 rst_n_q_reg/C
                            (rising edge-triggered cell FDRE clocked by clk  {rise@0.000ns fall@3.333ns period=9.999ns})
  Destination:            u_soc/g_pe[2].u_axi_dcu/r_line_q_reg[64]/CLR
                            (recovery check against rising-edge clock clk  {rise@0.000ns fall@3.333ns period=9.999ns})
  Path Group:             **async_default**
  Path Type:              Recovery (Max at Slow Process Corner)
  Requirement:            9.999ns  (clk rise@9.999ns - clk rise@0.000ns)
  Data Path Delay:        3.517ns  (logic 0.107ns (3.042%)  route 3.410ns (96.958%))
  Logic Levels:           1  (BUFGCE=1)
  Clock Path Skew:        -0.450ns (DCD - SCD + CPR)
    Destination Clock Delay (DCD):    2.675ns = ( 12.674 - 9.999 ) 
    Source Clock Delay      (SCD):    3.372ns
    Clock Pessimism Removal (CPR):    0.246ns
  Clock Uncertainty:      0.035ns  ((TSJ^2 + TIJ^2)^1/2 + DJ) / 2 + PE
    Total System Jitter     (TSJ):    0.071ns
    Total Input Jitter      (TIJ):    0.000ns
    Discrete Jitter          (DJ):    0.000ns
    Phase Error              (PE):    0.000ns
  Clock Net Delay (Source):      2.222ns (routing 0.691ns, distribution 1.531ns)
  Clock Net Delay (Destination): 1.709ns (routing 0.628ns, distribution 1.081ns)

    Location             Delay type                Incr(ns)  Path(ns)    Netlist Resource(s)
  -------------------------------------------------------------------    -------------------
                         (clock clk rise edge)        0.000     0.000 r  
    AH18                                              0.000     0.000 r  clk300_p_i (IN)
                         net (fo=0)                   0.100     0.100    u_ibufds/I
    HPIOBDIFFINBUF_X1Y36 DIFFINBUF (Prop_DIFFINBUF_HPIOBDIFFINBUF_DIFF_IN_P_O)
                                                      0.525     0.625 r  u_ibufds/DIFFINBUF_INST/O
                         net (fo=1, routed)           0.050     0.675    u_ibufds/OUT
    AH18                 IBUFCTRL (Prop_IBUFCTRL_HPIOB_M_I_O)
                                                      0.000     0.675 r  u_ibufds/IBUFCTRL_INST/O
                         net (fo=1, routed)           0.322     0.997    clk_ref
    BUFGCE_DIV_X1Y7      BUFGCE_DIV (Prop_BUFGCE_DIV_I_O)
                                                      0.152     1.149 r  u_bufgce_div/O
    X1Y2 (CLOCK_ROOT)    net (fo=7065, routed)        2.222     3.372    clk
    SLICE_X100Y247       FDRE                                         r  rst_n_q_reg/C
  -------------------------------------------------------------------    -------------------
    SLICE_X100Y247       FDRE (Prop_EFF_SLICEL_C_Q)
                                                      0.079     3.451 r  rst_n_q_reg/Q
                         net (fo=1, routed)           1.718     5.169    rst_n_q_bufg_place
    BUFGCE_X1Y98         BUFGCE (Prop_BUFCE_BUFGCE_I_O)
                                                      0.028     5.197 r  rst_n_q_reg_bufg_place/O
                         net (fo=13682, routed)       1.692     6.889    u_soc/g_pe[2].u_axi_dcu/w_be_q_reg[3]_1
    SLICE_X56Y58         FDCE                                         f  u_soc/g_pe[2].u_axi_dcu/r_line_q_reg[64]/CLR  (IS_INVERTED)
  -------------------------------------------------------------------    -------------------

                         (clock clk rise edge)        9.999     9.999 r  
    AH18                                              0.000     9.999 r  clk300_p_i (IN)
                         net (fo=0)                   0.079    10.078    u_ibufds/I
    HPIOBDIFFINBUF_X1Y36 DIFFINBUF (Prop_DIFFINBUF_HPIOBDIFFINBUF_DIFF_IN_P_O)
                                                      0.429    10.507 r  u_ibufds/DIFFINBUF_INST/O
                         net (fo=1, routed)           0.040    10.547    u_ibufds/OUT
    AH18                 IBUFCTRL (Prop_IBUFCTRL_HPIOB_M_I_O)
                                                      0.000    10.547 r  u_ibufds/IBUFCTRL_INST/O
                         net (fo=1, routed)           0.286    10.833    clk_ref
    BUFGCE_DIV_X1Y7      BUFGCE_DIV (Prop_BUFGCE_DIV_I_O)
                                                      0.132    10.965 r  u_bufgce_div/O
    X1Y2 (CLOCK_ROOT)    net (fo=7065, routed)        1.709    12.674    u_soc/g_pe[2].u_axi_dcu/clk
    SLICE_X56Y58         FDCE                                         r  u_soc/g_pe[2].u_axi_dcu/r_line_q_reg[64]/C
                         clock pessimism              0.246    12.920    
                         clock uncertainty           -0.035    12.885    
    SLICE_X56Y58         FDCE (Recov_DFF2_SLICEM_C_CLR)
                                                     -0.066    12.819    u_soc/g_pe[2].u_axi_dcu/r_line_q_reg[64]
  -------------------------------------------------------------------
                         required time                         12.819    
                         arrival time                          -6.889    
  -------------------------------------------------------------------
                         slack                                  5.930    

Slack (MET) :             5.930ns  (required time - arrival time)
  Source:                 rst_n_q_reg/C
                            (rising edge-triggered cell FDRE clocked by clk  {rise@0.000ns fall@3.333ns period=9.999ns})
  Destination:            u_soc/g_pe[2].u_axi_dcu/r_line_q_reg[96]/CLR
                            (recovery check against rising-edge clock clk  {rise@0.000ns fall@3.333ns period=9.999ns})
  Path Group:             **async_default**
  Path Type:              Recovery (Max at Slow Process Corner)
  Requirement:            9.999ns  (clk rise@9.999ns - clk rise@0.000ns)
  Data Path Delay:        3.517ns  (logic 0.107ns (3.042%)  route 3.410ns (96.958%))
  Logic Levels:           1  (BUFGCE=1)
  Clock Path Skew:        -0.450ns (DCD - SCD + CPR)
    Destination Clock Delay (DCD):    2.675ns = ( 12.674 - 9.999 ) 
    Source Clock Delay      (SCD):    3.372ns
    Clock Pessimism Removal (CPR):    0.246ns
  Clock Uncertainty:      0.035ns  ((TSJ^2 + TIJ^2)^1/2 + DJ) / 2 + PE
    Total System Jitter     (TSJ):    0.071ns
    Total Input Jitter      (TIJ):    0.000ns
    Discrete Jitter          (DJ):    0.000ns
    Phase Error              (PE):    0.000ns
  Clock Net Delay (Source):      2.222ns (routing 0.691ns, distribution 1.531ns)
  Clock Net Delay (Destination): 1.709ns (routing 0.628ns, distribution 1.081ns)

    Location             Delay type                Incr(ns)  Path(ns)    Netlist Resource(s)
  -------------------------------------------------------------------    -------------------
                         (clock clk rise edge)        0.000     0.000 r  
    AH18                                              0.000     0.000 r  clk300_p_i (IN)
                         net (fo=0)                   0.100     0.100    u_ibufds/I
    HPIOBDIFFINBUF_X1Y36 DIFFINBUF (Prop_DIFFINBUF_HPIOBDIFFINBUF_DIFF_IN_P_O)
                                                      0.525     0.625 r  u_ibufds/DIFFINBUF_INST/O
                         net (fo=1, routed)           0.050     0.675    u_ibufds/OUT
    AH18                 IBUFCTRL (Prop_IBUFCTRL_HPIOB_M_I_O)
                                                      0.000     0.675 r  u_ibufds/IBUFCTRL_INST/O
                         net (fo=1, routed)           0.322     0.997    clk_ref
    BUFGCE_DIV_X1Y7      BUFGCE_DIV (Prop_BUFGCE_DIV_I_O)
                                                      0.152     1.149 r  u_bufgce_div/O
    X1Y2 (CLOCK_ROOT)    net (fo=7065, routed)        2.222     3.372    clk
    SLICE_X100Y247       FDRE                                         r  rst_n_q_reg/C
  -------------------------------------------------------------------    -------------------
    SLICE_X100Y247       FDRE (Prop_EFF_SLICEL_C_Q)
                                                      0.079     3.451 r  rst_n_q_reg/Q
                         net (fo=1, routed)           1.718     5.169    rst_n_q_bufg_place
    BUFGCE_X1Y98         BUFGCE (Prop_BUFCE_BUFGCE_I_O)
                                                      0.028     5.197 r  rst_n_q_reg_bufg_place/O
                         net (fo=13682, routed)       1.692     6.889    u_soc/g_pe[2].u_axi_dcu/w_be_q_reg[3]_1
    SLICE_X56Y58         FDCE                                         f  u_soc/g_pe[2].u_axi_dcu/r_line_q_reg[96]/CLR  (IS_INVERTED)
  -------------------------------------------------------------------    -------------------

                         (clock clk rise edge)        9.999     9.999 r  
    AH18                                              0.000     9.999 r  clk300_p_i (IN)
                         net (fo=0)                   0.079    10.078    u_ibufds/I
    HPIOBDIFFINBUF_X1Y36 DIFFINBUF (Prop_DIFFINBUF_HPIOBDIFFINBUF_DIFF_IN_P_O)
                                                      0.429    10.507 r  u_ibufds/DIFFINBUF_INST/O
                         net (fo=1, routed)           0.040    10.547    u_ibufds/OUT
    AH18                 IBUFCTRL (Prop_IBUFCTRL_HPIOB_M_I_O)
                                                      0.000    10.547 r  u_ibufds/IBUFCTRL_INST/O
                         net (fo=1, routed)           0.286    10.833    clk_ref
    BUFGCE_DIV_X1Y7      BUFGCE_DIV (Prop_BUFGCE_DIV_I_O)
                                                      0.132    10.965 r  u_bufgce_div/O
    X1Y2 (CLOCK_ROOT)    net (fo=7065, routed)        1.709    12.674    u_soc/g_pe[2].u_axi_dcu/clk
    SLICE_X56Y58         FDCE                                         r  u_soc/g_pe[2].u_axi_dcu/r_line_q_reg[96]/C
                         clock pessimism              0.246    12.920    
                         clock uncertainty           -0.035    12.885    
    SLICE_X56Y58         FDCE (Recov_DFF_SLICEM_C_CLR)
                                                     -0.066    12.819    u_soc/g_pe[2].u_axi_dcu/r_line_q_reg[96]
  -------------------------------------------------------------------
                         required time                         12.819    
                         arrival time                          -6.889    
  -------------------------------------------------------------------
                         slack                                  5.930    

Slack (MET) :             5.954ns  (required time - arrival time)
  Source:                 rst_n_q_reg/C
                            (rising edge-triggered cell FDRE clocked by clk  {rise@0.000ns fall@3.333ns period=9.999ns})
  Destination:            u_soc/g_pe[2].u_axi_dcu/r_line_q_reg[122]/CLR
                            (recovery check against rising-edge clock clk  {rise@0.000ns fall@3.333ns period=9.999ns})
  Path Group:             **async_default**
  Path Type:              Recovery (Max at Slow Process Corner)
  Requirement:            9.999ns  (clk rise@9.999ns - clk rise@0.000ns)
  Data Path Delay:        3.508ns  (logic 0.107ns (3.050%)  route 3.401ns (96.950%))
  Logic Levels:           1  (BUFGCE=1)
  Clock Path Skew:        -0.435ns (DCD - SCD + CPR)
    Destination Clock Delay (DCD):    2.690ns = ( 12.689 - 9.999 ) 
    Source Clock Delay      (SCD):    3.372ns
    Clock Pessimism Removal (CPR):    0.246ns
  Clock Uncertainty:      0.035ns  ((TSJ^2 + TIJ^2)^1/2 + DJ) / 2 + PE
    Total System Jitter     (TSJ):    0.071ns
    Total Input Jitter      (TIJ):    0.000ns
    Discrete Jitter          (DJ):    0.000ns
    Phase Error              (PE):    0.000ns
  Clock Net Delay (Source):      2.222ns (routing 0.691ns, distribution 1.531ns)
  Clock Net Delay (Destination): 1.724ns (routing 0.628ns, distribution 1.096ns)

    Location             Delay type                Incr(ns)  Path(ns)    Netlist Resource(s)
  -------------------------------------------------------------------    -------------------
                         (clock clk rise edge)        0.000     0.000 r  
    AH18                                              0.000     0.000 r  clk300_p_i (IN)
                         net (fo=0)                   0.100     0.100    u_ibufds/I
    HPIOBDIFFINBUF_X1Y36 DIFFINBUF (Prop_DIFFINBUF_HPIOBDIFFINBUF_DIFF_IN_P_O)
                                                      0.525     0.625 r  u_ibufds/DIFFINBUF_INST/O
                         net (fo=1, routed)           0.050     0.675    u_ibufds/OUT
    AH18                 IBUFCTRL (Prop_IBUFCTRL_HPIOB_M_I_O)
                                                      0.000     0.675 r  u_ibufds/IBUFCTRL_INST/O
                         net (fo=1, routed)           0.322     0.997    clk_ref
    BUFGCE_DIV_X1Y7      BUFGCE_DIV (Prop_BUFGCE_DIV_I_O)
                                                      0.152     1.149 r  u_bufgce_div/O
    X1Y2 (CLOCK_ROOT)    net (fo=7065, routed)        2.222     3.372    clk
    SLICE_X100Y247       FDRE                                         r  rst_n_q_reg/C
  -------------------------------------------------------------------    -------------------
    SLICE_X100Y247       FDRE (Prop_EFF_SLICEL_C_Q)
                                                      0.079     3.451 r  rst_n_q_reg/Q
                         net (fo=1, routed)           1.718     5.169    rst_n_q_bufg_place
    BUFGCE_X1Y98         BUFGCE (Prop_BUFCE_BUFGCE_I_O)
                                                      0.028     5.197 r  rst_n_q_reg_bufg_place/O
                         net (fo=13682, routed)       1.683     6.880    u_soc/g_pe[2].u_axi_dcu/w_be_q_reg[3]_1
    SLICE_X52Y58         FDCE                                         f  u_soc/g_pe[2].u_axi_dcu/r_line_q_reg[122]/CLR  (IS_INVERTED)
  -------------------------------------------------------------------    -------------------

                         (clock clk rise edge)        9.999     9.999 r  
    AH18                                              0.000     9.999 r  clk300_p_i (IN)
                         net (fo=0)                   0.079    10.078    u_ibufds/I
    HPIOBDIFFINBUF_X1Y36 DIFFINBUF (Prop_DIFFINBUF_HPIOBDIFFINBUF_DIFF_IN_P_O)
                                                      0.429    10.507 r  u_ibufds/DIFFINBUF_INST/O
                         net (fo=1, routed)           0.040    10.547    u_ibufds/OUT
    AH18                 IBUFCTRL (Prop_IBUFCTRL_HPIOB_M_I_O)
                                                      0.000    10.547 r  u_ibufds/IBUFCTRL_INST/O
                         net (fo=1, routed)           0.286    10.833    clk_ref
    BUFGCE_DIV_X1Y7      BUFGCE_DIV (Prop_BUFGCE_DIV_I_O)
                                                      0.132    10.965 r  u_bufgce_div/O
    X1Y2 (CLOCK_ROOT)    net (fo=7065, routed)        1.724    12.689    u_soc/g_pe[2].u_axi_dcu/clk
    SLICE_X52Y58         FDCE                                         r  u_soc/g_pe[2].u_axi_dcu/r_line_q_reg[122]/C
                         clock pessimism              0.246    12.935    
                         clock uncertainty           -0.035    12.900    
    SLICE_X52Y58         FDCE (Recov_DFF_SLICEL_C_CLR)
                                                     -0.066    12.834    u_soc/g_pe[2].u_axi_dcu/r_line_q_reg[122]
  -------------------------------------------------------------------
                         required time                         12.834    
                         arrival time                          -6.880    
  -------------------------------------------------------------------
                         slack                                  5.954    

Slack (MET) :             5.954ns  (required time - arrival time)
  Source:                 rst_n_q_reg/C
                            (rising edge-triggered cell FDRE clocked by clk  {rise@0.000ns fall@3.333ns period=9.999ns})
  Destination:            u_soc/g_pe[2].u_axi_dcu/r_line_q_reg[90]/CLR
                            (recovery check against rising-edge clock clk  {rise@0.000ns fall@3.333ns period=9.999ns})
  Path Group:             **async_default**
  Path Type:              Recovery (Max at Slow Process Corner)
  Requirement:            9.999ns  (clk rise@9.999ns - clk rise@0.000ns)
  Data Path Delay:        3.508ns  (logic 0.107ns (3.050%)  route 3.401ns (96.950%))
  Logic Levels:           1  (BUFGCE=1)
  Clock Path Skew:        -0.435ns (DCD - SCD + CPR)
    Destination Clock Delay (DCD):    2.690ns = ( 12.689 - 9.999 ) 
    Source Clock Delay      (SCD):    3.372ns
    Clock Pessimism Removal (CPR):    0.246ns
  Clock Uncertainty:      0.035ns  ((TSJ^2 + TIJ^2)^1/2 + DJ) / 2 + PE
    Total System Jitter     (TSJ):    0.071ns
    Total Input Jitter      (TIJ):    0.000ns
    Discrete Jitter          (DJ):    0.000ns
    Phase Error              (PE):    0.000ns
  Clock Net Delay (Source):      2.222ns (routing 0.691ns, distribution 1.531ns)
  Clock Net Delay (Destination): 1.724ns (routing 0.628ns, distribution 1.096ns)

    Location             Delay type                Incr(ns)  Path(ns)    Netlist Resource(s)
  -------------------------------------------------------------------    -------------------
                         (clock clk rise edge)        0.000     0.000 r  
    AH18                                              0.000     0.000 r  clk300_p_i (IN)
                         net (fo=0)                   0.100     0.100    u_ibufds/I
    HPIOBDIFFINBUF_X1Y36 DIFFINBUF (Prop_DIFFINBUF_HPIOBDIFFINBUF_DIFF_IN_P_O)
                                                      0.525     0.625 r  u_ibufds/DIFFINBUF_INST/O
                         net (fo=1, routed)           0.050     0.675    u_ibufds/OUT
    AH18                 IBUFCTRL (Prop_IBUFCTRL_HPIOB_M_I_O)
                                                      0.000     0.675 r  u_ibufds/IBUFCTRL_INST/O
                         net (fo=1, routed)           0.322     0.997    clk_ref
    BUFGCE_DIV_X1Y7      BUFGCE_DIV (Prop_BUFGCE_DIV_I_O)
                                                      0.152     1.149 r  u_bufgce_div/O
    X1Y2 (CLOCK_ROOT)    net (fo=7065, routed)        2.222     3.372    clk
    SLICE_X100Y247       FDRE                                         r  rst_n_q_reg/C
  -------------------------------------------------------------------    -------------------
    SLICE_X100Y247       FDRE (Prop_EFF_SLICEL_C_Q)
                                                      0.079     3.451 r  rst_n_q_reg/Q
                         net (fo=1, routed)           1.718     5.169    rst_n_q_bufg_place
    BUFGCE_X1Y98         BUFGCE (Prop_BUFCE_BUFGCE_I_O)
                                                      0.028     5.197 r  rst_n_q_reg_bufg_place/O
                         net (fo=13682, routed)       1.683     6.880    u_soc/g_pe[2].u_axi_dcu/w_be_q_reg[3]_1
    SLICE_X52Y58         FDCE                                         f  u_soc/g_pe[2].u_axi_dcu/r_line_q_reg[90]/CLR  (IS_INVERTED)
  -------------------------------------------------------------------    -------------------

                         (clock clk rise edge)        9.999     9.999 r  
    AH18                                              0.000     9.999 r  clk300_p_i (IN)
                         net (fo=0)                   0.079    10.078    u_ibufds/I
    HPIOBDIFFINBUF_X1Y36 DIFFINBUF (Prop_DIFFINBUF_HPIOBDIFFINBUF_DIFF_IN_P_O)
                                                      0.429    10.507 r  u_ibufds/DIFFINBUF_INST/O
                         net (fo=1, routed)           0.040    10.547    u_ibufds/OUT
    AH18                 IBUFCTRL (Prop_IBUFCTRL_HPIOB_M_I_O)
                                                      0.000    10.547 r  u_ibufds/IBUFCTRL_INST/O
                         net (fo=1, routed)           0.286    10.833    clk_ref
    BUFGCE_DIV_X1Y7      BUFGCE_DIV (Prop_BUFGCE_DIV_I_O)
                                                      0.132    10.965 r  u_bufgce_div/O
    X1Y2 (CLOCK_ROOT)    net (fo=7065, routed)        1.724    12.689    u_soc/g_pe[2].u_axi_dcu/clk
    SLICE_X52Y58         FDCE                                         r  u_soc/g_pe[2].u_axi_dcu/r_line_q_reg[90]/C
                         clock pessimism              0.246    12.935    
                         clock uncertainty           -0.035    12.900    
    SLICE_X52Y58         FDCE (Recov_DFF2_SLICEL_C_CLR)
                                                     -0.066    12.834    u_soc/g_pe[2].u_axi_dcu/r_line_q_reg[90]
  -------------------------------------------------------------------
                         required time                         12.834    
                         arrival time                          -6.880    
  -------------------------------------------------------------------
                         slack                                  5.954    

Slack (MET) :             6.022ns  (required time - arrival time)
  Source:                 rst_n_q_reg/C
                            (rising edge-triggered cell FDRE clocked by clk  {rise@0.000ns fall@3.333ns period=9.999ns})
  Destination:            u_soc/g_pe[3].u_axi_dcu/r_line_q_reg[28]/CLR
                            (recovery check against rising-edge clock clk  {rise@0.000ns fall@3.333ns period=9.999ns})
  Path Group:             **async_default**
  Path Type:              Recovery (Max at Slow Process Corner)
  Requirement:            9.999ns  (clk rise@9.999ns - clk rise@0.000ns)
  Data Path Delay:        3.404ns  (logic 0.107ns (3.143%)  route 3.297ns (96.857%))
  Logic Levels:           1  (BUFGCE=1)
  Clock Path Skew:        -0.472ns (DCD - SCD + CPR)
    Destination Clock Delay (DCD):    2.653ns = ( 12.652 - 9.999 ) 
    Source Clock Delay      (SCD):    3.372ns
    Clock Pessimism Removal (CPR):    0.246ns
  Clock Uncertainty:      0.035ns  ((TSJ^2 + TIJ^2)^1/2 + DJ) / 2 + PE
    Total System Jitter     (TSJ):    0.071ns
    Total Input Jitter      (TIJ):    0.000ns
    Discrete Jitter          (DJ):    0.000ns
    Phase Error              (PE):    0.000ns
  Clock Net Delay (Source):      2.222ns (routing 0.691ns, distribution 1.531ns)
  Clock Net Delay (Destination): 1.687ns (routing 0.628ns, distribution 1.059ns)

    Location             Delay type                Incr(ns)  Path(ns)    Netlist Resource(s)
  -------------------------------------------------------------------    -------------------
                         (clock clk rise edge)        0.000     0.000 r  
    AH18                                              0.000     0.000 r  clk300_p_i (IN)
                         net (fo=0)                   0.100     0.100    u_ibufds/I
    HPIOBDIFFINBUF_X1Y36 DIFFINBUF (Prop_DIFFINBUF_HPIOBDIFFINBUF_DIFF_IN_P_O)
                                                      0.525     0.625 r  u_ibufds/DIFFINBUF_INST/O
                         net (fo=1, routed)           0.050     0.675    u_ibufds/OUT
    AH18                 IBUFCTRL (Prop_IBUFCTRL_HPIOB_M_I_O)
                                                      0.000     0.675 r  u_ibufds/IBUFCTRL_INST/O
                         net (fo=1, routed)           0.322     0.997    clk_ref
    BUFGCE_DIV_X1Y7      BUFGCE_DIV (Prop_BUFGCE_DIV_I_O)
                                                      0.152     1.149 r  u_bufgce_div/O
    X1Y2 (CLOCK_ROOT)    net (fo=7065, routed)        2.222     3.372    clk
    SLICE_X100Y247       FDRE                                         r  rst_n_q_reg/C
  -------------------------------------------------------------------    -------------------
    SLICE_X100Y247       FDRE (Prop_EFF_SLICEL_C_Q)
                                                      0.079     3.451 r  rst_n_q_reg/Q
                         net (fo=1, routed)           1.718     5.169    rst_n_q_bufg_place
    BUFGCE_X1Y98         BUFGCE (Prop_BUFCE_BUFGCE_I_O)
                                                      0.028     5.197 r  rst_n_q_reg_bufg_place/O
                         net (fo=13682, routed)       1.579     6.776    u_soc/g_pe[3].u_axi_dcu/w_be_q_reg[3]_1
    SLICE_X54Y93         FDCE                                         f  u_soc/g_pe[3].u_axi_dcu/r_line_q_reg[28]/CLR  (IS_INVERTED)
  -------------------------------------------------------------------    -------------------

                         (clock clk rise edge)        9.999     9.999 r  
    AH18                                              0.000     9.999 r  clk300_p_i (IN)
                         net (fo=0)                   0.079    10.078    u_ibufds/I
    HPIOBDIFFINBUF_X1Y36 DIFFINBUF (Prop_DIFFINBUF_HPIOBDIFFINBUF_DIFF_IN_P_O)
                                                      0.429    10.507 r  u_ibufds/DIFFINBUF_INST/O
                         net (fo=1, routed)           0.040    10.547    u_ibufds/OUT
    AH18                 IBUFCTRL (Prop_IBUFCTRL_HPIOB_M_I_O)
                                                      0.000    10.547 r  u_ibufds/IBUFCTRL_INST/O
                         net (fo=1, routed)           0.286    10.833    clk_ref
    BUFGCE_DIV_X1Y7      BUFGCE_DIV (Prop_BUFGCE_DIV_I_O)
                                                      0.132    10.965 r  u_bufgce_div/O
    X1Y2 (CLOCK_ROOT)    net (fo=7065, routed)        1.687    12.652    u_soc/g_pe[3].u_axi_dcu/clk
    SLICE_X54Y93         FDCE                                         r  u_soc/g_pe[3].u_axi_dcu/r_line_q_reg[28]/C
                         clock pessimism              0.246    12.899    
                         clock uncertainty           -0.035    12.863    
    SLICE_X54Y93         FDCE (Recov_DFF2_SLICEM_C_CLR)
                                                     -0.066    12.797    u_soc/g_pe[3].u_axi_dcu/r_line_q_reg[28]
  -------------------------------------------------------------------
                         required time                         12.797    
                         arrival time                          -6.776    
  -------------------------------------------------------------------
                         slack                                  6.022    

Slack (MET) :             6.022ns  (required time - arrival time)
  Source:                 rst_n_q_reg/C
                            (rising edge-triggered cell FDRE clocked by clk  {rise@0.000ns fall@3.333ns period=9.999ns})
  Destination:            u_soc/g_pe[3].u_axi_dcu/r_line_q_reg[60]/CLR
                            (recovery check against rising-edge clock clk  {rise@0.000ns fall@3.333ns period=9.999ns})
  Path Group:             **async_default**
  Path Type:              Recovery (Max at Slow Process Corner)
  Requirement:            9.999ns  (clk rise@9.999ns - clk rise@0.000ns)
  Data Path Delay:        3.404ns  (logic 0.107ns (3.143%)  route 3.297ns (96.857%))
  Logic Levels:           1  (BUFGCE=1)
  Clock Path Skew:        -0.472ns (DCD - SCD + CPR)
    Destination Clock Delay (DCD):    2.653ns = ( 12.652 - 9.999 ) 
    Source Clock Delay      (SCD):    3.372ns
    Clock Pessimism Removal (CPR):    0.246ns
  Clock Uncertainty:      0.035ns  ((TSJ^2 + TIJ^2)^1/2 + DJ) / 2 + PE
    Total System Jitter     (TSJ):    0.071ns
    Total Input Jitter      (TIJ):    0.000ns
    Discrete Jitter          (DJ):    0.000ns
    Phase Error              (PE):    0.000ns
  Clock Net Delay (Source):      2.222ns (routing 0.691ns, distribution 1.531ns)
  Clock Net Delay (Destination): 1.687ns (routing 0.628ns, distribution 1.059ns)

    Location             Delay type                Incr(ns)  Path(ns)    Netlist Resource(s)
  -------------------------------------------------------------------    -------------------
                         (clock clk rise edge)        0.000     0.000 r  
    AH18                                              0.000     0.000 r  clk300_p_i (IN)
                         net (fo=0)                   0.100     0.100    u_ibufds/I
    HPIOBDIFFINBUF_X1Y36 DIFFINBUF (Prop_DIFFINBUF_HPIOBDIFFINBUF_DIFF_IN_P_O)
                                                      0.525     0.625 r  u_ibufds/DIFFINBUF_INST/O
                         net (fo=1, routed)           0.050     0.675    u_ibufds/OUT
    AH18                 IBUFCTRL (Prop_IBUFCTRL_HPIOB_M_I_O)
                                                      0.000     0.675 r  u_ibufds/IBUFCTRL_INST/O
                         net (fo=1, routed)           0.322     0.997    clk_ref
    BUFGCE_DIV_X1Y7      BUFGCE_DIV (Prop_BUFGCE_DIV_I_O)
                                                      0.152     1.149 r  u_bufgce_div/O
    X1Y2 (CLOCK_ROOT)    net (fo=7065, routed)        2.222     3.372    clk
    SLICE_X100Y247       FDRE                                         r  rst_n_q_reg/C
  -------------------------------------------------------------------    -------------------
    SLICE_X100Y247       FDRE (Prop_EFF_SLICEL_C_Q)
                                                      0.079     3.451 r  rst_n_q_reg/Q
                         net (fo=1, routed)           1.718     5.169    rst_n_q_bufg_place
    BUFGCE_X1Y98         BUFGCE (Prop_BUFCE_BUFGCE_I_O)
                                                      0.028     5.197 r  rst_n_q_reg_bufg_place/O
                         net (fo=13682, routed)       1.579     6.776    u_soc/g_pe[3].u_axi_dcu/w_be_q_reg[3]_1
    SLICE_X54Y93         FDCE                                         f  u_soc/g_pe[3].u_axi_dcu/r_line_q_reg[60]/CLR  (IS_INVERTED)
  -------------------------------------------------------------------    -------------------

                         (clock clk rise edge)        9.999     9.999 r  
    AH18                                              0.000     9.999 r  clk300_p_i (IN)
                         net (fo=0)                   0.079    10.078    u_ibufds/I
    HPIOBDIFFINBUF_X1Y36 DIFFINBUF (Prop_DIFFINBUF_HPIOBDIFFINBUF_DIFF_IN_P_O)
                                                      0.429    10.507 r  u_ibufds/DIFFINBUF_INST/O
                         net (fo=1, routed)           0.040    10.547    u_ibufds/OUT
    AH18                 IBUFCTRL (Prop_IBUFCTRL_HPIOB_M_I_O)
                                                      0.000    10.547 r  u_ibufds/IBUFCTRL_INST/O
                         net (fo=1, routed)           0.286    10.833    clk_ref
    BUFGCE_DIV_X1Y7      BUFGCE_DIV (Prop_BUFGCE_DIV_I_O)
                                                      0.132    10.965 r  u_bufgce_div/O
    X1Y2 (CLOCK_ROOT)    net (fo=7065, routed)        1.687    12.652    u_soc/g_pe[3].u_axi_dcu/clk
    SLICE_X54Y93         FDCE                                         r  u_soc/g_pe[3].u_axi_dcu/r_line_q_reg[60]/C
                         clock pessimism              0.246    12.899    
                         clock uncertainty           -0.035    12.863    
    SLICE_X54Y93         FDCE (Recov_DFF_SLICEM_C_CLR)
                                                     -0.066    12.797    u_soc/g_pe[3].u_axi_dcu/r_line_q_reg[60]
  -------------------------------------------------------------------
                         required time                         12.797    
                         arrival time                          -6.776    
  -------------------------------------------------------------------
                         slack                                  6.022    

Slack (MET) :             6.024ns  (required time - arrival time)
  Source:                 rst_n_q_reg/C
                            (rising edge-triggered cell FDRE clocked by clk  {rise@0.000ns fall@3.333ns period=9.999ns})
  Destination:            u_soc/g_pe[3].u_axi_dcu/r_line_q_reg[124]/CLR
                            (recovery check against rising-edge clock clk  {rise@0.000ns fall@3.333ns period=9.999ns})
  Path Group:             **async_default**
  Path Type:              Recovery (Max at Slow Process Corner)
  Requirement:            9.999ns  (clk rise@9.999ns - clk rise@0.000ns)
  Data Path Delay:        3.401ns  (logic 0.107ns (3.146%)  route 3.294ns (96.854%))
  Logic Levels:           1  (BUFGCE=1)
  Clock Path Skew:        -0.473ns (DCD - SCD + CPR)
    Destination Clock Delay (DCD):    2.652ns = ( 12.651 - 9.999 ) 
    Source Clock Delay      (SCD):    3.372ns
    Clock Pessimism Removal (CPR):    0.246ns
  Clock Uncertainty:      0.035ns  ((TSJ^2 + TIJ^2)^1/2 + DJ) / 2 + PE
    Total System Jitter     (TSJ):    0.071ns
    Total Input Jitter      (TIJ):    0.000ns
    Discrete Jitter          (DJ):    0.000ns
    Phase Error              (PE):    0.000ns
  Clock Net Delay (Source):      2.222ns (routing 0.691ns, distribution 1.531ns)
  Clock Net Delay (Destination): 1.686ns (routing 0.628ns, distribution 1.058ns)

    Location             Delay type                Incr(ns)  Path(ns)    Netlist Resource(s)
  -------------------------------------------------------------------    -------------------
                         (clock clk rise edge)        0.000     0.000 r  
    AH18                                              0.000     0.000 r  clk300_p_i (IN)
                         net (fo=0)                   0.100     0.100    u_ibufds/I
    HPIOBDIFFINBUF_X1Y36 DIFFINBUF (Prop_DIFFINBUF_HPIOBDIFFINBUF_DIFF_IN_P_O)
                                                      0.525     0.625 r  u_ibufds/DIFFINBUF_INST/O
                         net (fo=1, routed)           0.050     0.675    u_ibufds/OUT
    AH18                 IBUFCTRL (Prop_IBUFCTRL_HPIOB_M_I_O)
                                                      0.000     0.675 r  u_ibufds/IBUFCTRL_INST/O
                         net (fo=1, routed)           0.322     0.997    clk_ref
    BUFGCE_DIV_X1Y7      BUFGCE_DIV (Prop_BUFGCE_DIV_I_O)
                                                      0.152     1.149 r  u_bufgce_div/O
    X1Y2 (CLOCK_ROOT)    net (fo=7065, routed)        2.222     3.372    clk
    SLICE_X100Y247       FDRE                                         r  rst_n_q_reg/C
  -------------------------------------------------------------------    -------------------
    SLICE_X100Y247       FDRE (Prop_EFF_SLICEL_C_Q)
                                                      0.079     3.451 r  rst_n_q_reg/Q
                         net (fo=1, routed)           1.718     5.169    rst_n_q_bufg_place
    BUFGCE_X1Y98         BUFGCE (Prop_BUFCE_BUFGCE_I_O)
                                                      0.028     5.197 r  rst_n_q_reg_bufg_place/O
                         net (fo=13682, routed)       1.576     6.773    u_soc/g_pe[3].u_axi_dcu/w_be_q_reg[3]_1
    SLICE_X54Y93         FDCE                                         f  u_soc/g_pe[3].u_axi_dcu/r_line_q_reg[124]/CLR  (IS_INVERTED)
  -------------------------------------------------------------------    -------------------

                         (clock clk rise edge)        9.999     9.999 r  
    AH18                                              0.000     9.999 r  clk300_p_i (IN)
                         net (fo=0)                   0.079    10.078    u_ibufds/I
    HPIOBDIFFINBUF_X1Y36 DIFFINBUF (Prop_DIFFINBUF_HPIOBDIFFINBUF_DIFF_IN_P_O)
                                                      0.429    10.507 r  u_ibufds/DIFFINBUF_INST/O
                         net (fo=1, routed)           0.040    10.547    u_ibufds/OUT
    AH18                 IBUFCTRL (Prop_IBUFCTRL_HPIOB_M_I_O)
                                                      0.000    10.547 r  u_ibufds/IBUFCTRL_INST/O
                         net (fo=1, routed)           0.286    10.833    clk_ref
    BUFGCE_DIV_X1Y7      BUFGCE_DIV (Prop_BUFGCE_DIV_I_O)
                                                      0.132    10.965 r  u_bufgce_div/O
    X1Y2 (CLOCK_ROOT)    net (fo=7065, routed)        1.686    12.651    u_soc/g_pe[3].u_axi_dcu/clk
    SLICE_X54Y93         FDCE                                         r  u_soc/g_pe[3].u_axi_dcu/r_line_q_reg[124]/C
                         clock pessimism              0.246    12.898    
                         clock uncertainty           -0.035    12.862    
    SLICE_X54Y93         FDCE (Recov_HFF2_SLICEM_C_CLR)
                                                     -0.066    12.796    u_soc/g_pe[3].u_axi_dcu/r_line_q_reg[124]
  -------------------------------------------------------------------
                         required time                         12.796    
                         arrival time                          -6.773    
  -------------------------------------------------------------------
                         slack                                  6.024    

Slack (MET) :             6.024ns  (required time - arrival time)
  Source:                 rst_n_q_reg/C
                            (rising edge-triggered cell FDRE clocked by clk  {rise@0.000ns fall@3.333ns period=9.999ns})
  Destination:            u_soc/g_pe[3].u_axi_dcu/r_line_q_reg[92]/CLR
                            (recovery check against rising-edge clock clk  {rise@0.000ns fall@3.333ns period=9.999ns})
  Path Group:             **async_default**
  Path Type:              Recovery (Max at Slow Process Corner)
  Requirement:            9.999ns  (clk rise@9.999ns - clk rise@0.000ns)
  Data Path Delay:        3.401ns  (logic 0.107ns (3.146%)  route 3.294ns (96.854%))
  Logic Levels:           1  (BUFGCE=1)
  Clock Path Skew:        -0.473ns (DCD - SCD + CPR)
    Destination Clock Delay (DCD):    2.652ns = ( 12.651 - 9.999 ) 
    Source Clock Delay      (SCD):    3.372ns
    Clock Pessimism Removal (CPR):    0.246ns
  Clock Uncertainty:      0.035ns  ((TSJ^2 + TIJ^2)^1/2 + DJ) / 2 + PE
    Total System Jitter     (TSJ):    0.071ns
    Total Input Jitter      (TIJ):    0.000ns
    Discrete Jitter          (DJ):    0.000ns
    Phase Error              (PE):    0.000ns
  Clock Net Delay (Source):      2.222ns (routing 0.691ns, distribution 1.531ns)
  Clock Net Delay (Destination): 1.686ns (routing 0.628ns, distribution 1.058ns)

    Location             Delay type                Incr(ns)  Path(ns)    Netlist Resource(s)
  -------------------------------------------------------------------    -------------------
                         (clock clk rise edge)        0.000     0.000 r  
    AH18                                              0.000     0.000 r  clk300_p_i (IN)
                         net (fo=0)                   0.100     0.100    u_ibufds/I
    HPIOBDIFFINBUF_X1Y36 DIFFINBUF (Prop_DIFFINBUF_HPIOBDIFFINBUF_DIFF_IN_P_O)
                                                      0.525     0.625 r  u_ibufds/DIFFINBUF_INST/O
                         net (fo=1, routed)           0.050     0.675    u_ibufds/OUT
    AH18                 IBUFCTRL (Prop_IBUFCTRL_HPIOB_M_I_O)
                                                      0.000     0.675 r  u_ibufds/IBUFCTRL_INST/O
                         net (fo=1, routed)           0.322     0.997    clk_ref
    BUFGCE_DIV_X1Y7      BUFGCE_DIV (Prop_BUFGCE_DIV_I_O)
                                                      0.152     1.149 r  u_bufgce_div/O
    X1Y2 (CLOCK_ROOT)    net (fo=7065, routed)        2.222     3.372    clk
    SLICE_X100Y247       FDRE                                         r  rst_n_q_reg/C
  -------------------------------------------------------------------    -------------------
    SLICE_X100Y247       FDRE (Prop_EFF_SLICEL_C_Q)
                                                      0.079     3.451 r  rst_n_q_reg/Q
                         net (fo=1, routed)           1.718     5.169    rst_n_q_bufg_place
    BUFGCE_X1Y98         BUFGCE (Prop_BUFCE_BUFGCE_I_O)
                                                      0.028     5.197 r  rst_n_q_reg_bufg_place/O
                         net (fo=13682, routed)       1.576     6.773    u_soc/g_pe[3].u_axi_dcu/w_be_q_reg[3]_1
    SLICE_X54Y93         FDCE                                         f  u_soc/g_pe[3].u_axi_dcu/r_line_q_reg[92]/CLR  (IS_INVERTED)
  -------------------------------------------------------------------    -------------------

                         (clock clk rise edge)        9.999     9.999 r  
    AH18                                              0.000     9.999 r  clk300_p_i (IN)
                         net (fo=0)                   0.079    10.078    u_ibufds/I
    HPIOBDIFFINBUF_X1Y36 DIFFINBUF (Prop_DIFFINBUF_HPIOBDIFFINBUF_DIFF_IN_P_O)
                                                      0.429    10.507 r  u_ibufds/DIFFINBUF_INST/O
                         net (fo=1, routed)           0.040    10.547    u_ibufds/OUT
    AH18                 IBUFCTRL (Prop_IBUFCTRL_HPIOB_M_I_O)
                                                      0.000    10.547 r  u_ibufds/IBUFCTRL_INST/O
                         net (fo=1, routed)           0.286    10.833    clk_ref
    BUFGCE_DIV_X1Y7      BUFGCE_DIV (Prop_BUFGCE_DIV_I_O)
                                                      0.132    10.965 r  u_bufgce_div/O
    X1Y2 (CLOCK_ROOT)    net (fo=7065, routed)        1.686    12.651    u_soc/g_pe[3].u_axi_dcu/clk
    SLICE_X54Y93         FDCE                                         r  u_soc/g_pe[3].u_axi_dcu/r_line_q_reg[92]/C
                         clock pessimism              0.246    12.898    
                         clock uncertainty           -0.035    12.862    
    SLICE_X54Y93         FDCE (Recov_HFF_SLICEM_C_CLR)
                                                     -0.066    12.796    u_soc/g_pe[3].u_axi_dcu/r_line_q_reg[92]
  -------------------------------------------------------------------
                         required time                         12.796    
                         arrival time                          -6.773    
  -------------------------------------------------------------------
                         slack                                  6.024    

Slack (MET) :             6.025ns  (required time - arrival time)
  Source:                 rst_n_q_reg/C
                            (rising edge-triggered cell FDRE clocked by clk  {rise@0.000ns fall@3.333ns period=9.999ns})
  Destination:            u_soc/g_pe[2].u_axi_dcu/r_line_q_reg[118]/CLR
                            (recovery check against rising-edge clock clk  {rise@0.000ns fall@3.333ns period=9.999ns})
  Path Group:             **async_default**
  Path Type:              Recovery (Max at Slow Process Corner)
  Requirement:            9.999ns  (clk rise@9.999ns - clk rise@0.000ns)
  Data Path Delay:        3.427ns  (logic 0.107ns (3.122%)  route 3.320ns (96.878%))
  Logic Levels:           1  (BUFGCE=1)
  Clock Path Skew:        -0.445ns (DCD - SCD + CPR)
    Destination Clock Delay (DCD):    2.680ns = ( 12.679 - 9.999 ) 
    Source Clock Delay      (SCD):    3.372ns
    Clock Pessimism Removal (CPR):    0.246ns
  Clock Uncertainty:      0.035ns  ((TSJ^2 + TIJ^2)^1/2 + DJ) / 2 + PE
    Total System Jitter     (TSJ):    0.071ns
    Total Input Jitter      (TIJ):    0.000ns
    Discrete Jitter          (DJ):    0.000ns
    Phase Error              (PE):    0.000ns
  Clock Net Delay (Source):      2.222ns (routing 0.691ns, distribution 1.531ns)
  Clock Net Delay (Destination): 1.714ns (routing 0.628ns, distribution 1.086ns)

    Location             Delay type                Incr(ns)  Path(ns)    Netlist Resource(s)
  -------------------------------------------------------------------    -------------------
                         (clock clk rise edge)        0.000     0.000 r  
    AH18                                              0.000     0.000 r  clk300_p_i (IN)
                         net (fo=0)                   0.100     0.100    u_ibufds/I
    HPIOBDIFFINBUF_X1Y36 DIFFINBUF (Prop_DIFFINBUF_HPIOBDIFFINBUF_DIFF_IN_P_O)
                                                      0.525     0.625 r  u_ibufds/DIFFINBUF_INST/O
                         net (fo=1, routed)           0.050     0.675    u_ibufds/OUT
    AH18                 IBUFCTRL (Prop_IBUFCTRL_HPIOB_M_I_O)
                                                      0.000     0.675 r  u_ibufds/IBUFCTRL_INST/O
                         net (fo=1, routed)           0.322     0.997    clk_ref
    BUFGCE_DIV_X1Y7      BUFGCE_DIV (Prop_BUFGCE_DIV_I_O)
                                                      0.152     1.149 r  u_bufgce_div/O
    X1Y2 (CLOCK_ROOT)    net (fo=7065, routed)        2.222     3.372    clk
    SLICE_X100Y247       FDRE                                         r  rst_n_q_reg/C
  -------------------------------------------------------------------    -------------------
    SLICE_X100Y247       FDRE (Prop_EFF_SLICEL_C_Q)
                                                      0.079     3.451 r  rst_n_q_reg/Q
                         net (fo=1, routed)           1.718     5.169    rst_n_q_bufg_place
    BUFGCE_X1Y98         BUFGCE (Prop_BUFCE_BUFGCE_I_O)
                                                      0.028     5.197 r  rst_n_q_reg_bufg_place/O
                         net (fo=13682, routed)       1.602     6.799    u_soc/g_pe[2].u_axi_dcu/w_be_q_reg[3]_1
    SLICE_X54Y61         FDCE                                         f  u_soc/g_pe[2].u_axi_dcu/r_line_q_reg[118]/CLR  (IS_INVERTED)
  -------------------------------------------------------------------    -------------------

                         (clock clk rise edge)        9.999     9.999 r  
    AH18                                              0.000     9.999 r  clk300_p_i (IN)
                         net (fo=0)                   0.079    10.078    u_ibufds/I
    HPIOBDIFFINBUF_X1Y36 DIFFINBUF (Prop_DIFFINBUF_HPIOBDIFFINBUF_DIFF_IN_P_O)
                                                      0.429    10.507 r  u_ibufds/DIFFINBUF_INST/O
                         net (fo=1, routed)           0.040    10.547    u_ibufds/OUT
    AH18                 IBUFCTRL (Prop_IBUFCTRL_HPIOB_M_I_O)
                                                      0.000    10.547 r  u_ibufds/IBUFCTRL_INST/O
                         net (fo=1, routed)           0.286    10.833    clk_ref
    BUFGCE_DIV_X1Y7      BUFGCE_DIV (Prop_BUFGCE_DIV_I_O)
                                                      0.132    10.965 r  u_bufgce_div/O
    X1Y2 (CLOCK_ROOT)    net (fo=7065, routed)        1.714    12.679    u_soc/g_pe[2].u_axi_dcu/clk
    SLICE_X54Y61         FDCE                                         r  u_soc/g_pe[2].u_axi_dcu/r_line_q_reg[118]/C
                         clock pessimism              0.246    12.925    
                         clock uncertainty           -0.035    12.890    
    SLICE_X54Y61         FDCE (Recov_AFF_SLICEM_C_CLR)
                                                     -0.066    12.824    u_soc/g_pe[2].u_axi_dcu/r_line_q_reg[118]
  -------------------------------------------------------------------
                         required time                         12.824    
                         arrival time                          -6.799    
  -------------------------------------------------------------------
                         slack                                  6.025    

Slack (MET) :             6.025ns  (required time - arrival time)
  Source:                 rst_n_q_reg/C
                            (rising edge-triggered cell FDRE clocked by clk  {rise@0.000ns fall@3.333ns period=9.999ns})
  Destination:            u_soc/g_pe[2].u_axi_dcu/r_line_q_reg[120]/CLR
                            (recovery check against rising-edge clock clk  {rise@0.000ns fall@3.333ns period=9.999ns})
  Path Group:             **async_default**
  Path Type:              Recovery (Max at Slow Process Corner)
  Requirement:            9.999ns  (clk rise@9.999ns - clk rise@0.000ns)
  Data Path Delay:        3.426ns  (logic 0.107ns (3.123%)  route 3.319ns (96.877%))
  Logic Levels:           1  (BUFGCE=1)
  Clock Path Skew:        -0.446ns (DCD - SCD + CPR)
    Destination Clock Delay (DCD):    2.679ns = ( 12.678 - 9.999 ) 
    Source Clock Delay      (SCD):    3.372ns
    Clock Pessimism Removal (CPR):    0.246ns
  Clock Uncertainty:      0.035ns  ((TSJ^2 + TIJ^2)^1/2 + DJ) / 2 + PE
    Total System Jitter     (TSJ):    0.071ns
    Total Input Jitter      (TIJ):    0.000ns
    Discrete Jitter          (DJ):    0.000ns
    Phase Error              (PE):    0.000ns
  Clock Net Delay (Source):      2.222ns (routing 0.691ns, distribution 1.531ns)
  Clock Net Delay (Destination): 1.713ns (routing 0.628ns, distribution 1.085ns)

    Location             Delay type                Incr(ns)  Path(ns)    Netlist Resource(s)
  -------------------------------------------------------------------    -------------------
                         (clock clk rise edge)        0.000     0.000 r  
    AH18                                              0.000     0.000 r  clk300_p_i (IN)
                         net (fo=0)                   0.100     0.100    u_ibufds/I
    HPIOBDIFFINBUF_X1Y36 DIFFINBUF (Prop_DIFFINBUF_HPIOBDIFFINBUF_DIFF_IN_P_O)
                                                      0.525     0.625 r  u_ibufds/DIFFINBUF_INST/O
                         net (fo=1, routed)           0.050     0.675    u_ibufds/OUT
    AH18                 IBUFCTRL (Prop_IBUFCTRL_HPIOB_M_I_O)
                                                      0.000     0.675 r  u_ibufds/IBUFCTRL_INST/O
                         net (fo=1, routed)           0.322     0.997    clk_ref
    BUFGCE_DIV_X1Y7      BUFGCE_DIV (Prop_BUFGCE_DIV_I_O)
                                                      0.152     1.149 r  u_bufgce_div/O
    X1Y2 (CLOCK_ROOT)    net (fo=7065, routed)        2.222     3.372    clk
    SLICE_X100Y247       FDRE                                         r  rst_n_q_reg/C
  -------------------------------------------------------------------    -------------------
    SLICE_X100Y247       FDRE (Prop_EFF_SLICEL_C_Q)
                                                      0.079     3.451 r  rst_n_q_reg/Q
                         net (fo=1, routed)           1.718     5.169    rst_n_q_bufg_place
    BUFGCE_X1Y98         BUFGCE (Prop_BUFCE_BUFGCE_I_O)
                                                      0.028     5.197 r  rst_n_q_reg_bufg_place/O
                         net (fo=13682, routed)       1.601     6.798    u_soc/g_pe[2].u_axi_dcu/w_be_q_reg[3]_1
    SLICE_X54Y65         FDCE                                         f  u_soc/g_pe[2].u_axi_dcu/r_line_q_reg[120]/CLR  (IS_INVERTED)
  -------------------------------------------------------------------    -------------------

                         (clock clk rise edge)        9.999     9.999 r  
    AH18                                              0.000     9.999 r  clk300_p_i (IN)
                         net (fo=0)                   0.079    10.078    u_ibufds/I
    HPIOBDIFFINBUF_X1Y36 DIFFINBUF (Prop_DIFFINBUF_HPIOBDIFFINBUF_DIFF_IN_P_O)
                                                      0.429    10.507 r  u_ibufds/DIFFINBUF_INST/O
                         net (fo=1, routed)           0.040    10.547    u_ibufds/OUT
    AH18                 IBUFCTRL (Prop_IBUFCTRL_HPIOB_M_I_O)
                                                      0.000    10.547 r  u_ibufds/IBUFCTRL_INST/O
                         net (fo=1, routed)           0.286    10.833    clk_ref
    BUFGCE_DIV_X1Y7      BUFGCE_DIV (Prop_BUFGCE_DIV_I_O)
                                                      0.132    10.965 r  u_bufgce_div/O
    X1Y2 (CLOCK_ROOT)    net (fo=7065, routed)        1.713    12.678    u_soc/g_pe[2].u_axi_dcu/clk
    SLICE_X54Y65         FDCE                                         r  u_soc/g_pe[2].u_axi_dcu/r_line_q_reg[120]/C
                         clock pessimism              0.246    12.924    
                         clock uncertainty           -0.035    12.889    
    SLICE_X54Y65         FDCE (Recov_DFF2_SLICEM_C_CLR)
                                                     -0.066    12.823    u_soc/g_pe[2].u_axi_dcu/r_line_q_reg[120]
  -------------------------------------------------------------------
                         required time                         12.823    
                         arrival time                          -6.798    
  -------------------------------------------------------------------
                         slack                                  6.025    





Min Delay Paths
--------------------------------------------------------------------------------------
Slack (VIOLATED) :        -0.030ns  (arrival time - required time)
  Source:                 rst_n_q_reg/C
                            (rising edge-triggered cell FDRE clocked by clk  {rise@0.000ns fall@3.333ns period=9.999ns})
  Destination:            u_soc/g_pe[3].u_pe/u_core/core_i/id_stage_i/mult_operand_a_ex_o_reg[10]/CLR
                            (removal check against rising-edge clock clk  {rise@0.000ns fall@3.333ns period=9.999ns})
  Path Group:             **async_default**
  Path Type:              Removal (Min at Slow Process Corner)
  Requirement:            0.000ns  (clk rise@0.000ns - clk rise@0.000ns)
  Data Path Delay:        2.419ns  (logic 0.083ns (3.431%)  route 2.336ns (96.569%))
  Logic Levels:           1  (BUFGCE=1)
  Clock Path Skew:        2.481ns (DCD - SCD - CPR)
    Destination Clock Delay (DCD):    5.660ns
    Source Clock Delay      (SCD):    2.944ns
    Clock Pessimism Removal (CPR):    0.235ns
  Clock Net Delay (Source):      1.978ns (routing 0.628ns, distribution 1.350ns)
  Clock Net Delay (Destination): 2.576ns (routing 1.530ns, distribution 1.046ns)

    Location             Delay type                Incr(ns)  Path(ns)    Netlist Resource(s)
  -------------------------------------------------------------------    -------------------
                         (clock clk rise edge)        0.000     0.000 r  
    AH18                                              0.000     0.000 r  clk300_p_i (IN)
                         net (fo=0)                   0.079     0.079    u_ibufds/I
    HPIOBDIFFINBUF_X1Y36 DIFFINBUF (Prop_DIFFINBUF_HPIOBDIFFINBUF_DIFF_IN_P_O)
                                                      0.429     0.508 r  u_ibufds/DIFFINBUF_INST/O
                         net (fo=1, routed)           0.040     0.548    u_ibufds/OUT
    AH18                 IBUFCTRL (Prop_IBUFCTRL_HPIOB_M_I_O)
                                                      0.000     0.548 r  u_ibufds/IBUFCTRL_INST/O
                         net (fo=1, routed)           0.286     0.834    clk_ref
    BUFGCE_DIV_X1Y7      BUFGCE_DIV (Prop_BUFGCE_DIV_I_O)
                                                      0.132     0.966 r  u_bufgce_div/O
    X1Y2 (CLOCK_ROOT)    net (fo=7065, routed)        1.978     2.944    clk
    SLICE_X100Y247       FDRE                                         r  rst_n_q_reg/C
  -------------------------------------------------------------------    -------------------
    SLICE_X100Y247       FDRE (Prop_EFF_SLICEL_C_Q)
                                                      0.059     3.003 r  rst_n_q_reg/Q
                         net (fo=1, routed)           1.170     4.173    rst_n_q_bufg_place
    BUFGCE_X1Y98         BUFGCE (Prop_BUFCE_BUFGCE_I_O)
                                                      0.024     4.197 r  rst_n_q_reg_bufg_place/O
                         net (fo=13682, routed)       1.166     5.363    u_soc/g_pe[3].u_pe/u_core/core_i/id_stage_i/gen_rf[2].mem_reg[2][31]
    SLICE_X82Y129        FDCE                                         f  u_soc/g_pe[3].u_pe/u_core/core_i/id_stage_i/mult_operand_a_ex_o_reg[10]/CLR  (IS_INVERTED)
  -------------------------------------------------------------------    -------------------

                         (clock clk rise edge)        0.000     0.000 r  
    AH18                                              0.000     0.000 r  clk300_p_i (IN)
                         net (fo=0)                   0.100     0.100    u_ibufds/I
    HPIOBDIFFINBUF_X1Y36 DIFFINBUF (Prop_DIFFINBUF_HPIOBDIFFINBUF_DIFF_IN_P_O)
                                                      0.525     0.625 r  u_ibufds/DIFFINBUF_INST/O
                         net (fo=1, routed)           0.050     0.675    u_ibufds/OUT
    AH18                 IBUFCTRL (Prop_IBUFCTRL_HPIOB_M_I_O)
                                                      0.000     0.675 r  u_ibufds/IBUFCTRL_INST/O
                         net (fo=1, routed)           0.322     0.997    clk_ref
    BUFGCE_DIV_X1Y7      BUFGCE_DIV (Prop_BUFGCE_DIV_I_O)
                                                      0.152     1.149 r  u_bufgce_div/O
                         net (fo=7065, routed)        1.907     3.056    u_soc/g_pe[3].u_pe/u_core/core_i/sleep_unit_i/core_clock_gate_i/clk
    BUFGCE_X0Y113        BUFGCE (Prop_BUFCE_BUFGCE_I_O)
                                                      0.028     3.084 r  u_soc/g_pe[3].u_pe/u_core/core_i/sleep_unit_i/core_clock_gate_i/u_bufgce/O
    X1Y1 (CLOCK_ROOT)    net (fo=2104, routed)        2.576     5.660    u_soc/g_pe[3].u_pe/u_core/core_i/id_stage_i/clk_0
    SLICE_X82Y129        FDCE                                         r  u_soc/g_pe[3].u_pe/u_core/core_i/id_stage_i/mult_operand_a_ex_o_reg[10]/C
                         clock pessimism             -0.235     5.425    
    SLICE_X82Y129        FDCE (Remov_HFF2_SLICEL_C_CLR)
                                                     -0.032     5.393    u_soc/g_pe[3].u_pe/u_core/core_i/id_stage_i/mult_operand_a_ex_o_reg[10]
  -------------------------------------------------------------------
                         required time                         -5.393    
                         arrival time                           5.363    
  -------------------------------------------------------------------
                         slack                                 -0.030    

Slack (VIOLATED) :        -0.030ns  (arrival time - required time)
  Source:                 rst_n_q_reg/C
                            (rising edge-triggered cell FDRE clocked by clk  {rise@0.000ns fall@3.333ns period=9.999ns})
  Destination:            u_soc/g_pe[3].u_pe/u_core/core_i/id_stage_i/mult_operand_b_ex_o_reg[10]/CLR
                            (removal check against rising-edge clock clk  {rise@0.000ns fall@3.333ns period=9.999ns})
  Path Group:             **async_default**
  Path Type:              Removal (Min at Slow Process Corner)
  Requirement:            0.000ns  (clk rise@0.000ns - clk rise@0.000ns)
  Data Path Delay:        2.419ns  (logic 0.083ns (3.431%)  route 2.336ns (96.569%))
  Logic Levels:           1  (BUFGCE=1)
  Clock Path Skew:        2.481ns (DCD - SCD - CPR)
    Destination Clock Delay (DCD):    5.660ns
    Source Clock Delay      (SCD):    2.944ns
    Clock Pessimism Removal (CPR):    0.235ns
  Clock Net Delay (Source):      1.978ns (routing 0.628ns, distribution 1.350ns)
  Clock Net Delay (Destination): 2.576ns (routing 1.530ns, distribution 1.046ns)

    Location             Delay type                Incr(ns)  Path(ns)    Netlist Resource(s)
  -------------------------------------------------------------------    -------------------
                         (clock clk rise edge)        0.000     0.000 r  
    AH18                                              0.000     0.000 r  clk300_p_i (IN)
                         net (fo=0)                   0.079     0.079    u_ibufds/I
    HPIOBDIFFINBUF_X1Y36 DIFFINBUF (Prop_DIFFINBUF_HPIOBDIFFINBUF_DIFF_IN_P_O)
                                                      0.429     0.508 r  u_ibufds/DIFFINBUF_INST/O
                         net (fo=1, routed)           0.040     0.548    u_ibufds/OUT
    AH18                 IBUFCTRL (Prop_IBUFCTRL_HPIOB_M_I_O)
                                                      0.000     0.548 r  u_ibufds/IBUFCTRL_INST/O
                         net (fo=1, routed)           0.286     0.834    clk_ref
    BUFGCE_DIV_X1Y7      BUFGCE_DIV (Prop_BUFGCE_DIV_I_O)
                                                      0.132     0.966 r  u_bufgce_div/O
    X1Y2 (CLOCK_ROOT)    net (fo=7065, routed)        1.978     2.944    clk
    SLICE_X100Y247       FDRE                                         r  rst_n_q_reg/C
  -------------------------------------------------------------------    -------------------
    SLICE_X100Y247       FDRE (Prop_EFF_SLICEL_C_Q)
                                                      0.059     3.003 r  rst_n_q_reg/Q
                         net (fo=1, routed)           1.170     4.173    rst_n_q_bufg_place
    BUFGCE_X1Y98         BUFGCE (Prop_BUFCE_BUFGCE_I_O)
                                                      0.024     4.197 r  rst_n_q_reg_bufg_place/O
                         net (fo=13682, routed)       1.166     5.363    u_soc/g_pe[3].u_pe/u_core/core_i/id_stage_i/gen_rf[2].mem_reg[2][31]
    SLICE_X82Y129        FDCE                                         f  u_soc/g_pe[3].u_pe/u_core/core_i/id_stage_i/mult_operand_b_ex_o_reg[10]/CLR  (IS_INVERTED)
  -------------------------------------------------------------------    -------------------

                         (clock clk rise edge)        0.000     0.000 r  
    AH18                                              0.000     0.000 r  clk300_p_i (IN)
                         net (fo=0)                   0.100     0.100    u_ibufds/I
    HPIOBDIFFINBUF_X1Y36 DIFFINBUF (Prop_DIFFINBUF_HPIOBDIFFINBUF_DIFF_IN_P_O)
                                                      0.525     0.625 r  u_ibufds/DIFFINBUF_INST/O
                         net (fo=1, routed)           0.050     0.675    u_ibufds/OUT
    AH18                 IBUFCTRL (Prop_IBUFCTRL_HPIOB_M_I_O)
                                                      0.000     0.675 r  u_ibufds/IBUFCTRL_INST/O
                         net (fo=1, routed)           0.322     0.997    clk_ref
    BUFGCE_DIV_X1Y7      BUFGCE_DIV (Prop_BUFGCE_DIV_I_O)
                                                      0.152     1.149 r  u_bufgce_div/O
                         net (fo=7065, routed)        1.907     3.056    u_soc/g_pe[3].u_pe/u_core/core_i/sleep_unit_i/core_clock_gate_i/clk
    BUFGCE_X0Y113        BUFGCE (Prop_BUFCE_BUFGCE_I_O)
                                                      0.028     3.084 r  u_soc/g_pe[3].u_pe/u_core/core_i/sleep_unit_i/core_clock_gate_i/u_bufgce/O
    X1Y1 (CLOCK_ROOT)    net (fo=2104, routed)        2.576     5.660    u_soc/g_pe[3].u_pe/u_core/core_i/id_stage_i/clk_0
    SLICE_X82Y129        FDCE                                         r  u_soc/g_pe[3].u_pe/u_core/core_i/id_stage_i/mult_operand_b_ex_o_reg[10]/C
                         clock pessimism             -0.235     5.425    
    SLICE_X82Y129        FDCE (Remov_GFF_SLICEL_C_CLR)
                                                     -0.032     5.393    u_soc/g_pe[3].u_pe/u_core/core_i/id_stage_i/mult_operand_b_ex_o_reg[10]
  -------------------------------------------------------------------
                         required time                         -5.393    
                         arrival time                           5.363    
  -------------------------------------------------------------------
                         slack                                 -0.030    

Slack (VIOLATED) :        -0.030ns  (arrival time - required time)
  Source:                 rst_n_q_reg/C
                            (rising edge-triggered cell FDRE clocked by clk  {rise@0.000ns fall@3.333ns period=9.999ns})
  Destination:            u_soc/g_pe[3].u_pe/u_core/core_i/id_stage_i/mult_operand_c_ex_o_reg[12]/CLR
                            (removal check against rising-edge clock clk  {rise@0.000ns fall@3.333ns period=9.999ns})
  Path Group:             **async_default**
  Path Type:              Removal (Min at Slow Process Corner)
  Requirement:            0.000ns  (clk rise@0.000ns - clk rise@0.000ns)
  Data Path Delay:        2.419ns  (logic 0.083ns (3.431%)  route 2.336ns (96.569%))
  Logic Levels:           1  (BUFGCE=1)
  Clock Path Skew:        2.481ns (DCD - SCD - CPR)
    Destination Clock Delay (DCD):    5.660ns
    Source Clock Delay      (SCD):    2.944ns
    Clock Pessimism Removal (CPR):    0.235ns
  Clock Net Delay (Source):      1.978ns (routing 0.628ns, distribution 1.350ns)
  Clock Net Delay (Destination): 2.576ns (routing 1.530ns, distribution 1.046ns)

    Location             Delay type                Incr(ns)  Path(ns)    Netlist Resource(s)
  -------------------------------------------------------------------    -------------------
                         (clock clk rise edge)        0.000     0.000 r  
    AH18                                              0.000     0.000 r  clk300_p_i (IN)
                         net (fo=0)                   0.079     0.079    u_ibufds/I
    HPIOBDIFFINBUF_X1Y36 DIFFINBUF (Prop_DIFFINBUF_HPIOBDIFFINBUF_DIFF_IN_P_O)
                                                      0.429     0.508 r  u_ibufds/DIFFINBUF_INST/O
                         net (fo=1, routed)           0.040     0.548    u_ibufds/OUT
    AH18                 IBUFCTRL (Prop_IBUFCTRL_HPIOB_M_I_O)
                                                      0.000     0.548 r  u_ibufds/IBUFCTRL_INST/O
                         net (fo=1, routed)           0.286     0.834    clk_ref
    BUFGCE_DIV_X1Y7      BUFGCE_DIV (Prop_BUFGCE_DIV_I_O)
                                                      0.132     0.966 r  u_bufgce_div/O
    X1Y2 (CLOCK_ROOT)    net (fo=7065, routed)        1.978     2.944    clk
    SLICE_X100Y247       FDRE                                         r  rst_n_q_reg/C
  -------------------------------------------------------------------    -------------------
    SLICE_X100Y247       FDRE (Prop_EFF_SLICEL_C_Q)
                                                      0.059     3.003 r  rst_n_q_reg/Q
                         net (fo=1, routed)           1.170     4.173    rst_n_q_bufg_place
    BUFGCE_X1Y98         BUFGCE (Prop_BUFCE_BUFGCE_I_O)
                                                      0.024     4.197 r  rst_n_q_reg_bufg_place/O
                         net (fo=13682, routed)       1.166     5.363    u_soc/g_pe[3].u_pe/u_core/core_i/id_stage_i/gen_rf[2].mem_reg[2][31]
    SLICE_X82Y128        FDCE                                         f  u_soc/g_pe[3].u_pe/u_core/core_i/id_stage_i/mult_operand_c_ex_o_reg[12]/CLR  (IS_INVERTED)
  -------------------------------------------------------------------    -------------------

                         (clock clk rise edge)        0.000     0.000 r  
    AH18                                              0.000     0.000 r  clk300_p_i (IN)
                         net (fo=0)                   0.100     0.100    u_ibufds/I
    HPIOBDIFFINBUF_X1Y36 DIFFINBUF (Prop_DIFFINBUF_HPIOBDIFFINBUF_DIFF_IN_P_O)
                                                      0.525     0.625 r  u_ibufds/DIFFINBUF_INST/O
                         net (fo=1, routed)           0.050     0.675    u_ibufds/OUT
    AH18                 IBUFCTRL (Prop_IBUFCTRL_HPIOB_M_I_O)
                                                      0.000     0.675 r  u_ibufds/IBUFCTRL_INST/O
                         net (fo=1, routed)           0.322     0.997    clk_ref
    BUFGCE_DIV_X1Y7      BUFGCE_DIV (Prop_BUFGCE_DIV_I_O)
                                                      0.152     1.149 r  u_bufgce_div/O
                         net (fo=7065, routed)        1.907     3.056    u_soc/g_pe[3].u_pe/u_core/core_i/sleep_unit_i/core_clock_gate_i/clk
    BUFGCE_X0Y113        BUFGCE (Prop_BUFCE_BUFGCE_I_O)
                                                      0.028     3.084 r  u_soc/g_pe[3].u_pe/u_core/core_i/sleep_unit_i/core_clock_gate_i/u_bufgce/O
    X1Y1 (CLOCK_ROOT)    net (fo=2104, routed)        2.576     5.660    u_soc/g_pe[3].u_pe/u_core/core_i/id_stage_i/clk_0
    SLICE_X82Y128        FDCE                                         r  u_soc/g_pe[3].u_pe/u_core/core_i/id_stage_i/mult_operand_c_ex_o_reg[12]/C
                         clock pessimism             -0.235     5.425    
    SLICE_X82Y128        FDCE (Remov_HFF_SLICEL_C_CLR)
                                                     -0.032     5.393    u_soc/g_pe[3].u_pe/u_core/core_i/id_stage_i/mult_operand_c_ex_o_reg[12]
  -------------------------------------------------------------------
                         required time                         -5.393    
                         arrival time                           5.363    
  -------------------------------------------------------------------
                         slack                                 -0.030    

Slack (VIOLATED) :        -0.030ns  (arrival time - required time)
  Source:                 rst_n_q_reg/C
                            (rising edge-triggered cell FDRE clocked by clk  {rise@0.000ns fall@3.333ns period=9.999ns})
  Destination:            u_soc/g_pe[3].u_pe/u_core/core_i/id_stage_i/mult_operand_c_ex_o_reg[14]/CLR
                            (removal check against rising-edge clock clk  {rise@0.000ns fall@3.333ns period=9.999ns})
  Path Group:             **async_default**
  Path Type:              Removal (Min at Slow Process Corner)
  Requirement:            0.000ns  (clk rise@0.000ns - clk rise@0.000ns)
  Data Path Delay:        2.419ns  (logic 0.083ns (3.431%)  route 2.336ns (96.569%))
  Logic Levels:           1  (BUFGCE=1)
  Clock Path Skew:        2.481ns (DCD - SCD - CPR)
    Destination Clock Delay (DCD):    5.660ns
    Source Clock Delay      (SCD):    2.944ns
    Clock Pessimism Removal (CPR):    0.235ns
  Clock Net Delay (Source):      1.978ns (routing 0.628ns, distribution 1.350ns)
  Clock Net Delay (Destination): 2.576ns (routing 1.530ns, distribution 1.046ns)

    Location             Delay type                Incr(ns)  Path(ns)    Netlist Resource(s)
  -------------------------------------------------------------------    -------------------
                         (clock clk rise edge)        0.000     0.000 r  
    AH18                                              0.000     0.000 r  clk300_p_i (IN)
                         net (fo=0)                   0.079     0.079    u_ibufds/I
    HPIOBDIFFINBUF_X1Y36 DIFFINBUF (Prop_DIFFINBUF_HPIOBDIFFINBUF_DIFF_IN_P_O)
                                                      0.429     0.508 r  u_ibufds/DIFFINBUF_INST/O
                         net (fo=1, routed)           0.040     0.548    u_ibufds/OUT
    AH18                 IBUFCTRL (Prop_IBUFCTRL_HPIOB_M_I_O)
                                                      0.000     0.548 r  u_ibufds/IBUFCTRL_INST/O
                         net (fo=1, routed)           0.286     0.834    clk_ref
    BUFGCE_DIV_X1Y7      BUFGCE_DIV (Prop_BUFGCE_DIV_I_O)
                                                      0.132     0.966 r  u_bufgce_div/O
    X1Y2 (CLOCK_ROOT)    net (fo=7065, routed)        1.978     2.944    clk
    SLICE_X100Y247       FDRE                                         r  rst_n_q_reg/C
  -------------------------------------------------------------------    -------------------
    SLICE_X100Y247       FDRE (Prop_EFF_SLICEL_C_Q)
                                                      0.059     3.003 r  rst_n_q_reg/Q
                         net (fo=1, routed)           1.170     4.173    rst_n_q_bufg_place
    BUFGCE_X1Y98         BUFGCE (Prop_BUFCE_BUFGCE_I_O)
                                                      0.024     4.197 r  rst_n_q_reg_bufg_place/O
                         net (fo=13682, routed)       1.166     5.363    u_soc/g_pe[3].u_pe/u_core/core_i/id_stage_i/gen_rf[2].mem_reg[2][31]
    SLICE_X82Y128        FDCE                                         f  u_soc/g_pe[3].u_pe/u_core/core_i/id_stage_i/mult_operand_c_ex_o_reg[14]/CLR  (IS_INVERTED)
  -------------------------------------------------------------------    -------------------

                         (clock clk rise edge)        0.000     0.000 r  
    AH18                                              0.000     0.000 r  clk300_p_i (IN)
                         net (fo=0)                   0.100     0.100    u_ibufds/I
    HPIOBDIFFINBUF_X1Y36 DIFFINBUF (Prop_DIFFINBUF_HPIOBDIFFINBUF_DIFF_IN_P_O)
                                                      0.525     0.625 r  u_ibufds/DIFFINBUF_INST/O
                         net (fo=1, routed)           0.050     0.675    u_ibufds/OUT
    AH18                 IBUFCTRL (Prop_IBUFCTRL_HPIOB_M_I_O)
                                                      0.000     0.675 r  u_ibufds/IBUFCTRL_INST/O
                         net (fo=1, routed)           0.322     0.997    clk_ref
    BUFGCE_DIV_X1Y7      BUFGCE_DIV (Prop_BUFGCE_DIV_I_O)
                                                      0.152     1.149 r  u_bufgce_div/O
                         net (fo=7065, routed)        1.907     3.056    u_soc/g_pe[3].u_pe/u_core/core_i/sleep_unit_i/core_clock_gate_i/clk
    BUFGCE_X0Y113        BUFGCE (Prop_BUFCE_BUFGCE_I_O)
                                                      0.028     3.084 r  u_soc/g_pe[3].u_pe/u_core/core_i/sleep_unit_i/core_clock_gate_i/u_bufgce/O
    X1Y1 (CLOCK_ROOT)    net (fo=2104, routed)        2.576     5.660    u_soc/g_pe[3].u_pe/u_core/core_i/id_stage_i/clk_0
    SLICE_X82Y128        FDCE                                         r  u_soc/g_pe[3].u_pe/u_core/core_i/id_stage_i/mult_operand_c_ex_o_reg[14]/C
                         clock pessimism             -0.235     5.425    
    SLICE_X82Y128        FDCE (Remov_GFF_SLICEL_C_CLR)
                                                     -0.032     5.393    u_soc/g_pe[3].u_pe/u_core/core_i/id_stage_i/mult_operand_c_ex_o_reg[14]
  -------------------------------------------------------------------
                         required time                         -5.393    
                         arrival time                           5.363    
  -------------------------------------------------------------------
                         slack                                 -0.030    

Slack (VIOLATED) :        -0.030ns  (arrival time - required time)
  Source:                 rst_n_q_reg/C
                            (rising edge-triggered cell FDRE clocked by clk  {rise@0.000ns fall@3.333ns period=9.999ns})
  Destination:            u_soc/g_pe[3].u_pe/u_core/core_i/id_stage_i/mult_operand_c_ex_o_reg[16]/CLR
                            (removal check against rising-edge clock clk  {rise@0.000ns fall@3.333ns period=9.999ns})
  Path Group:             **async_default**
  Path Type:              Removal (Min at Slow Process Corner)
  Requirement:            0.000ns  (clk rise@0.000ns - clk rise@0.000ns)
  Data Path Delay:        2.418ns  (logic 0.083ns (3.433%)  route 2.335ns (96.567%))
  Logic Levels:           1  (BUFGCE=1)
  Clock Path Skew:        2.480ns (DCD - SCD - CPR)
    Destination Clock Delay (DCD):    5.659ns
    Source Clock Delay      (SCD):    2.944ns
    Clock Pessimism Removal (CPR):    0.235ns
  Clock Net Delay (Source):      1.978ns (routing 0.628ns, distribution 1.350ns)
  Clock Net Delay (Destination): 2.575ns (routing 1.530ns, distribution 1.045ns)

    Location             Delay type                Incr(ns)  Path(ns)    Netlist Resource(s)
  -------------------------------------------------------------------    -------------------
                         (clock clk rise edge)        0.000     0.000 r  
    AH18                                              0.000     0.000 r  clk300_p_i (IN)
                         net (fo=0)                   0.079     0.079    u_ibufds/I
    HPIOBDIFFINBUF_X1Y36 DIFFINBUF (Prop_DIFFINBUF_HPIOBDIFFINBUF_DIFF_IN_P_O)
                                                      0.429     0.508 r  u_ibufds/DIFFINBUF_INST/O
                         net (fo=1, routed)           0.040     0.548    u_ibufds/OUT
    AH18                 IBUFCTRL (Prop_IBUFCTRL_HPIOB_M_I_O)
                                                      0.000     0.548 r  u_ibufds/IBUFCTRL_INST/O
                         net (fo=1, routed)           0.286     0.834    clk_ref
    BUFGCE_DIV_X1Y7      BUFGCE_DIV (Prop_BUFGCE_DIV_I_O)
                                                      0.132     0.966 r  u_bufgce_div/O
    X1Y2 (CLOCK_ROOT)    net (fo=7065, routed)        1.978     2.944    clk
    SLICE_X100Y247       FDRE                                         r  rst_n_q_reg/C
  -------------------------------------------------------------------    -------------------
    SLICE_X100Y247       FDRE (Prop_EFF_SLICEL_C_Q)
                                                      0.059     3.003 r  rst_n_q_reg/Q
                         net (fo=1, routed)           1.170     4.173    rst_n_q_bufg_place
    BUFGCE_X1Y98         BUFGCE (Prop_BUFCE_BUFGCE_I_O)
                                                      0.024     4.197 r  rst_n_q_reg_bufg_place/O
                         net (fo=13682, routed)       1.165     5.362    u_soc/g_pe[3].u_pe/u_core/core_i/id_stage_i/gen_rf[2].mem_reg[2][31]
    SLICE_X82Y131        FDCE                                         f  u_soc/g_pe[3].u_pe/u_core/core_i/id_stage_i/mult_operand_c_ex_o_reg[16]/CLR  (IS_INVERTED)
  -------------------------------------------------------------------    -------------------

                         (clock clk rise edge)        0.000     0.000 r  
    AH18                                              0.000     0.000 r  clk300_p_i (IN)
                         net (fo=0)                   0.100     0.100    u_ibufds/I
    HPIOBDIFFINBUF_X1Y36 DIFFINBUF (Prop_DIFFINBUF_HPIOBDIFFINBUF_DIFF_IN_P_O)
                                                      0.525     0.625 r  u_ibufds/DIFFINBUF_INST/O
                         net (fo=1, routed)           0.050     0.675    u_ibufds/OUT
    AH18                 IBUFCTRL (Prop_IBUFCTRL_HPIOB_M_I_O)
                                                      0.000     0.675 r  u_ibufds/IBUFCTRL_INST/O
                         net (fo=1, routed)           0.322     0.997    clk_ref
    BUFGCE_DIV_X1Y7      BUFGCE_DIV (Prop_BUFGCE_DIV_I_O)
                                                      0.152     1.149 r  u_bufgce_div/O
                         net (fo=7065, routed)        1.907     3.056    u_soc/g_pe[3].u_pe/u_core/core_i/sleep_unit_i/core_clock_gate_i/clk
    BUFGCE_X0Y113        BUFGCE (Prop_BUFCE_BUFGCE_I_O)
                                                      0.028     3.084 r  u_soc/g_pe[3].u_pe/u_core/core_i/sleep_unit_i/core_clock_gate_i/u_bufgce/O
    X1Y1 (CLOCK_ROOT)    net (fo=2104, routed)        2.575     5.659    u_soc/g_pe[3].u_pe/u_core/core_i/id_stage_i/clk_0
    SLICE_X82Y131        FDCE                                         r  u_soc/g_pe[3].u_pe/u_core/core_i/id_stage_i/mult_operand_c_ex_o_reg[16]/C
                         clock pessimism             -0.235     5.424    
    SLICE_X82Y131        FDCE (Remov_HFF_SLICEL_C_CLR)
                                                     -0.032     5.392    u_soc/g_pe[3].u_pe/u_core/core_i/id_stage_i/mult_operand_c_ex_o_reg[16]
  -------------------------------------------------------------------
                         required time                         -5.392    
                         arrival time                           5.362    
  -------------------------------------------------------------------
                         slack                                 -0.030    

Slack (VIOLATED) :        -0.030ns  (arrival time - required time)
  Source:                 rst_n_q_reg/C
                            (rising edge-triggered cell FDRE clocked by clk  {rise@0.000ns fall@3.333ns period=9.999ns})
  Destination:            u_soc/g_pe[3].u_pe/u_core/core_i/id_stage_i/mult_operand_c_ex_o_reg[17]/CLR
                            (removal check against rising-edge clock clk  {rise@0.000ns fall@3.333ns period=9.999ns})
  Path Group:             **async_default**
  Path Type:              Removal (Min at Slow Process Corner)
  Requirement:            0.000ns  (clk rise@0.000ns - clk rise@0.000ns)
  Data Path Delay:        2.418ns  (logic 0.083ns (3.433%)  route 2.335ns (96.567%))
  Logic Levels:           1  (BUFGCE=1)
  Clock Path Skew:        2.480ns (DCD - SCD - CPR)
    Destination Clock Delay (DCD):    5.659ns
    Source Clock Delay      (SCD):    2.944ns
    Clock Pessimism Removal (CPR):    0.235ns
  Clock Net Delay (Source):      1.978ns (routing 0.628ns, distribution 1.350ns)
  Clock Net Delay (Destination): 2.575ns (routing 1.530ns, distribution 1.045ns)

    Location             Delay type                Incr(ns)  Path(ns)    Netlist Resource(s)
  -------------------------------------------------------------------    -------------------
                         (clock clk rise edge)        0.000     0.000 r  
    AH18                                              0.000     0.000 r  clk300_p_i (IN)
                         net (fo=0)                   0.079     0.079    u_ibufds/I
    HPIOBDIFFINBUF_X1Y36 DIFFINBUF (Prop_DIFFINBUF_HPIOBDIFFINBUF_DIFF_IN_P_O)
                                                      0.429     0.508 r  u_ibufds/DIFFINBUF_INST/O
                         net (fo=1, routed)           0.040     0.548    u_ibufds/OUT
    AH18                 IBUFCTRL (Prop_IBUFCTRL_HPIOB_M_I_O)
                                                      0.000     0.548 r  u_ibufds/IBUFCTRL_INST/O
                         net (fo=1, routed)           0.286     0.834    clk_ref
    BUFGCE_DIV_X1Y7      BUFGCE_DIV (Prop_BUFGCE_DIV_I_O)
                                                      0.132     0.966 r  u_bufgce_div/O
    X1Y2 (CLOCK_ROOT)    net (fo=7065, routed)        1.978     2.944    clk
    SLICE_X100Y247       FDRE                                         r  rst_n_q_reg/C
  -------------------------------------------------------------------    -------------------
    SLICE_X100Y247       FDRE (Prop_EFF_SLICEL_C_Q)
                                                      0.059     3.003 r  rst_n_q_reg/Q
                         net (fo=1, routed)           1.170     4.173    rst_n_q_bufg_place
    BUFGCE_X1Y98         BUFGCE (Prop_BUFCE_BUFGCE_I_O)
                                                      0.024     4.197 r  rst_n_q_reg_bufg_place/O
                         net (fo=13682, routed)       1.165     5.362    u_soc/g_pe[3].u_pe/u_core/core_i/id_stage_i/gen_rf[2].mem_reg[2][31]
    SLICE_X82Y131        FDCE                                         f  u_soc/g_pe[3].u_pe/u_core/core_i/id_stage_i/mult_operand_c_ex_o_reg[17]/CLR  (IS_INVERTED)
  -------------------------------------------------------------------    -------------------

                         (clock clk rise edge)        0.000     0.000 r  
    AH18                                              0.000     0.000 r  clk300_p_i (IN)
                         net (fo=0)                   0.100     0.100    u_ibufds/I
    HPIOBDIFFINBUF_X1Y36 DIFFINBUF (Prop_DIFFINBUF_HPIOBDIFFINBUF_DIFF_IN_P_O)
                                                      0.525     0.625 r  u_ibufds/DIFFINBUF_INST/O
                         net (fo=1, routed)           0.050     0.675    u_ibufds/OUT
    AH18                 IBUFCTRL (Prop_IBUFCTRL_HPIOB_M_I_O)
                                                      0.000     0.675 r  u_ibufds/IBUFCTRL_INST/O
                         net (fo=1, routed)           0.322     0.997    clk_ref
    BUFGCE_DIV_X1Y7      BUFGCE_DIV (Prop_BUFGCE_DIV_I_O)
                                                      0.152     1.149 r  u_bufgce_div/O
                         net (fo=7065, routed)        1.907     3.056    u_soc/g_pe[3].u_pe/u_core/core_i/sleep_unit_i/core_clock_gate_i/clk
    BUFGCE_X0Y113        BUFGCE (Prop_BUFCE_BUFGCE_I_O)
                                                      0.028     3.084 r  u_soc/g_pe[3].u_pe/u_core/core_i/sleep_unit_i/core_clock_gate_i/u_bufgce/O
    X1Y1 (CLOCK_ROOT)    net (fo=2104, routed)        2.575     5.659    u_soc/g_pe[3].u_pe/u_core/core_i/id_stage_i/clk_0
    SLICE_X82Y131        FDCE                                         r  u_soc/g_pe[3].u_pe/u_core/core_i/id_stage_i/mult_operand_c_ex_o_reg[17]/C
                         clock pessimism             -0.235     5.424    
    SLICE_X82Y131        FDCE (Remov_GFF_SLICEL_C_CLR)
                                                     -0.032     5.392    u_soc/g_pe[3].u_pe/u_core/core_i/id_stage_i/mult_operand_c_ex_o_reg[17]
  -------------------------------------------------------------------
                         required time                         -5.392    
                         arrival time                           5.362    
  -------------------------------------------------------------------
                         slack                                 -0.030    

Slack (VIOLATED) :        -0.030ns  (arrival time - required time)
  Source:                 rst_n_q_reg/C
                            (rising edge-triggered cell FDRE clocked by clk  {rise@0.000ns fall@3.333ns period=9.999ns})
  Destination:            u_soc/g_pe[3].u_pe/u_core/core_i/id_stage_i/mult_operand_c_ex_o_reg[19]/CLR
                            (removal check against rising-edge clock clk  {rise@0.000ns fall@3.333ns period=9.999ns})
  Path Group:             **async_default**
  Path Type:              Removal (Min at Slow Process Corner)
  Requirement:            0.000ns  (clk rise@0.000ns - clk rise@0.000ns)
  Data Path Delay:        2.418ns  (logic 0.083ns (3.433%)  route 2.335ns (96.567%))
  Logic Levels:           1  (BUFGCE=1)
  Clock Path Skew:        2.480ns (DCD - SCD - CPR)
    Destination Clock Delay (DCD):    5.659ns
    Source Clock Delay      (SCD):    2.944ns
    Clock Pessimism Removal (CPR):    0.235ns
  Clock Net Delay (Source):      1.978ns (routing 0.628ns, distribution 1.350ns)
  Clock Net Delay (Destination): 2.575ns (routing 1.530ns, distribution 1.045ns)

    Location             Delay type                Incr(ns)  Path(ns)    Netlist Resource(s)
  -------------------------------------------------------------------    -------------------
                         (clock clk rise edge)        0.000     0.000 r  
    AH18                                              0.000     0.000 r  clk300_p_i (IN)
                         net (fo=0)                   0.079     0.079    u_ibufds/I
    HPIOBDIFFINBUF_X1Y36 DIFFINBUF (Prop_DIFFINBUF_HPIOBDIFFINBUF_DIFF_IN_P_O)
                                                      0.429     0.508 r  u_ibufds/DIFFINBUF_INST/O
                         net (fo=1, routed)           0.040     0.548    u_ibufds/OUT
    AH18                 IBUFCTRL (Prop_IBUFCTRL_HPIOB_M_I_O)
                                                      0.000     0.548 r  u_ibufds/IBUFCTRL_INST/O
                         net (fo=1, routed)           0.286     0.834    clk_ref
    BUFGCE_DIV_X1Y7      BUFGCE_DIV (Prop_BUFGCE_DIV_I_O)
                                                      0.132     0.966 r  u_bufgce_div/O
    X1Y2 (CLOCK_ROOT)    net (fo=7065, routed)        1.978     2.944    clk
    SLICE_X100Y247       FDRE                                         r  rst_n_q_reg/C
  -------------------------------------------------------------------    -------------------
    SLICE_X100Y247       FDRE (Prop_EFF_SLICEL_C_Q)
                                                      0.059     3.003 r  rst_n_q_reg/Q
                         net (fo=1, routed)           1.170     4.173    rst_n_q_bufg_place
    BUFGCE_X1Y98         BUFGCE (Prop_BUFCE_BUFGCE_I_O)
                                                      0.024     4.197 r  rst_n_q_reg_bufg_place/O
                         net (fo=13682, routed)       1.165     5.362    u_soc/g_pe[3].u_pe/u_core/core_i/id_stage_i/gen_rf[2].mem_reg[2][31]
    SLICE_X82Y131        FDCE                                         f  u_soc/g_pe[3].u_pe/u_core/core_i/id_stage_i/mult_operand_c_ex_o_reg[19]/CLR  (IS_INVERTED)
  -------------------------------------------------------------------    -------------------

                         (clock clk rise edge)        0.000     0.000 r  
    AH18                                              0.000     0.000 r  clk300_p_i (IN)
                         net (fo=0)                   0.100     0.100    u_ibufds/I
    HPIOBDIFFINBUF_X1Y36 DIFFINBUF (Prop_DIFFINBUF_HPIOBDIFFINBUF_DIFF_IN_P_O)
                                                      0.525     0.625 r  u_ibufds/DIFFINBUF_INST/O
                         net (fo=1, routed)           0.050     0.675    u_ibufds/OUT
    AH18                 IBUFCTRL (Prop_IBUFCTRL_HPIOB_M_I_O)
                                                      0.000     0.675 r  u_ibufds/IBUFCTRL_INST/O
                         net (fo=1, routed)           0.322     0.997    clk_ref
    BUFGCE_DIV_X1Y7      BUFGCE_DIV (Prop_BUFGCE_DIV_I_O)
                                                      0.152     1.149 r  u_bufgce_div/O
                         net (fo=7065, routed)        1.907     3.056    u_soc/g_pe[3].u_pe/u_core/core_i/sleep_unit_i/core_clock_gate_i/clk
    BUFGCE_X0Y113        BUFGCE (Prop_BUFCE_BUFGCE_I_O)
                                                      0.028     3.084 r  u_soc/g_pe[3].u_pe/u_core/core_i/sleep_unit_i/core_clock_gate_i/u_bufgce/O
    X1Y1 (CLOCK_ROOT)    net (fo=2104, routed)        2.575     5.659    u_soc/g_pe[3].u_pe/u_core/core_i/id_stage_i/clk_0
    SLICE_X82Y131        FDCE                                         r  u_soc/g_pe[3].u_pe/u_core/core_i/id_stage_i/mult_operand_c_ex_o_reg[19]/C
                         clock pessimism             -0.235     5.424    
    SLICE_X82Y131        FDCE (Remov_FFF_SLICEL_C_CLR)
                                                     -0.032     5.392    u_soc/g_pe[3].u_pe/u_core/core_i/id_stage_i/mult_operand_c_ex_o_reg[19]
  -------------------------------------------------------------------
                         required time                         -5.392    
                         arrival time                           5.362    
  -------------------------------------------------------------------
                         slack                                 -0.030    

Slack (VIOLATED) :        -0.030ns  (arrival time - required time)
  Source:                 rst_n_q_reg/C
                            (rising edge-triggered cell FDRE clocked by clk  {rise@0.000ns fall@3.333ns period=9.999ns})
  Destination:            u_soc/g_pe[3].u_pe/u_core/core_i/id_stage_i/mult_operand_c_ex_o_reg[22]/CLR
                            (removal check against rising-edge clock clk  {rise@0.000ns fall@3.333ns period=9.999ns})
  Path Group:             **async_default**
  Path Type:              Removal (Min at Slow Process Corner)
  Requirement:            0.000ns  (clk rise@0.000ns - clk rise@0.000ns)
  Data Path Delay:        2.419ns  (logic 0.083ns (3.431%)  route 2.336ns (96.569%))
  Logic Levels:           1  (BUFGCE=1)
  Clock Path Skew:        2.481ns (DCD - SCD - CPR)
    Destination Clock Delay (DCD):    5.660ns
    Source Clock Delay      (SCD):    2.944ns
    Clock Pessimism Removal (CPR):    0.235ns
  Clock Net Delay (Source):      1.978ns (routing 0.628ns, distribution 1.350ns)
  Clock Net Delay (Destination): 2.576ns (routing 1.530ns, distribution 1.046ns)

    Location             Delay type                Incr(ns)  Path(ns)    Netlist Resource(s)
  -------------------------------------------------------------------    -------------------
                         (clock clk rise edge)        0.000     0.000 r  
    AH18                                              0.000     0.000 r  clk300_p_i (IN)
                         net (fo=0)                   0.079     0.079    u_ibufds/I
    HPIOBDIFFINBUF_X1Y36 DIFFINBUF (Prop_DIFFINBUF_HPIOBDIFFINBUF_DIFF_IN_P_O)
                                                      0.429     0.508 r  u_ibufds/DIFFINBUF_INST/O
                         net (fo=1, routed)           0.040     0.548    u_ibufds/OUT
    AH18                 IBUFCTRL (Prop_IBUFCTRL_HPIOB_M_I_O)
                                                      0.000     0.548 r  u_ibufds/IBUFCTRL_INST/O
                         net (fo=1, routed)           0.286     0.834    clk_ref
    BUFGCE_DIV_X1Y7      BUFGCE_DIV (Prop_BUFGCE_DIV_I_O)
                                                      0.132     0.966 r  u_bufgce_div/O
    X1Y2 (CLOCK_ROOT)    net (fo=7065, routed)        1.978     2.944    clk
    SLICE_X100Y247       FDRE                                         r  rst_n_q_reg/C
  -------------------------------------------------------------------    -------------------
    SLICE_X100Y247       FDRE (Prop_EFF_SLICEL_C_Q)
                                                      0.059     3.003 r  rst_n_q_reg/Q
                         net (fo=1, routed)           1.170     4.173    rst_n_q_bufg_place
    BUFGCE_X1Y98         BUFGCE (Prop_BUFCE_BUFGCE_I_O)
                                                      0.024     4.197 r  rst_n_q_reg_bufg_place/O
                         net (fo=13682, routed)       1.166     5.363    u_soc/g_pe[3].u_pe/u_core/core_i/id_stage_i/gen_rf[2].mem_reg[2][31]
    SLICE_X82Y128        FDCE                                         f  u_soc/g_pe[3].u_pe/u_core/core_i/id_stage_i/mult_operand_c_ex_o_reg[22]/CLR  (IS_INVERTED)
  -------------------------------------------------------------------    -------------------

                         (clock clk rise edge)        0.000     0.000 r  
    AH18                                              0.000     0.000 r  clk300_p_i (IN)
                         net (fo=0)                   0.100     0.100    u_ibufds/I
    HPIOBDIFFINBUF_X1Y36 DIFFINBUF (Prop_DIFFINBUF_HPIOBDIFFINBUF_DIFF_IN_P_O)
                                                      0.525     0.625 r  u_ibufds/DIFFINBUF_INST/O
                         net (fo=1, routed)           0.050     0.675    u_ibufds/OUT
    AH18                 IBUFCTRL (Prop_IBUFCTRL_HPIOB_M_I_O)
                                                      0.000     0.675 r  u_ibufds/IBUFCTRL_INST/O
                         net (fo=1, routed)           0.322     0.997    clk_ref
    BUFGCE_DIV_X1Y7      BUFGCE_DIV (Prop_BUFGCE_DIV_I_O)
                                                      0.152     1.149 r  u_bufgce_div/O
                         net (fo=7065, routed)        1.907     3.056    u_soc/g_pe[3].u_pe/u_core/core_i/sleep_unit_i/core_clock_gate_i/clk
    BUFGCE_X0Y113        BUFGCE (Prop_BUFCE_BUFGCE_I_O)
                                                      0.028     3.084 r  u_soc/g_pe[3].u_pe/u_core/core_i/sleep_unit_i/core_clock_gate_i/u_bufgce/O
    X1Y1 (CLOCK_ROOT)    net (fo=2104, routed)        2.576     5.660    u_soc/g_pe[3].u_pe/u_core/core_i/id_stage_i/clk_0
    SLICE_X82Y128        FDCE                                         r  u_soc/g_pe[3].u_pe/u_core/core_i/id_stage_i/mult_operand_c_ex_o_reg[22]/C
                         clock pessimism             -0.235     5.425    
    SLICE_X82Y128        FDCE (Remov_FFF_SLICEL_C_CLR)
                                                     -0.032     5.393    u_soc/g_pe[3].u_pe/u_core/core_i/id_stage_i/mult_operand_c_ex_o_reg[22]
  -------------------------------------------------------------------
                         required time                         -5.393    
                         arrival time                           5.363    
  -------------------------------------------------------------------
                         slack                                 -0.030    

Slack (VIOLATED) :        -0.030ns  (arrival time - required time)
  Source:                 rst_n_q_reg/C
                            (rising edge-triggered cell FDRE clocked by clk  {rise@0.000ns fall@3.333ns period=9.999ns})
  Destination:            u_soc/g_pe[3].u_pe/u_core/core_i/id_stage_i/mult_operand_c_ex_o_reg[9]/CLR
                            (removal check against rising-edge clock clk  {rise@0.000ns fall@3.333ns period=9.999ns})
  Path Group:             **async_default**
  Path Type:              Removal (Min at Slow Process Corner)
  Requirement:            0.000ns  (clk rise@0.000ns - clk rise@0.000ns)
  Data Path Delay:        2.419ns  (logic 0.083ns (3.431%)  route 2.336ns (96.569%))
  Logic Levels:           1  (BUFGCE=1)
  Clock Path Skew:        2.481ns (DCD - SCD - CPR)
    Destination Clock Delay (DCD):    5.660ns
    Source Clock Delay      (SCD):    2.944ns
    Clock Pessimism Removal (CPR):    0.235ns
  Clock Net Delay (Source):      1.978ns (routing 0.628ns, distribution 1.350ns)
  Clock Net Delay (Destination): 2.576ns (routing 1.530ns, distribution 1.046ns)

    Location             Delay type                Incr(ns)  Path(ns)    Netlist Resource(s)
  -------------------------------------------------------------------    -------------------
                         (clock clk rise edge)        0.000     0.000 r  
    AH18                                              0.000     0.000 r  clk300_p_i (IN)
                         net (fo=0)                   0.079     0.079    u_ibufds/I
    HPIOBDIFFINBUF_X1Y36 DIFFINBUF (Prop_DIFFINBUF_HPIOBDIFFINBUF_DIFF_IN_P_O)
                                                      0.429     0.508 r  u_ibufds/DIFFINBUF_INST/O
                         net (fo=1, routed)           0.040     0.548    u_ibufds/OUT
    AH18                 IBUFCTRL (Prop_IBUFCTRL_HPIOB_M_I_O)
                                                      0.000     0.548 r  u_ibufds/IBUFCTRL_INST/O
                         net (fo=1, routed)           0.286     0.834    clk_ref
    BUFGCE_DIV_X1Y7      BUFGCE_DIV (Prop_BUFGCE_DIV_I_O)
                                                      0.132     0.966 r  u_bufgce_div/O
    X1Y2 (CLOCK_ROOT)    net (fo=7065, routed)        1.978     2.944    clk
    SLICE_X100Y247       FDRE                                         r  rst_n_q_reg/C
  -------------------------------------------------------------------    -------------------
    SLICE_X100Y247       FDRE (Prop_EFF_SLICEL_C_Q)
                                                      0.059     3.003 r  rst_n_q_reg/Q
                         net (fo=1, routed)           1.170     4.173    rst_n_q_bufg_place
    BUFGCE_X1Y98         BUFGCE (Prop_BUFCE_BUFGCE_I_O)
                                                      0.024     4.197 r  rst_n_q_reg_bufg_place/O
                         net (fo=13682, routed)       1.166     5.363    u_soc/g_pe[3].u_pe/u_core/core_i/id_stage_i/gen_rf[2].mem_reg[2][31]
    SLICE_X82Y128        FDCE                                         f  u_soc/g_pe[3].u_pe/u_core/core_i/id_stage_i/mult_operand_c_ex_o_reg[9]/CLR  (IS_INVERTED)
  -------------------------------------------------------------------    -------------------

                         (clock clk rise edge)        0.000     0.000 r  
    AH18                                              0.000     0.000 r  clk300_p_i (IN)
                         net (fo=0)                   0.100     0.100    u_ibufds/I
    HPIOBDIFFINBUF_X1Y36 DIFFINBUF (Prop_DIFFINBUF_HPIOBDIFFINBUF_DIFF_IN_P_O)
                                                      0.525     0.625 r  u_ibufds/DIFFINBUF_INST/O
                         net (fo=1, routed)           0.050     0.675    u_ibufds/OUT
    AH18                 IBUFCTRL (Prop_IBUFCTRL_HPIOB_M_I_O)
                                                      0.000     0.675 r  u_ibufds/IBUFCTRL_INST/O
                         net (fo=1, routed)           0.322     0.997    clk_ref
    BUFGCE_DIV_X1Y7      BUFGCE_DIV (Prop_BUFGCE_DIV_I_O)
                                                      0.152     1.149 r  u_bufgce_div/O
                         net (fo=7065, routed)        1.907     3.056    u_soc/g_pe[3].u_pe/u_core/core_i/sleep_unit_i/core_clock_gate_i/clk
    BUFGCE_X0Y113        BUFGCE (Prop_BUFCE_BUFGCE_I_O)
                                                      0.028     3.084 r  u_soc/g_pe[3].u_pe/u_core/core_i/sleep_unit_i/core_clock_gate_i/u_bufgce/O
    X1Y1 (CLOCK_ROOT)    net (fo=2104, routed)        2.576     5.660    u_soc/g_pe[3].u_pe/u_core/core_i/id_stage_i/clk_0
    SLICE_X82Y128        FDCE                                         r  u_soc/g_pe[3].u_pe/u_core/core_i/id_stage_i/mult_operand_c_ex_o_reg[9]/C
                         clock pessimism             -0.235     5.425    
    SLICE_X82Y128        FDCE (Remov_EFF_SLICEL_C_CLR)
                                                     -0.032     5.393    u_soc/g_pe[3].u_pe/u_core/core_i/id_stage_i/mult_operand_c_ex_o_reg[9]
  -------------------------------------------------------------------
                         required time                         -5.393    
                         arrival time                           5.363    
  -------------------------------------------------------------------
                         slack                                 -0.030    

Slack (VIOLATED) :        -0.030ns  (arrival time - required time)
  Source:                 rst_n_q_reg/C
                            (rising edge-triggered cell FDRE clocked by clk  {rise@0.000ns fall@3.333ns period=9.999ns})
  Destination:            u_soc/g_pe[3].u_pe/u_core/core_i/id_stage_i/alu_operand_a_ex_o_reg[1]/CLR
                            (removal check against rising-edge clock clk  {rise@0.000ns fall@3.333ns period=9.999ns})
  Path Group:             **async_default**
  Path Type:              Removal (Min at Slow Process Corner)
  Requirement:            0.000ns  (clk rise@0.000ns - clk rise@0.000ns)
  Data Path Delay:        2.420ns  (logic 0.083ns (3.430%)  route 2.337ns (96.570%))
  Logic Levels:           1  (BUFGCE=1)
  Clock Path Skew:        2.482ns (DCD - SCD - CPR)
    Destination Clock Delay (DCD):    5.661ns
    Source Clock Delay      (SCD):    2.944ns
    Clock Pessimism Removal (CPR):    0.235ns
  Clock Net Delay (Source):      1.978ns (routing 0.628ns, distribution 1.350ns)
  Clock Net Delay (Destination): 2.577ns (routing 1.530ns, distribution 1.047ns)

    Location             Delay type                Incr(ns)  Path(ns)    Netlist Resource(s)
  -------------------------------------------------------------------    -------------------
                         (clock clk rise edge)        0.000     0.000 r  
    AH18                                              0.000     0.000 r  clk300_p_i (IN)
                         net (fo=0)                   0.079     0.079    u_ibufds/I
    HPIOBDIFFINBUF_X1Y36 DIFFINBUF (Prop_DIFFINBUF_HPIOBDIFFINBUF_DIFF_IN_P_O)
                                                      0.429     0.508 r  u_ibufds/DIFFINBUF_INST/O
                         net (fo=1, routed)           0.040     0.548    u_ibufds/OUT
    AH18                 IBUFCTRL (Prop_IBUFCTRL_HPIOB_M_I_O)
                                                      0.000     0.548 r  u_ibufds/IBUFCTRL_INST/O
                         net (fo=1, routed)           0.286     0.834    clk_ref
    BUFGCE_DIV_X1Y7      BUFGCE_DIV (Prop_BUFGCE_DIV_I_O)
                                                      0.132     0.966 r  u_bufgce_div/O
    X1Y2 (CLOCK_ROOT)    net (fo=7065, routed)        1.978     2.944    clk
    SLICE_X100Y247       FDRE                                         r  rst_n_q_reg/C
  -------------------------------------------------------------------    -------------------
    SLICE_X100Y247       FDRE (Prop_EFF_SLICEL_C_Q)
                                                      0.059     3.003 r  rst_n_q_reg/Q
                         net (fo=1, routed)           1.170     4.173    rst_n_q_bufg_place
    BUFGCE_X1Y98         BUFGCE (Prop_BUFCE_BUFGCE_I_O)
                                                      0.024     4.197 r  rst_n_q_reg_bufg_place/O
                         net (fo=13682, routed)       1.167     5.364    u_soc/g_pe[3].u_pe/u_core/core_i/id_stage_i/gen_rf[2].mem_reg[2][31]
    SLICE_X82Y125        FDCE                                         f  u_soc/g_pe[3].u_pe/u_core/core_i/id_stage_i/alu_operand_a_ex_o_reg[1]/CLR  (IS_INVERTED)
  -------------------------------------------------------------------    -------------------

                         (clock clk rise edge)        0.000     0.000 r  
    AH18                                              0.000     0.000 r  clk300_p_i (IN)
                         net (fo=0)                   0.100     0.100    u_ibufds/I
    HPIOBDIFFINBUF_X1Y36 DIFFINBUF (Prop_DIFFINBUF_HPIOBDIFFINBUF_DIFF_IN_P_O)
                                                      0.525     0.625 r  u_ibufds/DIFFINBUF_INST/O
                         net (fo=1, routed)           0.050     0.675    u_ibufds/OUT
    AH18                 IBUFCTRL (Prop_IBUFCTRL_HPIOB_M_I_O)
                                                      0.000     0.675 r  u_ibufds/IBUFCTRL_INST/O
                         net (fo=1, routed)           0.322     0.997    clk_ref
    BUFGCE_DIV_X1Y7      BUFGCE_DIV (Prop_BUFGCE_DIV_I_O)
                                                      0.152     1.149 r  u_bufgce_div/O
                         net (fo=7065, routed)        1.907     3.056    u_soc/g_pe[3].u_pe/u_core/core_i/sleep_unit_i/core_clock_gate_i/clk
    BUFGCE_X0Y113        BUFGCE (Prop_BUFCE_BUFGCE_I_O)
                                                      0.028     3.084 r  u_soc/g_pe[3].u_pe/u_core/core_i/sleep_unit_i/core_clock_gate_i/u_bufgce/O
    X1Y1 (CLOCK_ROOT)    net (fo=2104, routed)        2.577     5.661    u_soc/g_pe[3].u_pe/u_core/core_i/id_stage_i/clk_0
    SLICE_X82Y125        FDCE                                         r  u_soc/g_pe[3].u_pe/u_core/core_i/id_stage_i/alu_operand_a_ex_o_reg[1]/C
                         clock pessimism             -0.235     5.426    
    SLICE_X82Y125        FDCE (Remov_HFF_SLICEL_C_CLR)
                                                     -0.032     5.394    u_soc/g_pe[3].u_pe/u_core/core_i/id_stage_i/alu_operand_a_ex_o_reg[1]
  -------------------------------------------------------------------
                         required time                         -5.394    
                         arrival time                           5.364    
  -------------------------------------------------------------------
                         slack                                 -0.030    





--------------------------------------------------------------------------------------
Path Group:  (none)
From Clock:  clk
  To Clock:  

Max Delay             4 Endpoints
Min Delay             4 Endpoints
--------------------------------------------------------------------------------------


Max Delay Paths
--------------------------------------------------------------------------------------
Slack:                    inf
  Source:                 led_o_reg[1]/C
                            (rising edge-triggered cell FDRE clocked by clk  {rise@0.000ns fall@3.333ns period=9.999ns})
  Destination:            led_o[1]
                            (output port)
  Path Group:             (none)
  Path Type:              Max at Slow Process Corner
  Data Path Delay:        5.813ns  (logic 2.904ns (49.959%)  route 2.909ns (50.041%))
  Logic Levels:           1  (OBUF=1)
  Clock Uncertainty:      0.025ns  ((TSJ^2 + TIJ^2)^1/2 + DJ) / 2 + PE
    Total System Jitter     (TSJ):    0.050ns
    Total Input Jitter      (TIJ):    0.000ns
    Discrete Jitter          (DJ):    0.000ns
    Phase Error              (PE):    0.000ns
  Clock Net Delay (Source):      1.914ns (routing 0.691ns, distribution 1.223ns)
  Timing Exception:       False Path

    Location             Delay type                Incr(ns)  Path(ns)    Netlist Resource(s)
  -------------------------------------------------------------------    -------------------
                         (clock clk rise edge)        0.000     0.000 r  
    AH18                                              0.000     0.000 r  clk300_p_i (IN)
                         net (fo=0)                   0.100     0.100    u_ibufds/I
    HPIOBDIFFINBUF_X1Y36 DIFFINBUF (Prop_DIFFINBUF_HPIOBDIFFINBUF_DIFF_IN_P_O)
                                                      0.525     0.625 r  u_ibufds/DIFFINBUF_INST/O
                         net (fo=1, routed)           0.050     0.675    u_ibufds/OUT
    AH18                 IBUFCTRL (Prop_IBUFCTRL_HPIOB_M_I_O)
                                                      0.000     0.675 r  u_ibufds/IBUFCTRL_INST/O
                         net (fo=1, routed)           0.322     0.997    clk_ref
    BUFGCE_DIV_X1Y7      BUFGCE_DIV (Prop_BUFGCE_DIV_I_O)
                                                      0.152     1.149 r  u_bufgce_div/O
    X1Y2 (CLOCK_ROOT)    net (fo=7065, routed)        1.914     3.063    clk
    SLICE_X57Y172        FDRE                                         r  led_o_reg[1]/C
  -------------------------------------------------------------------    -------------------
    SLICE_X57Y172        FDRE (Prop_FFF_SLICEM_C_Q)
                                                      0.076     3.139 r  led_o_reg[1]/Q
                         net (fo=1, routed)           2.909     6.048    led_o_OBUF[1]
    D6                   OBUF (Prop_OUTBUF_HDIOB_M_I_O)
                                                      2.828     8.877 r  led_o_OBUF[1]_inst/O
                         net (fo=0)                   0.000     8.877    led_o[1]
    D6                                                                r  led_o[1] (OUT)
  -------------------------------------------------------------------    -------------------

Slack:                    inf
  Source:                 led_o_reg[3]/C
                            (rising edge-triggered cell FDRE clocked by clk  {rise@0.000ns fall@3.333ns period=9.999ns})
  Destination:            led_o[3]
                            (output port)
  Path Group:             (none)
  Path Type:              Max at Slow Process Corner
  Data Path Delay:        5.756ns  (logic 2.922ns (50.766%)  route 2.834ns (49.234%))
  Logic Levels:           1  (OBUF=1)
  Clock Uncertainty:      0.025ns  ((TSJ^2 + TIJ^2)^1/2 + DJ) / 2 + PE
    Total System Jitter     (TSJ):    0.050ns
    Total Input Jitter      (TIJ):    0.000ns
    Discrete Jitter          (DJ):    0.000ns
    Phase Error              (PE):    0.000ns
  Clock Net Delay (Source):      1.917ns (routing 0.691ns, distribution 1.226ns)
  Timing Exception:       False Path

    Location             Delay type                Incr(ns)  Path(ns)    Netlist Resource(s)
  -------------------------------------------------------------------    -------------------
                         (clock clk rise edge)        0.000     0.000 r  
    AH18                                              0.000     0.000 r  clk300_p_i (IN)
                         net (fo=0)                   0.100     0.100    u_ibufds/I
    HPIOBDIFFINBUF_X1Y36 DIFFINBUF (Prop_DIFFINBUF_HPIOBDIFFINBUF_DIFF_IN_P_O)
                                                      0.525     0.625 r  u_ibufds/DIFFINBUF_INST/O
                         net (fo=1, routed)           0.050     0.675    u_ibufds/OUT
    AH18                 IBUFCTRL (Prop_IBUFCTRL_HPIOB_M_I_O)
                                                      0.000     0.675 r  u_ibufds/IBUFCTRL_INST/O
                         net (fo=1, routed)           0.322     0.997    clk_ref
    BUFGCE_DIV_X1Y7      BUFGCE_DIV (Prop_BUFGCE_DIV_I_O)
                                                      0.152     1.149 r  u_bufgce_div/O
    X1Y2 (CLOCK_ROOT)    net (fo=7065, routed)        1.917     3.066    clk
    SLICE_X57Y174        FDRE                                         r  led_o_reg[3]/C
  -------------------------------------------------------------------    -------------------
    SLICE_X57Y174        FDRE (Prop_BFF_SLICEM_C_Q)
                                                      0.078     3.144 r  led_o_reg[3]/Q
                         net (fo=1, routed)           2.834     5.978    led_o_OBUF[3]
    B5                   OBUF (Prop_OUTBUF_HDIOB_M_I_O)
                                                      2.844     8.823 r  led_o_OBUF[3]_inst/O
                         net (fo=0)                   0.000     8.823    led_o[3]
    B5                                                                r  led_o[3] (OUT)
  -------------------------------------------------------------------    -------------------

Slack:                    inf
  Source:                 led_o_reg[0]/C
                            (rising edge-triggered cell FDRE clocked by clk  {rise@0.000ns fall@3.333ns period=9.999ns})
  Destination:            led_o[0]
                            (output port)
  Path Group:             (none)
  Path Type:              Max at Slow Process Corner
  Data Path Delay:        5.687ns  (logic 2.905ns (51.078%)  route 2.782ns (48.922%))
  Logic Levels:           1  (OBUF=1)
  Clock Uncertainty:      0.025ns  ((TSJ^2 + TIJ^2)^1/2 + DJ) / 2 + PE
    Total System Jitter     (TSJ):    0.050ns
    Total Input Jitter      (TIJ):    0.000ns
    Discrete Jitter          (DJ):    0.000ns
    Phase Error              (PE):    0.000ns
  Clock Net Delay (Source):      1.914ns (routing 0.691ns, distribution 1.223ns)
  Timing Exception:       False Path

    Location             Delay type                Incr(ns)  Path(ns)    Netlist Resource(s)
  -------------------------------------------------------------------    -------------------
                         (clock clk rise edge)        0.000     0.000 r  
    AH18                                              0.000     0.000 r  clk300_p_i (IN)
                         net (fo=0)                   0.100     0.100    u_ibufds/I
    HPIOBDIFFINBUF_X1Y36 DIFFINBUF (Prop_DIFFINBUF_HPIOBDIFFINBUF_DIFF_IN_P_O)
                                                      0.525     0.625 r  u_ibufds/DIFFINBUF_INST/O
                         net (fo=1, routed)           0.050     0.675    u_ibufds/OUT
    AH18                 IBUFCTRL (Prop_IBUFCTRL_HPIOB_M_I_O)
                                                      0.000     0.675 r  u_ibufds/IBUFCTRL_INST/O
                         net (fo=1, routed)           0.322     0.997    clk_ref
    BUFGCE_DIV_X1Y7      BUFGCE_DIV (Prop_BUFGCE_DIV_I_O)
                                                      0.152     1.149 r  u_bufgce_div/O
    X1Y2 (CLOCK_ROOT)    net (fo=7065, routed)        1.914     3.063    clk
    SLICE_X57Y172        FDRE                                         r  led_o_reg[0]/C
  -------------------------------------------------------------------    -------------------
    SLICE_X57Y172        FDRE (Prop_HFF_SLICEM_C_Q)
                                                      0.079     3.142 r  led_o_reg[0]/Q
                         net (fo=1, routed)           2.782     5.924    led_o_OBUF[0]
    D5                   OBUF (Prop_OUTBUF_HDIOB_S_I_O)
                                                      2.826     8.750 r  led_o_OBUF[0]_inst/O
                         net (fo=0)                   0.000     8.750    led_o[0]
    D5                                                                r  led_o[0] (OUT)
  -------------------------------------------------------------------    -------------------

Slack:                    inf
  Source:                 led_o_reg[2]/C
                            (rising edge-triggered cell FDRE clocked by clk  {rise@0.000ns fall@3.333ns period=9.999ns})
  Destination:            led_o[2]
                            (output port)
  Path Group:             (none)
  Path Type:              Max at Slow Process Corner
  Data Path Delay:        5.504ns  (logic 2.927ns (53.176%)  route 2.577ns (46.824%))
  Logic Levels:           1  (OBUF=1)
  Clock Uncertainty:      0.025ns  ((TSJ^2 + TIJ^2)^1/2 + DJ) / 2 + PE
    Total System Jitter     (TSJ):    0.050ns
    Total Input Jitter      (TIJ):    0.000ns
    Discrete Jitter          (DJ):    0.000ns
    Phase Error              (PE):    0.000ns
  Clock Net Delay (Source):      1.917ns (routing 0.691ns, distribution 1.226ns)
  Timing Exception:       False Path

    Location             Delay type                Incr(ns)  Path(ns)    Netlist Resource(s)
  -------------------------------------------------------------------    -------------------
                         (clock clk rise edge)        0.000     0.000 r  
    AH18                                              0.000     0.000 r  clk300_p_i (IN)
                         net (fo=0)                   0.100     0.100    u_ibufds/I
    HPIOBDIFFINBUF_X1Y36 DIFFINBUF (Prop_DIFFINBUF_HPIOBDIFFINBUF_DIFF_IN_P_O)
                                                      0.525     0.625 r  u_ibufds/DIFFINBUF_INST/O
                         net (fo=1, routed)           0.050     0.675    u_ibufds/OUT
    AH18                 IBUFCTRL (Prop_IBUFCTRL_HPIOB_M_I_O)
                                                      0.000     0.675 r  u_ibufds/IBUFCTRL_INST/O
                         net (fo=1, routed)           0.322     0.997    clk_ref
    BUFGCE_DIV_X1Y7      BUFGCE_DIV (Prop_BUFGCE_DIV_I_O)
                                                      0.152     1.149 r  u_bufgce_div/O
    X1Y2 (CLOCK_ROOT)    net (fo=7065, routed)        1.917     3.066    clk
    SLICE_X57Y174        FDRE                                         r  led_o_reg[2]/C
  -------------------------------------------------------------------    -------------------
    SLICE_X57Y174        FDRE (Prop_DFF_SLICEM_C_Q)
                                                      0.078     3.144 r  led_o_reg[2]/Q
                         net (fo=1, routed)           2.577     5.721    led_o_OBUF[2]
    A5                   OBUF (Prop_OUTBUF_HDIOB_S_I_O)
                                                      2.849     8.570 r  led_o_OBUF[2]_inst/O
                         net (fo=0)                   0.000     8.570    led_o[2]
    A5                                                                r  led_o[2] (OUT)
  -------------------------------------------------------------------    -------------------





Min Delay Paths
--------------------------------------------------------------------------------------
Slack:                    inf
  Source:                 led_o_reg[2]/C
                            (rising edge-triggered cell FDRE clocked by clk  {rise@0.000ns fall@3.333ns period=9.999ns})
  Destination:            led_o[2]
                            (output port)
  Path Group:             (none)
  Path Type:              Min at Fast Process Corner
  Data Path Delay:        2.807ns  (logic 1.543ns (54.973%)  route 1.264ns (45.027%))
  Logic Levels:           1  (OBUF=1)
  Clock Uncertainty:      0.025ns  ((TSJ^2 + TIJ^2)^1/2 + DJ) / 2 + PE
    Total System Jitter     (TSJ):    0.050ns
    Total Input Jitter      (TIJ):    0.000ns
    Discrete Jitter          (DJ):    0.000ns
    Phase Error              (PE):    0.000ns
  Clock Net Delay (Source):      1.054ns (routing 0.384ns, distribution 0.670ns)
  Timing Exception:       False Path

    Location             Delay type                Incr(ns)  Path(ns)    Netlist Resource(s)
  -------------------------------------------------------------------    -------------------
                         (clock clk rise edge)        0.000     0.000 r  
    AH18                                              0.000     0.000 r  clk300_p_i (IN)
                         net (fo=0)                   0.079     0.079    u_ibufds/I
    HPIOBDIFFINBUF_X1Y36 DIFFINBUF (Prop_DIFFINBUF_HPIOBDIFFINBUF_DIFF_IN_P_O)
                                                      0.284     0.363 r  u_ibufds/DIFFINBUF_INST/O
                         net (fo=1, routed)           0.040     0.403    u_ibufds/OUT
    AH18                 IBUFCTRL (Prop_IBUFCTRL_HPIOB_M_I_O)
                                                      0.000     0.403 r  u_ibufds/IBUFCTRL_INST/O
                         net (fo=1, routed)           0.144     0.547    clk_ref
    BUFGCE_DIV_X1Y7      BUFGCE_DIV (Prop_BUFGCE_DIV_I_O)
                                                      0.089     0.636 r  u_bufgce_div/O
    X1Y2 (CLOCK_ROOT)    net (fo=7065, routed)        1.054     1.690    clk
    SLICE_X57Y174        FDRE                                         r  led_o_reg[2]/C
  -------------------------------------------------------------------    -------------------
    SLICE_X57Y174        FDRE (Prop_DFF_SLICEM_C_Q)
                                                      0.039     1.729 r  led_o_reg[2]/Q
                         net (fo=1, routed)           1.264     2.993    led_o_OBUF[2]
    A5                   OBUF (Prop_OUTBUF_HDIOB_S_I_O)
                                                      1.504     4.497 r  led_o_OBUF[2]_inst/O
                         net (fo=0)                   0.000     4.497    led_o[2]
    A5                                                                r  led_o[2] (OUT)
  -------------------------------------------------------------------    -------------------

Slack:                    inf
  Source:                 led_o_reg[0]/C
                            (rising edge-triggered cell FDRE clocked by clk  {rise@0.000ns fall@3.333ns period=9.999ns})
  Destination:            led_o[0]
                            (output port)
  Path Group:             (none)
  Path Type:              Min at Fast Process Corner
  Data Path Delay:        2.886ns  (logic 1.520ns (52.675%)  route 1.366ns (47.325%))
  Logic Levels:           1  (OBUF=1)
  Clock Uncertainty:      0.025ns  ((TSJ^2 + TIJ^2)^1/2 + DJ) / 2 + PE
    Total System Jitter     (TSJ):    0.050ns
    Total Input Jitter      (TIJ):    0.000ns
    Discrete Jitter          (DJ):    0.000ns
    Phase Error              (PE):    0.000ns
  Clock Net Delay (Source):      1.052ns (routing 0.384ns, distribution 0.668ns)
  Timing Exception:       False Path

    Location             Delay type                Incr(ns)  Path(ns)    Netlist Resource(s)
  -------------------------------------------------------------------    -------------------
                         (clock clk rise edge)        0.000     0.000 r  
    AH18                                              0.000     0.000 r  clk300_p_i (IN)
                         net (fo=0)                   0.079     0.079    u_ibufds/I
    HPIOBDIFFINBUF_X1Y36 DIFFINBUF (Prop_DIFFINBUF_HPIOBDIFFINBUF_DIFF_IN_P_O)
                                                      0.284     0.363 r  u_ibufds/DIFFINBUF_INST/O
                         net (fo=1, routed)           0.040     0.403    u_ibufds/OUT
    AH18                 IBUFCTRL (Prop_IBUFCTRL_HPIOB_M_I_O)
                                                      0.000     0.403 r  u_ibufds/IBUFCTRL_INST/O
                         net (fo=1, routed)           0.144     0.547    clk_ref
    BUFGCE_DIV_X1Y7      BUFGCE_DIV (Prop_BUFGCE_DIV_I_O)
                                                      0.089     0.636 r  u_bufgce_div/O
    X1Y2 (CLOCK_ROOT)    net (fo=7065, routed)        1.052     1.688    clk
    SLICE_X57Y172        FDRE                                         r  led_o_reg[0]/C
  -------------------------------------------------------------------    -------------------
    SLICE_X57Y172        FDRE (Prop_HFF_SLICEM_C_Q)
                                                      0.039     1.727 r  led_o_reg[0]/Q
                         net (fo=1, routed)           1.366     3.093    led_o_OBUF[0]
    D5                   OBUF (Prop_OUTBUF_HDIOB_S_I_O)
                                                      1.481     4.574 r  led_o_OBUF[0]_inst/O
                         net (fo=0)                   0.000     4.574    led_o[0]
    D5                                                                r  led_o[0] (OUT)
  -------------------------------------------------------------------    -------------------

Slack:                    inf
  Source:                 led_o_reg[3]/C
                            (rising edge-triggered cell FDRE clocked by clk  {rise@0.000ns fall@3.333ns period=9.999ns})
  Destination:            led_o[3]
                            (output port)
  Path Group:             (none)
  Path Type:              Min at Fast Process Corner
  Data Path Delay:        2.951ns  (logic 1.538ns (52.114%)  route 1.413ns (47.886%))
  Logic Levels:           1  (OBUF=1)
  Clock Uncertainty:      0.025ns  ((TSJ^2 + TIJ^2)^1/2 + DJ) / 2 + PE
    Total System Jitter     (TSJ):    0.050ns
    Total Input Jitter      (TIJ):    0.000ns
    Discrete Jitter          (DJ):    0.000ns
    Phase Error              (PE):    0.000ns
  Clock Net Delay (Source):      1.054ns (routing 0.384ns, distribution 0.670ns)
  Timing Exception:       False Path

    Location             Delay type                Incr(ns)  Path(ns)    Netlist Resource(s)
  -------------------------------------------------------------------    -------------------
                         (clock clk rise edge)        0.000     0.000 r  
    AH18                                              0.000     0.000 r  clk300_p_i (IN)
                         net (fo=0)                   0.079     0.079    u_ibufds/I
    HPIOBDIFFINBUF_X1Y36 DIFFINBUF (Prop_DIFFINBUF_HPIOBDIFFINBUF_DIFF_IN_P_O)
                                                      0.284     0.363 r  u_ibufds/DIFFINBUF_INST/O
                         net (fo=1, routed)           0.040     0.403    u_ibufds/OUT
    AH18                 IBUFCTRL (Prop_IBUFCTRL_HPIOB_M_I_O)
                                                      0.000     0.403 r  u_ibufds/IBUFCTRL_INST/O
                         net (fo=1, routed)           0.144     0.547    clk_ref
    BUFGCE_DIV_X1Y7      BUFGCE_DIV (Prop_BUFGCE_DIV_I_O)
                                                      0.089     0.636 r  u_bufgce_div/O
    X1Y2 (CLOCK_ROOT)    net (fo=7065, routed)        1.054     1.690    clk
    SLICE_X57Y174        FDRE                                         r  led_o_reg[3]/C
  -------------------------------------------------------------------    -------------------
    SLICE_X57Y174        FDRE (Prop_BFF_SLICEM_C_Q)
                                                      0.038     1.728 r  led_o_reg[3]/Q
                         net (fo=1, routed)           1.413     3.141    led_o_OBUF[3]
    B5                   OBUF (Prop_OUTBUF_HDIOB_M_I_O)
                                                      1.500     4.640 r  led_o_OBUF[3]_inst/O
                         net (fo=0)                   0.000     4.640    led_o[3]
    B5                                                                r  led_o[3] (OUT)
  -------------------------------------------------------------------    -------------------

Slack:                    inf
  Source:                 led_o_reg[1]/C
                            (rising edge-triggered cell FDRE clocked by clk  {rise@0.000ns fall@3.333ns period=9.999ns})
  Destination:            led_o[1]
                            (output port)
  Path Group:             (none)
  Path Type:              Min at Fast Process Corner
  Data Path Delay:        3.001ns  (logic 1.521ns (50.683%)  route 1.480ns (49.317%))
  Logic Levels:           1  (OBUF=1)
  Clock Uncertainty:      0.025ns  ((TSJ^2 + TIJ^2)^1/2 + DJ) / 2 + PE
    Total System Jitter     (TSJ):    0.050ns
    Total Input Jitter      (TIJ):    0.000ns
    Discrete Jitter          (DJ):    0.000ns
    Phase Error              (PE):    0.000ns
  Clock Net Delay (Source):      1.052ns (routing 0.384ns, distribution 0.668ns)
  Timing Exception:       False Path

    Location             Delay type                Incr(ns)  Path(ns)    Netlist Resource(s)
  -------------------------------------------------------------------    -------------------
                         (clock clk rise edge)        0.000     0.000 r  
    AH18                                              0.000     0.000 r  clk300_p_i (IN)
                         net (fo=0)                   0.079     0.079    u_ibufds/I
    HPIOBDIFFINBUF_X1Y36 DIFFINBUF (Prop_DIFFINBUF_HPIOBDIFFINBUF_DIFF_IN_P_O)
                                                      0.284     0.363 r  u_ibufds/DIFFINBUF_INST/O
                         net (fo=1, routed)           0.040     0.403    u_ibufds/OUT
    AH18                 IBUFCTRL (Prop_IBUFCTRL_HPIOB_M_I_O)
                                                      0.000     0.403 r  u_ibufds/IBUFCTRL_INST/O
                         net (fo=1, routed)           0.144     0.547    clk_ref
    BUFGCE_DIV_X1Y7      BUFGCE_DIV (Prop_BUFGCE_DIV_I_O)
                                                      0.089     0.636 r  u_bufgce_div/O
    X1Y2 (CLOCK_ROOT)    net (fo=7065, routed)        1.052     1.688    clk
    SLICE_X57Y172        FDRE                                         r  led_o_reg[1]/C
  -------------------------------------------------------------------    -------------------
    SLICE_X57Y172        FDRE (Prop_FFF_SLICEM_C_Q)
                                                      0.037     1.725 r  led_o_reg[1]/Q
                         net (fo=1, routed)           1.480     3.205    led_o_OBUF[1]
    D6                   OBUF (Prop_OUTBUF_HDIOB_M_I_O)
                                                      1.484     4.689 r  led_o_OBUF[1]_inst/O
                         net (fo=0)                   0.000     4.689    led_o[1]
    D6                                                                r  led_o[1] (OUT)
  -------------------------------------------------------------------    -------------------





--------------------------------------------------------------------------------------
Path Group:  (none)
From Clock:  
  To Clock:  clk

Max Delay             7 Endpoints
Min Delay             7 Endpoints
--------------------------------------------------------------------------------------


Max Delay Paths
--------------------------------------------------------------------------------------
Slack:                    inf
  Source:                 dip_i[3]
                            (input port)
  Destination:            dip_sync_q_reg[3]/D
                            (rising edge-triggered cell FDRE clocked by clk  {rise@0.000ns fall@3.333ns period=9.999ns})
  Path Group:             (none)
  Path Type:              Setup (Max at Slow Process Corner)
  Data Path Delay:        3.874ns  (logic 1.273ns (32.855%)  route 2.601ns (67.145%))
  Logic Levels:           2  (IBUFCTRL=1 INBUF=1)
  Clock Path Skew:        2.674ns (DCD - SCD + CPR)
    Destination Clock Delay (DCD):    2.674ns
    Source Clock Delay      (SCD):    0.000ns
    Clock Pessimism Removal (CPR):    0.000ns
  Clock Uncertainty:      0.025ns  ((TSJ^2 + TIJ^2)^1/2 + DJ) / 2 + PE
    Total System Jitter     (TSJ):    0.050ns
    Total Input Jitter      (TIJ):    0.000ns
    Discrete Jitter          (DJ):    0.000ns
    Phase Error              (PE):    0.000ns
  Clock Net Delay (Destination): 1.708ns (routing 0.628ns, distribution 1.080ns)
  Timing Exception:       False Path

    Location             Delay type                Incr(ns)  Path(ns)    Netlist Resource(s)
  -------------------------------------------------------------------    -------------------
    F4                                                0.000     0.000 r  dip_i[3] (IN)
                         net (fo=0)                   0.000     0.000    dip_i_IBUF[3]_inst/I
    F4                   INBUF (Prop_INBUF_HDIOB_S_PAD_O)
                                                      1.273     1.273 r  dip_i_IBUF[3]_inst/INBUF_INST/O
                         net (fo=1, routed)           0.000     1.273    dip_i_IBUF[3]_inst/OUT
    F4                   IBUFCTRL (Prop_IBUFCTRL_HDIOB_S_I_O)
                                                      0.000     1.273 r  dip_i_IBUF[3]_inst/IBUFCTRL_INST/O
                         net (fo=1, routed)           2.601     3.874    dip_i_IBUF[3]
    SLICE_X63Y197        FDRE                                         r  dip_sync_q_reg[3]/D
  -------------------------------------------------------------------    -------------------

                         (clock clk rise edge)        0.000     0.000 r  
    AH18                                              0.000     0.000 r  clk300_p_i (IN)
                         net (fo=0)                   0.079     0.079    u_ibufds/I
    HPIOBDIFFINBUF_X1Y36 DIFFINBUF (Prop_DIFFINBUF_HPIOBDIFFINBUF_DIFF_IN_P_O)
                                                      0.429     0.508 r  u_ibufds/DIFFINBUF_INST/O
                         net (fo=1, routed)           0.040     0.548    u_ibufds/OUT
    AH18                 IBUFCTRL (Prop_IBUFCTRL_HPIOB_M_I_O)
                                                      0.000     0.548 r  u_ibufds/IBUFCTRL_INST/O
                         net (fo=1, routed)           0.286     0.834    clk_ref
    BUFGCE_DIV_X1Y7      BUFGCE_DIV (Prop_BUFGCE_DIV_I_O)
                                                      0.132     0.966 r  u_bufgce_div/O
    X1Y2 (CLOCK_ROOT)    net (fo=7065, routed)        1.708     2.674    clk
    SLICE_X63Y197        FDRE                                         r  dip_sync_q_reg[3]/C

Slack:                    inf
  Source:                 dip_i[1]
                            (input port)
  Destination:            dip_sync_q_reg[1]/D
                            (rising edge-triggered cell FDRE clocked by clk  {rise@0.000ns fall@3.333ns period=9.999ns})
  Path Group:             (none)
  Path Type:              Setup (Max at Slow Process Corner)
  Data Path Delay:        3.830ns  (logic 1.280ns (33.412%)  route 2.550ns (66.588%))
  Logic Levels:           2  (IBUFCTRL=1 INBUF=1)
  Clock Path Skew:        2.674ns (DCD - SCD + CPR)
    Destination Clock Delay (DCD):    2.674ns
    Source Clock Delay      (SCD):    0.000ns
    Clock Pessimism Removal (CPR):    0.000ns
  Clock Uncertainty:      0.025ns  ((TSJ^2 + TIJ^2)^1/2 + DJ) / 2 + PE
    Total System Jitter     (TSJ):    0.050ns
    Total Input Jitter      (TIJ):    0.000ns
    Discrete Jitter          (DJ):    0.000ns
    Phase Error              (PE):    0.000ns
  Clock Net Delay (Destination): 1.708ns (routing 0.628ns, distribution 1.080ns)
  Timing Exception:       False Path

    Location             Delay type                Incr(ns)  Path(ns)    Netlist Resource(s)
  -------------------------------------------------------------------    -------------------
    D4                                                0.000     0.000 r  dip_i[1] (IN)
                         net (fo=0)                   0.000     0.000    dip_i_IBUF[1]_inst/I
    D4                   INBUF (Prop_INBUF_HDIOB_S_PAD_O)
                                                      1.280     1.280 r  dip_i_IBUF[1]_inst/INBUF_INST/O
                         net (fo=1, routed)           0.000     1.280    dip_i_IBUF[1]_inst/OUT
    D4                   IBUFCTRL (Prop_IBUFCTRL_HDIOB_S_I_O)
                                                      0.000     1.280 r  dip_i_IBUF[1]_inst/IBUFCTRL_INST/O
                         net (fo=1, routed)           2.550     3.830    dip_i_IBUF[1]
    SLICE_X63Y197        FDRE                                         r  dip_sync_q_reg[1]/D
  -------------------------------------------------------------------    -------------------

                         (clock clk rise edge)        0.000     0.000 r  
    AH18                                              0.000     0.000 r  clk300_p_i (IN)
                         net (fo=0)                   0.079     0.079    u_ibufds/I
    HPIOBDIFFINBUF_X1Y36 DIFFINBUF (Prop_DIFFINBUF_HPIOBDIFFINBUF_DIFF_IN_P_O)
                                                      0.429     0.508 r  u_ibufds/DIFFINBUF_INST/O
                         net (fo=1, routed)           0.040     0.548    u_ibufds/OUT
    AH18                 IBUFCTRL (Prop_IBUFCTRL_HPIOB_M_I_O)
                                                      0.000     0.548 r  u_ibufds/IBUFCTRL_INST/O
                         net (fo=1, routed)           0.286     0.834    clk_ref
    BUFGCE_DIV_X1Y7      BUFGCE_DIV (Prop_BUFGCE_DIV_I_O)
                                                      0.132     0.966 r  u_bufgce_div/O
    X1Y2 (CLOCK_ROOT)    net (fo=7065, routed)        1.708     2.674    clk
    SLICE_X63Y197        FDRE                                         r  dip_sync_q_reg[1]/C

Slack:                    inf
  Source:                 dip_i[2]
                            (input port)
  Destination:            dip_sync_q_reg[2]/D
                            (rising edge-triggered cell FDRE clocked by clk  {rise@0.000ns fall@3.333ns period=9.999ns})
  Path Group:             (none)
  Path Type:              Setup (Max at Slow Process Corner)
  Data Path Delay:        3.802ns  (logic 1.271ns (33.435%)  route 2.531ns (66.565%))
  Logic Levels:           2  (IBUFCTRL=1 INBUF=1)
  Clock Path Skew:        2.672ns (DCD - SCD + CPR)
    Destination Clock Delay (DCD):    2.672ns
    Source Clock Delay      (SCD):    0.000ns
    Clock Pessimism Removal (CPR):    0.000ns
  Clock Uncertainty:      0.025ns  ((TSJ^2 + TIJ^2)^1/2 + DJ) / 2 + PE
    Total System Jitter     (TSJ):    0.050ns
    Total Input Jitter      (TIJ):    0.000ns
    Discrete Jitter          (DJ):    0.000ns
    Phase Error              (PE):    0.000ns
  Clock Net Delay (Destination): 1.706ns (routing 0.628ns, distribution 1.078ns)
  Timing Exception:       False Path

    Location             Delay type                Incr(ns)  Path(ns)    Netlist Resource(s)
  -------------------------------------------------------------------    -------------------
    F5                                                0.000     0.000 r  dip_i[2] (IN)
                         net (fo=0)                   0.000     0.000    dip_i_IBUF[2]_inst/I
    F5                   INBUF (Prop_INBUF_HDIOB_M_PAD_O)
                                                      1.271     1.271 r  dip_i_IBUF[2]_inst/INBUF_INST/O
                         net (fo=1, routed)           0.000     1.271    dip_i_IBUF[2]_inst/OUT
    F5                   IBUFCTRL (Prop_IBUFCTRL_HDIOB_M_I_O)
                                                      0.000     1.271 r  dip_i_IBUF[2]_inst/IBUFCTRL_INST/O
                         net (fo=1, routed)           2.531     3.802    dip_i_IBUF[2]
    SLICE_X64Y200        FDRE                                         r  dip_sync_q_reg[2]/D
  -------------------------------------------------------------------    -------------------

                         (clock clk rise edge)        0.000     0.000 r  
    AH18                                              0.000     0.000 r  clk300_p_i (IN)
                         net (fo=0)                   0.079     0.079    u_ibufds/I
    HPIOBDIFFINBUF_X1Y36 DIFFINBUF (Prop_DIFFINBUF_HPIOBDIFFINBUF_DIFF_IN_P_O)
                                                      0.429     0.508 r  u_ibufds/DIFFINBUF_INST/O
                         net (fo=1, routed)           0.040     0.548    u_ibufds/OUT
    AH18                 IBUFCTRL (Prop_IBUFCTRL_HPIOB_M_I_O)
                                                      0.000     0.548 r  u_ibufds/IBUFCTRL_INST/O
                         net (fo=1, routed)           0.286     0.834    clk_ref
    BUFGCE_DIV_X1Y7      BUFGCE_DIV (Prop_BUFGCE_DIV_I_O)
                                                      0.132     0.966 r  u_bufgce_div/O
    X1Y2 (CLOCK_ROOT)    net (fo=7065, routed)        1.706     2.672    clk
    SLICE_X64Y200        FDRE                                         r  dip_sync_q_reg[2]/C

Slack:                    inf
  Source:                 pb_i[0]
                            (input port)
  Destination:            pb_sync_q_reg[0]/D
                            (rising edge-triggered cell FDRE clocked by clk  {rise@0.000ns fall@3.333ns period=9.999ns})
  Path Group:             (none)
  Path Type:              Setup (Max at Slow Process Corner)
  Data Path Delay:        3.639ns  (logic 1.298ns (35.675%)  route 2.341ns (64.325%))
  Logic Levels:           2  (IBUFCTRL=1 INBUF=1)
  Clock Path Skew:        2.671ns (DCD - SCD + CPR)
    Destination Clock Delay (DCD):    2.671ns
    Source Clock Delay      (SCD):    0.000ns
    Clock Pessimism Removal (CPR):    0.000ns
  Clock Uncertainty:      0.025ns  ((TSJ^2 + TIJ^2)^1/2 + DJ) / 2 + PE
    Total System Jitter     (TSJ):    0.050ns
    Total Input Jitter      (TIJ):    0.000ns
    Discrete Jitter          (DJ):    0.000ns
    Phase Error              (PE):    0.000ns
  Clock Net Delay (Destination): 1.705ns (routing 0.628ns, distribution 1.077ns)
  Timing Exception:       False Path

    Location             Delay type                Incr(ns)  Path(ns)    Netlist Resource(s)
  -------------------------------------------------------------------    -------------------
    B4                                                0.000     0.000 r  pb_i[0] (IN)
                         net (fo=0)                   0.000     0.000    pb_i_IBUF[0]_inst/I
    B4                   INBUF (Prop_INBUF_HDIOB_S_PAD_O)
                                                      1.298     1.298 r  pb_i_IBUF[0]_inst/INBUF_INST/O
                         net (fo=1, routed)           0.000     1.298    pb_i_IBUF[0]_inst/OUT
    B4                   IBUFCTRL (Prop_IBUFCTRL_HDIOB_S_I_O)
                                                      0.000     1.298 r  pb_i_IBUF[0]_inst/IBUFCTRL_INST/O
                         net (fo=1, routed)           2.341     3.639    pb_i_IBUF[0]
    SLICE_X64Y200        FDRE                                         r  pb_sync_q_reg[0]/D
  -------------------------------------------------------------------    -------------------

                         (clock clk rise edge)        0.000     0.000 r  
    AH18                                              0.000     0.000 r  clk300_p_i (IN)
                         net (fo=0)                   0.079     0.079    u_ibufds/I
    HPIOBDIFFINBUF_X1Y36 DIFFINBUF (Prop_DIFFINBUF_HPIOBDIFFINBUF_DIFF_IN_P_O)
                                                      0.429     0.508 r  u_ibufds/DIFFINBUF_INST/O
                         net (fo=1, routed)           0.040     0.548    u_ibufds/OUT
    AH18                 IBUFCTRL (Prop_IBUFCTRL_HPIOB_M_I_O)
                                                      0.000     0.548 r  u_ibufds/IBUFCTRL_INST/O
                         net (fo=1, routed)           0.286     0.834    clk_ref
    BUFGCE_DIV_X1Y7      BUFGCE_DIV (Prop_BUFGCE_DIV_I_O)
                                                      0.132     0.966 r  u_bufgce_div/O
    X1Y2 (CLOCK_ROOT)    net (fo=7065, routed)        1.705     2.671    clk
    SLICE_X64Y200        FDRE                                         r  pb_sync_q_reg[0]/C

Slack:                    inf
  Source:                 pb_i[1]
                            (input port)
  Destination:            pb_sync_q_reg[1]/D
                            (rising edge-triggered cell FDRE clocked by clk  {rise@0.000ns fall@3.333ns period=9.999ns})
  Path Group:             (none)
  Path Type:              Setup (Max at Slow Process Corner)
  Data Path Delay:        3.481ns  (logic 1.298ns (37.281%)  route 2.183ns (62.719%))
  Logic Levels:           2  (IBUFCTRL=1 INBUF=1)
  Clock Path Skew:        2.672ns (DCD - SCD + CPR)
    Destination Clock Delay (DCD):    2.672ns
    Source Clock Delay      (SCD):    0.000ns
    Clock Pessimism Removal (CPR):    0.000ns
  Clock Uncertainty:      0.025ns  ((TSJ^2 + TIJ^2)^1/2 + DJ) / 2 + PE
    Total System Jitter     (TSJ):    0.050ns
    Total Input Jitter      (TIJ):    0.000ns
    Discrete Jitter          (DJ):    0.000ns
    Phase Error              (PE):    0.000ns
  Clock Net Delay (Destination): 1.706ns (routing 0.628ns, distribution 1.078ns)
  Timing Exception:       False Path

    Location             Delay type                Incr(ns)  Path(ns)    Netlist Resource(s)
  -------------------------------------------------------------------    -------------------
    C4                                                0.000     0.000 r  pb_i[1] (IN)
                         net (fo=0)                   0.000     0.000    pb_i_IBUF[1]_inst/I
    C4                   INBUF (Prop_INBUF_HDIOB_M_PAD_O)
                                                      1.298     1.298 r  pb_i_IBUF[1]_inst/INBUF_INST/O
                         net (fo=1, routed)           0.000     1.298    pb_i_IBUF[1]_inst/OUT
    C4                   IBUFCTRL (Prop_IBUFCTRL_HDIOB_M_I_O)
                                                      0.000     1.298 r  pb_i_IBUF[1]_inst/IBUFCTRL_INST/O
                         net (fo=1, routed)           2.183     3.481    pb_i_IBUF[1]
    SLICE_X64Y200        FDRE                                         r  pb_sync_q_reg[1]/D
  -------------------------------------------------------------------    -------------------

                         (clock clk rise edge)        0.000     0.000 r  
    AH18                                              0.000     0.000 r  clk300_p_i (IN)
                         net (fo=0)                   0.079     0.079    u_ibufds/I
    HPIOBDIFFINBUF_X1Y36 DIFFINBUF (Prop_DIFFINBUF_HPIOBDIFFINBUF_DIFF_IN_P_O)
                                                      0.429     0.508 r  u_ibufds/DIFFINBUF_INST/O
                         net (fo=1, routed)           0.040     0.548    u_ibufds/OUT
    AH18                 IBUFCTRL (Prop_IBUFCTRL_HPIOB_M_I_O)
                                                      0.000     0.548 r  u_ibufds/IBUFCTRL_INST/O
                         net (fo=1, routed)           0.286     0.834    clk_ref
    BUFGCE_DIV_X1Y7      BUFGCE_DIV (Prop_BUFGCE_DIV_I_O)
                                                      0.132     0.966 r  u_bufgce_div/O
    X1Y2 (CLOCK_ROOT)    net (fo=7065, routed)        1.706     2.672    clk
    SLICE_X64Y200        FDRE                                         r  pb_sync_q_reg[1]/C

Slack:                    inf
  Source:                 dip_i[0]
                            (input port)
  Destination:            dip_sync_q_reg[0]/D
                            (rising edge-triggered cell FDRE clocked by clk  {rise@0.000ns fall@3.333ns period=9.999ns})
  Path Group:             (none)
  Path Type:              Setup (Max at Slow Process Corner)
  Data Path Delay:        2.648ns  (logic 1.279ns (48.305%)  route 1.369ns (51.695%))
  Logic Levels:           2  (IBUFCTRL=1 INBUF=1)
  Clock Path Skew:        2.770ns (DCD - SCD + CPR)
    Destination Clock Delay (DCD):    2.770ns
    Source Clock Delay      (SCD):    0.000ns
    Clock Pessimism Removal (CPR):    0.000ns
  Clock Uncertainty:      0.025ns  ((TSJ^2 + TIJ^2)^1/2 + DJ) / 2 + PE
    Total System Jitter     (TSJ):    0.050ns
    Total Input Jitter      (TIJ):    0.000ns
    Discrete Jitter          (DJ):    0.000ns
    Phase Error              (PE):    0.000ns
  Clock Net Delay (Destination): 1.804ns (routing 0.628ns, distribution 1.176ns)
  Timing Exception:       False Path

    Location             Delay type                Incr(ns)  Path(ns)    Netlist Resource(s)
  -------------------------------------------------------------------    -------------------
    E4                                                0.000     0.000 r  dip_i[0] (IN)
                         net (fo=0)                   0.000     0.000    dip_i_IBUF[0]_inst/I
    E4                   INBUF (Prop_INBUF_HDIOB_M_PAD_O)
                                                      1.279     1.279 r  dip_i_IBUF[0]_inst/INBUF_INST/O
                         net (fo=1, routed)           0.000     1.279    dip_i_IBUF[0]_inst/OUT
    E4                   IBUFCTRL (Prop_IBUFCTRL_HDIOB_M_I_O)
                                                      0.000     1.279 r  dip_i_IBUF[0]_inst/IBUFCTRL_INST/O
                         net (fo=1, routed)           1.369     2.648    dip_i_IBUF[0]
    SLICE_X69Y270        FDRE                                         r  dip_sync_q_reg[0]/D
  -------------------------------------------------------------------    -------------------

                         (clock clk rise edge)        0.000     0.000 r  
    AH18                                              0.000     0.000 r  clk300_p_i (IN)
                         net (fo=0)                   0.079     0.079    u_ibufds/I
    HPIOBDIFFINBUF_X1Y36 DIFFINBUF (Prop_DIFFINBUF_HPIOBDIFFINBUF_DIFF_IN_P_O)
                                                      0.429     0.508 r  u_ibufds/DIFFINBUF_INST/O
                         net (fo=1, routed)           0.040     0.548    u_ibufds/OUT
    AH18                 IBUFCTRL (Prop_IBUFCTRL_HPIOB_M_I_O)
                                                      0.000     0.548 r  u_ibufds/IBUFCTRL_INST/O
                         net (fo=1, routed)           0.286     0.834    clk_ref
    BUFGCE_DIV_X1Y7      BUFGCE_DIV (Prop_BUFGCE_DIV_I_O)
                                                      0.132     0.966 r  u_bufgce_div/O
    X1Y2 (CLOCK_ROOT)    net (fo=7065, routed)        1.804     2.770    clk
    SLICE_X69Y270        FDRE                                         r  dip_sync_q_reg[0]/C

Slack:                    inf
  Source:                 cpu_reset_i
                            (input port)
  Destination:            rst_sync_q_reg[0]/D
                            (rising edge-triggered cell FDRE clocked by clk  {rise@0.000ns fall@3.333ns period=9.999ns})
  Path Group:             (none)
  Path Type:              Setup (Max at Slow Process Corner)
  Data Path Delay:        2.169ns  (logic 1.222ns (56.342%)  route 0.947ns (43.658%))
  Logic Levels:           2  (IBUFCTRL=1 INBUF=1)
  Clock Path Skew:        2.944ns (DCD - SCD + CPR)
    Destination Clock Delay (DCD):    2.944ns
    Source Clock Delay      (SCD):    0.000ns
    Clock Pessimism Removal (CPR):    0.000ns
  Clock Uncertainty:      0.025ns  ((TSJ^2 + TIJ^2)^1/2 + DJ) / 2 + PE
    Total System Jitter     (TSJ):    0.050ns
    Total Input Jitter      (TIJ):    0.000ns
    Discrete Jitter          (DJ):    0.000ns
    Phase Error              (PE):    0.000ns
  Clock Net Delay (Destination): 1.978ns (routing 0.628ns, distribution 1.350ns)
  Timing Exception:       False Path

    Location             Delay type                Incr(ns)  Path(ns)    Netlist Resource(s)
  -------------------------------------------------------------------    -------------------
    M11                                               0.000     0.000 r  cpu_reset_i (IN)
                         net (fo=0)                   0.000     0.000    cpu_reset_i_IBUF_inst/I
    M11                  INBUF (Prop_INBUF_HDIOB_S_PAD_O)
                                                      1.222     1.222 r  cpu_reset_i_IBUF_inst/INBUF_INST/O
                         net (fo=1, routed)           0.000     1.222    cpu_reset_i_IBUF_inst/OUT
    M11                  IBUFCTRL (Prop_IBUFCTRL_HDIOB_S_I_O)
                                                      0.000     1.222 r  cpu_reset_i_IBUF_inst/IBUFCTRL_INST/O
                         net (fo=1, routed)           0.947     2.169    cpu_reset_i_IBUF
    SLICE_X100Y247       FDRE                                         r  rst_sync_q_reg[0]/D
  -------------------------------------------------------------------    -------------------

                         (clock clk rise edge)        0.000     0.000 r  
    AH18                                              0.000     0.000 r  clk300_p_i (IN)
                         net (fo=0)                   0.079     0.079    u_ibufds/I
    HPIOBDIFFINBUF_X1Y36 DIFFINBUF (Prop_DIFFINBUF_HPIOBDIFFINBUF_DIFF_IN_P_O)
                                                      0.429     0.508 r  u_ibufds/DIFFINBUF_INST/O
                         net (fo=1, routed)           0.040     0.548    u_ibufds/OUT
    AH18                 IBUFCTRL (Prop_IBUFCTRL_HPIOB_M_I_O)
                                                      0.000     0.548 r  u_ibufds/IBUFCTRL_INST/O
                         net (fo=1, routed)           0.286     0.834    clk_ref
    BUFGCE_DIV_X1Y7      BUFGCE_DIV (Prop_BUFGCE_DIV_I_O)
                                                      0.132     0.966 r  u_bufgce_div/O
    X1Y2 (CLOCK_ROOT)    net (fo=7065, routed)        1.978     2.944    clk
    SLICE_X100Y247       FDRE                                         r  rst_sync_q_reg[0]/C





Min Delay Paths
--------------------------------------------------------------------------------------
Slack:                    inf
  Source:                 cpu_reset_i
                            (input port)
  Destination:            rst_sync_q_reg[0]/D
                            (rising edge-triggered cell FDRE clocked by clk  {rise@0.000ns fall@3.333ns period=9.999ns})
  Path Group:             (none)
  Path Type:              Hold (Min at Fast Process Corner)
  Data Path Delay:        1.231ns  (logic 0.799ns (64.920%)  route 0.432ns (35.080%))
  Logic Levels:           2  (IBUFCTRL=1 INBUF=1)
  Clock Path Skew:        2.188ns (DCD - SCD - CPR)
    Destination Clock Delay (DCD):    2.188ns
    Source Clock Delay      (SCD):    0.000ns
    Clock Pessimism Removal (CPR):    -0.000ns
  Clock Net Delay (Destination): 1.374ns (routing 0.425ns, distribution 0.949ns)
  Timing Exception:       False Path

    Location             Delay type                Incr(ns)  Path(ns)    Netlist Resource(s)
  -------------------------------------------------------------------    -------------------
    M11                                               0.000     0.000 r  cpu_reset_i (IN)
                         net (fo=0)                   0.000     0.000    cpu_reset_i_IBUF_inst/I
    M11                  INBUF (Prop_INBUF_HDIOB_S_PAD_O)
                                                      0.799     0.799 r  cpu_reset_i_IBUF_inst/INBUF_INST/O
                         net (fo=1, routed)           0.000     0.799    cpu_reset_i_IBUF_inst/OUT
    M11                  IBUFCTRL (Prop_IBUFCTRL_HDIOB_S_I_O)
                                                      0.000     0.799 r  cpu_reset_i_IBUF_inst/IBUFCTRL_INST/O
                         net (fo=1, routed)           0.432     1.231    cpu_reset_i_IBUF
    SLICE_X100Y247       FDRE                                         r  rst_sync_q_reg[0]/D
  -------------------------------------------------------------------    -------------------

                         (clock clk rise edge)        0.000     0.000 r  
    AH18                                              0.000     0.000 r  clk300_p_i (IN)
                         net (fo=0)                   0.100     0.100    u_ibufds/I
    HPIOBDIFFINBUF_X1Y36 DIFFINBUF (Prop_DIFFINBUF_HPIOBDIFFINBUF_DIFF_IN_P_O)
                                                      0.382     0.482 r  u_ibufds/DIFFINBUF_INST/O
                         net (fo=1, routed)           0.050     0.532    u_ibufds/OUT
    AH18                 IBUFCTRL (Prop_IBUFCTRL_HPIOB_M_I_O)
                                                      0.000     0.532 r  u_ibufds/IBUFCTRL_INST/O
                         net (fo=1, routed)           0.180     0.712    clk_ref
    BUFGCE_DIV_X1Y7      BUFGCE_DIV (Prop_BUFGCE_DIV_I_O)
                                                      0.101     0.813 r  u_bufgce_div/O
    X1Y2 (CLOCK_ROOT)    net (fo=7065, routed)        1.374     2.188    clk
    SLICE_X100Y247       FDRE                                         r  rst_sync_q_reg[0]/C

Slack:                    inf
  Source:                 dip_i[0]
                            (input port)
  Destination:            dip_sync_q_reg[0]/D
                            (rising edge-triggered cell FDRE clocked by clk  {rise@0.000ns fall@3.333ns period=9.999ns})
  Path Group:             (none)
  Path Type:              Hold (Min at Fast Process Corner)
  Data Path Delay:        1.533ns  (logic 0.856ns (55.838%)  route 0.677ns (44.162%))
  Logic Levels:           2  (IBUFCTRL=1 INBUF=1)
  Clock Path Skew:        2.070ns (DCD - SCD - CPR)
    Destination Clock Delay (DCD):    2.070ns
    Source Clock Delay      (SCD):    0.000ns
    Clock Pessimism Removal (CPR):    -0.000ns
  Clock Net Delay (Destination): 1.257ns (routing 0.425ns, distribution 0.832ns)
  Timing Exception:       False Path

    Location             Delay type                Incr(ns)  Path(ns)    Netlist Resource(s)
  -------------------------------------------------------------------    -------------------
    E4                                                0.000     0.000 r  dip_i[0] (IN)
                         net (fo=0)                   0.000     0.000    dip_i_IBUF[0]_inst/I
    E4                   INBUF (Prop_INBUF_HDIOB_M_PAD_O)
                                                      0.856     0.856 r  dip_i_IBUF[0]_inst/INBUF_INST/O
                         net (fo=1, routed)           0.000     0.856    dip_i_IBUF[0]_inst/OUT
    E4                   IBUFCTRL (Prop_IBUFCTRL_HDIOB_M_I_O)
                                                      0.000     0.856 r  dip_i_IBUF[0]_inst/IBUFCTRL_INST/O
                         net (fo=1, routed)           0.677     1.533    dip_i_IBUF[0]
    SLICE_X69Y270        FDRE                                         r  dip_sync_q_reg[0]/D
  -------------------------------------------------------------------    -------------------

                         (clock clk rise edge)        0.000     0.000 r  
    AH18                                              0.000     0.000 r  clk300_p_i (IN)
                         net (fo=0)                   0.100     0.100    u_ibufds/I
    HPIOBDIFFINBUF_X1Y36 DIFFINBUF (Prop_DIFFINBUF_HPIOBDIFFINBUF_DIFF_IN_P_O)
                                                      0.382     0.482 r  u_ibufds/DIFFINBUF_INST/O
                         net (fo=1, routed)           0.050     0.532    u_ibufds/OUT
    AH18                 IBUFCTRL (Prop_IBUFCTRL_HPIOB_M_I_O)
                                                      0.000     0.532 r  u_ibufds/IBUFCTRL_INST/O
                         net (fo=1, routed)           0.180     0.712    clk_ref
    BUFGCE_DIV_X1Y7      BUFGCE_DIV (Prop_BUFGCE_DIV_I_O)
                                                      0.101     0.813 r  u_bufgce_div/O
    X1Y2 (CLOCK_ROOT)    net (fo=7065, routed)        1.257     2.070    clk
    SLICE_X69Y270        FDRE                                         r  dip_sync_q_reg[0]/C

Slack:                    inf
  Source:                 pb_i[1]
                            (input port)
  Destination:            pb_sync_q_reg[1]/D
                            (rising edge-triggered cell FDRE clocked by clk  {rise@0.000ns fall@3.333ns period=9.999ns})
  Path Group:             (none)
  Path Type:              Hold (Min at Fast Process Corner)
  Data Path Delay:        1.972ns  (logic 0.874ns (44.326%)  route 1.098ns (55.674%))
  Logic Levels:           2  (IBUFCTRL=1 INBUF=1)
  Clock Path Skew:        2.002ns (DCD - SCD - CPR)
    Destination Clock Delay (DCD):    2.002ns
    Source Clock Delay      (SCD):    0.000ns
    Clock Pessimism Removal (CPR):    -0.000ns
  Clock Net Delay (Destination): 1.188ns (routing 0.425ns, distribution 0.763ns)
  Timing Exception:       False Path

    Location             Delay type                Incr(ns)  Path(ns)    Netlist Resource(s)
  -------------------------------------------------------------------    -------------------
    C4                                                0.000     0.000 r  pb_i[1] (IN)
                         net (fo=0)                   0.000     0.000    pb_i_IBUF[1]_inst/I
    C4                   INBUF (Prop_INBUF_HDIOB_M_PAD_O)
                                                      0.874     0.874 r  pb_i_IBUF[1]_inst/INBUF_INST/O
                         net (fo=1, routed)           0.000     0.874    pb_i_IBUF[1]_inst/OUT
    C4                   IBUFCTRL (Prop_IBUFCTRL_HDIOB_M_I_O)
                                                      0.000     0.874 r  pb_i_IBUF[1]_inst/IBUFCTRL_INST/O
                         net (fo=1, routed)           1.098     1.972    pb_i_IBUF[1]
    SLICE_X64Y200        FDRE                                         r  pb_sync_q_reg[1]/D
  -------------------------------------------------------------------    -------------------

                         (clock clk rise edge)        0.000     0.000 r  
    AH18                                              0.000     0.000 r  clk300_p_i (IN)
                         net (fo=0)                   0.100     0.100    u_ibufds/I
    HPIOBDIFFINBUF_X1Y36 DIFFINBUF (Prop_DIFFINBUF_HPIOBDIFFINBUF_DIFF_IN_P_O)
                                                      0.382     0.482 r  u_ibufds/DIFFINBUF_INST/O
                         net (fo=1, routed)           0.050     0.532    u_ibufds/OUT
    AH18                 IBUFCTRL (Prop_IBUFCTRL_HPIOB_M_I_O)
                                                      0.000     0.532 r  u_ibufds/IBUFCTRL_INST/O
                         net (fo=1, routed)           0.180     0.712    clk_ref
    BUFGCE_DIV_X1Y7      BUFGCE_DIV (Prop_BUFGCE_DIV_I_O)
                                                      0.101     0.813 r  u_bufgce_div/O
    X1Y2 (CLOCK_ROOT)    net (fo=7065, routed)        1.188     2.002    clk
    SLICE_X64Y200        FDRE                                         r  pb_sync_q_reg[1]/C

Slack:                    inf
  Source:                 pb_i[0]
                            (input port)
  Destination:            pb_sync_q_reg[0]/D
                            (rising edge-triggered cell FDRE clocked by clk  {rise@0.000ns fall@3.333ns period=9.999ns})
  Path Group:             (none)
  Path Type:              Hold (Min at Fast Process Corner)
  Data Path Delay:        2.027ns  (logic 0.875ns (43.164%)  route 1.152ns (56.836%))
  Logic Levels:           2  (IBUFCTRL=1 INBUF=1)
  Clock Path Skew:        2.000ns (DCD - SCD - CPR)
    Destination Clock Delay (DCD):    2.000ns
    Source Clock Delay      (SCD):    0.000ns
    Clock Pessimism Removal (CPR):    -0.000ns
  Clock Net Delay (Destination): 1.186ns (routing 0.425ns, distribution 0.761ns)
  Timing Exception:       False Path

    Location             Delay type                Incr(ns)  Path(ns)    Netlist Resource(s)
  -------------------------------------------------------------------    -------------------
    B4                                                0.000     0.000 r  pb_i[0] (IN)
                         net (fo=0)                   0.000     0.000    pb_i_IBUF[0]_inst/I
    B4                   INBUF (Prop_INBUF_HDIOB_S_PAD_O)
                                                      0.875     0.875 r  pb_i_IBUF[0]_inst/INBUF_INST/O
                         net (fo=1, routed)           0.000     0.875    pb_i_IBUF[0]_inst/OUT
    B4                   IBUFCTRL (Prop_IBUFCTRL_HDIOB_S_I_O)
                                                      0.000     0.875 r  pb_i_IBUF[0]_inst/IBUFCTRL_INST/O
                         net (fo=1, routed)           1.152     2.027    pb_i_IBUF[0]
    SLICE_X64Y200        FDRE                                         r  pb_sync_q_reg[0]/D
  -------------------------------------------------------------------    -------------------

                         (clock clk rise edge)        0.000     0.000 r  
    AH18                                              0.000     0.000 r  clk300_p_i (IN)
                         net (fo=0)                   0.100     0.100    u_ibufds/I
    HPIOBDIFFINBUF_X1Y36 DIFFINBUF (Prop_DIFFINBUF_HPIOBDIFFINBUF_DIFF_IN_P_O)
                                                      0.382     0.482 r  u_ibufds/DIFFINBUF_INST/O
                         net (fo=1, routed)           0.050     0.532    u_ibufds/OUT
    AH18                 IBUFCTRL (Prop_IBUFCTRL_HPIOB_M_I_O)
                                                      0.000     0.532 r  u_ibufds/IBUFCTRL_INST/O
                         net (fo=1, routed)           0.180     0.712    clk_ref
    BUFGCE_DIV_X1Y7      BUFGCE_DIV (Prop_BUFGCE_DIV_I_O)
                                                      0.101     0.813 r  u_bufgce_div/O
    X1Y2 (CLOCK_ROOT)    net (fo=7065, routed)        1.186     2.000    clk
    SLICE_X64Y200        FDRE                                         r  pb_sync_q_reg[0]/C

Slack:                    inf
  Source:                 dip_i[1]
                            (input port)
  Destination:            dip_sync_q_reg[1]/D
                            (rising edge-triggered cell FDRE clocked by clk  {rise@0.000ns fall@3.333ns period=9.999ns})
  Path Group:             (none)
  Path Type:              Hold (Min at Fast Process Corner)
  Data Path Delay:        2.110ns  (logic 0.856ns (40.577%)  route 1.254ns (59.423%))
  Logic Levels:           2  (IBUFCTRL=1 INBUF=1)
  Clock Path Skew:        2.003ns (DCD - SCD - CPR)
    Destination Clock Delay (DCD):    2.003ns
    Source Clock Delay      (SCD):    0.000ns
    Clock Pessimism Removal (CPR):    -0.000ns
  Clock Net Delay (Destination): 1.189ns (routing 0.425ns, distribution 0.764ns)
  Timing Exception:       False Path

    Location             Delay type                Incr(ns)  Path(ns)    Netlist Resource(s)
  -------------------------------------------------------------------    -------------------
    D4                                                0.000     0.000 r  dip_i[1] (IN)
                         net (fo=0)                   0.000     0.000    dip_i_IBUF[1]_inst/I
    D4                   INBUF (Prop_INBUF_HDIOB_S_PAD_O)
                                                      0.856     0.856 r  dip_i_IBUF[1]_inst/INBUF_INST/O
                         net (fo=1, routed)           0.000     0.856    dip_i_IBUF[1]_inst/OUT
    D4                   IBUFCTRL (Prop_IBUFCTRL_HDIOB_S_I_O)
                                                      0.000     0.856 r  dip_i_IBUF[1]_inst/IBUFCTRL_INST/O
                         net (fo=1, routed)           1.254     2.110    dip_i_IBUF[1]
    SLICE_X63Y197        FDRE                                         r  dip_sync_q_reg[1]/D
  -------------------------------------------------------------------    -------------------

                         (clock clk rise edge)        0.000     0.000 r  
    AH18                                              0.000     0.000 r  clk300_p_i (IN)
                         net (fo=0)                   0.100     0.100    u_ibufds/I
    HPIOBDIFFINBUF_X1Y36 DIFFINBUF (Prop_DIFFINBUF_HPIOBDIFFINBUF_DIFF_IN_P_O)
                                                      0.382     0.482 r  u_ibufds/DIFFINBUF_INST/O
                         net (fo=1, routed)           0.050     0.532    u_ibufds/OUT
    AH18                 IBUFCTRL (Prop_IBUFCTRL_HPIOB_M_I_O)
                                                      0.000     0.532 r  u_ibufds/IBUFCTRL_INST/O
                         net (fo=1, routed)           0.180     0.712    clk_ref
    BUFGCE_DIV_X1Y7      BUFGCE_DIV (Prop_BUFGCE_DIV_I_O)
                                                      0.101     0.813 r  u_bufgce_div/O
    X1Y2 (CLOCK_ROOT)    net (fo=7065, routed)        1.189     2.003    clk
    SLICE_X63Y197        FDRE                                         r  dip_sync_q_reg[1]/C

Slack:                    inf
  Source:                 dip_i[2]
                            (input port)
  Destination:            dip_sync_q_reg[2]/D
                            (rising edge-triggered cell FDRE clocked by clk  {rise@0.000ns fall@3.333ns period=9.999ns})
  Path Group:             (none)
  Path Type:              Hold (Min at Fast Process Corner)
  Data Path Delay:        2.113ns  (logic 0.848ns (40.137%)  route 1.265ns (59.863%))
  Logic Levels:           2  (IBUFCTRL=1 INBUF=1)
  Clock Path Skew:        2.002ns (DCD - SCD - CPR)
    Destination Clock Delay (DCD):    2.002ns
    Source Clock Delay      (SCD):    0.000ns
    Clock Pessimism Removal (CPR):    -0.000ns
  Clock Net Delay (Destination): 1.188ns (routing 0.425ns, distribution 0.763ns)
  Timing Exception:       False Path

    Location             Delay type                Incr(ns)  Path(ns)    Netlist Resource(s)
  -------------------------------------------------------------------    -------------------
    F5                                                0.000     0.000 r  dip_i[2] (IN)
                         net (fo=0)                   0.000     0.000    dip_i_IBUF[2]_inst/I
    F5                   INBUF (Prop_INBUF_HDIOB_M_PAD_O)
                                                      0.848     0.848 r  dip_i_IBUF[2]_inst/INBUF_INST/O
                         net (fo=1, routed)           0.000     0.848    dip_i_IBUF[2]_inst/OUT
    F5                   IBUFCTRL (Prop_IBUFCTRL_HDIOB_M_I_O)
                                                      0.000     0.848 r  dip_i_IBUF[2]_inst/IBUFCTRL_INST/O
                         net (fo=1, routed)           1.265     2.113    dip_i_IBUF[2]
    SLICE_X64Y200        FDRE                                         r  dip_sync_q_reg[2]/D
  -------------------------------------------------------------------    -------------------

                         (clock clk rise edge)        0.000     0.000 r  
    AH18                                              0.000     0.000 r  clk300_p_i (IN)
                         net (fo=0)                   0.100     0.100    u_ibufds/I
    HPIOBDIFFINBUF_X1Y36 DIFFINBUF (Prop_DIFFINBUF_HPIOBDIFFINBUF_DIFF_IN_P_O)
                                                      0.382     0.482 r  u_ibufds/DIFFINBUF_INST/O
                         net (fo=1, routed)           0.050     0.532    u_ibufds/OUT
    AH18                 IBUFCTRL (Prop_IBUFCTRL_HPIOB_M_I_O)
                                                      0.000     0.532 r  u_ibufds/IBUFCTRL_INST/O
                         net (fo=1, routed)           0.180     0.712    clk_ref
    BUFGCE_DIV_X1Y7      BUFGCE_DIV (Prop_BUFGCE_DIV_I_O)
                                                      0.101     0.813 r  u_bufgce_div/O
    X1Y2 (CLOCK_ROOT)    net (fo=7065, routed)        1.188     2.002    clk
    SLICE_X64Y200        FDRE                                         r  dip_sync_q_reg[2]/C

Slack:                    inf
  Source:                 dip_i[3]
                            (input port)
  Destination:            dip_sync_q_reg[3]/D
                            (rising edge-triggered cell FDRE clocked by clk  {rise@0.000ns fall@3.333ns period=9.999ns})
  Path Group:             (none)
  Path Type:              Hold (Min at Fast Process Corner)
  Data Path Delay:        2.126ns  (logic 0.850ns (39.967%)  route 1.276ns (60.033%))
  Logic Levels:           2  (IBUFCTRL=1 INBUF=1)
  Clock Path Skew:        2.003ns (DCD - SCD - CPR)
    Destination Clock Delay (DCD):    2.003ns
    Source Clock Delay      (SCD):    0.000ns
    Clock Pessimism Removal (CPR):    -0.000ns
  Clock Net Delay (Destination): 1.189ns (routing 0.425ns, distribution 0.764ns)
  Timing Exception:       False Path

    Location             Delay type                Incr(ns)  Path(ns)    Netlist Resource(s)
  -------------------------------------------------------------------    -------------------
    F4                                                0.000     0.000 r  dip_i[3] (IN)
                         net (fo=0)                   0.000     0.000    dip_i_IBUF[3]_inst/I
    F4                   INBUF (Prop_INBUF_HDIOB_S_PAD_O)
                                                      0.850     0.850 r  dip_i_IBUF[3]_inst/INBUF_INST/O
                         net (fo=1, routed)           0.000     0.850    dip_i_IBUF[3]_inst/OUT
    F4                   IBUFCTRL (Prop_IBUFCTRL_HDIOB_S_I_O)
                                                      0.000     0.850 r  dip_i_IBUF[3]_inst/IBUFCTRL_INST/O
                         net (fo=1, routed)           1.276     2.126    dip_i_IBUF[3]
    SLICE_X63Y197        FDRE                                         r  dip_sync_q_reg[3]/D
  -------------------------------------------------------------------    -------------------

                         (clock clk rise edge)        0.000     0.000 r  
    AH18                                              0.000     0.000 r  clk300_p_i (IN)
                         net (fo=0)                   0.100     0.100    u_ibufds/I
    HPIOBDIFFINBUF_X1Y36 DIFFINBUF (Prop_DIFFINBUF_HPIOBDIFFINBUF_DIFF_IN_P_O)
                                                      0.382     0.482 r  u_ibufds/DIFFINBUF_INST/O
                         net (fo=1, routed)           0.050     0.532    u_ibufds/OUT
    AH18                 IBUFCTRL (Prop_IBUFCTRL_HPIOB_M_I_O)
                                                      0.000     0.532 r  u_ibufds/IBUFCTRL_INST/O
                         net (fo=1, routed)           0.180     0.712    clk_ref
    BUFGCE_DIV_X1Y7      BUFGCE_DIV (Prop_BUFGCE_DIV_I_O)
                                                      0.101     0.813 r  u_bufgce_div/O
    X1Y2 (CLOCK_ROOT)    net (fo=7065, routed)        1.189     2.003    clk
    SLICE_X63Y197        FDRE                                         r  dip_sync_q_reg[3]/C





