Copyright 1986-2022 Xilinx, Inc. All Rights Reserved. Copyright 2022-2025 Advanced Micro Devices, Inc. All Rights Reserved.
----------------------------------------------------------------------------------------------------------------------------------------------------------------------------------------
| Tool Version      : Vivado v.2025.1 (win64) Build 6140274 Thu May 22 00:12:29 MDT 2025
| Date              : Tue Sep  1 11:58:07 2026
| Host              : Krishna_NITjsr running 64-bit major release  (build 9200)
| Command           : report_timing_summary -delay_type min_max -max_paths 10 -report_unconstrained -file C:/work/riscv-cache-extension/fpga/reports_prj_baseline/post_route_timing.rpt
| Design            : fpga_top
| Device            : xczu7ev-ffvc1156
| Speed File        : -2  PRODUCTION 1.30 05-15-2022
| Design State      : Routed
| Temperature Grade : E
----------------------------------------------------------------------------------------------------------------------------------------------------------------------------------------

Timing Summary Report

------------------------------------------------------------------------------------------------
| Timer Settings
| --------------
------------------------------------------------------------------------------------------------

  Enable Multi Corner Analysis               :  Yes
  Enable Pessimism Removal                   :  Yes
  Pessimism Removal Resolution               :  Nearest Common Node
  Enable Input Delay Default Clock           :  No
  Enable Preset / Clear Arcs                 :  No
  Disable Flight Delays                      :  No
  Ignore I/O Paths                           :  No
  Timing Early Launch at Borrowing Latches   :  No
  Borrow Time for Max Delay Exceptions       :  Yes
  Merge Timing Exceptions                    :  Yes
  Inter-SLR Compensation                     :  Conservative

  Corner  Analyze    Analyze    
  Name    Max Paths  Min Paths  
  ------  ---------  ---------  
  Slow    Yes        Yes        
  Fast    Yes        Yes        


------------------------------------------------------------------------------------------------
| Report Methodology
| ------------------
------------------------------------------------------------------------------------------------

Rule      Severity  Description                                 Violations  
--------  --------  ------------------------------------------  ----------  
DPIR-2    Warning   Asynchronous driver check                   544         
SYNTH-6   Warning   Timing of a RAM block might be sub-optimal  28          
SYNTH-10  Warning   Wide multiplier                             12          
SYNTH-15  Warning   Byte wide write enable not inferred         104         
CLKC-9    Advisory  BUFGCE with active CE has BUFG driver       4           

Note: This report is based on the most recent report_methodology run and may not be up-to-date. Run report_methodology on the current design for the latest report.



check_timing report

Table of Contents
-----------------
1. checking no_clock (0)
2. checking constant_clock (0)
3. checking pulse_width_clock (0)
4. checking unconstrained_internal_endpoints (0)
5. checking no_input_delay (7)
6. checking no_output_delay (4)
7. checking multiple_clock (0)
8. checking generated_clocks (0)
9. checking loops (0)
10. checking partial_input_delay (0)
11. checking partial_output_delay (0)
12. checking latch_loops (0)

1. checking no_clock (0)
------------------------
 There are 0 register/latch pins with no clock.


2. checking constant_clock (0)
------------------------------
 There are 0 register/latch pins with constant_clock.


3. checking pulse_width_clock (0)
---------------------------------
 There are 0 register/latch pins which need pulse_width check


4. checking unconstrained_internal_endpoints (0)
------------------------------------------------
 There are 0 pins that are not constrained for maximum delay.

 There are 0 pins that are not constrained for maximum delay due to constant clock.


5. checking no_input_delay (7)
------------------------------
 There are 0 input ports with no input delay specified.

 There are 7 input ports with no input delay but user has a false path constraint. (MEDIUM)


6. checking no_output_delay (4)
-------------------------------
 There are 0 ports with no output delay specified.

 There are 4 ports with no output delay but user has a false path constraint (MEDIUM)

 There are 0 ports with no output delay but with a timing clock defined on it or propagating through it


7. checking multiple_clock (0)
------------------------------
 There are 0 register/latch pins with multiple clocks.


8. checking generated_clocks (0)
--------------------------------
 There are 0 generated clocks that are not connected to a clock source.


9. checking loops (0)
---------------------
 There are 0 combinational loops in the design.


10. checking partial_input_delay (0)
------------------------------------
 There are 0 input ports with partial input delay specified.


11. checking partial_output_delay (0)
-------------------------------------
 There are 0 ports with partial output delay specified.


12. checking latch_loops (0)
----------------------------
 There are 0 combinational latch loops in the design through latch input



------------------------------------------------------------------------------------------------
| Design Timing Summary
| ---------------------
------------------------------------------------------------------------------------------------

    WNS(ns)      TNS(ns)  TNS Failing Endpoints  TNS Total Endpoints      WHS(ns)      THS(ns)  THS Failing Endpoints  THS Total Endpoints     WPWS(ns)     TPWS(ns)  TPWS Failing Endpoints  TPWS Total Endpoints  
    -------      -------  ---------------------  -------------------      -------      -------  ---------------------  -------------------     --------     --------  ----------------------  --------------------  
      0.929        0.000                      0                37930        0.010        0.000                      0                37930        2.262        0.000                       0                 11881  


All user specified timing constraints are met.


------------------------------------------------------------------------------------------------
| Clock Summary
| -------------
------------------------------------------------------------------------------------------------

Clock   Waveform(ns)         Period(ns)      Frequency(MHz)
-----   ------------         ----------      --------------
clk300  {0.000 1.666}        3.333           300.030         
  clk   {0.000 6.666}        13.332          75.008          


------------------------------------------------------------------------------------------------
| Intra Clock Table
| -----------------
------------------------------------------------------------------------------------------------

Clock             WNS(ns)      TNS(ns)  TNS Failing Endpoints  TNS Total Endpoints      WHS(ns)      THS(ns)  THS Failing Endpoints  THS Total Endpoints     WPWS(ns)     TPWS(ns)  TPWS Failing Endpoints  TPWS Total Endpoints  
-----             -------      -------  ---------------------  -------------------      -------      -------  ---------------------  -------------------     --------     --------  ----------------------  --------------------  
clk300                                                                                                                                                          2.262        0.000                       0                     1  
  clk               0.929        0.000                      0                26641        0.010        0.000                      0                26641        6.124        0.000                       0                 11880  


------------------------------------------------------------------------------------------------
| Inter Clock Table
| -----------------
------------------------------------------------------------------------------------------------

From Clock    To Clock          WNS(ns)      TNS(ns)  TNS Failing Endpoints  TNS Total Endpoints      WHS(ns)      THS(ns)  THS Failing Endpoints  THS Total Endpoints  
----------    --------          -------      -------  ---------------------  -------------------      -------      -------  ---------------------  -------------------  


------------------------------------------------------------------------------------------------
| Other Path Groups Table
| -----------------------
------------------------------------------------------------------------------------------------

Path Group         From Clock         To Clock               WNS(ns)      TNS(ns)  TNS Failing Endpoints  TNS Total Endpoints      WHS(ns)      THS(ns)  THS Failing Endpoints  THS Total Endpoints  
----------         ----------         --------               -------      -------  ---------------------  -------------------      -------      -------  ---------------------  -------------------  
**async_default**  clk                clk                      4.374        0.000                      0                11289        0.035        0.000                      0                11289  


------------------------------------------------------------------------------------------------
| User Ignored Path Table
| -----------------------
------------------------------------------------------------------------------------------------

Path Group    From Clock    To Clock    
----------    ----------    --------    
(none)        clk                         
(none)                      clk           


------------------------------------------------------------------------------------------------
| Unconstrained Path Table
| ------------------------
------------------------------------------------------------------------------------------------

Path Group    From Clock    To Clock    
----------    ----------    --------    


------------------------------------------------------------------------------------------------
| Timing Details
| --------------
------------------------------------------------------------------------------------------------


---------------------------------------------------------------------------------------------------
From Clock:  clk300
  To Clock:  clk300

Setup :           NA  Failing Endpoints,  Worst Slack           NA  ,  Total Violation           NA
Hold  :           NA  Failing Endpoints,  Worst Slack           NA  ,  Total Violation           NA
PW    :            0  Failing Endpoints,  Worst Slack        2.262ns,  Total Violation        0.000ns
---------------------------------------------------------------------------------------------------


Pulse Width Checks
--------------------------------------------------------------------------------------
Clock Name:         clk300
Waveform(ns):       { 0.000 1.666 }
Period(ns):         3.333
Sources:            { clk300_p_i }

Check Type  Corner  Lib Pin       Reference Pin  Required(ns)  Actual(ns)  Slack(ns)  Location         Pin
Min Period  n/a     BUFGCE_DIV/I  n/a            1.071         3.333       2.262      BUFGCE_DIV_X1Y7  u_bufgce_div/I



---------------------------------------------------------------------------------------------------
From Clock:  clk
  To Clock:  clk

Setup :            0  Failing Endpoints,  Worst Slack        0.929ns,  Total Violation        0.000ns
Hold  :            0  Failing Endpoints,  Worst Slack        0.010ns,  Total Violation        0.000ns
PW    :            0  Failing Endpoints,  Worst Slack        6.124ns,  Total Violation        0.000ns
---------------------------------------------------------------------------------------------------


Max Delay Paths
--------------------------------------------------------------------------------------
Slack (MET) :             0.929ns  (required time - arrival time)
  Source:                 u_soc/g_pe[2].u_pe/u_core/core_i/id_stage_i/alu_operand_b_ex_o_reg[5]/C
                            (rising edge-triggered cell FDCE clocked by clk  {rise@0.000ns fall@6.666ns period=13.332ns})
  Destination:            u_soc/g_pe[2].u_pe/u_core/core_i/cs_registers_i/mepc_q_reg[8]/D
                            (rising edge-triggered cell FDCE clocked by clk  {rise@0.000ns fall@6.666ns period=13.332ns})
  Path Group:             clk
  Path Type:              Setup (Max at Slow Process Corner)
  Requirement:            13.332ns  (clk rise@13.332ns - clk rise@0.000ns)
  Data Path Delay:        12.333ns  (logic 2.010ns (16.298%)  route 10.323ns (83.702%))
  Logic Levels:           19  (CARRY8=4 LUT2=1 LUT3=2 LUT4=2 LUT5=3 LUT6=7)
  Clock Path Skew:        -0.060ns (DCD - SCD + CPR)
    Destination Clock Delay (DCD):    5.282ns = ( 18.614 - 13.332 ) 
    Source Clock Delay      (SCD):    5.914ns
    Clock Pessimism Removal (CPR):    0.573ns
  Clock Uncertainty:      0.035ns  ((TSJ^2 + TIJ^2)^1/2 + DJ) / 2 + PE
    Total System Jitter     (TSJ):    0.071ns
    Total Input Jitter      (TIJ):    0.000ns
    Discrete Jitter          (DJ):    0.000ns
    Phase Error              (PE):    0.000ns
  Clock Net Delay (Source):      2.836ns (routing 2.022ns, distribution 0.814ns)
  Clock Net Delay (Destination): 2.559ns (routing 1.840ns, distribution 0.719ns)

    Location             Delay type                Incr(ns)  Path(ns)    Netlist Resource(s)
  -------------------------------------------------------------------    -------------------
                         (clock clk rise edge)        0.000     0.000 r  
    AH18                                              0.000     0.000 r  clk300_p_i (IN)
                         net (fo=0)                   0.100     0.100    u_ibufds/I
    HPIOBDIFFINBUF_X1Y36 DIFFINBUF (Prop_DIFFINBUF_HPIOBDIFFINBUF_DIFF_IN_P_O)
                                                      0.525     0.625 r  u_ibufds/DIFFINBUF_INST/O
                         net (fo=1, routed)           0.050     0.675    u_ibufds/OUT
    AH18                 IBUFCTRL (Prop_IBUFCTRL_HPIOB_M_I_O)
                                                      0.000     0.675 r  u_ibufds/IBUFCTRL_INST/O
                         net (fo=1, routed)           0.322     0.997    clk_ref
    BUFGCE_DIV_X1Y7      BUFGCE_DIV (Prop_BUFGCE_DIV_I_O)
                                                      0.152     1.149 r  u_bufgce_div/O
                         net (fo=3480, routed)        1.901     3.050    u_soc/g_pe[2].u_pe/u_core/core_i/sleep_unit_i/core_clock_gate_i/clk
    BUFGCE_X0Y104        BUFGCE (Prop_BUFCE_BUFGCE_I_O)
                                                      0.028     3.078 r  u_soc/g_pe[2].u_pe/u_core/core_i/sleep_unit_i/core_clock_gate_i/u_bufgce/O
    X2Y0 (CLOCK_ROOT)    net (fo=2101, routed)        2.836     5.914    u_soc/g_pe[2].u_pe/u_core/core_i/id_stage_i/clk_0
    SLICE_X86Y41         FDCE                                         r  u_soc/g_pe[2].u_pe/u_core/core_i/id_stage_i/alu_operand_b_ex_o_reg[5]/C
  -------------------------------------------------------------------    -------------------
    SLICE_X86Y41         FDCE (Prop_DFF_SLICEM_C_Q)
                                                      0.078     5.992 r  u_soc/g_pe[2].u_pe/u_core/core_i/id_stage_i/alu_operand_b_ex_o_reg[5]/Q
                         net (fo=32, routed)          1.090     7.082    u_soc/g_pe[2].u_pe/u_core/core_i/id_stage_i/alu_operand_b_ex_o_reg[31]_0[5]
    SLICE_X78Y78         LUT3 (Prop_F6LUT_SLICEM_I1_O)
                                                      0.123     7.205 r  u_soc/g_pe[2].u_pe/u_core/core_i/id_stage_i/rdata_offset_q[1]_i_4__1/O
                         net (fo=1, routed)           0.022     7.227    u_soc/g_pe[2].u_pe/u_core/core_i/id_stage_i/rdata_offset_q[1]_i_4__1_n_0
    SLICE_X78Y78         CARRY8 (Prop_CARRY8_SLICEM_S[5]_CO[7])
                                                      0.159     7.386 r  u_soc/g_pe[2].u_pe/u_core/core_i/id_stage_i/rdata_offset_q_reg[1]_i_1__1/CO[7]
                         net (fo=1, routed)           0.026     7.412    u_soc/g_pe[2].u_pe/u_core/core_i/id_stage_i/rdata_offset_q_reg[1]_i_1__1_n_0
    SLICE_X78Y79         CARRY8 (Prop_CARRY8_SLICEM_CI_CO[7])
                                                      0.015     7.427 r  u_soc/g_pe[2].u_pe/u_core/core_i/id_stage_i/mem_reg_0_bram_0_i_3__1/CO[7]
                         net (fo=1, routed)           0.026     7.453    u_soc/g_pe[2].u_pe/u_core/core_i/id_stage_i/mem_reg_0_bram_0_i_3__1_n_0
    SLICE_X78Y80         CARRY8 (Prop_CARRY8_SLICEM_CI_CO[7])
                                                      0.015     7.468 r  u_soc/g_pe[2].u_pe/u_core/core_i/id_stage_i/addr_q_reg[17]_i_1__1/CO[7]
                         net (fo=1, routed)           0.026     7.494    u_soc/g_pe[2].u_pe/u_core/core_i/id_stage_i/addr_q_reg[17]_i_1__1_n_0
    SLICE_X78Y81         CARRY8 (Prop_CARRY8_SLICEM_CI_O[6])
                                                      0.110     7.604 r  u_soc/g_pe[2].u_pe/u_core/core_i/id_stage_i/addr_q_reg[31]_i_2__1/O[6]
                         net (fo=13, routed)          0.488     8.092    u_soc/g_pe[2].u_pe/u_core/core_i/id_stage_i/alu_operand_a_ex_o_reg[30]_0[2]
    SLICE_X75Y93         LUT6 (Prop_C6LUT_SLICEL_I4_O)
                                                      0.146     8.238 r  u_soc/g_pe[2].u_pe/u_core/core_i/id_stage_i/d_rvalid_o_i_3__0/O
                         net (fo=5, routed)           0.367     8.605    u_soc/g_pe[2].u_pe/u_core/core_i/id_stage_i/tgt_q_reg[2]
    SLICE_X75Y91         LUT6 (Prop_G6LUT_SLICEL_I2_O)
                                                      0.050     8.655 r  u_soc/g_pe[2].u_pe/u_core/core_i/id_stage_i/mem_reg_0_bram_0_i_22__0/O
                         net (fo=4, routed)           0.331     8.986    u_soc/g_pe[2].u_pe/u_core/core_i/id_stage_i/mem_reg_0_bram_0_i_22__0_n_0
    SLICE_X74Y96         LUT5 (Prop_D6LUT_SLICEM_I4_O)
                                                      0.099     9.085 f  u_soc/g_pe[2].u_pe/u_core/core_i/id_stage_i/FSM_onehot_state_q[5]_i_4__0/O
                         net (fo=3, routed)           0.789     9.874    u_soc/g_pe[2].u_axi_ext/ex_req_2
    SLICE_X72Y103        LUT2 (Prop_B5LUT_SLICEL_I1_O)
                                                      0.116     9.990 f  u_soc/g_pe[2].u_axi_ext/i___104_i_4/O
                         net (fo=1, routed)           1.096    11.086    u_soc/g_pe[2].u_pe/u_core/core_i/id_stage_i/ex_gnt_2
    SLICE_X75Y92         LUT6 (Prop_H6LUT_SLICEL_I4_O)
                                                      0.124    11.210 f  u_soc/g_pe[2].u_pe/u_core/core_i/id_stage_i/i___104_i_1__0/O
                         net (fo=11, routed)          1.171    12.381    u_soc/g_pe[2].u_pe/u_core/core_i/id_stage_i/controller_i/i___36_i_3__0_0
    SLICE_X76Y72         LUT5 (Prop_A6LUT_SLICEL_I0_O)
                                                      0.050    12.431 f  u_soc/g_pe[2].u_pe/u_core/core_i/id_stage_i/controller_i/i___36_i_4__0/O
                         net (fo=1, routed)           0.353    12.784    u_soc/g_pe[2].u_pe/u_core/core_i/id_stage_i/controller_i/lsu_ready_ex
    SLICE_X78Y72         LUT6 (Prop_B6LUT_SLICEM_I1_O)
                                                      0.149    12.933 f  u_soc/g_pe[2].u_pe/u_core/core_i/id_stage_i/controller_i/i___36_i_3__0/O
                         net (fo=1, routed)           0.369    13.302    u_soc/g_pe[2].u_pe/u_core/core_i/ex_stage_i/mult_i/regfile_waddr_lsu[4]_i_2__1
    SLICE_X78Y62         LUT6 (Prop_G6LUT_SLICEM_I2_O)
                                                      0.123    13.425 f  u_soc/g_pe[2].u_pe/u_core/core_i/ex_stage_i/mult_i/i___36_i_2__0/O
                         net (fo=2, routed)           0.513    13.938    u_soc/g_pe[2].u_pe/u_core/core_i/id_stage_i/ex_valid_o03_out
    SLICE_X78Y62         LUT5 (Prop_F6LUT_SLICEM_I4_O)
                                                      0.051    13.989 f  u_soc/g_pe[2].u_pe/u_core/core_i/id_stage_i/regfile_waddr_lsu[4]_i_2__1/O
                         net (fo=3, routed)           0.981    14.970    u_soc/g_pe[2].u_pe/u_core/core_i/id_stage_i/controller_i/ex_valid
    SLICE_X78Y59         LUT4 (Prop_C5LUT_SLICEM_I2_O)
                                                      0.068    15.038 f  u_soc/g_pe[2].u_pe/u_core/core_i/id_stage_i/controller_i/mcause_q[1]_i_2__0/O
                         net (fo=4, routed)           0.672    15.709    u_soc/g_pe[2].u_pe/u_core/core_i/id_stage_i/controller_i/mcause_q[1]_i_2__0_n_0
    SLICE_X80Y59         LUT6 (Prop_G6LUT_SLICEL_I5_O)
                                                      0.097    15.806 f  u_soc/g_pe[2].u_pe/u_core/core_i/id_stage_i/controller_i/mstatus_q[mie]_i_7__1/O
                         net (fo=4, routed)           0.303    16.110    u_soc/g_pe[2].u_pe/u_core/core_i/id_stage_i/controller_i/csr_save_cause
    SLICE_X81Y59         LUT3 (Prop_E6LUT_SLICEM_I1_O)
                                                      0.148    16.258 r  u_soc/g_pe[2].u_pe/u_core/core_i/id_stage_i/controller_i/mstatus_q[mpie]_i_3__1/O
                         net (fo=2, routed)           0.322    16.580    u_soc/g_pe[2].u_pe/u_core/core_i/id_stage_i/controller_i/mstatus_q[mpie]_i_3__1_n_0
    SLICE_X81Y59         LUT6 (Prop_F6LUT_SLICEM_I5_O)
                                                      0.148    16.728 f  u_soc/g_pe[2].u_pe/u_core/core_i/id_stage_i/controller_i/mstatus_q[mpie]_i_2__1/O
                         net (fo=35, routed)          0.888    17.615    u_soc/g_pe[2].u_pe/u_core/core_i/id_stage_i/controller_i/mstatus_q[mpie]_i_2__1_n_0
    SLICE_X85Y50         LUT4 (Prop_B5LUT_SLICEL_I2_O)
                                                      0.141    17.756 r  u_soc/g_pe[2].u_pe/u_core/core_i/id_stage_i/controller_i/mepc_q[8]_i_1__1/O
                         net (fo=1, routed)           0.491    18.247    u_soc/g_pe[2].u_pe/u_core/core_i/cs_registers_i/mepc_q_reg[31]_2[7]
    SLICE_X85Y50         FDCE                                         r  u_soc/g_pe[2].u_pe/u_core/core_i/cs_registers_i/mepc_q_reg[8]/D
  -------------------------------------------------------------------    -------------------

                         (clock clk rise edge)       13.332    13.332 r  
    AH18                                              0.000    13.332 r  clk300_p_i (IN)
                         net (fo=0)                   0.079    13.411    u_ibufds/I
    HPIOBDIFFINBUF_X1Y36 DIFFINBUF (Prop_DIFFINBUF_HPIOBDIFFINBUF_DIFF_IN_P_O)
                                                      0.429    13.840 r  u_ibufds/DIFFINBUF_INST/O
                         net (fo=1, routed)           0.040    13.880    u_ibufds/OUT
    AH18                 IBUFCTRL (Prop_IBUFCTRL_HPIOB_M_I_O)
                                                      0.000    13.880 r  u_ibufds/IBUFCTRL_INST/O
                         net (fo=1, routed)           0.286    14.166    clk_ref
    BUFGCE_DIV_X1Y7      BUFGCE_DIV (Prop_BUFGCE_DIV_I_O)
                                                      0.132    14.298 r  u_bufgce_div/O
                         net (fo=3480, routed)        1.733    16.031    u_soc/g_pe[2].u_pe/u_core/core_i/sleep_unit_i/core_clock_gate_i/clk
    BUFGCE_X0Y104        BUFGCE (Prop_BUFCE_BUFGCE_I_O)
                                                      0.024    16.055 r  u_soc/g_pe[2].u_pe/u_core/core_i/sleep_unit_i/core_clock_gate_i/u_bufgce/O
    X2Y0 (CLOCK_ROOT)    net (fo=2101, routed)        2.559    18.614    u_soc/g_pe[2].u_pe/u_core/core_i/cs_registers_i/clk_0
    SLICE_X85Y50         FDCE                                         r  u_soc/g_pe[2].u_pe/u_core/core_i/cs_registers_i/mepc_q_reg[8]/C
                         clock pessimism              0.573    19.187    
                         clock uncertainty           -0.035    19.151    
    SLICE_X85Y50         FDCE (Setup_EFF_SLICEL_C_D)
                                                      0.025    19.176    u_soc/g_pe[2].u_pe/u_core/core_i/cs_registers_i/mepc_q_reg[8]
  -------------------------------------------------------------------
                         required time                         19.176    
                         arrival time                         -18.247    
  -------------------------------------------------------------------
                         slack                                  0.929    

Slack (MET) :             1.018ns  (required time - arrival time)
  Source:                 u_soc/g_pe[2].u_pe/u_core/core_i/id_stage_i/alu_operand_b_ex_o_reg[5]/C
                            (rising edge-triggered cell FDCE clocked by clk  {rise@0.000ns fall@6.666ns period=13.332ns})
  Destination:            u_soc/g_pe[2].u_pe/u_core/core_i/if_stage_i/aligner_i/pc_q_reg[15]/CE
                            (rising edge-triggered cell FDCE clocked by clk  {rise@0.000ns fall@6.666ns period=13.332ns})
  Path Group:             clk
  Path Type:              Setup (Max at Slow Process Corner)
  Requirement:            13.332ns  (clk rise@13.332ns - clk rise@0.000ns)
  Data Path Delay:        12.142ns  (logic 1.807ns (14.882%)  route 10.335ns (85.118%))
  Logic Levels:           18  (CARRY8=4 LUT2=3 LUT3=1 LUT4=1 LUT5=2 LUT6=7)
  Clock Path Skew:        -0.075ns (DCD - SCD + CPR)
    Destination Clock Delay (DCD):    5.266ns = ( 18.598 - 13.332 ) 
    Source Clock Delay      (SCD):    5.914ns
    Clock Pessimism Removal (CPR):    0.573ns
  Clock Uncertainty:      0.035ns  ((TSJ^2 + TIJ^2)^1/2 + DJ) / 2 + PE
    Total System Jitter     (TSJ):    0.071ns
    Total Input Jitter      (TIJ):    0.000ns
    Discrete Jitter          (DJ):    0.000ns
    Phase Error              (PE):    0.000ns
  Clock Net Delay (Source):      2.836ns (routing 2.022ns, distribution 0.814ns)
  Clock Net Delay (Destination): 2.543ns (routing 1.840ns, distribution 0.703ns)

    Location             Delay type                Incr(ns)  Path(ns)    Netlist Resource(s)
  -------------------------------------------------------------------    -------------------
                         (clock clk rise edge)        0.000     0.000 r  
    AH18                                              0.000     0.000 r  clk300_p_i (IN)
                         net (fo=0)                   0.100     0.100    u_ibufds/I
    HPIOBDIFFINBUF_X1Y36 DIFFINBUF (Prop_DIFFINBUF_HPIOBDIFFINBUF_DIFF_IN_P_O)
                                                      0.525     0.625 r  u_ibufds/DIFFINBUF_INST/O
                         net (fo=1, routed)           0.050     0.675    u_ibufds/OUT
    AH18                 IBUFCTRL (Prop_IBUFCTRL_HPIOB_M_I_O)
                                                      0.000     0.675 r  u_ibufds/IBUFCTRL_INST/O
                         net (fo=1, routed)           0.322     0.997    clk_ref
    BUFGCE_DIV_X1Y7      BUFGCE_DIV (Prop_BUFGCE_DIV_I_O)
                                                      0.152     1.149 r  u_bufgce_div/O
                         net (fo=3480, routed)        1.901     3.050    u_soc/g_pe[2].u_pe/u_core/core_i/sleep_unit_i/core_clock_gate_i/clk
    BUFGCE_X0Y104        BUFGCE (Prop_BUFCE_BUFGCE_I_O)
                                                      0.028     3.078 r  u_soc/g_pe[2].u_pe/u_core/core_i/sleep_unit_i/core_clock_gate_i/u_bufgce/O
    X2Y0 (CLOCK_ROOT)    net (fo=2101, routed)        2.836     5.914    u_soc/g_pe[2].u_pe/u_core/core_i/id_stage_i/clk_0
    SLICE_X86Y41         FDCE                                         r  u_soc/g_pe[2].u_pe/u_core/core_i/id_stage_i/alu_operand_b_ex_o_reg[5]/C
  -------------------------------------------------------------------    -------------------
    SLICE_X86Y41         FDCE (Prop_DFF_SLICEM_C_Q)
                                                      0.078     5.992 r  u_soc/g_pe[2].u_pe/u_core/core_i/id_stage_i/alu_operand_b_ex_o_reg[5]/Q
                         net (fo=32, routed)          1.090     7.082    u_soc/g_pe[2].u_pe/u_core/core_i/id_stage_i/alu_operand_b_ex_o_reg[31]_0[5]
    SLICE_X78Y78         LUT3 (Prop_F6LUT_SLICEM_I1_O)
                                                      0.123     7.205 r  u_soc/g_pe[2].u_pe/u_core/core_i/id_stage_i/rdata_offset_q[1]_i_4__1/O
                         net (fo=1, routed)           0.022     7.227    u_soc/g_pe[2].u_pe/u_core/core_i/id_stage_i/rdata_offset_q[1]_i_4__1_n_0
    SLICE_X78Y78         CARRY8 (Prop_CARRY8_SLICEM_S[5]_CO[7])
                                                      0.159     7.386 r  u_soc/g_pe[2].u_pe/u_core/core_i/id_stage_i/rdata_offset_q_reg[1]_i_1__1/CO[7]
                         net (fo=1, routed)           0.026     7.412    u_soc/g_pe[2].u_pe/u_core/core_i/id_stage_i/rdata_offset_q_reg[1]_i_1__1_n_0
    SLICE_X78Y79         CARRY8 (Prop_CARRY8_SLICEM_CI_CO[7])
                                                      0.015     7.427 r  u_soc/g_pe[2].u_pe/u_core/core_i/id_stage_i/mem_reg_0_bram_0_i_3__1/CO[7]
                         net (fo=1, routed)           0.026     7.453    u_soc/g_pe[2].u_pe/u_core/core_i/id_stage_i/mem_reg_0_bram_0_i_3__1_n_0
    SLICE_X78Y80         CARRY8 (Prop_CARRY8_SLICEM_CI_CO[7])
                                                      0.015     7.468 r  u_soc/g_pe[2].u_pe/u_core/core_i/id_stage_i/addr_q_reg[17]_i_1__1/CO[7]
                         net (fo=1, routed)           0.026     7.494    u_soc/g_pe[2].u_pe/u_core/core_i/id_stage_i/addr_q_reg[17]_i_1__1_n_0
    SLICE_X78Y81         CARRY8 (Prop_CARRY8_SLICEM_CI_O[6])
                                                      0.110     7.604 r  u_soc/g_pe[2].u_pe/u_core/core_i/id_stage_i/addr_q_reg[31]_i_2__1/O[6]
                         net (fo=13, routed)          0.488     8.092    u_soc/g_pe[2].u_pe/u_core/core_i/id_stage_i/alu_operand_a_ex_o_reg[30]_0[2]
    SLICE_X75Y93         LUT6 (Prop_C6LUT_SLICEL_I4_O)
                                                      0.146     8.238 f  u_soc/g_pe[2].u_pe/u_core/core_i/id_stage_i/d_rvalid_o_i_3__0/O
                         net (fo=5, routed)           0.367     8.605    u_soc/g_pe[2].u_pe/u_core/core_i/id_stage_i/tgt_q_reg[2]
    SLICE_X75Y91         LUT6 (Prop_G6LUT_SLICEL_I2_O)
                                                      0.050     8.655 f  u_soc/g_pe[2].u_pe/u_core/core_i/id_stage_i/mem_reg_0_bram_0_i_22__0/O
                         net (fo=4, routed)           0.331     8.986    u_soc/g_pe[2].u_pe/u_core/core_i/id_stage_i/mem_reg_0_bram_0_i_22__0_n_0
    SLICE_X74Y96         LUT5 (Prop_D6LUT_SLICEM_I4_O)
                                                      0.099     9.085 r  u_soc/g_pe[2].u_pe/u_core/core_i/id_stage_i/FSM_onehot_state_q[5]_i_4__0/O
                         net (fo=3, routed)           0.789     9.874    u_soc/g_pe[2].u_axi_ext/ex_req_2
    SLICE_X72Y103        LUT2 (Prop_B5LUT_SLICEL_I1_O)
                                                      0.116     9.990 r  u_soc/g_pe[2].u_axi_ext/i___104_i_4/O
                         net (fo=1, routed)           1.096    11.086    u_soc/g_pe[2].u_pe/u_core/core_i/id_stage_i/ex_gnt_2
    SLICE_X75Y92         LUT6 (Prop_H6LUT_SLICEL_I4_O)
                                                      0.124    11.210 r  u_soc/g_pe[2].u_pe/u_core/core_i/id_stage_i/i___104_i_1__0/O
                         net (fo=11, routed)          1.171    12.381    u_soc/g_pe[2].u_pe/u_core/core_i/id_stage_i/controller_i/i___36_i_3__0_0
    SLICE_X76Y72         LUT5 (Prop_A6LUT_SLICEL_I0_O)
                                                      0.050    12.431 r  u_soc/g_pe[2].u_pe/u_core/core_i/id_stage_i/controller_i/i___36_i_4__0/O
                         net (fo=1, routed)           0.353    12.784    u_soc/g_pe[2].u_pe/u_core/core_i/id_stage_i/controller_i/lsu_ready_ex
    SLICE_X78Y72         LUT6 (Prop_B6LUT_SLICEM_I1_O)
                                                      0.149    12.933 r  u_soc/g_pe[2].u_pe/u_core/core_i/id_stage_i/controller_i/i___36_i_3__0/O
                         net (fo=1, routed)           0.369    13.302    u_soc/g_pe[2].u_pe/u_core/core_i/ex_stage_i/mult_i/regfile_waddr_lsu[4]_i_2__1
    SLICE_X78Y62         LUT6 (Prop_G6LUT_SLICEM_I2_O)
                                                      0.123    13.425 r  u_soc/g_pe[2].u_pe/u_core/core_i/ex_stage_i/mult_i/i___36_i_2__0/O
                         net (fo=2, routed)           0.185    13.610    u_soc/g_pe[2].u_pe/u_core/core_i/ex_stage_i/mult_i/ex_valid_o03_out
    SLICE_X78Y62         LUT2 (Prop_E6LUT_SLICEM_I0_O)
                                                      0.124    13.734 r  u_soc/g_pe[2].u_pe/u_core/core_i/ex_stage_i/mult_i/i___36_i_1__0/O
                         net (fo=11, routed)          0.537    14.271    u_soc/g_pe[2].u_pe/u_core/ex_ready
    SLICE_X75Y60         LUT6 (Prop_B6LUT_SLICEL_I4_O)
                                                      0.036    14.307 r  u_soc/g_pe[2].u_pe/u_core/i___175/O
                         net (fo=7, routed)           1.299    15.606    u_soc/g_pe[2].u_pe/u_core/core_i/if_stage_i/prefetch_buffer_i/fifo_i/id_ready
    SLICE_X76Y72         LUT6 (Prop_H6LUT_SLICEL_I4_O)
                                                      0.124    15.730 r  u_soc/g_pe[2].u_pe/u_core/core_i/if_stage_i/prefetch_buffer_i/fifo_i/state[1]_i_3__1/O
                         net (fo=4, routed)           0.291    16.021    u_soc/g_pe[2].u_pe/u_core/core_i/if_stage_i/prefetch_buffer_i/fifo_i/status_cnt_q_reg[0]_1
    SLICE_X77Y71         LUT4 (Prop_B5LUT_SLICEL_I0_O)
                                                      0.116    16.137 r  u_soc/g_pe[2].u_pe/u_core/core_i/if_stage_i/prefetch_buffer_i/fifo_i/instr_rdata_id_o[31]_i_1__1/O
                         net (fo=72, routed)          0.461    16.598    u_soc/g_pe[2].u_pe/u_core/core_i/id_stage_i/controller_i/instr_valid_id_o0
    SLICE_X77Y71         LUT2 (Prop_D6LUT_SLICEL_I1_O)
                                                      0.050    16.648 r  u_soc/g_pe[2].u_pe/u_core/core_i/id_stage_i/controller_i/pc_q[31]_i_1__1/O
                         net (fo=31, routed)          1.408    18.056    u_soc/g_pe[2].u_pe/u_core/core_i/if_stage_i/aligner_i/pc_q_reg[1]_0[0]
    SLICE_X78Y52         FDCE                                         r  u_soc/g_pe[2].u_pe/u_core/core_i/if_stage_i/aligner_i/pc_q_reg[15]/CE
  -------------------------------------------------------------------    -------------------

                         (clock clk rise edge)       13.332    13.332 r  
    AH18                                              0.000    13.332 r  clk300_p_i (IN)
                         net (fo=0)                   0.079    13.411    u_ibufds/I
    HPIOBDIFFINBUF_X1Y36 DIFFINBUF (Prop_DIFFINBUF_HPIOBDIFFINBUF_DIFF_IN_P_O)
                                                      0.429    13.840 r  u_ibufds/DIFFINBUF_INST/O
                         net (fo=1, routed)           0.040    13.880    u_ibufds/OUT
    AH18                 IBUFCTRL (Prop_IBUFCTRL_HPIOB_M_I_O)
                                                      0.000    13.880 r  u_ibufds/IBUFCTRL_INST/O
                         net (fo=1, routed)           0.286    14.166    clk_ref
    BUFGCE_DIV_X1Y7      BUFGCE_DIV (Prop_BUFGCE_DIV_I_O)
                                                      0.132    14.298 r  u_bufgce_div/O
                         net (fo=3480, routed)        1.733    16.031    u_soc/g_pe[2].u_pe/u_core/core_i/sleep_unit_i/core_clock_gate_i/clk
    BUFGCE_X0Y104        BUFGCE (Prop_BUFCE_BUFGCE_I_O)
                                                      0.024    16.055 r  u_soc/g_pe[2].u_pe/u_core/core_i/sleep_unit_i/core_clock_gate_i/u_bufgce/O
    X2Y0 (CLOCK_ROOT)    net (fo=2101, routed)        2.543    18.598    u_soc/g_pe[2].u_pe/u_core/core_i/if_stage_i/aligner_i/clk_0
    SLICE_X78Y52         FDCE                                         r  u_soc/g_pe[2].u_pe/u_core/core_i/if_stage_i/aligner_i/pc_q_reg[15]/C
                         clock pessimism              0.573    19.171    
                         clock uncertainty           -0.035    19.136    
    SLICE_X78Y52         FDCE (Setup_DFF_SLICEM_C_CE)
                                                     -0.061    19.075    u_soc/g_pe[2].u_pe/u_core/core_i/if_stage_i/aligner_i/pc_q_reg[15]
  -------------------------------------------------------------------
                         required time                         19.075    
                         arrival time                         -18.056    
  -------------------------------------------------------------------
                         slack                                  1.018    

Slack (MET) :             1.018ns  (required time - arrival time)
  Source:                 u_soc/g_pe[2].u_pe/u_core/core_i/id_stage_i/alu_operand_b_ex_o_reg[5]/C
                            (rising edge-triggered cell FDCE clocked by clk  {rise@0.000ns fall@6.666ns period=13.332ns})
  Destination:            u_soc/g_pe[2].u_pe/u_core/core_i/if_stage_i/aligner_i/pc_q_reg[16]/CE
                            (rising edge-triggered cell FDCE clocked by clk  {rise@0.000ns fall@6.666ns period=13.332ns})
  Path Group:             clk
  Path Type:              Setup (Max at Slow Process Corner)
  Requirement:            13.332ns  (clk rise@13.332ns - clk rise@0.000ns)
  Data Path Delay:        12.142ns  (logic 1.807ns (14.882%)  route 10.335ns (85.118%))
  Logic Levels:           18  (CARRY8=4 LUT2=3 LUT3=1 LUT4=1 LUT5=2 LUT6=7)
  Clock Path Skew:        -0.075ns (DCD - SCD + CPR)
    Destination Clock Delay (DCD):    5.266ns = ( 18.598 - 13.332 ) 
    Source Clock Delay      (SCD):    5.914ns
    Clock Pessimism Removal (CPR):    0.573ns
  Clock Uncertainty:      0.035ns  ((TSJ^2 + TIJ^2)^1/2 + DJ) / 2 + PE
    Total System Jitter     (TSJ):    0.071ns
    Total Input Jitter      (TIJ):    0.000ns
    Discrete Jitter          (DJ):    0.000ns
    Phase Error              (PE):    0.000ns
  Clock Net Delay (Source):      2.836ns (routing 2.022ns, distribution 0.814ns)
  Clock Net Delay (Destination): 2.543ns (routing 1.840ns, distribution 0.703ns)

    Location             Delay type                Incr(ns)  Path(ns)    Netlist Resource(s)
  -------------------------------------------------------------------    -------------------
                         (clock clk rise edge)        0.000     0.000 r  
    AH18                                              0.000     0.000 r  clk300_p_i (IN)
                         net (fo=0)                   0.100     0.100    u_ibufds/I
    HPIOBDIFFINBUF_X1Y36 DIFFINBUF (Prop_DIFFINBUF_HPIOBDIFFINBUF_DIFF_IN_P_O)
                                                      0.525     0.625 r  u_ibufds/DIFFINBUF_INST/O
                         net (fo=1, routed)           0.050     0.675    u_ibufds/OUT
    AH18                 IBUFCTRL (Prop_IBUFCTRL_HPIOB_M_I_O)
                                                      0.000     0.675 r  u_ibufds/IBUFCTRL_INST/O
                         net (fo=1, routed)           0.322     0.997    clk_ref
    BUFGCE_DIV_X1Y7      BUFGCE_DIV (Prop_BUFGCE_DIV_I_O)
                                                      0.152     1.149 r  u_bufgce_div/O
                         net (fo=3480, routed)        1.901     3.050    u_soc/g_pe[2].u_pe/u_core/core_i/sleep_unit_i/core_clock_gate_i/clk
    BUFGCE_X0Y104        BUFGCE (Prop_BUFCE_BUFGCE_I_O)
                                                      0.028     3.078 r  u_soc/g_pe[2].u_pe/u_core/core_i/sleep_unit_i/core_clock_gate_i/u_bufgce/O
    X2Y0 (CLOCK_ROOT)    net (fo=2101, routed)        2.836     5.914    u_soc/g_pe[2].u_pe/u_core/core_i/id_stage_i/clk_0
    SLICE_X86Y41         FDCE                                         r  u_soc/g_pe[2].u_pe/u_core/core_i/id_stage_i/alu_operand_b_ex_o_reg[5]/C
  -------------------------------------------------------------------    -------------------
    SLICE_X86Y41         FDCE (Prop_DFF_SLICEM_C_Q)
                                                      0.078     5.992 r  u_soc/g_pe[2].u_pe/u_core/core_i/id_stage_i/alu_operand_b_ex_o_reg[5]/Q
                         net (fo=32, routed)          1.090     7.082    u_soc/g_pe[2].u_pe/u_core/core_i/id_stage_i/alu_operand_b_ex_o_reg[31]_0[5]
    SLICE_X78Y78         LUT3 (Prop_F6LUT_SLICEM_I1_O)
                                                      0.123     7.205 r  u_soc/g_pe[2].u_pe/u_core/core_i/id_stage_i/rdata_offset_q[1]_i_4__1/O
                         net (fo=1, routed)           0.022     7.227    u_soc/g_pe[2].u_pe/u_core/core_i/id_stage_i/rdata_offset_q[1]_i_4__1_n_0
    SLICE_X78Y78         CARRY8 (Prop_CARRY8_SLICEM_S[5]_CO[7])
                                                      0.159     7.386 r  u_soc/g_pe[2].u_pe/u_core/core_i/id_stage_i/rdata_offset_q_reg[1]_i_1__1/CO[7]
                         net (fo=1, routed)           0.026     7.412    u_soc/g_pe[2].u_pe/u_core/core_i/id_stage_i/rdata_offset_q_reg[1]_i_1__1_n_0
    SLICE_X78Y79         CARRY8 (Prop_CARRY8_SLICEM_CI_CO[7])
                                                      0.015     7.427 r  u_soc/g_pe[2].u_pe/u_core/core_i/id_stage_i/mem_reg_0_bram_0_i_3__1/CO[7]
                         net (fo=1, routed)           0.026     7.453    u_soc/g_pe[2].u_pe/u_core/core_i/id_stage_i/mem_reg_0_bram_0_i_3__1_n_0
    SLICE_X78Y80         CARRY8 (Prop_CARRY8_SLICEM_CI_CO[7])
                                                      0.015     7.468 r  u_soc/g_pe[2].u_pe/u_core/core_i/id_stage_i/addr_q_reg[17]_i_1__1/CO[7]
                         net (fo=1, routed)           0.026     7.494    u_soc/g_pe[2].u_pe/u_core/core_i/id_stage_i/addr_q_reg[17]_i_1__1_n_0
    SLICE_X78Y81         CARRY8 (Prop_CARRY8_SLICEM_CI_O[6])
                                                      0.110     7.604 r  u_soc/g_pe[2].u_pe/u_core/core_i/id_stage_i/addr_q_reg[31]_i_2__1/O[6]
                         net (fo=13, routed)          0.488     8.092    u_soc/g_pe[2].u_pe/u_core/core_i/id_stage_i/alu_operand_a_ex_o_reg[30]_0[2]
    SLICE_X75Y93         LUT6 (Prop_C6LUT_SLICEL_I4_O)
                                                      0.146     8.238 f  u_soc/g_pe[2].u_pe/u_core/core_i/id_stage_i/d_rvalid_o_i_3__0/O
                         net (fo=5, routed)           0.367     8.605    u_soc/g_pe[2].u_pe/u_core/core_i/id_stage_i/tgt_q_reg[2]
    SLICE_X75Y91         LUT6 (Prop_G6LUT_SLICEL_I2_O)
                                                      0.050     8.655 f  u_soc/g_pe[2].u_pe/u_core/core_i/id_stage_i/mem_reg_0_bram_0_i_22__0/O
                         net (fo=4, routed)           0.331     8.986    u_soc/g_pe[2].u_pe/u_core/core_i/id_stage_i/mem_reg_0_bram_0_i_22__0_n_0
    SLICE_X74Y96         LUT5 (Prop_D6LUT_SLICEM_I4_O)
                                                      0.099     9.085 r  u_soc/g_pe[2].u_pe/u_core/core_i/id_stage_i/FSM_onehot_state_q[5]_i_4__0/O
                         net (fo=3, routed)           0.789     9.874    u_soc/g_pe[2].u_axi_ext/ex_req_2
    SLICE_X72Y103        LUT2 (Prop_B5LUT_SLICEL_I1_O)
                                                      0.116     9.990 r  u_soc/g_pe[2].u_axi_ext/i___104_i_4/O
                         net (fo=1, routed)           1.096    11.086    u_soc/g_pe[2].u_pe/u_core/core_i/id_stage_i/ex_gnt_2
    SLICE_X75Y92         LUT6 (Prop_H6LUT_SLICEL_I4_O)
                                                      0.124    11.210 r  u_soc/g_pe[2].u_pe/u_core/core_i/id_stage_i/i___104_i_1__0/O
                         net (fo=11, routed)          1.171    12.381    u_soc/g_pe[2].u_pe/u_core/core_i/id_stage_i/controller_i/i___36_i_3__0_0
    SLICE_X76Y72         LUT5 (Prop_A6LUT_SLICEL_I0_O)
                                                      0.050    12.431 r  u_soc/g_pe[2].u_pe/u_core/core_i/id_stage_i/controller_i/i___36_i_4__0/O
                         net (fo=1, routed)           0.353    12.784    u_soc/g_pe[2].u_pe/u_core/core_i/id_stage_i/controller_i/lsu_ready_ex
    SLICE_X78Y72         LUT6 (Prop_B6LUT_SLICEM_I1_O)
                                                      0.149    12.933 r  u_soc/g_pe[2].u_pe/u_core/core_i/id_stage_i/controller_i/i___36_i_3__0/O
                         net (fo=1, routed)           0.369    13.302    u_soc/g_pe[2].u_pe/u_core/core_i/ex_stage_i/mult_i/regfile_waddr_lsu[4]_i_2__1
    SLICE_X78Y62         LUT6 (Prop_G6LUT_SLICEM_I2_O)
                                                      0.123    13.425 r  u_soc/g_pe[2].u_pe/u_core/core_i/ex_stage_i/mult_i/i___36_i_2__0/O
                         net (fo=2, routed)           0.185    13.610    u_soc/g_pe[2].u_pe/u_core/core_i/ex_stage_i/mult_i/ex_valid_o03_out
    SLICE_X78Y62         LUT2 (Prop_E6LUT_SLICEM_I0_O)
                                                      0.124    13.734 r  u_soc/g_pe[2].u_pe/u_core/core_i/ex_stage_i/mult_i/i___36_i_1__0/O
                         net (fo=11, routed)          0.537    14.271    u_soc/g_pe[2].u_pe/u_core/ex_ready
    SLICE_X75Y60         LUT6 (Prop_B6LUT_SLICEL_I4_O)
                                                      0.036    14.307 r  u_soc/g_pe[2].u_pe/u_core/i___175/O
                         net (fo=7, routed)           1.299    15.606    u_soc/g_pe[2].u_pe/u_core/core_i/if_stage_i/prefetch_buffer_i/fifo_i/id_ready
    SLICE_X76Y72         LUT6 (Prop_H6LUT_SLICEL_I4_O)
                                                      0.124    15.730 r  u_soc/g_pe[2].u_pe/u_core/core_i/if_stage_i/prefetch_buffer_i/fifo_i/state[1]_i_3__1/O
                         net (fo=4, routed)           0.291    16.021    u_soc/g_pe[2].u_pe/u_core/core_i/if_stage_i/prefetch_buffer_i/fifo_i/status_cnt_q_reg[0]_1
    SLICE_X77Y71         LUT4 (Prop_B5LUT_SLICEL_I0_O)
                                                      0.116    16.137 r  u_soc/g_pe[2].u_pe/u_core/core_i/if_stage_i/prefetch_buffer_i/fifo_i/instr_rdata_id_o[31]_i_1__1/O
                         net (fo=72, routed)          0.461    16.598    u_soc/g_pe[2].u_pe/u_core/core_i/id_stage_i/controller_i/instr_valid_id_o0
    SLICE_X77Y71         LUT2 (Prop_D6LUT_SLICEL_I1_O)
                                                      0.050    16.648 r  u_soc/g_pe[2].u_pe/u_core/core_i/id_stage_i/controller_i/pc_q[31]_i_1__1/O
                         net (fo=31, routed)          1.408    18.056    u_soc/g_pe[2].u_pe/u_core/core_i/if_stage_i/aligner_i/pc_q_reg[1]_0[0]
    SLICE_X78Y52         FDCE                                         r  u_soc/g_pe[2].u_pe/u_core/core_i/if_stage_i/aligner_i/pc_q_reg[16]/CE
  -------------------------------------------------------------------    -------------------

                         (clock clk rise edge)       13.332    13.332 r  
    AH18                                              0.000    13.332 r  clk300_p_i (IN)
                         net (fo=0)                   0.079    13.411    u_ibufds/I
    HPIOBDIFFINBUF_X1Y36 DIFFINBUF (Prop_DIFFINBUF_HPIOBDIFFINBUF_DIFF_IN_P_O)
                                                      0.429    13.840 r  u_ibufds/DIFFINBUF_INST/O
                         net (fo=1, routed)           0.040    13.880    u_ibufds/OUT
    AH18                 IBUFCTRL (Prop_IBUFCTRL_HPIOB_M_I_O)
                                                      0.000    13.880 r  u_ibufds/IBUFCTRL_INST/O
                         net (fo=1, routed)           0.286    14.166    clk_ref
    BUFGCE_DIV_X1Y7      BUFGCE_DIV (Prop_BUFGCE_DIV_I_O)
                                                      0.132    14.298 r  u_bufgce_div/O
                         net (fo=3480, routed)        1.733    16.031    u_soc/g_pe[2].u_pe/u_core/core_i/sleep_unit_i/core_clock_gate_i/clk
    BUFGCE_X0Y104        BUFGCE (Prop_BUFCE_BUFGCE_I_O)
                                                      0.024    16.055 r  u_soc/g_pe[2].u_pe/u_core/core_i/sleep_unit_i/core_clock_gate_i/u_bufgce/O
    X2Y0 (CLOCK_ROOT)    net (fo=2101, routed)        2.543    18.598    u_soc/g_pe[2].u_pe/u_core/core_i/if_stage_i/aligner_i/clk_0
    SLICE_X78Y52         FDCE                                         r  u_soc/g_pe[2].u_pe/u_core/core_i/if_stage_i/aligner_i/pc_q_reg[16]/C
                         clock pessimism              0.573    19.171    
                         clock uncertainty           -0.035    19.136    
    SLICE_X78Y52         FDCE (Setup_CFF_SLICEM_C_CE)
                                                     -0.061    19.075    u_soc/g_pe[2].u_pe/u_core/core_i/if_stage_i/aligner_i/pc_q_reg[16]
  -------------------------------------------------------------------
                         required time                         19.075    
                         arrival time                         -18.056    
  -------------------------------------------------------------------
                         slack                                  1.018    

Slack (MET) :             1.018ns  (required time - arrival time)
  Source:                 u_soc/g_pe[2].u_pe/u_core/core_i/id_stage_i/alu_operand_b_ex_o_reg[5]/C
                            (rising edge-triggered cell FDCE clocked by clk  {rise@0.000ns fall@6.666ns period=13.332ns})
  Destination:            u_soc/g_pe[2].u_pe/u_core/core_i/if_stage_i/aligner_i/pc_q_reg[18]/CE
                            (rising edge-triggered cell FDCE clocked by clk  {rise@0.000ns fall@6.666ns period=13.332ns})
  Path Group:             clk
  Path Type:              Setup (Max at Slow Process Corner)
  Requirement:            13.332ns  (clk rise@13.332ns - clk rise@0.000ns)
  Data Path Delay:        12.142ns  (logic 1.807ns (14.882%)  route 10.335ns (85.118%))
  Logic Levels:           18  (CARRY8=4 LUT2=3 LUT3=1 LUT4=1 LUT5=2 LUT6=7)
  Clock Path Skew:        -0.075ns (DCD - SCD + CPR)
    Destination Clock Delay (DCD):    5.266ns = ( 18.598 - 13.332 ) 
    Source Clock Delay      (SCD):    5.914ns
    Clock Pessimism Removal (CPR):    0.573ns
  Clock Uncertainty:      0.035ns  ((TSJ^2 + TIJ^2)^1/2 + DJ) / 2 + PE
    Total System Jitter     (TSJ):    0.071ns
    Total Input Jitter      (TIJ):    0.000ns
    Discrete Jitter          (DJ):    0.000ns
    Phase Error              (PE):    0.000ns
  Clock Net Delay (Source):      2.836ns (routing 2.022ns, distribution 0.814ns)
  Clock Net Delay (Destination): 2.543ns (routing 1.840ns, distribution 0.703ns)

    Location             Delay type                Incr(ns)  Path(ns)    Netlist Resource(s)
  -------------------------------------------------------------------    -------------------
                         (clock clk rise edge)        0.000     0.000 r  
    AH18                                              0.000     0.000 r  clk300_p_i (IN)
                         net (fo=0)                   0.100     0.100    u_ibufds/I
    HPIOBDIFFINBUF_X1Y36 DIFFINBUF (Prop_DIFFINBUF_HPIOBDIFFINBUF_DIFF_IN_P_O)
                                                      0.525     0.625 r  u_ibufds/DIFFINBUF_INST/O
                         net (fo=1, routed)           0.050     0.675    u_ibufds/OUT
    AH18                 IBUFCTRL (Prop_IBUFCTRL_HPIOB_M_I_O)
                                                      0.000     0.675 r  u_ibufds/IBUFCTRL_INST/O
                         net (fo=1, routed)           0.322     0.997    clk_ref
    BUFGCE_DIV_X1Y7      BUFGCE_DIV (Prop_BUFGCE_DIV_I_O)
                                                      0.152     1.149 r  u_bufgce_div/O
                         net (fo=3480, routed)        1.901     3.050    u_soc/g_pe[2].u_pe/u_core/core_i/sleep_unit_i/core_clock_gate_i/clk
    BUFGCE_X0Y104        BUFGCE (Prop_BUFCE_BUFGCE_I_O)
                                                      0.028     3.078 r  u_soc/g_pe[2].u_pe/u_core/core_i/sleep_unit_i/core_clock_gate_i/u_bufgce/O
    X2Y0 (CLOCK_ROOT)    net (fo=2101, routed)        2.836     5.914    u_soc/g_pe[2].u_pe/u_core/core_i/id_stage_i/clk_0
    SLICE_X86Y41         FDCE                                         r  u_soc/g_pe[2].u_pe/u_core/core_i/id_stage_i/alu_operand_b_ex_o_reg[5]/C
  -------------------------------------------------------------------    -------------------
    SLICE_X86Y41         FDCE (Prop_DFF_SLICEM_C_Q)
                                                      0.078     5.992 r  u_soc/g_pe[2].u_pe/u_core/core_i/id_stage_i/alu_operand_b_ex_o_reg[5]/Q
                         net (fo=32, routed)          1.090     7.082    u_soc/g_pe[2].u_pe/u_core/core_i/id_stage_i/alu_operand_b_ex_o_reg[31]_0[5]
    SLICE_X78Y78         LUT3 (Prop_F6LUT_SLICEM_I1_O)
                                                      0.123     7.205 r  u_soc/g_pe[2].u_pe/u_core/core_i/id_stage_i/rdata_offset_q[1]_i_4__1/O
                         net (fo=1, routed)           0.022     7.227    u_soc/g_pe[2].u_pe/u_core/core_i/id_stage_i/rdata_offset_q[1]_i_4__1_n_0
    SLICE_X78Y78         CARRY8 (Prop_CARRY8_SLICEM_S[5]_CO[7])
                                                      0.159     7.386 r  u_soc/g_pe[2].u_pe/u_core/core_i/id_stage_i/rdata_offset_q_reg[1]_i_1__1/CO[7]
                         net (fo=1, routed)           0.026     7.412    u_soc/g_pe[2].u_pe/u_core/core_i/id_stage_i/rdata_offset_q_reg[1]_i_1__1_n_0
    SLICE_X78Y79         CARRY8 (Prop_CARRY8_SLICEM_CI_CO[7])
                                                      0.015     7.427 r  u_soc/g_pe[2].u_pe/u_core/core_i/id_stage_i/mem_reg_0_bram_0_i_3__1/CO[7]
                         net (fo=1, routed)           0.026     7.453    u_soc/g_pe[2].u_pe/u_core/core_i/id_stage_i/mem_reg_0_bram_0_i_3__1_n_0
    SLICE_X78Y80         CARRY8 (Prop_CARRY8_SLICEM_CI_CO[7])
                                                      0.015     7.468 r  u_soc/g_pe[2].u_pe/u_core/core_i/id_stage_i/addr_q_reg[17]_i_1__1/CO[7]
                         net (fo=1, routed)           0.026     7.494    u_soc/g_pe[2].u_pe/u_core/core_i/id_stage_i/addr_q_reg[17]_i_1__1_n_0
    SLICE_X78Y81         CARRY8 (Prop_CARRY8_SLICEM_CI_O[6])
                                                      0.110     7.604 r  u_soc/g_pe[2].u_pe/u_core/core_i/id_stage_i/addr_q_reg[31]_i_2__1/O[6]
                         net (fo=13, routed)          0.488     8.092    u_soc/g_pe[2].u_pe/u_core/core_i/id_stage_i/alu_operand_a_ex_o_reg[30]_0[2]
    SLICE_X75Y93         LUT6 (Prop_C6LUT_SLICEL_I4_O)
                                                      0.146     8.238 f  u_soc/g_pe[2].u_pe/u_core/core_i/id_stage_i/d_rvalid_o_i_3__0/O
                         net (fo=5, routed)           0.367     8.605    u_soc/g_pe[2].u_pe/u_core/core_i/id_stage_i/tgt_q_reg[2]
    SLICE_X75Y91         LUT6 (Prop_G6LUT_SLICEL_I2_O)
                                                      0.050     8.655 f  u_soc/g_pe[2].u_pe/u_core/core_i/id_stage_i/mem_reg_0_bram_0_i_22__0/O
                         net (fo=4, routed)           0.331     8.986    u_soc/g_pe[2].u_pe/u_core/core_i/id_stage_i/mem_reg_0_bram_0_i_22__0_n_0
    SLICE_X74Y96         LUT5 (Prop_D6LUT_SLICEM_I4_O)
                                                      0.099     9.085 r  u_soc/g_pe[2].u_pe/u_core/core_i/id_stage_i/FSM_onehot_state_q[5]_i_4__0/O
                         net (fo=3, routed)           0.789     9.874    u_soc/g_pe[2].u_axi_ext/ex_req_2
    SLICE_X72Y103        LUT2 (Prop_B5LUT_SLICEL_I1_O)
                                                      0.116     9.990 r  u_soc/g_pe[2].u_axi_ext/i___104_i_4/O
                         net (fo=1, routed)           1.096    11.086    u_soc/g_pe[2].u_pe/u_core/core_i/id_stage_i/ex_gnt_2
    SLICE_X75Y92         LUT6 (Prop_H6LUT_SLICEL_I4_O)
                                                      0.124    11.210 r  u_soc/g_pe[2].u_pe/u_core/core_i/id_stage_i/i___104_i_1__0/O
                         net (fo=11, routed)          1.171    12.381    u_soc/g_pe[2].u_pe/u_core/core_i/id_stage_i/controller_i/i___36_i_3__0_0
    SLICE_X76Y72         LUT5 (Prop_A6LUT_SLICEL_I0_O)
                                                      0.050    12.431 r  u_soc/g_pe[2].u_pe/u_core/core_i/id_stage_i/controller_i/i___36_i_4__0/O
                         net (fo=1, routed)           0.353    12.784    u_soc/g_pe[2].u_pe/u_core/core_i/id_stage_i/controller_i/lsu_ready_ex
    SLICE_X78Y72         LUT6 (Prop_B6LUT_SLICEM_I1_O)
                                                      0.149    12.933 r  u_soc/g_pe[2].u_pe/u_core/core_i/id_stage_i/controller_i/i___36_i_3__0/O
                         net (fo=1, routed)           0.369    13.302    u_soc/g_pe[2].u_pe/u_core/core_i/ex_stage_i/mult_i/regfile_waddr_lsu[4]_i_2__1
    SLICE_X78Y62         LUT6 (Prop_G6LUT_SLICEM_I2_O)
                                                      0.123    13.425 r  u_soc/g_pe[2].u_pe/u_core/core_i/ex_stage_i/mult_i/i___36_i_2__0/O
                         net (fo=2, routed)           0.185    13.610    u_soc/g_pe[2].u_pe/u_core/core_i/ex_stage_i/mult_i/ex_valid_o03_out
    SLICE_X78Y62         LUT2 (Prop_E6LUT_SLICEM_I0_O)
                                                      0.124    13.734 r  u_soc/g_pe[2].u_pe/u_core/core_i/ex_stage_i/mult_i/i___36_i_1__0/O
                         net (fo=11, routed)          0.537    14.271    u_soc/g_pe[2].u_pe/u_core/ex_ready
    SLICE_X75Y60         LUT6 (Prop_B6LUT_SLICEL_I4_O)
                                                      0.036    14.307 r  u_soc/g_pe[2].u_pe/u_core/i___175/O
                         net (fo=7, routed)           1.299    15.606    u_soc/g_pe[2].u_pe/u_core/core_i/if_stage_i/prefetch_buffer_i/fifo_i/id_ready
    SLICE_X76Y72         LUT6 (Prop_H6LUT_SLICEL_I4_O)
                                                      0.124    15.730 r  u_soc/g_pe[2].u_pe/u_core/core_i/if_stage_i/prefetch_buffer_i/fifo_i/state[1]_i_3__1/O
                         net (fo=4, routed)           0.291    16.021    u_soc/g_pe[2].u_pe/u_core/core_i/if_stage_i/prefetch_buffer_i/fifo_i/status_cnt_q_reg[0]_1
    SLICE_X77Y71         LUT4 (Prop_B5LUT_SLICEL_I0_O)
                                                      0.116    16.137 r  u_soc/g_pe[2].u_pe/u_core/core_i/if_stage_i/prefetch_buffer_i/fifo_i/instr_rdata_id_o[31]_i_1__1/O
                         net (fo=72, routed)          0.461    16.598    u_soc/g_pe[2].u_pe/u_core/core_i/id_stage_i/controller_i/instr_valid_id_o0
    SLICE_X77Y71         LUT2 (Prop_D6LUT_SLICEL_I1_O)
                                                      0.050    16.648 r  u_soc/g_pe[2].u_pe/u_core/core_i/id_stage_i/controller_i/pc_q[31]_i_1__1/O
                         net (fo=31, routed)          1.408    18.056    u_soc/g_pe[2].u_pe/u_core/core_i/if_stage_i/aligner_i/pc_q_reg[1]_0[0]
    SLICE_X78Y52         FDCE                                         r  u_soc/g_pe[2].u_pe/u_core/core_i/if_stage_i/aligner_i/pc_q_reg[18]/CE
  -------------------------------------------------------------------    -------------------

                         (clock clk rise edge)       13.332    13.332 r  
    AH18                                              0.000    13.332 r  clk300_p_i (IN)
                         net (fo=0)                   0.079    13.411    u_ibufds/I
    HPIOBDIFFINBUF_X1Y36 DIFFINBUF (Prop_DIFFINBUF_HPIOBDIFFINBUF_DIFF_IN_P_O)
                                                      0.429    13.840 r  u_ibufds/DIFFINBUF_INST/O
                         net (fo=1, routed)           0.040    13.880    u_ibufds/OUT
    AH18                 IBUFCTRL (Prop_IBUFCTRL_HPIOB_M_I_O)
                                                      0.000    13.880 r  u_ibufds/IBUFCTRL_INST/O
                         net (fo=1, routed)           0.286    14.166    clk_ref
    BUFGCE_DIV_X1Y7      BUFGCE_DIV (Prop_BUFGCE_DIV_I_O)
                                                      0.132    14.298 r  u_bufgce_div/O
                         net (fo=3480, routed)        1.733    16.031    u_soc/g_pe[2].u_pe/u_core/core_i/sleep_unit_i/core_clock_gate_i/clk
    BUFGCE_X0Y104        BUFGCE (Prop_BUFCE_BUFGCE_I_O)
                                                      0.024    16.055 r  u_soc/g_pe[2].u_pe/u_core/core_i/sleep_unit_i/core_clock_gate_i/u_bufgce/O
    X2Y0 (CLOCK_ROOT)    net (fo=2101, routed)        2.543    18.598    u_soc/g_pe[2].u_pe/u_core/core_i/if_stage_i/aligner_i/clk_0
    SLICE_X78Y52         FDCE                                         r  u_soc/g_pe[2].u_pe/u_core/core_i/if_stage_i/aligner_i/pc_q_reg[18]/C
                         clock pessimism              0.573    19.171    
                         clock uncertainty           -0.035    19.136    
    SLICE_X78Y52         FDCE (Setup_BFF_SLICEM_C_CE)
                                                     -0.061    19.075    u_soc/g_pe[2].u_pe/u_core/core_i/if_stage_i/aligner_i/pc_q_reg[18]
  -------------------------------------------------------------------
                         required time                         19.075    
                         arrival time                         -18.056    
  -------------------------------------------------------------------
                         slack                                  1.018    

Slack (MET) :             1.023ns  (required time - arrival time)
  Source:                 u_soc/g_pe[2].u_pe/u_core/core_i/id_stage_i/alu_operand_b_ex_o_reg[5]/C
                            (rising edge-triggered cell FDCE clocked by clk  {rise@0.000ns fall@6.666ns period=13.332ns})
  Destination:            u_soc/g_pe[2].u_pe/u_core/core_i/cs_registers_i/mepc_q_reg[9]/D
                            (rising edge-triggered cell FDCE clocked by clk  {rise@0.000ns fall@6.666ns period=13.332ns})
  Path Group:             clk
  Path Type:              Setup (Max at Slow Process Corner)
  Requirement:            13.332ns  (clk rise@13.332ns - clk rise@0.000ns)
  Data Path Delay:        12.238ns  (logic 2.035ns (16.628%)  route 10.203ns (83.372%))
  Logic Levels:           19  (CARRY8=4 LUT2=1 LUT3=2 LUT4=2 LUT5=3 LUT6=7)
  Clock Path Skew:        -0.061ns (DCD - SCD + CPR)
    Destination Clock Delay (DCD):    5.281ns = ( 18.613 - 13.332 ) 
    Source Clock Delay      (SCD):    5.914ns
    Clock Pessimism Removal (CPR):    0.573ns
  Clock Uncertainty:      0.035ns  ((TSJ^2 + TIJ^2)^1/2 + DJ) / 2 + PE
    Total System Jitter     (TSJ):    0.071ns
    Total Input Jitter      (TIJ):    0.000ns
    Discrete Jitter          (DJ):    0.000ns
    Phase Error              (PE):    0.000ns
  Clock Net Delay (Source):      2.836ns (routing 2.022ns, distribution 0.814ns)
  Clock Net Delay (Destination): 2.558ns (routing 1.840ns, distribution 0.718ns)

    Location             Delay type                Incr(ns)  Path(ns)    Netlist Resource(s)
  -------------------------------------------------------------------    -------------------
                         (clock clk rise edge)        0.000     0.000 r  
    AH18                                              0.000     0.000 r  clk300_p_i (IN)
                         net (fo=0)                   0.100     0.100    u_ibufds/I
    HPIOBDIFFINBUF_X1Y36 DIFFINBUF (Prop_DIFFINBUF_HPIOBDIFFINBUF_DIFF_IN_P_O)
                                                      0.525     0.625 r  u_ibufds/DIFFINBUF_INST/O
                         net (fo=1, routed)           0.050     0.675    u_ibufds/OUT
    AH18                 IBUFCTRL (Prop_IBUFCTRL_HPIOB_M_I_O)
                                                      0.000     0.675 r  u_ibufds/IBUFCTRL_INST/O
                         net (fo=1, routed)           0.322     0.997    clk_ref
    BUFGCE_DIV_X1Y7      BUFGCE_DIV (Prop_BUFGCE_DIV_I_O)
                                                      0.152     1.149 r  u_bufgce_div/O
                         net (fo=3480, routed)        1.901     3.050    u_soc/g_pe[2].u_pe/u_core/core_i/sleep_unit_i/core_clock_gate_i/clk
    BUFGCE_X0Y104        BUFGCE (Prop_BUFCE_BUFGCE_I_O)
                                                      0.028     3.078 r  u_soc/g_pe[2].u_pe/u_core/core_i/sleep_unit_i/core_clock_gate_i/u_bufgce/O
    X2Y0 (CLOCK_ROOT)    net (fo=2101, routed)        2.836     5.914    u_soc/g_pe[2].u_pe/u_core/core_i/id_stage_i/clk_0
    SLICE_X86Y41         FDCE                                         r  u_soc/g_pe[2].u_pe/u_core/core_i/id_stage_i/alu_operand_b_ex_o_reg[5]/C
  -------------------------------------------------------------------    -------------------
    SLICE_X86Y41         FDCE (Prop_DFF_SLICEM_C_Q)
                                                      0.078     5.992 r  u_soc/g_pe[2].u_pe/u_core/core_i/id_stage_i/alu_operand_b_ex_o_reg[5]/Q
                         net (fo=32, routed)          1.090     7.082    u_soc/g_pe[2].u_pe/u_core/core_i/id_stage_i/alu_operand_b_ex_o_reg[31]_0[5]
    SLICE_X78Y78         LUT3 (Prop_F6LUT_SLICEM_I1_O)
                                                      0.123     7.205 r  u_soc/g_pe[2].u_pe/u_core/core_i/id_stage_i/rdata_offset_q[1]_i_4__1/O
                         net (fo=1, routed)           0.022     7.227    u_soc/g_pe[2].u_pe/u_core/core_i/id_stage_i/rdata_offset_q[1]_i_4__1_n_0
    SLICE_X78Y78         CARRY8 (Prop_CARRY8_SLICEM_S[5]_CO[7])
                                                      0.159     7.386 r  u_soc/g_pe[2].u_pe/u_core/core_i/id_stage_i/rdata_offset_q_reg[1]_i_1__1/CO[7]
                         net (fo=1, routed)           0.026     7.412    u_soc/g_pe[2].u_pe/u_core/core_i/id_stage_i/rdata_offset_q_reg[1]_i_1__1_n_0
    SLICE_X78Y79         CARRY8 (Prop_CARRY8_SLICEM_CI_CO[7])
                                                      0.015     7.427 r  u_soc/g_pe[2].u_pe/u_core/core_i/id_stage_i/mem_reg_0_bram_0_i_3__1/CO[7]
                         net (fo=1, routed)           0.026     7.453    u_soc/g_pe[2].u_pe/u_core/core_i/id_stage_i/mem_reg_0_bram_0_i_3__1_n_0
    SLICE_X78Y80         CARRY8 (Prop_CARRY8_SLICEM_CI_CO[7])
                                                      0.015     7.468 r  u_soc/g_pe[2].u_pe/u_core/core_i/id_stage_i/addr_q_reg[17]_i_1__1/CO[7]
                         net (fo=1, routed)           0.026     7.494    u_soc/g_pe[2].u_pe/u_core/core_i/id_stage_i/addr_q_reg[17]_i_1__1_n_0
    SLICE_X78Y81         CARRY8 (Prop_CARRY8_SLICEM_CI_O[6])
                                                      0.110     7.604 r  u_soc/g_pe[2].u_pe/u_core/core_i/id_stage_i/addr_q_reg[31]_i_2__1/O[6]
                         net (fo=13, routed)          0.488     8.092    u_soc/g_pe[2].u_pe/u_core/core_i/id_stage_i/alu_operand_a_ex_o_reg[30]_0[2]
    SLICE_X75Y93         LUT6 (Prop_C6LUT_SLICEL_I4_O)
                                                      0.146     8.238 r  u_soc/g_pe[2].u_pe/u_core/core_i/id_stage_i/d_rvalid_o_i_3__0/O
                         net (fo=5, routed)           0.367     8.605    u_soc/g_pe[2].u_pe/u_core/core_i/id_stage_i/tgt_q_reg[2]
    SLICE_X75Y91         LUT6 (Prop_G6LUT_SLICEL_I2_O)
                                                      0.050     8.655 r  u_soc/g_pe[2].u_pe/u_core/core_i/id_stage_i/mem_reg_0_bram_0_i_22__0/O
                         net (fo=4, routed)           0.331     8.986    u_soc/g_pe[2].u_pe/u_core/core_i/id_stage_i/mem_reg_0_bram_0_i_22__0_n_0
    SLICE_X74Y96         LUT5 (Prop_D6LUT_SLICEM_I4_O)
                                                      0.099     9.085 f  u_soc/g_pe[2].u_pe/u_core/core_i/id_stage_i/FSM_onehot_state_q[5]_i_4__0/O
                         net (fo=3, routed)           0.789     9.874    u_soc/g_pe[2].u_axi_ext/ex_req_2
    SLICE_X72Y103        LUT2 (Prop_B5LUT_SLICEL_I1_O)
                                                      0.116     9.990 f  u_soc/g_pe[2].u_axi_ext/i___104_i_4/O
                         net (fo=1, routed)           1.096    11.086    u_soc/g_pe[2].u_pe/u_core/core_i/id_stage_i/ex_gnt_2
    SLICE_X75Y92         LUT6 (Prop_H6LUT_SLICEL_I4_O)
                                                      0.124    11.210 f  u_soc/g_pe[2].u_pe/u_core/core_i/id_stage_i/i___104_i_1__0/O
                         net (fo=11, routed)          1.171    12.381    u_soc/g_pe[2].u_pe/u_core/core_i/id_stage_i/controller_i/i___36_i_3__0_0
    SLICE_X76Y72         LUT5 (Prop_A6LUT_SLICEL_I0_O)
                                                      0.050    12.431 f  u_soc/g_pe[2].u_pe/u_core/core_i/id_stage_i/controller_i/i___36_i_4__0/O
                         net (fo=1, routed)           0.353    12.784    u_soc/g_pe[2].u_pe/u_core/core_i/id_stage_i/controller_i/lsu_ready_ex
    SLICE_X78Y72         LUT6 (Prop_B6LUT_SLICEM_I1_O)
                                                      0.149    12.933 f  u_soc/g_pe[2].u_pe/u_core/core_i/id_stage_i/controller_i/i___36_i_3__0/O
                         net (fo=1, routed)           0.369    13.302    u_soc/g_pe[2].u_pe/u_core/core_i/ex_stage_i/mult_i/regfile_waddr_lsu[4]_i_2__1
    SLICE_X78Y62         LUT6 (Prop_G6LUT_SLICEM_I2_O)
                                                      0.123    13.425 f  u_soc/g_pe[2].u_pe/u_core/core_i/ex_stage_i/mult_i/i___36_i_2__0/O
                         net (fo=2, routed)           0.513    13.938    u_soc/g_pe[2].u_pe/u_core/core_i/id_stage_i/ex_valid_o03_out
    SLICE_X78Y62         LUT5 (Prop_F6LUT_SLICEM_I4_O)
                                                      0.051    13.989 f  u_soc/g_pe[2].u_pe/u_core/core_i/id_stage_i/regfile_waddr_lsu[4]_i_2__1/O
                         net (fo=3, routed)           0.981    14.970    u_soc/g_pe[2].u_pe/u_core/core_i/id_stage_i/controller_i/ex_valid
    SLICE_X78Y59         LUT4 (Prop_C5LUT_SLICEM_I2_O)
                                                      0.068    15.038 f  u_soc/g_pe[2].u_pe/u_core/core_i/id_stage_i/controller_i/mcause_q[1]_i_2__0/O
                         net (fo=4, routed)           0.672    15.709    u_soc/g_pe[2].u_pe/u_core/core_i/id_stage_i/controller_i/mcause_q[1]_i_2__0_n_0
    SLICE_X80Y59         LUT6 (Prop_G6LUT_SLICEL_I5_O)
                                                      0.097    15.806 f  u_soc/g_pe[2].u_pe/u_core/core_i/id_stage_i/controller_i/mstatus_q[mie]_i_7__1/O
                         net (fo=4, routed)           0.303    16.110    u_soc/g_pe[2].u_pe/u_core/core_i/id_stage_i/controller_i/csr_save_cause
    SLICE_X81Y59         LUT3 (Prop_E6LUT_SLICEM_I1_O)
                                                      0.148    16.258 r  u_soc/g_pe[2].u_pe/u_core/core_i/id_stage_i/controller_i/mstatus_q[mpie]_i_3__1/O
                         net (fo=2, routed)           0.322    16.580    u_soc/g_pe[2].u_pe/u_core/core_i/id_stage_i/controller_i/mstatus_q[mpie]_i_3__1_n_0
    SLICE_X81Y59         LUT6 (Prop_F6LUT_SLICEM_I5_O)
                                                      0.148    16.728 f  u_soc/g_pe[2].u_pe/u_core/core_i/id_stage_i/controller_i/mstatus_q[mpie]_i_2__1/O
                         net (fo=35, routed)          0.410    17.138    u_soc/g_pe[2].u_pe/u_core/core_i/id_stage_i/controller_i/mstatus_q[mpie]_i_2__1_n_0
    SLICE_X83Y55         LUT4 (Prop_F5LUT_SLICEM_I2_O)
                                                      0.166    17.304 r  u_soc/g_pe[2].u_pe/u_core/core_i/id_stage_i/controller_i/mepc_q[9]_i_1__1/O
                         net (fo=1, routed)           0.849    18.153    u_soc/g_pe[2].u_pe/u_core/core_i/cs_registers_i/mepc_q_reg[31]_2[8]
    SLICE_X85Y52         FDCE                                         r  u_soc/g_pe[2].u_pe/u_core/core_i/cs_registers_i/mepc_q_reg[9]/D
  -------------------------------------------------------------------    -------------------

                         (clock clk rise edge)       13.332    13.332 r  
    AH18                                              0.000    13.332 r  clk300_p_i (IN)
                         net (fo=0)                   0.079    13.411    u_ibufds/I
    HPIOBDIFFINBUF_X1Y36 DIFFINBUF (Prop_DIFFINBUF_HPIOBDIFFINBUF_DIFF_IN_P_O)
                                                      0.429    13.840 r  u_ibufds/DIFFINBUF_INST/O
                         net (fo=1, routed)           0.040    13.880    u_ibufds/OUT
    AH18                 IBUFCTRL (Prop_IBUFCTRL_HPIOB_M_I_O)
                                                      0.000    13.880 r  u_ibufds/IBUFCTRL_INST/O
                         net (fo=1, routed)           0.286    14.166    clk_ref
    BUFGCE_DIV_X1Y7      BUFGCE_DIV (Prop_BUFGCE_DIV_I_O)
                                                      0.132    14.298 r  u_bufgce_div/O
                         net (fo=3480, routed)        1.733    16.031    u_soc/g_pe[2].u_pe/u_core/core_i/sleep_unit_i/core_clock_gate_i/clk
    BUFGCE_X0Y104        BUFGCE (Prop_BUFCE_BUFGCE_I_O)
                                                      0.024    16.055 r  u_soc/g_pe[2].u_pe/u_core/core_i/sleep_unit_i/core_clock_gate_i/u_bufgce/O
    X2Y0 (CLOCK_ROOT)    net (fo=2101, routed)        2.558    18.613    u_soc/g_pe[2].u_pe/u_core/core_i/cs_registers_i/clk_0
    SLICE_X85Y52         FDCE                                         r  u_soc/g_pe[2].u_pe/u_core/core_i/cs_registers_i/mepc_q_reg[9]/C
                         clock pessimism              0.573    19.186    
                         clock uncertainty           -0.035    19.150    
    SLICE_X85Y52         FDCE (Setup_AFF_SLICEL_C_D)
                                                      0.025    19.175    u_soc/g_pe[2].u_pe/u_core/core_i/cs_registers_i/mepc_q_reg[9]
  -------------------------------------------------------------------
                         required time                         19.175    
                         arrival time                         -18.153    
  -------------------------------------------------------------------
                         slack                                  1.023    

Slack (MET) :             1.039ns  (required time - arrival time)
  Source:                 u_soc/g_pe[2].u_pe/u_core/core_i/id_stage_i/alu_operand_b_ex_o_reg[5]/C
                            (rising edge-triggered cell FDCE clocked by clk  {rise@0.000ns fall@6.666ns period=13.332ns})
  Destination:            u_soc/g_pe[2].u_pe/u_core/core_i/if_stage_i/aligner_i/pc_q_reg[1]/CE
                            (rising edge-triggered cell FDCE clocked by clk  {rise@0.000ns fall@6.666ns period=13.332ns})
  Path Group:             clk
  Path Type:              Setup (Max at Slow Process Corner)
  Requirement:            13.332ns  (clk rise@13.332ns - clk rise@0.000ns)
  Data Path Delay:        12.125ns  (logic 1.807ns (14.904%)  route 10.318ns (85.096%))
  Logic Levels:           18  (CARRY8=4 LUT2=3 LUT3=1 LUT4=1 LUT5=2 LUT6=7)
  Clock Path Skew:        -0.072ns (DCD - SCD + CPR)
    Destination Clock Delay (DCD):    5.270ns = ( 18.602 - 13.332 ) 
    Source Clock Delay      (SCD):    5.914ns
    Clock Pessimism Removal (CPR):    0.573ns
  Clock Uncertainty:      0.035ns  ((TSJ^2 + TIJ^2)^1/2 + DJ) / 2 + PE
    Total System Jitter     (TSJ):    0.071ns
    Total Input Jitter      (TIJ):    0.000ns
    Discrete Jitter          (DJ):    0.000ns
    Phase Error              (PE):    0.000ns
  Clock Net Delay (Source):      2.836ns (routing 2.022ns, distribution 0.814ns)
  Clock Net Delay (Destination): 2.547ns (routing 1.840ns, distribution 0.707ns)

    Location             Delay type                Incr(ns)  Path(ns)    Netlist Resource(s)
  -------------------------------------------------------------------    -------------------
                         (clock clk rise edge)        0.000     0.000 r  
    AH18                                              0.000     0.000 r  clk300_p_i (IN)
                         net (fo=0)                   0.100     0.100    u_ibufds/I
    HPIOBDIFFINBUF_X1Y36 DIFFINBUF (Prop_DIFFINBUF_HPIOBDIFFINBUF_DIFF_IN_P_O)
                                                      0.525     0.625 r  u_ibufds/DIFFINBUF_INST/O
                         net (fo=1, routed)           0.050     0.675    u_ibufds/OUT
    AH18                 IBUFCTRL (Prop_IBUFCTRL_HPIOB_M_I_O)
                                                      0.000     0.675 r  u_ibufds/IBUFCTRL_INST/O
                         net (fo=1, routed)           0.322     0.997    clk_ref
    BUFGCE_DIV_X1Y7      BUFGCE_DIV (Prop_BUFGCE_DIV_I_O)
                                                      0.152     1.149 r  u_bufgce_div/O
                         net (fo=3480, routed)        1.901     3.050    u_soc/g_pe[2].u_pe/u_core/core_i/sleep_unit_i/core_clock_gate_i/clk
    BUFGCE_X0Y104        BUFGCE (Prop_BUFCE_BUFGCE_I_O)
                                                      0.028     3.078 r  u_soc/g_pe[2].u_pe/u_core/core_i/sleep_unit_i/core_clock_gate_i/u_bufgce/O
    X2Y0 (CLOCK_ROOT)    net (fo=2101, routed)        2.836     5.914    u_soc/g_pe[2].u_pe/u_core/core_i/id_stage_i/clk_0
    SLICE_X86Y41         FDCE                                         r  u_soc/g_pe[2].u_pe/u_core/core_i/id_stage_i/alu_operand_b_ex_o_reg[5]/C
  -------------------------------------------------------------------    -------------------
    SLICE_X86Y41         FDCE (Prop_DFF_SLICEM_C_Q)
                                                      0.078     5.992 r  u_soc/g_pe[2].u_pe/u_core/core_i/id_stage_i/alu_operand_b_ex_o_reg[5]/Q
                         net (fo=32, routed)          1.090     7.082    u_soc/g_pe[2].u_pe/u_core/core_i/id_stage_i/alu_operand_b_ex_o_reg[31]_0[5]
    SLICE_X78Y78         LUT3 (Prop_F6LUT_SLICEM_I1_O)
                                                      0.123     7.205 r  u_soc/g_pe[2].u_pe/u_core/core_i/id_stage_i/rdata_offset_q[1]_i_4__1/O
                         net (fo=1, routed)           0.022     7.227    u_soc/g_pe[2].u_pe/u_core/core_i/id_stage_i/rdata_offset_q[1]_i_4__1_n_0
    SLICE_X78Y78         CARRY8 (Prop_CARRY8_SLICEM_S[5]_CO[7])
                                                      0.159     7.386 r  u_soc/g_pe[2].u_pe/u_core/core_i/id_stage_i/rdata_offset_q_reg[1]_i_1__1/CO[7]
                         net (fo=1, routed)           0.026     7.412    u_soc/g_pe[2].u_pe/u_core/core_i/id_stage_i/rdata_offset_q_reg[1]_i_1__1_n_0
    SLICE_X78Y79         CARRY8 (Prop_CARRY8_SLICEM_CI_CO[7])
                                                      0.015     7.427 r  u_soc/g_pe[2].u_pe/u_core/core_i/id_stage_i/mem_reg_0_bram_0_i_3__1/CO[7]
                         net (fo=1, routed)           0.026     7.453    u_soc/g_pe[2].u_pe/u_core/core_i/id_stage_i/mem_reg_0_bram_0_i_3__1_n_0
    SLICE_X78Y80         CARRY8 (Prop_CARRY8_SLICEM_CI_CO[7])
                                                      0.015     7.468 r  u_soc/g_pe[2].u_pe/u_core/core_i/id_stage_i/addr_q_reg[17]_i_1__1/CO[7]
                         net (fo=1, routed)           0.026     7.494    u_soc/g_pe[2].u_pe/u_core/core_i/id_stage_i/addr_q_reg[17]_i_1__1_n_0
    SLICE_X78Y81         CARRY8 (Prop_CARRY8_SLICEM_CI_O[6])
                                                      0.110     7.604 r  u_soc/g_pe[2].u_pe/u_core/core_i/id_stage_i/addr_q_reg[31]_i_2__1/O[6]
                         net (fo=13, routed)          0.488     8.092    u_soc/g_pe[2].u_pe/u_core/core_i/id_stage_i/alu_operand_a_ex_o_reg[30]_0[2]
    SLICE_X75Y93         LUT6 (Prop_C6LUT_SLICEL_I4_O)
                                                      0.146     8.238 f  u_soc/g_pe[2].u_pe/u_core/core_i/id_stage_i/d_rvalid_o_i_3__0/O
                         net (fo=5, routed)           0.367     8.605    u_soc/g_pe[2].u_pe/u_core/core_i/id_stage_i/tgt_q_reg[2]
    SLICE_X75Y91         LUT6 (Prop_G6LUT_SLICEL_I2_O)
                                                      0.050     8.655 f  u_soc/g_pe[2].u_pe/u_core/core_i/id_stage_i/mem_reg_0_bram_0_i_22__0/O
                         net (fo=4, routed)           0.331     8.986    u_soc/g_pe[2].u_pe/u_core/core_i/id_stage_i/mem_reg_0_bram_0_i_22__0_n_0
    SLICE_X74Y96         LUT5 (Prop_D6LUT_SLICEM_I4_O)
                                                      0.099     9.085 r  u_soc/g_pe[2].u_pe/u_core/core_i/id_stage_i/FSM_onehot_state_q[5]_i_4__0/O
                         net (fo=3, routed)           0.789     9.874    u_soc/g_pe[2].u_axi_ext/ex_req_2
    SLICE_X72Y103        LUT2 (Prop_B5LUT_SLICEL_I1_O)
                                                      0.116     9.990 r  u_soc/g_pe[2].u_axi_ext/i___104_i_4/O
                         net (fo=1, routed)           1.096    11.086    u_soc/g_pe[2].u_pe/u_core/core_i/id_stage_i/ex_gnt_2
    SLICE_X75Y92         LUT6 (Prop_H6LUT_SLICEL_I4_O)
                                                      0.124    11.210 r  u_soc/g_pe[2].u_pe/u_core/core_i/id_stage_i/i___104_i_1__0/O
                         net (fo=11, routed)          1.171    12.381    u_soc/g_pe[2].u_pe/u_core/core_i/id_stage_i/controller_i/i___36_i_3__0_0
    SLICE_X76Y72         LUT5 (Prop_A6LUT_SLICEL_I0_O)
                                                      0.050    12.431 r  u_soc/g_pe[2].u_pe/u_core/core_i/id_stage_i/controller_i/i___36_i_4__0/O
                         net (fo=1, routed)           0.353    12.784    u_soc/g_pe[2].u_pe/u_core/core_i/id_stage_i/controller_i/lsu_ready_ex
    SLICE_X78Y72         LUT6 (Prop_B6LUT_SLICEM_I1_O)
                                                      0.149    12.933 r  u_soc/g_pe[2].u_pe/u_core/core_i/id_stage_i/controller_i/i___36_i_3__0/O
                         net (fo=1, routed)           0.369    13.302    u_soc/g_pe[2].u_pe/u_core/core_i/ex_stage_i/mult_i/regfile_waddr_lsu[4]_i_2__1
    SLICE_X78Y62         LUT6 (Prop_G6LUT_SLICEM_I2_O)
                                                      0.123    13.425 r  u_soc/g_pe[2].u_pe/u_core/core_i/ex_stage_i/mult_i/i___36_i_2__0/O
                         net (fo=2, routed)           0.185    13.610    u_soc/g_pe[2].u_pe/u_core/core_i/ex_stage_i/mult_i/ex_valid_o03_out
    SLICE_X78Y62         LUT2 (Prop_E6LUT_SLICEM_I0_O)
                                                      0.124    13.734 r  u_soc/g_pe[2].u_pe/u_core/core_i/ex_stage_i/mult_i/i___36_i_1__0/O
                         net (fo=11, routed)          0.537    14.271    u_soc/g_pe[2].u_pe/u_core/ex_ready
    SLICE_X75Y60         LUT6 (Prop_B6LUT_SLICEL_I4_O)
                                                      0.036    14.307 r  u_soc/g_pe[2].u_pe/u_core/i___175/O
                         net (fo=7, routed)           1.299    15.606    u_soc/g_pe[2].u_pe/u_core/core_i/if_stage_i/prefetch_buffer_i/fifo_i/id_ready
    SLICE_X76Y72         LUT6 (Prop_H6LUT_SLICEL_I4_O)
                                                      0.124    15.730 r  u_soc/g_pe[2].u_pe/u_core/core_i/if_stage_i/prefetch_buffer_i/fifo_i/state[1]_i_3__1/O
                         net (fo=4, routed)           0.291    16.021    u_soc/g_pe[2].u_pe/u_core/core_i/if_stage_i/prefetch_buffer_i/fifo_i/status_cnt_q_reg[0]_1
    SLICE_X77Y71         LUT4 (Prop_B5LUT_SLICEL_I0_O)
                                                      0.116    16.137 r  u_soc/g_pe[2].u_pe/u_core/core_i/if_stage_i/prefetch_buffer_i/fifo_i/instr_rdata_id_o[31]_i_1__1/O
                         net (fo=72, routed)          0.461    16.598    u_soc/g_pe[2].u_pe/u_core/core_i/id_stage_i/controller_i/instr_valid_id_o0
    SLICE_X77Y71         LUT2 (Prop_D6LUT_SLICEL_I1_O)
                                                      0.050    16.648 r  u_soc/g_pe[2].u_pe/u_core/core_i/id_stage_i/controller_i/pc_q[31]_i_1__1/O
                         net (fo=31, routed)          1.391    18.039    u_soc/g_pe[2].u_pe/u_core/core_i/if_stage_i/aligner_i/pc_q_reg[1]_0[0]
    SLICE_X78Y50         FDCE                                         r  u_soc/g_pe[2].u_pe/u_core/core_i/if_stage_i/aligner_i/pc_q_reg[1]/CE
  -------------------------------------------------------------------    -------------------

                         (clock clk rise edge)       13.332    13.332 r  
    AH18                                              0.000    13.332 r  clk300_p_i (IN)
                         net (fo=0)                   0.079    13.411    u_ibufds/I
    HPIOBDIFFINBUF_X1Y36 DIFFINBUF (Prop_DIFFINBUF_HPIOBDIFFINBUF_DIFF_IN_P_O)
                                                      0.429    13.840 r  u_ibufds/DIFFINBUF_INST/O
                         net (fo=1, routed)           0.040    13.880    u_ibufds/OUT
    AH18                 IBUFCTRL (Prop_IBUFCTRL_HPIOB_M_I_O)
                                                      0.000    13.880 r  u_ibufds/IBUFCTRL_INST/O
                         net (fo=1, routed)           0.286    14.166    clk_ref
    BUFGCE_DIV_X1Y7      BUFGCE_DIV (Prop_BUFGCE_DIV_I_O)
                                                      0.132    14.298 r  u_bufgce_div/O
                         net (fo=3480, routed)        1.733    16.031    u_soc/g_pe[2].u_pe/u_core/core_i/sleep_unit_i/core_clock_gate_i/clk
    BUFGCE_X0Y104        BUFGCE (Prop_BUFCE_BUFGCE_I_O)
                                                      0.024    16.055 r  u_soc/g_pe[2].u_pe/u_core/core_i/sleep_unit_i/core_clock_gate_i/u_bufgce/O
    X2Y0 (CLOCK_ROOT)    net (fo=2101, routed)        2.547    18.602    u_soc/g_pe[2].u_pe/u_core/core_i/if_stage_i/aligner_i/clk_0
    SLICE_X78Y50         FDCE                                         r  u_soc/g_pe[2].u_pe/u_core/core_i/if_stage_i/aligner_i/pc_q_reg[1]/C
                         clock pessimism              0.573    19.174    
                         clock uncertainty           -0.035    19.139    
    SLICE_X78Y50         FDCE (Setup_DFF_SLICEM_C_CE)
                                                     -0.061    19.078    u_soc/g_pe[2].u_pe/u_core/core_i/if_stage_i/aligner_i/pc_q_reg[1]
  -------------------------------------------------------------------
                         required time                         19.078    
                         arrival time                         -18.039    
  -------------------------------------------------------------------
                         slack                                  1.039    

Slack (MET) :             1.039ns  (required time - arrival time)
  Source:                 u_soc/g_pe[2].u_pe/u_core/core_i/id_stage_i/alu_operand_b_ex_o_reg[5]/C
                            (rising edge-triggered cell FDCE clocked by clk  {rise@0.000ns fall@6.666ns period=13.332ns})
  Destination:            u_soc/g_pe[2].u_pe/u_core/core_i/if_stage_i/aligner_i/pc_q_reg[2]/CE
                            (rising edge-triggered cell FDCE clocked by clk  {rise@0.000ns fall@6.666ns period=13.332ns})
  Path Group:             clk
  Path Type:              Setup (Max at Slow Process Corner)
  Requirement:            13.332ns  (clk rise@13.332ns - clk rise@0.000ns)
  Data Path Delay:        12.125ns  (logic 1.807ns (14.904%)  route 10.318ns (85.096%))
  Logic Levels:           18  (CARRY8=4 LUT2=3 LUT3=1 LUT4=1 LUT5=2 LUT6=7)
  Clock Path Skew:        -0.072ns (DCD - SCD + CPR)
    Destination Clock Delay (DCD):    5.270ns = ( 18.602 - 13.332 ) 
    Source Clock Delay      (SCD):    5.914ns
    Clock Pessimism Removal (CPR):    0.573ns
  Clock Uncertainty:      0.035ns  ((TSJ^2 + TIJ^2)^1/2 + DJ) / 2 + PE
    Total System Jitter     (TSJ):    0.071ns
    Total Input Jitter      (TIJ):    0.000ns
    Discrete Jitter          (DJ):    0.000ns
    Phase Error              (PE):    0.000ns
  Clock Net Delay (Source):      2.836ns (routing 2.022ns, distribution 0.814ns)
  Clock Net Delay (Destination): 2.547ns (routing 1.840ns, distribution 0.707ns)

    Location             Delay type                Incr(ns)  Path(ns)    Netlist Resource(s)
  -------------------------------------------------------------------    -------------------
                         (clock clk rise edge)        0.000     0.000 r  
    AH18                                              0.000     0.000 r  clk300_p_i (IN)
                         net (fo=0)                   0.100     0.100    u_ibufds/I
    HPIOBDIFFINBUF_X1Y36 DIFFINBUF (Prop_DIFFINBUF_HPIOBDIFFINBUF_DIFF_IN_P_O)
                                                      0.525     0.625 r  u_ibufds/DIFFINBUF_INST/O
                         net (fo=1, routed)           0.050     0.675    u_ibufds/OUT
    AH18                 IBUFCTRL (Prop_IBUFCTRL_HPIOB_M_I_O)
                                                      0.000     0.675 r  u_ibufds/IBUFCTRL_INST/O
                         net (fo=1, routed)           0.322     0.997    clk_ref
    BUFGCE_DIV_X1Y7      BUFGCE_DIV (Prop_BUFGCE_DIV_I_O)
                                                      0.152     1.149 r  u_bufgce_div/O
                         net (fo=3480, routed)        1.901     3.050    u_soc/g_pe[2].u_pe/u_core/core_i/sleep_unit_i/core_clock_gate_i/clk
    BUFGCE_X0Y104        BUFGCE (Prop_BUFCE_BUFGCE_I_O)
                                                      0.028     3.078 r  u_soc/g_pe[2].u_pe/u_core/core_i/sleep_unit_i/core_clock_gate_i/u_bufgce/O
    X2Y0 (CLOCK_ROOT)    net (fo=2101, routed)        2.836     5.914    u_soc/g_pe[2].u_pe/u_core/core_i/id_stage_i/clk_0
    SLICE_X86Y41         FDCE                                         r  u_soc/g_pe[2].u_pe/u_core/core_i/id_stage_i/alu_operand_b_ex_o_reg[5]/C
  -------------------------------------------------------------------    -------------------
    SLICE_X86Y41         FDCE (Prop_DFF_SLICEM_C_Q)
                                                      0.078     5.992 r  u_soc/g_pe[2].u_pe/u_core/core_i/id_stage_i/alu_operand_b_ex_o_reg[5]/Q
                         net (fo=32, routed)          1.090     7.082    u_soc/g_pe[2].u_pe/u_core/core_i/id_stage_i/alu_operand_b_ex_o_reg[31]_0[5]
    SLICE_X78Y78         LUT3 (Prop_F6LUT_SLICEM_I1_O)
                                                      0.123     7.205 r  u_soc/g_pe[2].u_pe/u_core/core_i/id_stage_i/rdata_offset_q[1]_i_4__1/O
                         net (fo=1, routed)           0.022     7.227    u_soc/g_pe[2].u_pe/u_core/core_i/id_stage_i/rdata_offset_q[1]_i_4__1_n_0
    SLICE_X78Y78         CARRY8 (Prop_CARRY8_SLICEM_S[5]_CO[7])
                                                      0.159     7.386 r  u_soc/g_pe[2].u_pe/u_core/core_i/id_stage_i/rdata_offset_q_reg[1]_i_1__1/CO[7]
                         net (fo=1, routed)           0.026     7.412    u_soc/g_pe[2].u_pe/u_core/core_i/id_stage_i/rdata_offset_q_reg[1]_i_1__1_n_0
    SLICE_X78Y79         CARRY8 (Prop_CARRY8_SLICEM_CI_CO[7])
                                                      0.015     7.427 r  u_soc/g_pe[2].u_pe/u_core/core_i/id_stage_i/mem_reg_0_bram_0_i_3__1/CO[7]
                         net (fo=1, routed)           0.026     7.453    u_soc/g_pe[2].u_pe/u_core/core_i/id_stage_i/mem_reg_0_bram_0_i_3__1_n_0
    SLICE_X78Y80         CARRY8 (Prop_CARRY8_SLICEM_CI_CO[7])
                                                      0.015     7.468 r  u_soc/g_pe[2].u_pe/u_core/core_i/id_stage_i/addr_q_reg[17]_i_1__1/CO[7]
                         net (fo=1, routed)           0.026     7.494    u_soc/g_pe[2].u_pe/u_core/core_i/id_stage_i/addr_q_reg[17]_i_1__1_n_0
    SLICE_X78Y81         CARRY8 (Prop_CARRY8_SLICEM_CI_O[6])
                                                      0.110     7.604 r  u_soc/g_pe[2].u_pe/u_core/core_i/id_stage_i/addr_q_reg[31]_i_2__1/O[6]
                         net (fo=13, routed)          0.488     8.092    u_soc/g_pe[2].u_pe/u_core/core_i/id_stage_i/alu_operand_a_ex_o_reg[30]_0[2]
    SLICE_X75Y93         LUT6 (Prop_C6LUT_SLICEL_I4_O)
                                                      0.146     8.238 f  u_soc/g_pe[2].u_pe/u_core/core_i/id_stage_i/d_rvalid_o_i_3__0/O
                         net (fo=5, routed)           0.367     8.605    u_soc/g_pe[2].u_pe/u_core/core_i/id_stage_i/tgt_q_reg[2]
    SLICE_X75Y91         LUT6 (Prop_G6LUT_SLICEL_I2_O)
                                                      0.050     8.655 f  u_soc/g_pe[2].u_pe/u_core/core_i/id_stage_i/mem_reg_0_bram_0_i_22__0/O
                         net (fo=4, routed)           0.331     8.986    u_soc/g_pe[2].u_pe/u_core/core_i/id_stage_i/mem_reg_0_bram_0_i_22__0_n_0
    SLICE_X74Y96         LUT5 (Prop_D6LUT_SLICEM_I4_O)
                                                      0.099     9.085 r  u_soc/g_pe[2].u_pe/u_core/core_i/id_stage_i/FSM_onehot_state_q[5]_i_4__0/O
                         net (fo=3, routed)           0.789     9.874    u_soc/g_pe[2].u_axi_ext/ex_req_2
    SLICE_X72Y103        LUT2 (Prop_B5LUT_SLICEL_I1_O)
                                                      0.116     9.990 r  u_soc/g_pe[2].u_axi_ext/i___104_i_4/O
                         net (fo=1, routed)           1.096    11.086    u_soc/g_pe[2].u_pe/u_core/core_i/id_stage_i/ex_gnt_2
    SLICE_X75Y92         LUT6 (Prop_H6LUT_SLICEL_I4_O)
                                                      0.124    11.210 r  u_soc/g_pe[2].u_pe/u_core/core_i/id_stage_i/i___104_i_1__0/O
                         net (fo=11, routed)          1.171    12.381    u_soc/g_pe[2].u_pe/u_core/core_i/id_stage_i/controller_i/i___36_i_3__0_0
    SLICE_X76Y72         LUT5 (Prop_A6LUT_SLICEL_I0_O)
                                                      0.050    12.431 r  u_soc/g_pe[2].u_pe/u_core/core_i/id_stage_i/controller_i/i___36_i_4__0/O
                         net (fo=1, routed)           0.353    12.784    u_soc/g_pe[2].u_pe/u_core/core_i/id_stage_i/controller_i/lsu_ready_ex
    SLICE_X78Y72         LUT6 (Prop_B6LUT_SLICEM_I1_O)
                                                      0.149    12.933 r  u_soc/g_pe[2].u_pe/u_core/core_i/id_stage_i/controller_i/i___36_i_3__0/O
                         net (fo=1, routed)           0.369    13.302    u_soc/g_pe[2].u_pe/u_core/core_i/ex_stage_i/mult_i/regfile_waddr_lsu[4]_i_2__1
    SLICE_X78Y62         LUT6 (Prop_G6LUT_SLICEM_I2_O)
                                                      0.123    13.425 r  u_soc/g_pe[2].u_pe/u_core/core_i/ex_stage_i/mult_i/i___36_i_2__0/O
                         net (fo=2, routed)           0.185    13.610    u_soc/g_pe[2].u_pe/u_core/core_i/ex_stage_i/mult_i/ex_valid_o03_out
    SLICE_X78Y62         LUT2 (Prop_E6LUT_SLICEM_I0_O)
                                                      0.124    13.734 r  u_soc/g_pe[2].u_pe/u_core/core_i/ex_stage_i/mult_i/i___36_i_1__0/O
                         net (fo=11, routed)          0.537    14.271    u_soc/g_pe[2].u_pe/u_core/ex_ready
    SLICE_X75Y60         LUT6 (Prop_B6LUT_SLICEL_I4_O)
                                                      0.036    14.307 r  u_soc/g_pe[2].u_pe/u_core/i___175/O
                         net (fo=7, routed)           1.299    15.606    u_soc/g_pe[2].u_pe/u_core/core_i/if_stage_i/prefetch_buffer_i/fifo_i/id_ready
    SLICE_X76Y72         LUT6 (Prop_H6LUT_SLICEL_I4_O)
                                                      0.124    15.730 r  u_soc/g_pe[2].u_pe/u_core/core_i/if_stage_i/prefetch_buffer_i/fifo_i/state[1]_i_3__1/O
                         net (fo=4, routed)           0.291    16.021    u_soc/g_pe[2].u_pe/u_core/core_i/if_stage_i/prefetch_buffer_i/fifo_i/status_cnt_q_reg[0]_1
    SLICE_X77Y71         LUT4 (Prop_B5LUT_SLICEL_I0_O)
                                                      0.116    16.137 r  u_soc/g_pe[2].u_pe/u_core/core_i/if_stage_i/prefetch_buffer_i/fifo_i/instr_rdata_id_o[31]_i_1__1/O
                         net (fo=72, routed)          0.461    16.598    u_soc/g_pe[2].u_pe/u_core/core_i/id_stage_i/controller_i/instr_valid_id_o0
    SLICE_X77Y71         LUT2 (Prop_D6LUT_SLICEL_I1_O)
                                                      0.050    16.648 r  u_soc/g_pe[2].u_pe/u_core/core_i/id_stage_i/controller_i/pc_q[31]_i_1__1/O
                         net (fo=31, routed)          1.391    18.039    u_soc/g_pe[2].u_pe/u_core/core_i/if_stage_i/aligner_i/pc_q_reg[1]_0[0]
    SLICE_X78Y50         FDCE                                         r  u_soc/g_pe[2].u_pe/u_core/core_i/if_stage_i/aligner_i/pc_q_reg[2]/CE
  -------------------------------------------------------------------    -------------------

                         (clock clk rise edge)       13.332    13.332 r  
    AH18                                              0.000    13.332 r  clk300_p_i (IN)
                         net (fo=0)                   0.079    13.411    u_ibufds/I
    HPIOBDIFFINBUF_X1Y36 DIFFINBUF (Prop_DIFFINBUF_HPIOBDIFFINBUF_DIFF_IN_P_O)
                                                      0.429    13.840 r  u_ibufds/DIFFINBUF_INST/O
                         net (fo=1, routed)           0.040    13.880    u_ibufds/OUT
    AH18                 IBUFCTRL (Prop_IBUFCTRL_HPIOB_M_I_O)
                                                      0.000    13.880 r  u_ibufds/IBUFCTRL_INST/O
                         net (fo=1, routed)           0.286    14.166    clk_ref
    BUFGCE_DIV_X1Y7      BUFGCE_DIV (Prop_BUFGCE_DIV_I_O)
                                                      0.132    14.298 r  u_bufgce_div/O
                         net (fo=3480, routed)        1.733    16.031    u_soc/g_pe[2].u_pe/u_core/core_i/sleep_unit_i/core_clock_gate_i/clk
    BUFGCE_X0Y104        BUFGCE (Prop_BUFCE_BUFGCE_I_O)
                                                      0.024    16.055 r  u_soc/g_pe[2].u_pe/u_core/core_i/sleep_unit_i/core_clock_gate_i/u_bufgce/O
    X2Y0 (CLOCK_ROOT)    net (fo=2101, routed)        2.547    18.602    u_soc/g_pe[2].u_pe/u_core/core_i/if_stage_i/aligner_i/clk_0
    SLICE_X78Y50         FDCE                                         r  u_soc/g_pe[2].u_pe/u_core/core_i/if_stage_i/aligner_i/pc_q_reg[2]/C
                         clock pessimism              0.573    19.174    
                         clock uncertainty           -0.035    19.139    
    SLICE_X78Y50         FDCE (Setup_CFF_SLICEM_C_CE)
                                                     -0.061    19.078    u_soc/g_pe[2].u_pe/u_core/core_i/if_stage_i/aligner_i/pc_q_reg[2]
  -------------------------------------------------------------------
                         required time                         19.078    
                         arrival time                         -18.039    
  -------------------------------------------------------------------
                         slack                                  1.039    

Slack (MET) :             1.039ns  (required time - arrival time)
  Source:                 u_soc/g_pe[2].u_pe/u_core/core_i/id_stage_i/alu_operand_b_ex_o_reg[5]/C
                            (rising edge-triggered cell FDCE clocked by clk  {rise@0.000ns fall@6.666ns period=13.332ns})
  Destination:            u_soc/g_pe[2].u_pe/u_core/core_i/if_stage_i/aligner_i/pc_q_reg[4]/CE
                            (rising edge-triggered cell FDCE clocked by clk  {rise@0.000ns fall@6.666ns period=13.332ns})
  Path Group:             clk
  Path Type:              Setup (Max at Slow Process Corner)
  Requirement:            13.332ns  (clk rise@13.332ns - clk rise@0.000ns)
  Data Path Delay:        12.125ns  (logic 1.807ns (14.904%)  route 10.318ns (85.096%))
  Logic Levels:           18  (CARRY8=4 LUT2=3 LUT3=1 LUT4=1 LUT5=2 LUT6=7)
  Clock Path Skew:        -0.072ns (DCD - SCD + CPR)
    Destination Clock Delay (DCD):    5.270ns = ( 18.602 - 13.332 ) 
    Source Clock Delay      (SCD):    5.914ns
    Clock Pessimism Removal (CPR):    0.573ns
  Clock Uncertainty:      0.035ns  ((TSJ^2 + TIJ^2)^1/2 + DJ) / 2 + PE
    Total System Jitter     (TSJ):    0.071ns
    Total Input Jitter      (TIJ):    0.000ns
    Discrete Jitter          (DJ):    0.000ns
    Phase Error              (PE):    0.000ns
  Clock Net Delay (Source):      2.836ns (routing 2.022ns, distribution 0.814ns)
  Clock Net Delay (Destination): 2.547ns (routing 1.840ns, distribution 0.707ns)

    Location             Delay type                Incr(ns)  Path(ns)    Netlist Resource(s)
  -------------------------------------------------------------------    -------------------
                         (clock clk rise edge)        0.000     0.000 r  
    AH18                                              0.000     0.000 r  clk300_p_i (IN)
                         net (fo=0)                   0.100     0.100    u_ibufds/I
    HPIOBDIFFINBUF_X1Y36 DIFFINBUF (Prop_DIFFINBUF_HPIOBDIFFINBUF_DIFF_IN_P_O)
                                                      0.525     0.625 r  u_ibufds/DIFFINBUF_INST/O
                         net (fo=1, routed)           0.050     0.675    u_ibufds/OUT
    AH18                 IBUFCTRL (Prop_IBUFCTRL_HPIOB_M_I_O)
                                                      0.000     0.675 r  u_ibufds/IBUFCTRL_INST/O
                         net (fo=1, routed)           0.322     0.997    clk_ref
    BUFGCE_DIV_X1Y7      BUFGCE_DIV (Prop_BUFGCE_DIV_I_O)
                                                      0.152     1.149 r  u_bufgce_div/O
                         net (fo=3480, routed)        1.901     3.050    u_soc/g_pe[2].u_pe/u_core/core_i/sleep_unit_i/core_clock_gate_i/clk
    BUFGCE_X0Y104        BUFGCE (Prop_BUFCE_BUFGCE_I_O)
                                                      0.028     3.078 r  u_soc/g_pe[2].u_pe/u_core/core_i/sleep_unit_i/core_clock_gate_i/u_bufgce/O
    X2Y0 (CLOCK_ROOT)    net (fo=2101, routed)        2.836     5.914    u_soc/g_pe[2].u_pe/u_core/core_i/id_stage_i/clk_0
    SLICE_X86Y41         FDCE                                         r  u_soc/g_pe[2].u_pe/u_core/core_i/id_stage_i/alu_operand_b_ex_o_reg[5]/C
  -------------------------------------------------------------------    -------------------
    SLICE_X86Y41         FDCE (Prop_DFF_SLICEM_C_Q)
                                                      0.078     5.992 r  u_soc/g_pe[2].u_pe/u_core/core_i/id_stage_i/alu_operand_b_ex_o_reg[5]/Q
                         net (fo=32, routed)          1.090     7.082    u_soc/g_pe[2].u_pe/u_core/core_i/id_stage_i/alu_operand_b_ex_o_reg[31]_0[5]
    SLICE_X78Y78         LUT3 (Prop_F6LUT_SLICEM_I1_O)
                                                      0.123     7.205 r  u_soc/g_pe[2].u_pe/u_core/core_i/id_stage_i/rdata_offset_q[1]_i_4__1/O
                         net (fo=1, routed)           0.022     7.227    u_soc/g_pe[2].u_pe/u_core/core_i/id_stage_i/rdata_offset_q[1]_i_4__1_n_0
    SLICE_X78Y78         CARRY8 (Prop_CARRY8_SLICEM_S[5]_CO[7])
                                                      0.159     7.386 r  u_soc/g_pe[2].u_pe/u_core/core_i/id_stage_i/rdata_offset_q_reg[1]_i_1__1/CO[7]
                         net (fo=1, routed)           0.026     7.412    u_soc/g_pe[2].u_pe/u_core/core_i/id_stage_i/rdata_offset_q_reg[1]_i_1__1_n_0
    SLICE_X78Y79         CARRY8 (Prop_CARRY8_SLICEM_CI_CO[7])
                                                      0.015     7.427 r  u_soc/g_pe[2].u_pe/u_core/core_i/id_stage_i/mem_reg_0_bram_0_i_3__1/CO[7]
                         net (fo=1, routed)           0.026     7.453    u_soc/g_pe[2].u_pe/u_core/core_i/id_stage_i/mem_reg_0_bram_0_i_3__1_n_0
    SLICE_X78Y80         CARRY8 (Prop_CARRY8_SLICEM_CI_CO[7])
                                                      0.015     7.468 r  u_soc/g_pe[2].u_pe/u_core/core_i/id_stage_i/addr_q_reg[17]_i_1__1/CO[7]
                         net (fo=1, routed)           0.026     7.494    u_soc/g_pe[2].u_pe/u_core/core_i/id_stage_i/addr_q_reg[17]_i_1__1_n_0
    SLICE_X78Y81         CARRY8 (Prop_CARRY8_SLICEM_CI_O[6])
                                                      0.110     7.604 r  u_soc/g_pe[2].u_pe/u_core/core_i/id_stage_i/addr_q_reg[31]_i_2__1/O[6]
                         net (fo=13, routed)          0.488     8.092    u_soc/g_pe[2].u_pe/u_core/core_i/id_stage_i/alu_operand_a_ex_o_reg[30]_0[2]
    SLICE_X75Y93         LUT6 (Prop_C6LUT_SLICEL_I4_O)
                                                      0.146     8.238 f  u_soc/g_pe[2].u_pe/u_core/core_i/id_stage_i/d_rvalid_o_i_3__0/O
                         net (fo=5, routed)           0.367     8.605    u_soc/g_pe[2].u_pe/u_core/core_i/id_stage_i/tgt_q_reg[2]
    SLICE_X75Y91         LUT6 (Prop_G6LUT_SLICEL_I2_O)
                                                      0.050     8.655 f  u_soc/g_pe[2].u_pe/u_core/core_i/id_stage_i/mem_reg_0_bram_0_i_22__0/O
                         net (fo=4, routed)           0.331     8.986    u_soc/g_pe[2].u_pe/u_core/core_i/id_stage_i/mem_reg_0_bram_0_i_22__0_n_0
    SLICE_X74Y96         LUT5 (Prop_D6LUT_SLICEM_I4_O)
                                                      0.099     9.085 r  u_soc/g_pe[2].u_pe/u_core/core_i/id_stage_i/FSM_onehot_state_q[5]_i_4__0/O
                         net (fo=3, routed)           0.789     9.874    u_soc/g_pe[2].u_axi_ext/ex_req_2
    SLICE_X72Y103        LUT2 (Prop_B5LUT_SLICEL_I1_O)
                                                      0.116     9.990 r  u_soc/g_pe[2].u_axi_ext/i___104_i_4/O
                         net (fo=1, routed)           1.096    11.086    u_soc/g_pe[2].u_pe/u_core/core_i/id_stage_i/ex_gnt_2
    SLICE_X75Y92         LUT6 (Prop_H6LUT_SLICEL_I4_O)
                                                      0.124    11.210 r  u_soc/g_pe[2].u_pe/u_core/core_i/id_stage_i/i___104_i_1__0/O
                         net (fo=11, routed)          1.171    12.381    u_soc/g_pe[2].u_pe/u_core/core_i/id_stage_i/controller_i/i___36_i_3__0_0
    SLICE_X76Y72         LUT5 (Prop_A6LUT_SLICEL_I0_O)
                                                      0.050    12.431 r  u_soc/g_pe[2].u_pe/u_core/core_i/id_stage_i/controller_i/i___36_i_4__0/O
                         net (fo=1, routed)           0.353    12.784    u_soc/g_pe[2].u_pe/u_core/core_i/id_stage_i/controller_i/lsu_ready_ex
    SLICE_X78Y72         LUT6 (Prop_B6LUT_SLICEM_I1_O)
                                                      0.149    12.933 r  u_soc/g_pe[2].u_pe/u_core/core_i/id_stage_i/controller_i/i___36_i_3__0/O
                         net (fo=1, routed)           0.369    13.302    u_soc/g_pe[2].u_pe/u_core/core_i/ex_stage_i/mult_i/regfile_waddr_lsu[4]_i_2__1
    SLICE_X78Y62         LUT6 (Prop_G6LUT_SLICEM_I2_O)
                                                      0.123    13.425 r  u_soc/g_pe[2].u_pe/u_core/core_i/ex_stage_i/mult_i/i___36_i_2__0/O
                         net (fo=2, routed)           0.185    13.610    u_soc/g_pe[2].u_pe/u_core/core_i/ex_stage_i/mult_i/ex_valid_o03_out
    SLICE_X78Y62         LUT2 (Prop_E6LUT_SLICEM_I0_O)
                                                      0.124    13.734 r  u_soc/g_pe[2].u_pe/u_core/core_i/ex_stage_i/mult_i/i___36_i_1__0/O
                         net (fo=11, routed)          0.537    14.271    u_soc/g_pe[2].u_pe/u_core/ex_ready
    SLICE_X75Y60         LUT6 (Prop_B6LUT_SLICEL_I4_O)
                                                      0.036    14.307 r  u_soc/g_pe[2].u_pe/u_core/i___175/O
                         net (fo=7, routed)           1.299    15.606    u_soc/g_pe[2].u_pe/u_core/core_i/if_stage_i/prefetch_buffer_i/fifo_i/id_ready
    SLICE_X76Y72         LUT6 (Prop_H6LUT_SLICEL_I4_O)
                                                      0.124    15.730 r  u_soc/g_pe[2].u_pe/u_core/core_i/if_stage_i/prefetch_buffer_i/fifo_i/state[1]_i_3__1/O
                         net (fo=4, routed)           0.291    16.021    u_soc/g_pe[2].u_pe/u_core/core_i/if_stage_i/prefetch_buffer_i/fifo_i/status_cnt_q_reg[0]_1
    SLICE_X77Y71         LUT4 (Prop_B5LUT_SLICEL_I0_O)
                                                      0.116    16.137 r  u_soc/g_pe[2].u_pe/u_core/core_i/if_stage_i/prefetch_buffer_i/fifo_i/instr_rdata_id_o[31]_i_1__1/O
                         net (fo=72, routed)          0.461    16.598    u_soc/g_pe[2].u_pe/u_core/core_i/id_stage_i/controller_i/instr_valid_id_o0
    SLICE_X77Y71         LUT2 (Prop_D6LUT_SLICEL_I1_O)
                                                      0.050    16.648 r  u_soc/g_pe[2].u_pe/u_core/core_i/id_stage_i/controller_i/pc_q[31]_i_1__1/O
                         net (fo=31, routed)          1.391    18.039    u_soc/g_pe[2].u_pe/u_core/core_i/if_stage_i/aligner_i/pc_q_reg[1]_0[0]
    SLICE_X78Y50         FDCE                                         r  u_soc/g_pe[2].u_pe/u_core/core_i/if_stage_i/aligner_i/pc_q_reg[4]/CE
  -------------------------------------------------------------------    -------------------

                         (clock clk rise edge)       13.332    13.332 r  
    AH18                                              0.000    13.332 r  clk300_p_i (IN)
                         net (fo=0)                   0.079    13.411    u_ibufds/I
    HPIOBDIFFINBUF_X1Y36 DIFFINBUF (Prop_DIFFINBUF_HPIOBDIFFINBUF_DIFF_IN_P_O)
                                                      0.429    13.840 r  u_ibufds/DIFFINBUF_INST/O
                         net (fo=1, routed)           0.040    13.880    u_ibufds/OUT
    AH18                 IBUFCTRL (Prop_IBUFCTRL_HPIOB_M_I_O)
                                                      0.000    13.880 r  u_ibufds/IBUFCTRL_INST/O
                         net (fo=1, routed)           0.286    14.166    clk_ref
    BUFGCE_DIV_X1Y7      BUFGCE_DIV (Prop_BUFGCE_DIV_I_O)
                                                      0.132    14.298 r  u_bufgce_div/O
                         net (fo=3480, routed)        1.733    16.031    u_soc/g_pe[2].u_pe/u_core/core_i/sleep_unit_i/core_clock_gate_i/clk
    BUFGCE_X0Y104        BUFGCE (Prop_BUFCE_BUFGCE_I_O)
                                                      0.024    16.055 r  u_soc/g_pe[2].u_pe/u_core/core_i/sleep_unit_i/core_clock_gate_i/u_bufgce/O
    X2Y0 (CLOCK_ROOT)    net (fo=2101, routed)        2.547    18.602    u_soc/g_pe[2].u_pe/u_core/core_i/if_stage_i/aligner_i/clk_0
    SLICE_X78Y50         FDCE                                         r  u_soc/g_pe[2].u_pe/u_core/core_i/if_stage_i/aligner_i/pc_q_reg[4]/C
                         clock pessimism              0.573    19.174    
                         clock uncertainty           -0.035    19.139    
    SLICE_X78Y50         FDCE (Setup_BFF_SLICEM_C_CE)
                                                     -0.061    19.078    u_soc/g_pe[2].u_pe/u_core/core_i/if_stage_i/aligner_i/pc_q_reg[4]
  -------------------------------------------------------------------
                         required time                         19.078    
                         arrival time                         -18.039    
  -------------------------------------------------------------------
                         slack                                  1.039    

Slack (MET) :             1.039ns  (required time - arrival time)
  Source:                 u_soc/g_pe[2].u_pe/u_core/core_i/id_stage_i/alu_operand_b_ex_o_reg[5]/C
                            (rising edge-triggered cell FDCE clocked by clk  {rise@0.000ns fall@6.666ns period=13.332ns})
  Destination:            u_soc/g_pe[2].u_pe/u_core/core_i/if_stage_i/aligner_i/pc_q_reg[8]/CE
                            (rising edge-triggered cell FDCE clocked by clk  {rise@0.000ns fall@6.666ns period=13.332ns})
  Path Group:             clk
  Path Type:              Setup (Max at Slow Process Corner)
  Requirement:            13.332ns  (clk rise@13.332ns - clk rise@0.000ns)
  Data Path Delay:        12.125ns  (logic 1.807ns (14.904%)  route 10.318ns (85.096%))
  Logic Levels:           18  (CARRY8=4 LUT2=3 LUT3=1 LUT4=1 LUT5=2 LUT6=7)
  Clock Path Skew:        -0.072ns (DCD - SCD + CPR)
    Destination Clock Delay (DCD):    5.270ns = ( 18.602 - 13.332 ) 
    Source Clock Delay      (SCD):    5.914ns
    Clock Pessimism Removal (CPR):    0.573ns
  Clock Uncertainty:      0.035ns  ((TSJ^2 + TIJ^2)^1/2 + DJ) / 2 + PE
    Total System Jitter     (TSJ):    0.071ns
    Total Input Jitter      (TIJ):    0.000ns
    Discrete Jitter          (DJ):    0.000ns
    Phase Error              (PE):    0.000ns
  Clock Net Delay (Source):      2.836ns (routing 2.022ns, distribution 0.814ns)
  Clock Net Delay (Destination): 2.547ns (routing 1.840ns, distribution 0.707ns)

    Location             Delay type                Incr(ns)  Path(ns)    Netlist Resource(s)
  -------------------------------------------------------------------    -------------------
                         (clock clk rise edge)        0.000     0.000 r  
    AH18                                              0.000     0.000 r  clk300_p_i (IN)
                         net (fo=0)                   0.100     0.100    u_ibufds/I
    HPIOBDIFFINBUF_X1Y36 DIFFINBUF (Prop_DIFFINBUF_HPIOBDIFFINBUF_DIFF_IN_P_O)
                                                      0.525     0.625 r  u_ibufds/DIFFINBUF_INST/O
                         net (fo=1, routed)           0.050     0.675    u_ibufds/OUT
    AH18                 IBUFCTRL (Prop_IBUFCTRL_HPIOB_M_I_O)
                                                      0.000     0.675 r  u_ibufds/IBUFCTRL_INST/O
                         net (fo=1, routed)           0.322     0.997    clk_ref
    BUFGCE_DIV_X1Y7      BUFGCE_DIV (Prop_BUFGCE_DIV_I_O)
                                                      0.152     1.149 r  u_bufgce_div/O
                         net (fo=3480, routed)        1.901     3.050    u_soc/g_pe[2].u_pe/u_core/core_i/sleep_unit_i/core_clock_gate_i/clk
    BUFGCE_X0Y104        BUFGCE (Prop_BUFCE_BUFGCE_I_O)
                                                      0.028     3.078 r  u_soc/g_pe[2].u_pe/u_core/core_i/sleep_unit_i/core_clock_gate_i/u_bufgce/O
    X2Y0 (CLOCK_ROOT)    net (fo=2101, routed)        2.836     5.914    u_soc/g_pe[2].u_pe/u_core/core_i/id_stage_i/clk_0
    SLICE_X86Y41         FDCE                                         r  u_soc/g_pe[2].u_pe/u_core/core_i/id_stage_i/alu_operand_b_ex_o_reg[5]/C
  -------------------------------------------------------------------    -------------------
    SLICE_X86Y41         FDCE (Prop_DFF_SLICEM_C_Q)
                                                      0.078     5.992 r  u_soc/g_pe[2].u_pe/u_core/core_i/id_stage_i/alu_operand_b_ex_o_reg[5]/Q
                         net (fo=32, routed)          1.090     7.082    u_soc/g_pe[2].u_pe/u_core/core_i/id_stage_i/alu_operand_b_ex_o_reg[31]_0[5]
    SLICE_X78Y78         LUT3 (Prop_F6LUT_SLICEM_I1_O)
                                                      0.123     7.205 r  u_soc/g_pe[2].u_pe/u_core/core_i/id_stage_i/rdata_offset_q[1]_i_4__1/O
                         net (fo=1, routed)           0.022     7.227    u_soc/g_pe[2].u_pe/u_core/core_i/id_stage_i/rdata_offset_q[1]_i_4__1_n_0
    SLICE_X78Y78         CARRY8 (Prop_CARRY8_SLICEM_S[5]_CO[7])
                                                      0.159     7.386 r  u_soc/g_pe[2].u_pe/u_core/core_i/id_stage_i/rdata_offset_q_reg[1]_i_1__1/CO[7]
                         net (fo=1, routed)           0.026     7.412    u_soc/g_pe[2].u_pe/u_core/core_i/id_stage_i/rdata_offset_q_reg[1]_i_1__1_n_0
    SLICE_X78Y79         CARRY8 (Prop_CARRY8_SLICEM_CI_CO[7])
                                                      0.015     7.427 r  u_soc/g_pe[2].u_pe/u_core/core_i/id_stage_i/mem_reg_0_bram_0_i_3__1/CO[7]
                         net (fo=1, routed)           0.026     7.453    u_soc/g_pe[2].u_pe/u_core/core_i/id_stage_i/mem_reg_0_bram_0_i_3__1_n_0
    SLICE_X78Y80         CARRY8 (Prop_CARRY8_SLICEM_CI_CO[7])
                                                      0.015     7.468 r  u_soc/g_pe[2].u_pe/u_core/core_i/id_stage_i/addr_q_reg[17]_i_1__1/CO[7]
                         net (fo=1, routed)           0.026     7.494    u_soc/g_pe[2].u_pe/u_core/core_i/id_stage_i/addr_q_reg[17]_i_1__1_n_0
    SLICE_X78Y81         CARRY8 (Prop_CARRY8_SLICEM_CI_O[6])
                                                      0.110     7.604 r  u_soc/g_pe[2].u_pe/u_core/core_i/id_stage_i/addr_q_reg[31]_i_2__1/O[6]
                         net (fo=13, routed)          0.488     8.092    u_soc/g_pe[2].u_pe/u_core/core_i/id_stage_i/alu_operand_a_ex_o_reg[30]_0[2]
    SLICE_X75Y93         LUT6 (Prop_C6LUT_SLICEL_I4_O)
                                                      0.146     8.238 f  u_soc/g_pe[2].u_pe/u_core/core_i/id_stage_i/d_rvalid_o_i_3__0/O
                         net (fo=5, routed)           0.367     8.605    u_soc/g_pe[2].u_pe/u_core/core_i/id_stage_i/tgt_q_reg[2]
    SLICE_X75Y91         LUT6 (Prop_G6LUT_SLICEL_I2_O)
                                                      0.050     8.655 f  u_soc/g_pe[2].u_pe/u_core/core_i/id_stage_i/mem_reg_0_bram_0_i_22__0/O
                         net (fo=4, routed)           0.331     8.986    u_soc/g_pe[2].u_pe/u_core/core_i/id_stage_i/mem_reg_0_bram_0_i_22__0_n_0
    SLICE_X74Y96         LUT5 (Prop_D6LUT_SLICEM_I4_O)
                                                      0.099     9.085 r  u_soc/g_pe[2].u_pe/u_core/core_i/id_stage_i/FSM_onehot_state_q[5]_i_4__0/O
                         net (fo=3, routed)           0.789     9.874    u_soc/g_pe[2].u_axi_ext/ex_req_2
    SLICE_X72Y103        LUT2 (Prop_B5LUT_SLICEL_I1_O)
                                                      0.116     9.990 r  u_soc/g_pe[2].u_axi_ext/i___104_i_4/O
                         net (fo=1, routed)           1.096    11.086    u_soc/g_pe[2].u_pe/u_core/core_i/id_stage_i/ex_gnt_2
    SLICE_X75Y92         LUT6 (Prop_H6LUT_SLICEL_I4_O)
                                                      0.124    11.210 r  u_soc/g_pe[2].u_pe/u_core/core_i/id_stage_i/i___104_i_1__0/O
                         net (fo=11, routed)          1.171    12.381    u_soc/g_pe[2].u_pe/u_core/core_i/id_stage_i/controller_i/i___36_i_3__0_0
    SLICE_X76Y72         LUT5 (Prop_A6LUT_SLICEL_I0_O)
                                                      0.050    12.431 r  u_soc/g_pe[2].u_pe/u_core/core_i/id_stage_i/controller_i/i___36_i_4__0/O
                         net (fo=1, routed)           0.353    12.784    u_soc/g_pe[2].u_pe/u_core/core_i/id_stage_i/controller_i/lsu_ready_ex
    SLICE_X78Y72         LUT6 (Prop_B6LUT_SLICEM_I1_O)
                                                      0.149    12.933 r  u_soc/g_pe[2].u_pe/u_core/core_i/id_stage_i/controller_i/i___36_i_3__0/O
                         net (fo=1, routed)           0.369    13.302    u_soc/g_pe[2].u_pe/u_core/core_i/ex_stage_i/mult_i/regfile_waddr_lsu[4]_i_2__1
    SLICE_X78Y62         LUT6 (Prop_G6LUT_SLICEM_I2_O)
                                                      0.123    13.425 r  u_soc/g_pe[2].u_pe/u_core/core_i/ex_stage_i/mult_i/i___36_i_2__0/O
                         net (fo=2, routed)           0.185    13.610    u_soc/g_pe[2].u_pe/u_core/core_i/ex_stage_i/mult_i/ex_valid_o03_out
    SLICE_X78Y62         LUT2 (Prop_E6LUT_SLICEM_I0_O)
                                                      0.124    13.734 r  u_soc/g_pe[2].u_pe/u_core/core_i/ex_stage_i/mult_i/i___36_i_1__0/O
                         net (fo=11, routed)          0.537    14.271    u_soc/g_pe[2].u_pe/u_core/ex_ready
    SLICE_X75Y60         LUT6 (Prop_B6LUT_SLICEL_I4_O)
                                                      0.036    14.307 r  u_soc/g_pe[2].u_pe/u_core/i___175/O
                         net (fo=7, routed)           1.299    15.606    u_soc/g_pe[2].u_pe/u_core/core_i/if_stage_i/prefetch_buffer_i/fifo_i/id_ready
    SLICE_X76Y72         LUT6 (Prop_H6LUT_SLICEL_I4_O)
                                                      0.124    15.730 r  u_soc/g_pe[2].u_pe/u_core/core_i/if_stage_i/prefetch_buffer_i/fifo_i/state[1]_i_3__1/O
                         net (fo=4, routed)           0.291    16.021    u_soc/g_pe[2].u_pe/u_core/core_i/if_stage_i/prefetch_buffer_i/fifo_i/status_cnt_q_reg[0]_1
    SLICE_X77Y71         LUT4 (Prop_B5LUT_SLICEL_I0_O)
                                                      0.116    16.137 r  u_soc/g_pe[2].u_pe/u_core/core_i/if_stage_i/prefetch_buffer_i/fifo_i/instr_rdata_id_o[31]_i_1__1/O
                         net (fo=72, routed)          0.461    16.598    u_soc/g_pe[2].u_pe/u_core/core_i/id_stage_i/controller_i/instr_valid_id_o0
    SLICE_X77Y71         LUT2 (Prop_D6LUT_SLICEL_I1_O)
                                                      0.050    16.648 r  u_soc/g_pe[2].u_pe/u_core/core_i/id_stage_i/controller_i/pc_q[31]_i_1__1/O
                         net (fo=31, routed)          1.391    18.039    u_soc/g_pe[2].u_pe/u_core/core_i/if_stage_i/aligner_i/pc_q_reg[1]_0[0]
    SLICE_X78Y50         FDCE                                         r  u_soc/g_pe[2].u_pe/u_core/core_i/if_stage_i/aligner_i/pc_q_reg[8]/CE
  -------------------------------------------------------------------    -------------------

                         (clock clk rise edge)       13.332    13.332 r  
    AH18                                              0.000    13.332 r  clk300_p_i (IN)
                         net (fo=0)                   0.079    13.411    u_ibufds/I
    HPIOBDIFFINBUF_X1Y36 DIFFINBUF (Prop_DIFFINBUF_HPIOBDIFFINBUF_DIFF_IN_P_O)
                                                      0.429    13.840 r  u_ibufds/DIFFINBUF_INST/O
                         net (fo=1, routed)           0.040    13.880    u_ibufds/OUT
    AH18                 IBUFCTRL (Prop_IBUFCTRL_HPIOB_M_I_O)
                                                      0.000    13.880 r  u_ibufds/IBUFCTRL_INST/O
                         net (fo=1, routed)           0.286    14.166    clk_ref
    BUFGCE_DIV_X1Y7      BUFGCE_DIV (Prop_BUFGCE_DIV_I_O)
                                                      0.132    14.298 r  u_bufgce_div/O
                         net (fo=3480, routed)        1.733    16.031    u_soc/g_pe[2].u_pe/u_core/core_i/sleep_unit_i/core_clock_gate_i/clk
    BUFGCE_X0Y104        BUFGCE (Prop_BUFCE_BUFGCE_I_O)
                                                      0.024    16.055 r  u_soc/g_pe[2].u_pe/u_core/core_i/sleep_unit_i/core_clock_gate_i/u_bufgce/O
    X2Y0 (CLOCK_ROOT)    net (fo=2101, routed)        2.547    18.602    u_soc/g_pe[2].u_pe/u_core/core_i/if_stage_i/aligner_i/clk_0
    SLICE_X78Y50         FDCE                                         r  u_soc/g_pe[2].u_pe/u_core/core_i/if_stage_i/aligner_i/pc_q_reg[8]/C
                         clock pessimism              0.573    19.174    
                         clock uncertainty           -0.035    19.139    
    SLICE_X78Y50         FDCE (Setup_AFF_SLICEM_C_CE)
                                                     -0.061    19.078    u_soc/g_pe[2].u_pe/u_core/core_i/if_stage_i/aligner_i/pc_q_reg[8]
  -------------------------------------------------------------------
                         required time                         19.078    
                         arrival time                         -18.039    
  -------------------------------------------------------------------
                         slack                                  1.039    

Slack (MET) :             1.054ns  (required time - arrival time)
  Source:                 u_soc/g_pe[2].u_pe/u_core/core_i/id_stage_i/alu_operand_b_ex_o_reg[5]/C
                            (rising edge-triggered cell FDCE clocked by clk  {rise@0.000ns fall@6.666ns period=13.332ns})
  Destination:            u_soc/g_pe[2].u_pe/u_core/core_i/if_stage_i/aligner_i/pc_q_reg[30]/CE
                            (rising edge-triggered cell FDCE clocked by clk  {rise@0.000ns fall@6.666ns period=13.332ns})
  Path Group:             clk
  Path Type:              Setup (Max at Slow Process Corner)
  Requirement:            13.332ns  (clk rise@13.332ns - clk rise@0.000ns)
  Data Path Delay:        12.111ns  (logic 1.807ns (14.920%)  route 10.304ns (85.080%))
  Logic Levels:           18  (CARRY8=4 LUT2=3 LUT3=1 LUT4=1 LUT5=2 LUT6=7)
  Clock Path Skew:        -0.070ns (DCD - SCD + CPR)
    Destination Clock Delay (DCD):    5.272ns = ( 18.604 - 13.332 ) 
    Source Clock Delay      (SCD):    5.914ns
    Clock Pessimism Removal (CPR):    0.573ns
  Clock Uncertainty:      0.035ns  ((TSJ^2 + TIJ^2)^1/2 + DJ) / 2 + PE
    Total System Jitter     (TSJ):    0.071ns
    Total Input Jitter      (TIJ):    0.000ns
    Discrete Jitter          (DJ):    0.000ns
    Phase Error              (PE):    0.000ns
  Clock Net Delay (Source):      2.836ns (routing 2.022ns, distribution 0.814ns)
  Clock Net Delay (Destination): 2.549ns (routing 1.840ns, distribution 0.709ns)

    Location             Delay type                Incr(ns)  Path(ns)    Netlist Resource(s)
  -------------------------------------------------------------------    -------------------
                         (clock clk rise edge)        0.000     0.000 r  
    AH18                                              0.000     0.000 r  clk300_p_i (IN)
                         net (fo=0)                   0.100     0.100    u_ibufds/I
    HPIOBDIFFINBUF_X1Y36 DIFFINBUF (Prop_DIFFINBUF_HPIOBDIFFINBUF_DIFF_IN_P_O)
                                                      0.525     0.625 r  u_ibufds/DIFFINBUF_INST/O
                         net (fo=1, routed)           0.050     0.675    u_ibufds/OUT
    AH18                 IBUFCTRL (Prop_IBUFCTRL_HPIOB_M_I_O)
                                                      0.000     0.675 r  u_ibufds/IBUFCTRL_INST/O
                         net (fo=1, routed)           0.322     0.997    clk_ref
    BUFGCE_DIV_X1Y7      BUFGCE_DIV (Prop_BUFGCE_DIV_I_O)
                                                      0.152     1.149 r  u_bufgce_div/O
                         net (fo=3480, routed)        1.901     3.050    u_soc/g_pe[2].u_pe/u_core/core_i/sleep_unit_i/core_clock_gate_i/clk
    BUFGCE_X0Y104        BUFGCE (Prop_BUFCE_BUFGCE_I_O)
                                                      0.028     3.078 r  u_soc/g_pe[2].u_pe/u_core/core_i/sleep_unit_i/core_clock_gate_i/u_bufgce/O
    X2Y0 (CLOCK_ROOT)    net (fo=2101, routed)        2.836     5.914    u_soc/g_pe[2].u_pe/u_core/core_i/id_stage_i/clk_0
    SLICE_X86Y41         FDCE                                         r  u_soc/g_pe[2].u_pe/u_core/core_i/id_stage_i/alu_operand_b_ex_o_reg[5]/C
  -------------------------------------------------------------------    -------------------
    SLICE_X86Y41         FDCE (Prop_DFF_SLICEM_C_Q)
                                                      0.078     5.992 r  u_soc/g_pe[2].u_pe/u_core/core_i/id_stage_i/alu_operand_b_ex_o_reg[5]/Q
                         net (fo=32, routed)          1.090     7.082    u_soc/g_pe[2].u_pe/u_core/core_i/id_stage_i/alu_operand_b_ex_o_reg[31]_0[5]
    SLICE_X78Y78         LUT3 (Prop_F6LUT_SLICEM_I1_O)
                                                      0.123     7.205 r  u_soc/g_pe[2].u_pe/u_core/core_i/id_stage_i/rdata_offset_q[1]_i_4__1/O
                         net (fo=1, routed)           0.022     7.227    u_soc/g_pe[2].u_pe/u_core/core_i/id_stage_i/rdata_offset_q[1]_i_4__1_n_0
    SLICE_X78Y78         CARRY8 (Prop_CARRY8_SLICEM_S[5]_CO[7])
                                                      0.159     7.386 r  u_soc/g_pe[2].u_pe/u_core/core_i/id_stage_i/rdata_offset_q_reg[1]_i_1__1/CO[7]
                         net (fo=1, routed)           0.026     7.412    u_soc/g_pe[2].u_pe/u_core/core_i/id_stage_i/rdata_offset_q_reg[1]_i_1__1_n_0
    SLICE_X78Y79         CARRY8 (Prop_CARRY8_SLICEM_CI_CO[7])
                                                      0.015     7.427 r  u_soc/g_pe[2].u_pe/u_core/core_i/id_stage_i/mem_reg_0_bram_0_i_3__1/CO[7]
                         net (fo=1, routed)           0.026     7.453    u_soc/g_pe[2].u_pe/u_core/core_i/id_stage_i/mem_reg_0_bram_0_i_3__1_n_0
    SLICE_X78Y80         CARRY8 (Prop_CARRY8_SLICEM_CI_CO[7])
                                                      0.015     7.468 r  u_soc/g_pe[2].u_pe/u_core/core_i/id_stage_i/addr_q_reg[17]_i_1__1/CO[7]
                         net (fo=1, routed)           0.026     7.494    u_soc/g_pe[2].u_pe/u_core/core_i/id_stage_i/addr_q_reg[17]_i_1__1_n_0
    SLICE_X78Y81         CARRY8 (Prop_CARRY8_SLICEM_CI_O[6])
                                                      0.110     7.604 r  u_soc/g_pe[2].u_pe/u_core/core_i/id_stage_i/addr_q_reg[31]_i_2__1/O[6]
                         net (fo=13, routed)          0.488     8.092    u_soc/g_pe[2].u_pe/u_core/core_i/id_stage_i/alu_operand_a_ex_o_reg[30]_0[2]
    SLICE_X75Y93         LUT6 (Prop_C6LUT_SLICEL_I4_O)
                                                      0.146     8.238 f  u_soc/g_pe[2].u_pe/u_core/core_i/id_stage_i/d_rvalid_o_i_3__0/O
                         net (fo=5, routed)           0.367     8.605    u_soc/g_pe[2].u_pe/u_core/core_i/id_stage_i/tgt_q_reg[2]
    SLICE_X75Y91         LUT6 (Prop_G6LUT_SLICEL_I2_O)
                                                      0.050     8.655 f  u_soc/g_pe[2].u_pe/u_core/core_i/id_stage_i/mem_reg_0_bram_0_i_22__0/O
                         net (fo=4, routed)           0.331     8.986    u_soc/g_pe[2].u_pe/u_core/core_i/id_stage_i/mem_reg_0_bram_0_i_22__0_n_0
    SLICE_X74Y96         LUT5 (Prop_D6LUT_SLICEM_I4_O)
                                                      0.099     9.085 r  u_soc/g_pe[2].u_pe/u_core/core_i/id_stage_i/FSM_onehot_state_q[5]_i_4__0/O
                         net (fo=3, routed)           0.789     9.874    u_soc/g_pe[2].u_axi_ext/ex_req_2
    SLICE_X72Y103        LUT2 (Prop_B5LUT_SLICEL_I1_O)
                                                      0.116     9.990 r  u_soc/g_pe[2].u_axi_ext/i___104_i_4/O
                         net (fo=1, routed)           1.096    11.086    u_soc/g_pe[2].u_pe/u_core/core_i/id_stage_i/ex_gnt_2
    SLICE_X75Y92         LUT6 (Prop_H6LUT_SLICEL_I4_O)
                                                      0.124    11.210 r  u_soc/g_pe[2].u_pe/u_core/core_i/id_stage_i/i___104_i_1__0/O
                         net (fo=11, routed)          1.171    12.381    u_soc/g_pe[2].u_pe/u_core/core_i/id_stage_i/controller_i/i___36_i_3__0_0
    SLICE_X76Y72         LUT5 (Prop_A6LUT_SLICEL_I0_O)
                                                      0.050    12.431 r  u_soc/g_pe[2].u_pe/u_core/core_i/id_stage_i/controller_i/i___36_i_4__0/O
                         net (fo=1, routed)           0.353    12.784    u_soc/g_pe[2].u_pe/u_core/core_i/id_stage_i/controller_i/lsu_ready_ex
    SLICE_X78Y72         LUT6 (Prop_B6LUT_SLICEM_I1_O)
                                                      0.149    12.933 r  u_soc/g_pe[2].u_pe/u_core/core_i/id_stage_i/controller_i/i___36_i_3__0/O
                         net (fo=1, routed)           0.369    13.302    u_soc/g_pe[2].u_pe/u_core/core_i/ex_stage_i/mult_i/regfile_waddr_lsu[4]_i_2__1
    SLICE_X78Y62         LUT6 (Prop_G6LUT_SLICEM_I2_O)
                                                      0.123    13.425 r  u_soc/g_pe[2].u_pe/u_core/core_i/ex_stage_i/mult_i/i___36_i_2__0/O
                         net (fo=2, routed)           0.185    13.610    u_soc/g_pe[2].u_pe/u_core/core_i/ex_stage_i/mult_i/ex_valid_o03_out
    SLICE_X78Y62         LUT2 (Prop_E6LUT_SLICEM_I0_O)
                                                      0.124    13.734 r  u_soc/g_pe[2].u_pe/u_core/core_i/ex_stage_i/mult_i/i___36_i_1__0/O
                         net (fo=11, routed)          0.537    14.271    u_soc/g_pe[2].u_pe/u_core/ex_ready
    SLICE_X75Y60         LUT6 (Prop_B6LUT_SLICEL_I4_O)
                                                      0.036    14.307 r  u_soc/g_pe[2].u_pe/u_core/i___175/O
                         net (fo=7, routed)           1.299    15.606    u_soc/g_pe[2].u_pe/u_core/core_i/if_stage_i/prefetch_buffer_i/fifo_i/id_ready
    SLICE_X76Y72         LUT6 (Prop_H6LUT_SLICEL_I4_O)
                                                      0.124    15.730 r  u_soc/g_pe[2].u_pe/u_core/core_i/if_stage_i/prefetch_buffer_i/fifo_i/state[1]_i_3__1/O
                         net (fo=4, routed)           0.291    16.021    u_soc/g_pe[2].u_pe/u_core/core_i/if_stage_i/prefetch_buffer_i/fifo_i/status_cnt_q_reg[0]_1
    SLICE_X77Y71         LUT4 (Prop_B5LUT_SLICEL_I0_O)
                                                      0.116    16.137 r  u_soc/g_pe[2].u_pe/u_core/core_i/if_stage_i/prefetch_buffer_i/fifo_i/instr_rdata_id_o[31]_i_1__1/O
                         net (fo=72, routed)          0.461    16.598    u_soc/g_pe[2].u_pe/u_core/core_i/id_stage_i/controller_i/instr_valid_id_o0
    SLICE_X77Y71         LUT2 (Prop_D6LUT_SLICEL_I1_O)
                                                      0.050    16.648 r  u_soc/g_pe[2].u_pe/u_core/core_i/id_stage_i/controller_i/pc_q[31]_i_1__1/O
                         net (fo=31, routed)          1.377    18.026    u_soc/g_pe[2].u_pe/u_core/core_i/if_stage_i/aligner_i/pc_q_reg[1]_0[0]
    SLICE_X78Y54         FDCE                                         r  u_soc/g_pe[2].u_pe/u_core/core_i/if_stage_i/aligner_i/pc_q_reg[30]/CE
  -------------------------------------------------------------------    -------------------

                         (clock clk rise edge)       13.332    13.332 r  
    AH18                                              0.000    13.332 r  clk300_p_i (IN)
                         net (fo=0)                   0.079    13.411    u_ibufds/I
    HPIOBDIFFINBUF_X1Y36 DIFFINBUF (Prop_DIFFINBUF_HPIOBDIFFINBUF_DIFF_IN_P_O)
                                                      0.429    13.840 r  u_ibufds/DIFFINBUF_INST/O
                         net (fo=1, routed)           0.040    13.880    u_ibufds/OUT
    AH18                 IBUFCTRL (Prop_IBUFCTRL_HPIOB_M_I_O)
                                                      0.000    13.880 r  u_ibufds/IBUFCTRL_INST/O
                         net (fo=1, routed)           0.286    14.166    clk_ref
    BUFGCE_DIV_X1Y7      BUFGCE_DIV (Prop_BUFGCE_DIV_I_O)
                                                      0.132    14.298 r  u_bufgce_div/O
                         net (fo=3480, routed)        1.733    16.031    u_soc/g_pe[2].u_pe/u_core/core_i/sleep_unit_i/core_clock_gate_i/clk
    BUFGCE_X0Y104        BUFGCE (Prop_BUFCE_BUFGCE_I_O)
                                                      0.024    16.055 r  u_soc/g_pe[2].u_pe/u_core/core_i/sleep_unit_i/core_clock_gate_i/u_bufgce/O
    X2Y0 (CLOCK_ROOT)    net (fo=2101, routed)        2.549    18.604    u_soc/g_pe[2].u_pe/u_core/core_i/if_stage_i/aligner_i/clk_0
    SLICE_X78Y54         FDCE                                         r  u_soc/g_pe[2].u_pe/u_core/core_i/if_stage_i/aligner_i/pc_q_reg[30]/C
                         clock pessimism              0.573    19.176    
                         clock uncertainty           -0.035    19.141    
    SLICE_X78Y54         FDCE (Setup_DFF_SLICEM_C_CE)
                                                     -0.061    19.080    u_soc/g_pe[2].u_pe/u_core/core_i/if_stage_i/aligner_i/pc_q_reg[30]
  -------------------------------------------------------------------
                         required time                         19.080    
                         arrival time                         -18.026    
  -------------------------------------------------------------------
                         slack                                  1.054    





Min Delay Paths
--------------------------------------------------------------------------------------
Slack (MET) :             0.010ns  (arrival time - required time)
  Source:                 u_soc/g_nodcache.g_bypass[0].u_bypass/addr_q_reg[13]/C
                            (rising edge-triggered cell FDCE clocked by clk  {rise@0.000ns fall@6.666ns period=13.332ns})
  Destination:            u_soc/g_pe[0].u_axi_dcu/r_addr_q_reg[13]/D
                            (rising edge-triggered cell FDCE clocked by clk  {rise@0.000ns fall@6.666ns period=13.332ns})
  Path Group:             clk
  Path Type:              Hold (Min at Slow Process Corner)
  Requirement:            0.000ns  (clk rise@0.000ns - clk rise@0.000ns)
  Data Path Delay:        0.178ns  (logic 0.058ns (32.582%)  route 0.120ns (67.418%))
  Logic Levels:           0  
  Clock Path Skew:        0.108ns (DCD - SCD - CPR)
    Destination Clock Delay (DCD):    3.338ns
    Source Clock Delay      (SCD):    2.898ns
    Clock Pessimism Removal (CPR):    0.332ns
  Clock Net Delay (Source):      1.932ns (routing 0.732ns, distribution 1.200ns)
  Clock Net Delay (Destination): 2.189ns (routing 0.803ns, distribution 1.386ns)

    Location             Delay type                Incr(ns)  Path(ns)    Netlist Resource(s)
  -------------------------------------------------------------------    -------------------
                         (clock clk rise edge)        0.000     0.000 r  
    AH18                                              0.000     0.000 r  clk300_p_i (IN)
                         net (fo=0)                   0.079     0.079    u_ibufds/I
    HPIOBDIFFINBUF_X1Y36 DIFFINBUF (Prop_DIFFINBUF_HPIOBDIFFINBUF_DIFF_IN_P_O)
                                                      0.429     0.508 r  u_ibufds/DIFFINBUF_INST/O
                         net (fo=1, routed)           0.040     0.548    u_ibufds/OUT
    AH18                 IBUFCTRL (Prop_IBUFCTRL_HPIOB_M_I_O)
                                                      0.000     0.548 r  u_ibufds/IBUFCTRL_INST/O
                         net (fo=1, routed)           0.286     0.834    clk_ref
    BUFGCE_DIV_X1Y7      BUFGCE_DIV (Prop_BUFGCE_DIV_I_O)
                                                      0.132     0.966 r  u_bufgce_div/O
    X1Y2 (CLOCK_ROOT)    net (fo=3480, routed)        1.932     2.898    u_soc/g_nodcache.g_bypass[0].u_bypass/clk
    SLICE_X83Y117        FDCE                                         r  u_soc/g_nodcache.g_bypass[0].u_bypass/addr_q_reg[13]/C
  -------------------------------------------------------------------    -------------------
    SLICE_X83Y117        FDCE (Prop_EFF_SLICEM_C_Q)
                                                      0.058     2.956 r  u_soc/g_nodcache.g_bypass[0].u_bypass/addr_q_reg[13]/Q
                         net (fo=2, routed)           0.120     3.076    u_soc/g_pe[0].u_axi_dcu/w_addr_q_reg[31]_1[13]
    SLICE_X82Y117        FDCE                                         r  u_soc/g_pe[0].u_axi_dcu/r_addr_q_reg[13]/D
  -------------------------------------------------------------------    -------------------

                         (clock clk rise edge)        0.000     0.000 r  
    AH18                                              0.000     0.000 r  clk300_p_i (IN)
                         net (fo=0)                   0.100     0.100    u_ibufds/I
    HPIOBDIFFINBUF_X1Y36 DIFFINBUF (Prop_DIFFINBUF_HPIOBDIFFINBUF_DIFF_IN_P_O)
                                                      0.525     0.625 r  u_ibufds/DIFFINBUF_INST/O
                         net (fo=1, routed)           0.050     0.675    u_ibufds/OUT
    AH18                 IBUFCTRL (Prop_IBUFCTRL_HPIOB_M_I_O)
                                                      0.000     0.675 r  u_ibufds/IBUFCTRL_INST/O
                         net (fo=1, routed)           0.322     0.997    clk_ref
    BUFGCE_DIV_X1Y7      BUFGCE_DIV (Prop_BUFGCE_DIV_I_O)
                                                      0.152     1.149 r  u_bufgce_div/O
    X1Y2 (CLOCK_ROOT)    net (fo=3480, routed)        2.189     3.338    u_soc/g_pe[0].u_axi_dcu/clk
    SLICE_X82Y117        FDCE                                         r  u_soc/g_pe[0].u_axi_dcu/r_addr_q_reg[13]/C
                         clock pessimism             -0.332     3.006    
    SLICE_X82Y117        FDCE (Hold_DFF_SLICEL_C_D)
                                                      0.060     3.066    u_soc/g_pe[0].u_axi_dcu/r_addr_q_reg[13]
  -------------------------------------------------------------------
                         required time                         -3.066    
                         arrival time                           3.076    
  -------------------------------------------------------------------
                         slack                                  0.010    

Slack (MET) :             0.011ns  (arrival time - required time)
  Source:                 u_soc/g_pe[1].u_axi_dcu/r_line_q_reg[21]/C
                            (rising edge-triggered cell FDCE clocked by clk  {rise@0.000ns fall@6.666ns period=13.332ns})
  Destination:            u_soc/g_nodcache.g_bypass[1].u_bypass/core_rdata_o_reg[21]/D
                            (rising edge-triggered cell FDCE clocked by clk  {rise@0.000ns fall@6.666ns period=13.332ns})
  Path Group:             clk
  Path Type:              Hold (Min at Slow Process Corner)
  Requirement:            0.000ns  (clk rise@0.000ns - clk rise@0.000ns)
  Data Path Delay:        0.165ns  (logic 0.059ns (35.758%)  route 0.106ns (64.242%))
  Logic Levels:           0  
  Clock Path Skew:        0.092ns (DCD - SCD - CPR)
    Destination Clock Delay (DCD):    3.309ns
    Source Clock Delay      (SCD):    2.885ns
    Clock Pessimism Removal (CPR):    0.332ns
  Clock Net Delay (Source):      1.919ns (routing 0.732ns, distribution 1.187ns)
  Clock Net Delay (Destination): 2.160ns (routing 0.803ns, distribution 1.357ns)

    Location             Delay type                Incr(ns)  Path(ns)    Netlist Resource(s)
  -------------------------------------------------------------------    -------------------
                         (clock clk rise edge)        0.000     0.000 r  
    AH18                                              0.000     0.000 r  clk300_p_i (IN)
                         net (fo=0)                   0.079     0.079    u_ibufds/I
    HPIOBDIFFINBUF_X1Y36 DIFFINBUF (Prop_DIFFINBUF_HPIOBDIFFINBUF_DIFF_IN_P_O)
                                                      0.429     0.508 r  u_ibufds/DIFFINBUF_INST/O
                         net (fo=1, routed)           0.040     0.548    u_ibufds/OUT
    AH18                 IBUFCTRL (Prop_IBUFCTRL_HPIOB_M_I_O)
                                                      0.000     0.548 r  u_ibufds/IBUFCTRL_INST/O
                         net (fo=1, routed)           0.286     0.834    clk_ref
    BUFGCE_DIV_X1Y7      BUFGCE_DIV (Prop_BUFGCE_DIV_I_O)
                                                      0.132     0.966 r  u_bufgce_div/O
    X1Y2 (CLOCK_ROOT)    net (fo=3480, routed)        1.919     2.885    u_soc/g_pe[1].u_axi_dcu/clk
    SLICE_X76Y90         FDCE                                         r  u_soc/g_pe[1].u_axi_dcu/r_line_q_reg[21]/C
  -------------------------------------------------------------------    -------------------
    SLICE_X76Y90         FDCE (Prop_GFF_SLICEL_C_Q)
                                                      0.059     2.944 r  u_soc/g_pe[1].u_axi_dcu/r_line_q_reg[21]/Q
                         net (fo=1, routed)           0.106     3.050    u_soc/g_nodcache.g_bypass[1].u_bypass/core_rdata_o_reg[31]_1[21]
    SLICE_X75Y90         FDCE                                         r  u_soc/g_nodcache.g_bypass[1].u_bypass/core_rdata_o_reg[21]/D
  -------------------------------------------------------------------    -------------------

                         (clock clk rise edge)        0.000     0.000 r  
    AH18                                              0.000     0.000 r  clk300_p_i (IN)
                         net (fo=0)                   0.100     0.100    u_ibufds/I
    HPIOBDIFFINBUF_X1Y36 DIFFINBUF (Prop_DIFFINBUF_HPIOBDIFFINBUF_DIFF_IN_P_O)
                                                      0.525     0.625 r  u_ibufds/DIFFINBUF_INST/O
                         net (fo=1, routed)           0.050     0.675    u_ibufds/OUT
    AH18                 IBUFCTRL (Prop_IBUFCTRL_HPIOB_M_I_O)
                                                      0.000     0.675 r  u_ibufds/IBUFCTRL_INST/O
                         net (fo=1, routed)           0.322     0.997    clk_ref
    BUFGCE_DIV_X1Y7      BUFGCE_DIV (Prop_BUFGCE_DIV_I_O)
                                                      0.152     1.149 r  u_bufgce_div/O
    X1Y2 (CLOCK_ROOT)    net (fo=3480, routed)        2.160     3.309    u_soc/g_nodcache.g_bypass[1].u_bypass/clk
    SLICE_X75Y90         FDCE                                         r  u_soc/g_nodcache.g_bypass[1].u_bypass/core_rdata_o_reg[21]/C
                         clock pessimism             -0.332     2.977    
    SLICE_X75Y90         FDCE (Hold_BFF2_SLICEL_C_D)
                                                      0.062     3.039    u_soc/g_nodcache.g_bypass[1].u_bypass/core_rdata_o_reg[21]
  -------------------------------------------------------------------
                         required time                         -3.039    
                         arrival time                           3.050    
  -------------------------------------------------------------------
                         slack                                  0.011    

Slack (MET) :             0.012ns  (arrival time - required time)
  Source:                 u_soc/g_nodcache.g_bypass[0].u_bypass/addr_q_reg[9]/C
                            (rising edge-triggered cell FDCE clocked by clk  {rise@0.000ns fall@6.666ns period=13.332ns})
  Destination:            u_soc/g_pe[0].u_axi_dcu/r_addr_q_reg[9]/D
                            (rising edge-triggered cell FDCE clocked by clk  {rise@0.000ns fall@6.666ns period=13.332ns})
  Path Group:             clk
  Path Type:              Hold (Min at Slow Process Corner)
  Requirement:            0.000ns  (clk rise@0.000ns - clk rise@0.000ns)
  Data Path Delay:        0.184ns  (logic 0.058ns (31.520%)  route 0.126ns (68.480%))
  Logic Levels:           0  
  Clock Path Skew:        0.112ns (DCD - SCD - CPR)
    Destination Clock Delay (DCD):    3.342ns
    Source Clock Delay      (SCD):    2.898ns
    Clock Pessimism Removal (CPR):    0.332ns
  Clock Net Delay (Source):      1.932ns (routing 0.732ns, distribution 1.200ns)
  Clock Net Delay (Destination): 2.193ns (routing 0.803ns, distribution 1.390ns)

    Location             Delay type                Incr(ns)  Path(ns)    Netlist Resource(s)
  -------------------------------------------------------------------    -------------------
                         (clock clk rise edge)        0.000     0.000 r  
    AH18                                              0.000     0.000 r  clk300_p_i (IN)
                         net (fo=0)                   0.079     0.079    u_ibufds/I
    HPIOBDIFFINBUF_X1Y36 DIFFINBUF (Prop_DIFFINBUF_HPIOBDIFFINBUF_DIFF_IN_P_O)
                                                      0.429     0.508 r  u_ibufds/DIFFINBUF_INST/O
                         net (fo=1, routed)           0.040     0.548    u_ibufds/OUT
    AH18                 IBUFCTRL (Prop_IBUFCTRL_HPIOB_M_I_O)
                                                      0.000     0.548 r  u_ibufds/IBUFCTRL_INST/O
                         net (fo=1, routed)           0.286     0.834    clk_ref
    BUFGCE_DIV_X1Y7      BUFGCE_DIV (Prop_BUFGCE_DIV_I_O)
                                                      0.132     0.966 r  u_bufgce_div/O
    X1Y2 (CLOCK_ROOT)    net (fo=3480, routed)        1.932     2.898    u_soc/g_nodcache.g_bypass[0].u_bypass/clk
    SLICE_X83Y114        FDCE                                         r  u_soc/g_nodcache.g_bypass[0].u_bypass/addr_q_reg[9]/C
  -------------------------------------------------------------------    -------------------
    SLICE_X83Y114        FDCE (Prop_EFF_SLICEM_C_Q)
                                                      0.058     2.956 r  u_soc/g_nodcache.g_bypass[0].u_bypass/addr_q_reg[9]/Q
                         net (fo=2, routed)           0.126     3.082    u_soc/g_pe[0].u_axi_dcu/w_addr_q_reg[31]_1[9]
    SLICE_X81Y115        FDCE                                         r  u_soc/g_pe[0].u_axi_dcu/r_addr_q_reg[9]/D
  -------------------------------------------------------------------    -------------------

                         (clock clk rise edge)        0.000     0.000 r  
    AH18                                              0.000     0.000 r  clk300_p_i (IN)
                         net (fo=0)                   0.100     0.100    u_ibufds/I
    HPIOBDIFFINBUF_X1Y36 DIFFINBUF (Prop_DIFFINBUF_HPIOBDIFFINBUF_DIFF_IN_P_O)
                                                      0.525     0.625 r  u_ibufds/DIFFINBUF_INST/O
                         net (fo=1, routed)           0.050     0.675    u_ibufds/OUT
    AH18                 IBUFCTRL (Prop_IBUFCTRL_HPIOB_M_I_O)
                                                      0.000     0.675 r  u_ibufds/IBUFCTRL_INST/O
                         net (fo=1, routed)           0.322     0.997    clk_ref
    BUFGCE_DIV_X1Y7      BUFGCE_DIV (Prop_BUFGCE_DIV_I_O)
                                                      0.152     1.149 r  u_bufgce_div/O
    X1Y2 (CLOCK_ROOT)    net (fo=3480, routed)        2.193     3.342    u_soc/g_pe[0].u_axi_dcu/clk
    SLICE_X81Y115        FDCE                                         r  u_soc/g_pe[0].u_axi_dcu/r_addr_q_reg[9]/C
                         clock pessimism             -0.332     3.010    
    SLICE_X81Y115        FDCE (Hold_HFF_SLICEM_C_D)
                                                      0.060     3.070    u_soc/g_pe[0].u_axi_dcu/r_addr_q_reg[9]
  -------------------------------------------------------------------
                         required time                         -3.070    
                         arrival time                           3.082    
  -------------------------------------------------------------------
                         slack                                  0.012    

Slack (MET) :             0.013ns  (arrival time - required time)
  Source:                 u_soc/g_pe[1].u_pe/u_itcm/mem_reg_3_bram_1/CLKBWRCLK
                            (rising edge-triggered cell RAMB36E2 clocked by clk  {rise@0.000ns fall@6.666ns period=13.332ns})
  Destination:            u_soc/g_pe[1].u_pe/u_core/core_i/if_stage_i/prefetch_buffer_i/fifo_i/mem_q_reg[0][31]/D
                            (rising edge-triggered cell FDCE clocked by clk  {rise@0.000ns fall@6.666ns period=13.332ns})
  Path Group:             clk
  Path Type:              Hold (Min at Slow Process Corner)
  Requirement:            0.000ns  (clk rise@0.000ns - clk rise@0.000ns)
  Data Path Delay:        3.198ns  (logic 0.221ns (6.911%)  route 2.977ns (93.089%))
  Logic Levels:           1  (LUT6=1)
  Clock Path Skew:        3.125ns (DCD - SCD - CPR)
    Destination Clock Delay (DCD):    6.373ns
    Source Clock Delay      (SCD):    3.005ns
    Clock Pessimism Removal (CPR):    0.243ns
  Clock Net Delay (Source):      2.039ns (routing 0.732ns, distribution 1.307ns)
  Clock Net Delay (Destination): 2.954ns (routing 2.136ns, distribution 0.818ns)

    Location             Delay type                Incr(ns)  Path(ns)    Netlist Resource(s)
  -------------------------------------------------------------------    -------------------
                         (clock clk rise edge)        0.000     0.000 r  
    AH18                                              0.000     0.000 r  clk300_p_i (IN)
                         net (fo=0)                   0.079     0.079    u_ibufds/I
    HPIOBDIFFINBUF_X1Y36 DIFFINBUF (Prop_DIFFINBUF_HPIOBDIFFINBUF_DIFF_IN_P_O)
                                                      0.429     0.508 r  u_ibufds/DIFFINBUF_INST/O
                         net (fo=1, routed)           0.040     0.548    u_ibufds/OUT
    AH18                 IBUFCTRL (Prop_IBUFCTRL_HPIOB_M_I_O)
                                                      0.000     0.548 r  u_ibufds/IBUFCTRL_INST/O
                         net (fo=1, routed)           0.286     0.834    clk_ref
    BUFGCE_DIV_X1Y7      BUFGCE_DIV (Prop_BUFGCE_DIV_I_O)
                                                      0.132     0.966 r  u_bufgce_div/O
    X1Y2 (CLOCK_ROOT)    net (fo=3480, routed)        2.039     3.005    u_soc/g_pe[1].u_pe/u_itcm/clk
    RAMB36_X3Y15         RAMB36E2                                     r  u_soc/g_pe[1].u_pe/u_itcm/mem_reg_3_bram_1/CLKBWRCLK
  -------------------------------------------------------------------    -------------------
    RAMB36_X3Y15         RAMB36E2 (Prop_RAMB36E2_RAMB36_CLKBWRCLK_DOUTBDOUT[7])
                                                      0.186     3.191 r  u_soc/g_pe[1].u_pe/u_itcm/mem_reg_3_bram_1/DOUTBDOUT[7]
                         net (fo=1, routed)           2.953     6.144    u_soc/g_pe[1].u_pe/u_instr_bridge/u_router/i_rdata_o[31]
    SLICE_X87Y84         LUT6 (Prop_F6LUT_SLICEL_I1_O)
                                                      0.035     6.179 r  u_soc/g_pe[1].u_pe/u_instr_bridge/u_router/mem_q[0][31]_i_2__2/O
                         net (fo=3, routed)           0.024     6.203    u_soc/g_pe[1].u_pe/u_core/core_i/if_stage_i/prefetch_buffer_i/fifo_i/mem_q_reg[1][31]_0[31]
    SLICE_X87Y84         FDCE                                         r  u_soc/g_pe[1].u_pe/u_core/core_i/if_stage_i/prefetch_buffer_i/fifo_i/mem_q_reg[0][31]/D
  -------------------------------------------------------------------    -------------------

                         (clock clk rise edge)        0.000     0.000 r  
    AH18                                              0.000     0.000 r  clk300_p_i (IN)
                         net (fo=0)                   0.100     0.100    u_ibufds/I
    HPIOBDIFFINBUF_X1Y36 DIFFINBUF (Prop_DIFFINBUF_HPIOBDIFFINBUF_DIFF_IN_P_O)
                                                      0.525     0.625 r  u_ibufds/DIFFINBUF_INST/O
                         net (fo=1, routed)           0.050     0.675    u_ibufds/OUT
    AH18                 IBUFCTRL (Prop_IBUFCTRL_HPIOB_M_I_O)
                                                      0.000     0.675 r  u_ibufds/IBUFCTRL_INST/O
                         net (fo=1, routed)           0.322     0.997    clk_ref
    BUFGCE_DIV_X1Y7      BUFGCE_DIV (Prop_BUFGCE_DIV_I_O)
                                                      0.152     1.149 r  u_bufgce_div/O
                         net (fo=3480, routed)        2.242     3.391    u_soc/g_pe[1].u_pe/u_core/core_i/sleep_unit_i/core_clock_gate_i/clk
    BUFGCE_X0Y143        BUFGCE (Prop_BUFCE_BUFGCE_I_O)
                                                      0.028     3.419 r  u_soc/g_pe[1].u_pe/u_core/core_i/sleep_unit_i/core_clock_gate_i/u_bufgce/O
    X2Y1 (CLOCK_ROOT)    net (fo=2101, routed)        2.954     6.373    u_soc/g_pe[1].u_pe/u_core/core_i/if_stage_i/prefetch_buffer_i/fifo_i/clk_0
    SLICE_X87Y84         FDCE                                         r  u_soc/g_pe[1].u_pe/u_core/core_i/if_stage_i/prefetch_buffer_i/fifo_i/mem_q_reg[0][31]/C
                         clock pessimism             -0.243     6.130    
    SLICE_X87Y84         FDCE (Hold_FFF_SLICEL_C_D)
                                                      0.060     6.190    u_soc/g_pe[1].u_pe/u_core/core_i/if_stage_i/prefetch_buffer_i/fifo_i/mem_q_reg[0][31]
  -------------------------------------------------------------------
                         required time                         -6.190    
                         arrival time                           6.203    
  -------------------------------------------------------------------
                         slack                                  0.013    

Slack (MET) :             0.015ns  (arrival time - required time)
  Source:                 u_soc/g_pe[0].u_pe/u_data_bridge/u_router/void_rvalid_q_reg/C
                            (rising edge-triggered cell FDCE clocked by clk  {rise@0.000ns fall@6.666ns period=13.332ns})
  Destination:            u_soc/g_pe[0].u_pe/u_core/core_i/ex_stage_i/regfile_we_lsu_reg/D
                            (rising edge-triggered cell FDCE clocked by clk  {rise@0.000ns fall@6.666ns period=13.332ns})
  Path Group:             clk
  Path Type:              Hold (Min at Slow Process Corner)
  Requirement:            0.000ns  (clk rise@0.000ns - clk rise@0.000ns)
  Data Path Delay:        1.663ns  (logic 0.176ns (10.581%)  route 1.487ns (89.419%))
  Logic Levels:           2  (LUT6=2)
  Clock Path Skew:        1.588ns (DCD - SCD - CPR)
    Destination Clock Delay (DCD):    4.721ns
    Source Clock Delay      (SCD):    2.890ns
    Clock Pessimism Removal (CPR):    0.243ns
  Clock Net Delay (Source):      1.924ns (routing 0.732ns, distribution 1.192ns)
  Clock Net Delay (Destination): 1.794ns (routing 1.005ns, distribution 0.789ns)

    Location             Delay type                Incr(ns)  Path(ns)    Netlist Resource(s)
  -------------------------------------------------------------------    -------------------
                         (clock clk rise edge)        0.000     0.000 r  
    AH18                                              0.000     0.000 r  clk300_p_i (IN)
                         net (fo=0)                   0.079     0.079    u_ibufds/I
    HPIOBDIFFINBUF_X1Y36 DIFFINBUF (Prop_DIFFINBUF_HPIOBDIFFINBUF_DIFF_IN_P_O)
                                                      0.429     0.508 r  u_ibufds/DIFFINBUF_INST/O
                         net (fo=1, routed)           0.040     0.548    u_ibufds/OUT
    AH18                 IBUFCTRL (Prop_IBUFCTRL_HPIOB_M_I_O)
                                                      0.000     0.548 r  u_ibufds/IBUFCTRL_INST/O
                         net (fo=1, routed)           0.286     0.834    clk_ref
    BUFGCE_DIV_X1Y7      BUFGCE_DIV (Prop_BUFGCE_DIV_I_O)
                                                      0.132     0.966 r  u_bufgce_div/O
    X1Y2 (CLOCK_ROOT)    net (fo=3480, routed)        1.924     2.890    u_soc/g_pe[0].u_pe/u_data_bridge/u_router/clk
    SLICE_X83Y128        FDCE                                         r  u_soc/g_pe[0].u_pe/u_data_bridge/u_router/void_rvalid_q_reg/C
  -------------------------------------------------------------------    -------------------
    SLICE_X83Y128        FDCE (Prop_DFF_SLICEM_C_Q)
                                                      0.058     2.948 f  u_soc/g_pe[0].u_pe/u_data_bridge/u_router/void_rvalid_q_reg/Q
                         net (fo=2, routed)           0.105     3.053    u_soc/g_pe[0].u_pe/u_data_bridge/u_router/void_rvalid_q
    SLICE_X83Y127        LUT6 (Prop_G6LUT_SLICEM_I2_O)
                                                      0.095     3.148 f  u_soc/g_pe[0].u_pe/u_data_bridge/u_router/regfile_we_lsu_i_2/O
                         net (fo=39, routed)          1.358     4.506    u_soc/g_pe[0].u_pe/u_core/core_i/id_stage_i/data_rvalid
    SLICE_X85Y152        LUT6 (Prop_H6LUT_SLICEL_I4_O)
                                                      0.023     4.529 r  u_soc/g_pe[0].u_pe/u_core/core_i/id_stage_i/regfile_we_lsu_i_1/O
                         net (fo=1, routed)           0.024     4.553    u_soc/g_pe[0].u_pe/u_core/core_i/ex_stage_i/regfile_we_lsu_reg_4
    SLICE_X85Y152        FDCE                                         r  u_soc/g_pe[0].u_pe/u_core/core_i/ex_stage_i/regfile_we_lsu_reg/D
  -------------------------------------------------------------------    -------------------

                         (clock clk rise edge)        0.000     0.000 r  
    AH18                                              0.000     0.000 r  clk300_p_i (IN)
                         net (fo=0)                   0.100     0.100    u_ibufds/I
    HPIOBDIFFINBUF_X1Y36 DIFFINBUF (Prop_DIFFINBUF_HPIOBDIFFINBUF_DIFF_IN_P_O)
                                                      0.525     0.625 r  u_ibufds/DIFFINBUF_INST/O
                         net (fo=1, routed)           0.050     0.675    u_ibufds/OUT
    AH18                 IBUFCTRL (Prop_IBUFCTRL_HPIOB_M_I_O)
                                                      0.000     0.675 r  u_ibufds/IBUFCTRL_INST/O
                         net (fo=1, routed)           0.322     0.997    clk_ref
    BUFGCE_DIV_X1Y7      BUFGCE_DIV (Prop_BUFGCE_DIV_I_O)
                                                      0.152     1.149 r  u_bufgce_div/O
                         net (fo=3480, routed)        1.750     2.899    u_soc/g_pe[0].u_pe/u_core/core_i/sleep_unit_i/core_clock_gate_i/clk
    BUFGCE_X1Y115        BUFGCE (Prop_BUFCE_BUFGCE_I_O)
                                                      0.028     2.927 r  u_soc/g_pe[0].u_pe/u_core/core_i/sleep_unit_i/core_clock_gate_i/u_bufgce/O
    X2Y2 (CLOCK_ROOT)    net (fo=2099, routed)        1.794     4.721    u_soc/g_pe[0].u_pe/u_core/core_i/ex_stage_i/clk_0
    SLICE_X85Y152        FDCE                                         r  u_soc/g_pe[0].u_pe/u_core/core_i/ex_stage_i/regfile_we_lsu_reg/C
                         clock pessimism             -0.243     4.478    
    SLICE_X85Y152        FDCE (Hold_HFF_SLICEL_C_D)
                                                      0.060     4.538    u_soc/g_pe[0].u_pe/u_core/core_i/ex_stage_i/regfile_we_lsu_reg
  -------------------------------------------------------------------
                         required time                         -4.538    
                         arrival time                           4.553    
  -------------------------------------------------------------------
                         slack                                  0.015    

Slack (MET) :             0.015ns  (arrival time - required time)
  Source:                 u_soc/g_pe[3].u_axi_dcu/r_line_q_reg[28]/C
                            (rising edge-triggered cell FDCE clocked by clk  {rise@0.000ns fall@6.666ns period=13.332ns})
  Destination:            u_soc/g_nodcache.g_bypass[3].u_bypass/core_rdata_o_reg[28]/D
                            (rising edge-triggered cell FDCE clocked by clk  {rise@0.000ns fall@6.666ns period=13.332ns})
  Path Group:             clk
  Path Type:              Hold (Min at Slow Process Corner)
  Requirement:            0.000ns  (clk rise@0.000ns - clk rise@0.000ns)
  Data Path Delay:        0.147ns  (logic 0.058ns (39.456%)  route 0.089ns (60.544%))
  Logic Levels:           0  
  Clock Path Skew:        0.072ns (DCD - SCD - CPR)
    Destination Clock Delay (DCD):    3.266ns
    Source Clock Delay      (SCD):    2.868ns
    Clock Pessimism Removal (CPR):    0.327ns
  Clock Net Delay (Source):      1.902ns (routing 0.732ns, distribution 1.170ns)
  Clock Net Delay (Destination): 2.117ns (routing 0.803ns, distribution 1.314ns)

    Location             Delay type                Incr(ns)  Path(ns)    Netlist Resource(s)
  -------------------------------------------------------------------    -------------------
                         (clock clk rise edge)        0.000     0.000 r  
    AH18                                              0.000     0.000 r  clk300_p_i (IN)
                         net (fo=0)                   0.079     0.079    u_ibufds/I
    HPIOBDIFFINBUF_X1Y36 DIFFINBUF (Prop_DIFFINBUF_HPIOBDIFFINBUF_DIFF_IN_P_O)
                                                      0.429     0.508 r  u_ibufds/DIFFINBUF_INST/O
                         net (fo=1, routed)           0.040     0.548    u_ibufds/OUT
    AH18                 IBUFCTRL (Prop_IBUFCTRL_HPIOB_M_I_O)
                                                      0.000     0.548 r  u_ibufds/IBUFCTRL_INST/O
                         net (fo=1, routed)           0.286     0.834    clk_ref
    BUFGCE_DIV_X1Y7      BUFGCE_DIV (Prop_BUFGCE_DIV_I_O)
                                                      0.132     0.966 r  u_bufgce_div/O
    X1Y2 (CLOCK_ROOT)    net (fo=3480, routed)        1.902     2.868    u_soc/g_pe[3].u_axi_dcu/clk
    SLICE_X67Y134        FDCE                                         r  u_soc/g_pe[3].u_axi_dcu/r_line_q_reg[28]/C
  -------------------------------------------------------------------    -------------------
    SLICE_X67Y134        FDCE (Prop_GFF_SLICEM_C_Q)
                                                      0.058     2.926 r  u_soc/g_pe[3].u_axi_dcu/r_line_q_reg[28]/Q
                         net (fo=1, routed)           0.089     3.015    u_soc/g_nodcache.g_bypass[3].u_bypass/core_rdata_o_reg[31]_1[28]
    SLICE_X66Y134        FDCE                                         r  u_soc/g_nodcache.g_bypass[3].u_bypass/core_rdata_o_reg[28]/D
  -------------------------------------------------------------------    -------------------

                         (clock clk rise edge)        0.000     0.000 r  
    AH18                                              0.000     0.000 r  clk300_p_i (IN)
                         net (fo=0)                   0.100     0.100    u_ibufds/I
    HPIOBDIFFINBUF_X1Y36 DIFFINBUF (Prop_DIFFINBUF_HPIOBDIFFINBUF_DIFF_IN_P_O)
                                                      0.525     0.625 r  u_ibufds/DIFFINBUF_INST/O
                         net (fo=1, routed)           0.050     0.675    u_ibufds/OUT
    AH18                 IBUFCTRL (Prop_IBUFCTRL_HPIOB_M_I_O)
                                                      0.000     0.675 r  u_ibufds/IBUFCTRL_INST/O
                         net (fo=1, routed)           0.322     0.997    clk_ref
    BUFGCE_DIV_X1Y7      BUFGCE_DIV (Prop_BUFGCE_DIV_I_O)
                                                      0.152     1.149 r  u_bufgce_div/O
    X1Y2 (CLOCK_ROOT)    net (fo=3480, routed)        2.117     3.266    u_soc/g_nodcache.g_bypass[3].u_bypass/clk
    SLICE_X66Y134        FDCE                                         r  u_soc/g_nodcache.g_bypass[3].u_bypass/core_rdata_o_reg[28]/C
                         clock pessimism             -0.327     2.940    
    SLICE_X66Y134        FDCE (Hold_EFF_SLICEL_C_D)
                                                      0.060     3.000    u_soc/g_nodcache.g_bypass[3].u_bypass/core_rdata_o_reg[28]
  -------------------------------------------------------------------
                         required time                         -3.000    
                         arrival time                           3.015    
  -------------------------------------------------------------------
                         slack                                  0.015    

Slack (MET) :             0.017ns  (arrival time - required time)
  Source:                 u_soc/g_pe[0].u_axi_dcu/r_line_q_reg[27]/C
                            (rising edge-triggered cell FDCE clocked by clk  {rise@0.000ns fall@6.666ns period=13.332ns})
  Destination:            u_soc/g_nodcache.g_bypass[0].u_bypass/core_rdata_o_reg[27]/D
                            (rising edge-triggered cell FDCE clocked by clk  {rise@0.000ns fall@6.666ns period=13.332ns})
  Path Group:             clk
  Path Type:              Hold (Min at Slow Process Corner)
  Requirement:            0.000ns  (clk rise@0.000ns - clk rise@0.000ns)
  Data Path Delay:        0.182ns  (logic 0.059ns (32.418%)  route 0.123ns (67.582%))
  Logic Levels:           0  
  Clock Path Skew:        0.105ns (DCD - SCD - CPR)
    Destination Clock Delay (DCD):    3.326ns
    Source Clock Delay      (SCD):    2.895ns
    Clock Pessimism Removal (CPR):    0.326ns
  Clock Net Delay (Source):      1.929ns (routing 0.732ns, distribution 1.197ns)
  Clock Net Delay (Destination): 2.177ns (routing 0.803ns, distribution 1.374ns)

    Location             Delay type                Incr(ns)  Path(ns)    Netlist Resource(s)
  -------------------------------------------------------------------    -------------------
                         (clock clk rise edge)        0.000     0.000 r  
    AH18                                              0.000     0.000 r  clk300_p_i (IN)
                         net (fo=0)                   0.079     0.079    u_ibufds/I
    HPIOBDIFFINBUF_X1Y36 DIFFINBUF (Prop_DIFFINBUF_HPIOBDIFFINBUF_DIFF_IN_P_O)
                                                      0.429     0.508 r  u_ibufds/DIFFINBUF_INST/O
                         net (fo=1, routed)           0.040     0.548    u_ibufds/OUT
    AH18                 IBUFCTRL (Prop_IBUFCTRL_HPIOB_M_I_O)
                                                      0.000     0.548 r  u_ibufds/IBUFCTRL_INST/O
                         net (fo=1, routed)           0.286     0.834    clk_ref
    BUFGCE_DIV_X1Y7      BUFGCE_DIV (Prop_BUFGCE_DIV_I_O)
                                                      0.132     0.966 r  u_bufgce_div/O
    X1Y2 (CLOCK_ROOT)    net (fo=3480, routed)        1.929     2.895    u_soc/g_pe[0].u_axi_dcu/clk
    SLICE_X85Y132        FDCE                                         r  u_soc/g_pe[0].u_axi_dcu/r_line_q_reg[27]/C
  -------------------------------------------------------------------    -------------------
    SLICE_X85Y132        FDCE (Prop_DFF_SLICEL_C_Q)
                                                      0.059     2.954 r  u_soc/g_pe[0].u_axi_dcu/r_line_q_reg[27]/Q
                         net (fo=1, routed)           0.123     3.077    u_soc/g_nodcache.g_bypass[0].u_bypass/core_rdata_o_reg[31]_1[27]
    SLICE_X86Y132        FDCE                                         r  u_soc/g_nodcache.g_bypass[0].u_bypass/core_rdata_o_reg[27]/D
  -------------------------------------------------------------------    -------------------

                         (clock clk rise edge)        0.000     0.000 r  
    AH18                                              0.000     0.000 r  clk300_p_i (IN)
                         net (fo=0)                   0.100     0.100    u_ibufds/I
    HPIOBDIFFINBUF_X1Y36 DIFFINBUF (Prop_DIFFINBUF_HPIOBDIFFINBUF_DIFF_IN_P_O)
                                                      0.525     0.625 r  u_ibufds/DIFFINBUF_INST/O
                         net (fo=1, routed)           0.050     0.675    u_ibufds/OUT
    AH18                 IBUFCTRL (Prop_IBUFCTRL_HPIOB_M_I_O)
                                                      0.000     0.675 r  u_ibufds/IBUFCTRL_INST/O
                         net (fo=1, routed)           0.322     0.997    clk_ref
    BUFGCE_DIV_X1Y7      BUFGCE_DIV (Prop_BUFGCE_DIV_I_O)
                                                      0.152     1.149 r  u_bufgce_div/O
    X1Y2 (CLOCK_ROOT)    net (fo=3480, routed)        2.177     3.326    u_soc/g_nodcache.g_bypass[0].u_bypass/clk
    SLICE_X86Y132        FDCE                                         r  u_soc/g_nodcache.g_bypass[0].u_bypass/core_rdata_o_reg[27]/C
                         clock pessimism             -0.326     3.000    
    SLICE_X86Y132        FDCE (Hold_AFF_SLICEM_C_D)
                                                      0.060     3.060    u_soc/g_nodcache.g_bypass[0].u_bypass/core_rdata_o_reg[27]
  -------------------------------------------------------------------
                         required time                         -3.060    
                         arrival time                           3.077    
  -------------------------------------------------------------------
                         slack                                  0.017    

Slack (MET) :             0.018ns  (arrival time - required time)
  Source:                 u_soc/g_pe[0].u_axi_dcu/r_line_q_reg[12]/C
                            (rising edge-triggered cell FDCE clocked by clk  {rise@0.000ns fall@6.666ns period=13.332ns})
  Destination:            u_soc/g_nodcache.g_bypass[0].u_bypass/core_rdata_o_reg[12]/D
                            (rising edge-triggered cell FDCE clocked by clk  {rise@0.000ns fall@6.666ns period=13.332ns})
  Path Group:             clk
  Path Type:              Hold (Min at Slow Process Corner)
  Requirement:            0.000ns  (clk rise@0.000ns - clk rise@0.000ns)
  Data Path Delay:        0.156ns  (logic 0.058ns (37.179%)  route 0.098ns (62.820%))
  Logic Levels:           0  
  Clock Path Skew:        0.078ns (DCD - SCD - CPR)
    Destination Clock Delay (DCD):    3.304ns
    Source Clock Delay      (SCD):    2.900ns
    Clock Pessimism Removal (CPR):    0.326ns
  Clock Net Delay (Source):      1.934ns (routing 0.732ns, distribution 1.202ns)
  Clock Net Delay (Destination): 2.155ns (routing 0.803ns, distribution 1.352ns)

    Location             Delay type                Incr(ns)  Path(ns)    Netlist Resource(s)
  -------------------------------------------------------------------    -------------------
                         (clock clk rise edge)        0.000     0.000 r  
    AH18                                              0.000     0.000 r  clk300_p_i (IN)
                         net (fo=0)                   0.079     0.079    u_ibufds/I
    HPIOBDIFFINBUF_X1Y36 DIFFINBUF (Prop_DIFFINBUF_HPIOBDIFFINBUF_DIFF_IN_P_O)
                                                      0.429     0.508 r  u_ibufds/DIFFINBUF_INST/O
                         net (fo=1, routed)           0.040     0.548    u_ibufds/OUT
    AH18                 IBUFCTRL (Prop_IBUFCTRL_HPIOB_M_I_O)
                                                      0.000     0.548 r  u_ibufds/IBUFCTRL_INST/O
                         net (fo=1, routed)           0.286     0.834    clk_ref
    BUFGCE_DIV_X1Y7      BUFGCE_DIV (Prop_BUFGCE_DIV_I_O)
                                                      0.132     0.966 r  u_bufgce_div/O
    X1Y2 (CLOCK_ROOT)    net (fo=3480, routed)        1.934     2.900    u_soc/g_pe[0].u_axi_dcu/clk
    SLICE_X84Y128        FDCE                                         r  u_soc/g_pe[0].u_axi_dcu/r_line_q_reg[12]/C
  -------------------------------------------------------------------    -------------------
    SLICE_X84Y128        FDCE (Prop_DFF_SLICEM_C_Q)
                                                      0.058     2.958 r  u_soc/g_pe[0].u_axi_dcu/r_line_q_reg[12]/Q
                         net (fo=1, routed)           0.098     3.056    u_soc/g_nodcache.g_bypass[0].u_bypass/core_rdata_o_reg[31]_1[12]
    SLICE_X86Y128        FDCE                                         r  u_soc/g_nodcache.g_bypass[0].u_bypass/core_rdata_o_reg[12]/D
  -------------------------------------------------------------------    -------------------

                         (clock clk rise edge)        0.000     0.000 r  
    AH18                                              0.000     0.000 r  clk300_p_i (IN)
                         net (fo=0)                   0.100     0.100    u_ibufds/I
    HPIOBDIFFINBUF_X1Y36 DIFFINBUF (Prop_DIFFINBUF_HPIOBDIFFINBUF_DIFF_IN_P_O)
                                                      0.525     0.625 r  u_ibufds/DIFFINBUF_INST/O
                         net (fo=1, routed)           0.050     0.675    u_ibufds/OUT
    AH18                 IBUFCTRL (Prop_IBUFCTRL_HPIOB_M_I_O)
                                                      0.000     0.675 r  u_ibufds/IBUFCTRL_INST/O
                         net (fo=1, routed)           0.322     0.997    clk_ref
    BUFGCE_DIV_X1Y7      BUFGCE_DIV (Prop_BUFGCE_DIV_I_O)
                                                      0.152     1.149 r  u_bufgce_div/O
    X1Y2 (CLOCK_ROOT)    net (fo=3480, routed)        2.155     3.304    u_soc/g_nodcache.g_bypass[0].u_bypass/clk
    SLICE_X86Y128        FDCE                                         r  u_soc/g_nodcache.g_bypass[0].u_bypass/core_rdata_o_reg[12]/C
                         clock pessimism             -0.326     2.978    
    SLICE_X86Y128        FDCE (Hold_EFF_SLICEM_C_D)
                                                      0.060     3.038    u_soc/g_nodcache.g_bypass[0].u_bypass/core_rdata_o_reg[12]
  -------------------------------------------------------------------
                         required time                         -3.038    
                         arrival time                           3.056    
  -------------------------------------------------------------------
                         slack                                  0.018    

Slack (MET) :             0.018ns  (arrival time - required time)
  Source:                 u_soc/u_sdmem/w_word_q_reg[0]/C
                            (rising edge-triggered cell FDCE clocked by clk  {rise@0.000ns fall@6.666ns period=13.332ns})
  Destination:            u_soc/u_sdmem/w_word_q_reg[0]_rep/D
                            (rising edge-triggered cell FDCE clocked by clk  {rise@0.000ns fall@6.666ns period=13.332ns})
  Path Group:             clk
  Path Type:              Hold (Min at Slow Process Corner)
  Requirement:            0.000ns  (clk rise@0.000ns - clk rise@0.000ns)
  Data Path Delay:        0.173ns  (logic 0.095ns (54.905%)  route 0.078ns (45.095%))
  Logic Levels:           1  (LUT5=1)
  Clock Path Skew:        0.093ns (DCD - SCD - CPR)
    Destination Clock Delay (DCD):    3.282ns
    Source Clock Delay      (SCD):    2.863ns
    Clock Pessimism Removal (CPR):    0.327ns
  Clock Net Delay (Source):      1.897ns (routing 0.732ns, distribution 1.165ns)
  Clock Net Delay (Destination): 2.133ns (routing 0.803ns, distribution 1.330ns)

    Location             Delay type                Incr(ns)  Path(ns)    Netlist Resource(s)
  -------------------------------------------------------------------    -------------------
                         (clock clk rise edge)        0.000     0.000 r  
    AH18                                              0.000     0.000 r  clk300_p_i (IN)
                         net (fo=0)                   0.079     0.079    u_ibufds/I
    HPIOBDIFFINBUF_X1Y36 DIFFINBUF (Prop_DIFFINBUF_HPIOBDIFFINBUF_DIFF_IN_P_O)
                                                      0.429     0.508 r  u_ibufds/DIFFINBUF_INST/O
                         net (fo=1, routed)           0.040     0.548    u_ibufds/OUT
    AH18                 IBUFCTRL (Prop_IBUFCTRL_HPIOB_M_I_O)
                                                      0.000     0.548 r  u_ibufds/IBUFCTRL_INST/O
                         net (fo=1, routed)           0.286     0.834    clk_ref
    BUFGCE_DIV_X1Y7      BUFGCE_DIV (Prop_BUFGCE_DIV_I_O)
                                                      0.132     0.966 r  u_bufgce_div/O
    X1Y2 (CLOCK_ROOT)    net (fo=3480, routed)        1.897     2.863    u_soc/u_sdmem/clk
    SLICE_X76Y144        FDCE                                         r  u_soc/u_sdmem/w_word_q_reg[0]/C
  -------------------------------------------------------------------    -------------------
    SLICE_X76Y144        FDCE (Prop_DFF2_SLICEL_C_Q)
                                                      0.061     2.924 f  u_soc/u_sdmem/w_word_q_reg[0]/Q
                         net (fo=20, routed)          0.069     2.993    u_soc/u_sdmem/w_word_q[0]
    SLICE_X74Y144        LUT5 (Prop_H5LUT_SLICEM_I0_O)
                                                      0.034     3.027 r  u_soc/u_sdmem/w_word_q[0]_rep_i_1/O
                         net (fo=1, routed)           0.009     3.036    u_soc/u_sdmem/w_word_q[0]_rep_i_1_n_0
    SLICE_X74Y144        FDCE                                         r  u_soc/u_sdmem/w_word_q_reg[0]_rep/D
  -------------------------------------------------------------------    -------------------

                         (clock clk rise edge)        0.000     0.000 r  
    AH18                                              0.000     0.000 r  clk300_p_i (IN)
                         net (fo=0)                   0.100     0.100    u_ibufds/I
    HPIOBDIFFINBUF_X1Y36 DIFFINBUF (Prop_DIFFINBUF_HPIOBDIFFINBUF_DIFF_IN_P_O)
                                                      0.525     0.625 r  u_ibufds/DIFFINBUF_INST/O
                         net (fo=1, routed)           0.050     0.675    u_ibufds/OUT
    AH18                 IBUFCTRL (Prop_IBUFCTRL_HPIOB_M_I_O)
                                                      0.000     0.675 r  u_ibufds/IBUFCTRL_INST/O
                         net (fo=1, routed)           0.322     0.997    clk_ref
    BUFGCE_DIV_X1Y7      BUFGCE_DIV (Prop_BUFGCE_DIV_I_O)
                                                      0.152     1.149 r  u_bufgce_div/O
    X1Y2 (CLOCK_ROOT)    net (fo=3480, routed)        2.133     3.282    u_soc/u_sdmem/clk
    SLICE_X74Y144        FDCE                                         r  u_soc/u_sdmem/w_word_q_reg[0]_rep/C
                         clock pessimism             -0.327     2.956    
    SLICE_X74Y144        FDCE (Hold_HFF2_SLICEM_C_D)
                                                      0.062     3.018    u_soc/u_sdmem/w_word_q_reg[0]_rep
  -------------------------------------------------------------------
                         required time                         -3.018    
                         arrival time                           3.036    
  -------------------------------------------------------------------
                         slack                                  0.018    

Slack (MET) :             0.019ns  (arrival time - required time)
  Source:                 u_soc/g_nodcache.g_bypass[0].u_bypass/addr_q_reg[4]/C
                            (rising edge-triggered cell FDCE clocked by clk  {rise@0.000ns fall@6.666ns period=13.332ns})
  Destination:            u_soc/g_pe[0].u_axi_dcu/w_addr_q_reg[4]/D
                            (rising edge-triggered cell FDCE clocked by clk  {rise@0.000ns fall@6.666ns period=13.332ns})
  Path Group:             clk
  Path Type:              Hold (Min at Slow Process Corner)
  Requirement:            0.000ns  (clk rise@0.000ns - clk rise@0.000ns)
  Data Path Delay:        0.130ns  (logic 0.059ns (45.334%)  route 0.071ns (54.666%))
  Logic Levels:           0  
  Clock Path Skew:        0.049ns (DCD - SCD - CPR)
    Destination Clock Delay (DCD):    3.341ns
    Source Clock Delay      (SCD):    2.909ns
    Clock Pessimism Removal (CPR):    0.383ns
  Clock Net Delay (Source):      1.943ns (routing 0.732ns, distribution 1.211ns)
  Clock Net Delay (Destination): 2.192ns (routing 0.803ns, distribution 1.389ns)

    Location             Delay type                Incr(ns)  Path(ns)    Netlist Resource(s)
  -------------------------------------------------------------------    -------------------
                         (clock clk rise edge)        0.000     0.000 r  
    AH18                                              0.000     0.000 r  clk300_p_i (IN)
                         net (fo=0)                   0.079     0.079    u_ibufds/I
    HPIOBDIFFINBUF_X1Y36 DIFFINBUF (Prop_DIFFINBUF_HPIOBDIFFINBUF_DIFF_IN_P_O)
                                                      0.429     0.508 r  u_ibufds/DIFFINBUF_INST/O
                         net (fo=1, routed)           0.040     0.548    u_ibufds/OUT
    AH18                 IBUFCTRL (Prop_IBUFCTRL_HPIOB_M_I_O)
                                                      0.000     0.548 r  u_ibufds/IBUFCTRL_INST/O
                         net (fo=1, routed)           0.286     0.834    clk_ref
    BUFGCE_DIV_X1Y7      BUFGCE_DIV (Prop_BUFGCE_DIV_I_O)
                                                      0.132     0.966 r  u_bufgce_div/O
    X1Y2 (CLOCK_ROOT)    net (fo=3480, routed)        1.943     2.909    u_soc/g_nodcache.g_bypass[0].u_bypass/clk
    SLICE_X82Y111        FDCE                                         r  u_soc/g_nodcache.g_bypass[0].u_bypass/addr_q_reg[4]/C
  -------------------------------------------------------------------    -------------------
    SLICE_X82Y111        FDCE (Prop_EFF_SLICEL_C_Q)
                                                      0.059     2.968 r  u_soc/g_nodcache.g_bypass[0].u_bypass/addr_q_reg[4]/Q
                         net (fo=2, routed)           0.071     3.039    u_soc/g_pe[0].u_axi_dcu/w_addr_q_reg[31]_1[4]
    SLICE_X82Y110        FDCE                                         r  u_soc/g_pe[0].u_axi_dcu/w_addr_q_reg[4]/D
  -------------------------------------------------------------------    -------------------

                         (clock clk rise edge)        0.000     0.000 r  
    AH18                                              0.000     0.000 r  clk300_p_i (IN)
                         net (fo=0)                   0.100     0.100    u_ibufds/I
    HPIOBDIFFINBUF_X1Y36 DIFFINBUF (Prop_DIFFINBUF_HPIOBDIFFINBUF_DIFF_IN_P_O)
                                                      0.525     0.625 r  u_ibufds/DIFFINBUF_INST/O
                         net (fo=1, routed)           0.050     0.675    u_ibufds/OUT
    AH18                 IBUFCTRL (Prop_IBUFCTRL_HPIOB_M_I_O)
                                                      0.000     0.675 r  u_ibufds/IBUFCTRL_INST/O
                         net (fo=1, routed)           0.322     0.997    clk_ref
    BUFGCE_DIV_X1Y7      BUFGCE_DIV (Prop_BUFGCE_DIV_I_O)
                                                      0.152     1.149 r  u_bufgce_div/O
    X1Y2 (CLOCK_ROOT)    net (fo=3480, routed)        2.192     3.341    u_soc/g_pe[0].u_axi_dcu/clk
    SLICE_X82Y110        FDCE                                         r  u_soc/g_pe[0].u_axi_dcu/w_addr_q_reg[4]/C
                         clock pessimism             -0.383     2.958    
    SLICE_X82Y110        FDCE (Hold_HFF2_SLICEL_C_D)
                                                      0.062     3.020    u_soc/g_pe[0].u_axi_dcu/w_addr_q_reg[4]
  -------------------------------------------------------------------
                         required time                         -3.020    
                         arrival time                           3.039    
  -------------------------------------------------------------------
                         slack                                  0.019    





Pulse Width Checks
--------------------------------------------------------------------------------------
Clock Name:         clk
Waveform(ns):       { 0.000 6.666 }
Period(ns):         13.332
Sources:            { u_bufgce_div/O }

Check Type        Corner  Lib Pin             Reference Pin  Required(ns)  Actual(ns)  Slack(ns)  Location      Pin
Min Period        n/a     RAMB36E2/CLKARDCLK  n/a            1.569         13.332      11.763     RAMB36_X3Y28  u_soc/g_pe[0].u_pe/u_itcm/mem_reg_0_bram_0/CLKARDCLK
Min Period        n/a     RAMB36E2/CLKARDCLK  n/a            1.569         13.332      11.763     RAMB36_X3Y29  u_soc/g_pe[0].u_pe/u_itcm/mem_reg_0_bram_1/CLKARDCLK
Min Period        n/a     RAMB36E2/CLKARDCLK  n/a            1.569         13.332      11.763     RAMB36_X3Y24  u_soc/g_pe[0].u_pe/u_itcm/mem_reg_1_bram_0/CLKARDCLK
Min Period        n/a     RAMB36E2/CLKARDCLK  n/a            1.569         13.332      11.763     RAMB36_X3Y25  u_soc/g_pe[0].u_pe/u_itcm/mem_reg_1_bram_1/CLKARDCLK
Min Period        n/a     RAMB36E2/CLKARDCLK  n/a            1.569         13.332      11.763     RAMB36_X3Y22  u_soc/g_pe[0].u_pe/u_itcm/mem_reg_2_bram_0/CLKARDCLK
Min Period        n/a     RAMB36E2/CLKARDCLK  n/a            1.569         13.332      11.763     RAMB36_X3Y23  u_soc/g_pe[0].u_pe/u_itcm/mem_reg_2_bram_1/CLKARDCLK
Min Period        n/a     RAMB36E2/CLKARDCLK  n/a            1.569         13.332      11.763     RAMB36_X3Y26  u_soc/g_pe[0].u_pe/u_itcm/mem_reg_3_bram_0/CLKARDCLK
Min Period        n/a     RAMB36E2/CLKARDCLK  n/a            1.569         13.332      11.763     RAMB36_X3Y27  u_soc/g_pe[0].u_pe/u_itcm/mem_reg_3_bram_1/CLKARDCLK
Min Period        n/a     RAMB36E2/CLKARDCLK  n/a            1.569         13.332      11.763     RAMB36_X3Y12  u_soc/g_pe[1].u_pe/u_itcm/mem_reg_0_bram_0/CLKARDCLK
Min Period        n/a     RAMB36E2/CLKARDCLK  n/a            1.569         13.332      11.763     RAMB36_X3Y13  u_soc/g_pe[1].u_pe/u_itcm/mem_reg_0_bram_1/CLKARDCLK
Low Pulse Width   Slow    RAMB36E2/CLKARDCLK  n/a            0.542         6.666       6.124      RAMB36_X3Y28  u_soc/g_pe[0].u_pe/u_itcm/mem_reg_0_bram_0/CLKARDCLK
Low Pulse Width   Fast    RAMB36E2/CLKARDCLK  n/a            0.542         6.666       6.124      RAMB36_X3Y28  u_soc/g_pe[0].u_pe/u_itcm/mem_reg_0_bram_0/CLKARDCLK
Low Pulse Width   Slow    RAMB36E2/CLKBWRCLK  n/a            0.542         6.666       6.124      RAMB36_X3Y28  u_soc/g_pe[0].u_pe/u_itcm/mem_reg_0_bram_0/CLKBWRCLK
Low Pulse Width   Fast    RAMB36E2/CLKBWRCLK  n/a            0.542         6.666       6.124      RAMB36_X3Y28  u_soc/g_pe[0].u_pe/u_itcm/mem_reg_0_bram_0/CLKBWRCLK
Low Pulse Width   Slow    RAMB36E2/CLKARDCLK  n/a            0.542         6.666       6.124      RAMB36_X3Y29  u_soc/g_pe[0].u_pe/u_itcm/mem_reg_0_bram_1/CLKARDCLK
Low Pulse Width   Fast    RAMB36E2/CLKARDCLK  n/a            0.542         6.666       6.124      RAMB36_X3Y29  u_soc/g_pe[0].u_pe/u_itcm/mem_reg_0_bram_1/CLKARDCLK
Low Pulse Width   Slow    RAMB36E2/CLKBWRCLK  n/a            0.542         6.666       6.124      RAMB36_X3Y29  u_soc/g_pe[0].u_pe/u_itcm/mem_reg_0_bram_1/CLKBWRCLK
Low Pulse Width   Fast    RAMB36E2/CLKBWRCLK  n/a            0.542         6.666       6.124      RAMB36_X3Y29  u_soc/g_pe[0].u_pe/u_itcm/mem_reg_0_bram_1/CLKBWRCLK
Low Pulse Width   Slow    RAMB36E2/CLKARDCLK  n/a            0.542         6.666       6.124      RAMB36_X3Y24  u_soc/g_pe[0].u_pe/u_itcm/mem_reg_1_bram_0/CLKARDCLK
Low Pulse Width   Fast    RAMB36E2/CLKARDCLK  n/a            0.542         6.666       6.124      RAMB36_X3Y24  u_soc/g_pe[0].u_pe/u_itcm/mem_reg_1_bram_0/CLKARDCLK
High Pulse Width  Slow    RAMB36E2/CLKARDCLK  n/a            0.542         6.666       6.124      RAMB36_X3Y28  u_soc/g_pe[0].u_pe/u_itcm/mem_reg_0_bram_0/CLKARDCLK
High Pulse Width  Fast    RAMB36E2/CLKARDCLK  n/a            0.542         6.666       6.124      RAMB36_X3Y28  u_soc/g_pe[0].u_pe/u_itcm/mem_reg_0_bram_0/CLKARDCLK
High Pulse Width  Slow    RAMB36E2/CLKBWRCLK  n/a            0.542         6.666       6.124      RAMB36_X3Y28  u_soc/g_pe[0].u_pe/u_itcm/mem_reg_0_bram_0/CLKBWRCLK
High Pulse Width  Fast    RAMB36E2/CLKBWRCLK  n/a            0.542         6.666       6.124      RAMB36_X3Y28  u_soc/g_pe[0].u_pe/u_itcm/mem_reg_0_bram_0/CLKBWRCLK
High Pulse Width  Slow    RAMB36E2/CLKARDCLK  n/a            0.542         6.666       6.124      RAMB36_X3Y29  u_soc/g_pe[0].u_pe/u_itcm/mem_reg_0_bram_1/CLKARDCLK
High Pulse Width  Fast    RAMB36E2/CLKARDCLK  n/a            0.542         6.666       6.124      RAMB36_X3Y29  u_soc/g_pe[0].u_pe/u_itcm/mem_reg_0_bram_1/CLKARDCLK
High Pulse Width  Slow    RAMB36E2/CLKBWRCLK  n/a            0.542         6.666       6.124      RAMB36_X3Y29  u_soc/g_pe[0].u_pe/u_itcm/mem_reg_0_bram_1/CLKBWRCLK
High Pulse Width  Fast    RAMB36E2/CLKBWRCLK  n/a            0.542         6.666       6.124      RAMB36_X3Y29  u_soc/g_pe[0].u_pe/u_itcm/mem_reg_0_bram_1/CLKBWRCLK
High Pulse Width  Slow    RAMB36E2/CLKARDCLK  n/a            0.542         6.666       6.124      RAMB36_X3Y24  u_soc/g_pe[0].u_pe/u_itcm/mem_reg_1_bram_0/CLKARDCLK
High Pulse Width  Fast    RAMB36E2/CLKARDCLK  n/a            0.542         6.666       6.124      RAMB36_X3Y24  u_soc/g_pe[0].u_pe/u_itcm/mem_reg_1_bram_0/CLKARDCLK



---------------------------------------------------------------------------------------------------
Path Group:  **async_default**
From Clock:  clk
  To Clock:  clk

Setup :            0  Failing Endpoints,  Worst Slack        4.374ns,  Total Violation        0.000ns
Hold  :            0  Failing Endpoints,  Worst Slack        0.035ns,  Total Violation        0.000ns
---------------------------------------------------------------------------------------------------


Max Delay Paths
--------------------------------------------------------------------------------------
Slack (MET) :             4.374ns  (required time - arrival time)
  Source:                 rst_n_q_reg_rep__30/C
                            (rising edge-triggered cell FDRE clocked by clk  {rise@0.000ns fall@6.666ns period=13.332ns})
  Destination:            u_soc/g_pe[2].u_pe/u_core/core_i/sleep_unit_i/core_busy_q_reg/CLR
                            (recovery check against rising-edge clock clk  {rise@0.000ns fall@6.666ns period=13.332ns})
  Path Group:             **async_default**
  Path Type:              Recovery (Max at Slow Process Corner)
  Requirement:            13.332ns  (clk rise@13.332ns - clk rise@0.000ns)
  Data Path Delay:        8.666ns  (logic 0.081ns (0.935%)  route 8.585ns (99.065%))
  Logic Levels:           0  
  Clock Path Skew:        -0.190ns (DCD - SCD + CPR)
    Destination Clock Delay (DCD):    2.891ns = ( 16.223 - 13.332 ) 
    Source Clock Delay      (SCD):    3.335ns
    Clock Pessimism Removal (CPR):    0.254ns
  Clock Uncertainty:      0.035ns  ((TSJ^2 + TIJ^2)^1/2 + DJ) / 2 + PE
    Total System Jitter     (TSJ):    0.071ns
    Total Input Jitter      (TIJ):    0.000ns
    Discrete Jitter          (DJ):    0.000ns
    Phase Error              (PE):    0.000ns
  Clock Net Delay (Source):      2.186ns (routing 0.803ns, distribution 1.383ns)
  Clock Net Delay (Destination): 1.925ns (routing 0.732ns, distribution 1.193ns)

    Location             Delay type                Incr(ns)  Path(ns)    Netlist Resource(s)
  -------------------------------------------------------------------    -------------------
                         (clock clk rise edge)        0.000     0.000 r  
    AH18                                              0.000     0.000 r  clk300_p_i (IN)
                         net (fo=0)                   0.100     0.100    u_ibufds/I
    HPIOBDIFFINBUF_X1Y36 DIFFINBUF (Prop_DIFFINBUF_HPIOBDIFFINBUF_DIFF_IN_P_O)
                                                      0.525     0.625 r  u_ibufds/DIFFINBUF_INST/O
                         net (fo=1, routed)           0.050     0.675    u_ibufds/OUT
    AH18                 IBUFCTRL (Prop_IBUFCTRL_HPIOB_M_I_O)
                                                      0.000     0.675 r  u_ibufds/IBUFCTRL_INST/O
                         net (fo=1, routed)           0.322     0.997    clk_ref
    BUFGCE_DIV_X1Y7      BUFGCE_DIV (Prop_BUFGCE_DIV_I_O)
                                                      0.152     1.149 r  u_bufgce_div/O
    X1Y2 (CLOCK_ROOT)    net (fo=3480, routed)        2.186     3.335    clk
    SLICE_X77Y180        FDRE                                         r  rst_n_q_reg_rep__30/C
  -------------------------------------------------------------------    -------------------
    SLICE_X77Y180        FDRE (Prop_EFF2_SLICEL_C_Q)
                                                      0.081     3.416 r  rst_n_q_reg_rep__30/Q
                         net (fo=199, routed)         8.585    12.002    u_soc/g_pe[2].u_pe/u_core/core_i/sleep_unit_i/core_busy_q_reg_2
    SLICE_X77Y72         FDCE                                         f  u_soc/g_pe[2].u_pe/u_core/core_i/sleep_unit_i/core_busy_q_reg/CLR  (IS_INVERTED)
  -------------------------------------------------------------------    -------------------

                         (clock clk rise edge)       13.332    13.332 r  
    AH18                                              0.000    13.332 r  clk300_p_i (IN)
                         net (fo=0)                   0.079    13.411    u_ibufds/I
    HPIOBDIFFINBUF_X1Y36 DIFFINBUF (Prop_DIFFINBUF_HPIOBDIFFINBUF_DIFF_IN_P_O)
                                                      0.429    13.840 r  u_ibufds/DIFFINBUF_INST/O
                         net (fo=1, routed)           0.040    13.880    u_ibufds/OUT
    AH18                 IBUFCTRL (Prop_IBUFCTRL_HPIOB_M_I_O)
                                                      0.000    13.880 r  u_ibufds/IBUFCTRL_INST/O
                         net (fo=1, routed)           0.286    14.166    clk_ref
    BUFGCE_DIV_X1Y7      BUFGCE_DIV (Prop_BUFGCE_DIV_I_O)
                                                      0.132    14.298 r  u_bufgce_div/O
    X1Y2 (CLOCK_ROOT)    net (fo=3480, routed)        1.925    16.223    u_soc/g_pe[2].u_pe/u_core/core_i/sleep_unit_i/clk
    SLICE_X77Y72         FDCE                                         r  u_soc/g_pe[2].u_pe/u_core/core_i/sleep_unit_i/core_busy_q_reg/C
                         clock pessimism              0.254    16.477    
                         clock uncertainty           -0.035    16.442    
    SLICE_X77Y72         FDCE (Recov_CFF_SLICEL_C_CLR)
                                                     -0.066    16.376    u_soc/g_pe[2].u_pe/u_core/core_i/sleep_unit_i/core_busy_q_reg
  -------------------------------------------------------------------
                         required time                         16.376    
                         arrival time                         -12.002    
  -------------------------------------------------------------------
                         slack                                  4.374    

Slack (MET) :             4.548ns  (required time - arrival time)
  Source:                 rst_n_q_reg_rep__30/C
                            (rising edge-triggered cell FDRE clocked by clk  {rise@0.000ns fall@6.666ns period=13.332ns})
  Destination:            u_soc/g_pe[1].u_pe/u_core/core_i/sleep_unit_i/core_busy_q_reg/CLR
                            (recovery check against rising-edge clock clk  {rise@0.000ns fall@6.666ns period=13.332ns})
  Path Group:             **async_default**
  Path Type:              Recovery (Max at Slow Process Corner)
  Requirement:            13.332ns  (clk rise@13.332ns - clk rise@0.000ns)
  Data Path Delay:        8.479ns  (logic 0.081ns (0.955%)  route 8.398ns (99.045%))
  Logic Levels:           0  
  Clock Path Skew:        -0.203ns (DCD - SCD + CPR)
    Destination Clock Delay (DCD):    2.878ns = ( 16.210 - 13.332 ) 
    Source Clock Delay      (SCD):    3.335ns
    Clock Pessimism Removal (CPR):    0.254ns
  Clock Uncertainty:      0.035ns  ((TSJ^2 + TIJ^2)^1/2 + DJ) / 2 + PE
    Total System Jitter     (TSJ):    0.071ns
    Total Input Jitter      (TIJ):    0.000ns
    Discrete Jitter          (DJ):    0.000ns
    Phase Error              (PE):    0.000ns
  Clock Net Delay (Source):      2.186ns (routing 0.803ns, distribution 1.383ns)
  Clock Net Delay (Destination): 1.912ns (routing 0.732ns, distribution 1.180ns)

    Location             Delay type                Incr(ns)  Path(ns)    Netlist Resource(s)
  -------------------------------------------------------------------    -------------------
                         (clock clk rise edge)        0.000     0.000 r  
    AH18                                              0.000     0.000 r  clk300_p_i (IN)
                         net (fo=0)                   0.100     0.100    u_ibufds/I
    HPIOBDIFFINBUF_X1Y36 DIFFINBUF (Prop_DIFFINBUF_HPIOBDIFFINBUF_DIFF_IN_P_O)
                                                      0.525     0.625 r  u_ibufds/DIFFINBUF_INST/O
                         net (fo=1, routed)           0.050     0.675    u_ibufds/OUT
    AH18                 IBUFCTRL (Prop_IBUFCTRL_HPIOB_M_I_O)
                                                      0.000     0.675 r  u_ibufds/IBUFCTRL_INST/O
                         net (fo=1, routed)           0.322     0.997    clk_ref
    BUFGCE_DIV_X1Y7      BUFGCE_DIV (Prop_BUFGCE_DIV_I_O)
                                                      0.152     1.149 r  u_bufgce_div/O
    X1Y2 (CLOCK_ROOT)    net (fo=3480, routed)        2.186     3.335    clk
    SLICE_X77Y180        FDRE                                         r  rst_n_q_reg_rep__30/C
  -------------------------------------------------------------------    -------------------
    SLICE_X77Y180        FDRE (Prop_EFF2_SLICEL_C_Q)
                                                      0.081     3.416 r  rst_n_q_reg_rep__30/Q
                         net (fo=199, routed)         8.398    11.815    u_soc/g_pe[1].u_pe/u_core/core_i/sleep_unit_i/core_busy_q_reg_2
    SLICE_X87Y93         FDCE                                         f  u_soc/g_pe[1].u_pe/u_core/core_i/sleep_unit_i/core_busy_q_reg/CLR  (IS_INVERTED)
  -------------------------------------------------------------------    -------------------

                         (clock clk rise edge)       13.332    13.332 r  
    AH18                                              0.000    13.332 r  clk300_p_i (IN)
                         net (fo=0)                   0.079    13.411    u_ibufds/I
    HPIOBDIFFINBUF_X1Y36 DIFFINBUF (Prop_DIFFINBUF_HPIOBDIFFINBUF_DIFF_IN_P_O)
                                                      0.429    13.840 r  u_ibufds/DIFFINBUF_INST/O
                         net (fo=1, routed)           0.040    13.880    u_ibufds/OUT
    AH18                 IBUFCTRL (Prop_IBUFCTRL_HPIOB_M_I_O)
                                                      0.000    13.880 r  u_ibufds/IBUFCTRL_INST/O
                         net (fo=1, routed)           0.286    14.166    clk_ref
    BUFGCE_DIV_X1Y7      BUFGCE_DIV (Prop_BUFGCE_DIV_I_O)
                                                      0.132    14.298 r  u_bufgce_div/O
    X1Y2 (CLOCK_ROOT)    net (fo=3480, routed)        1.912    16.210    u_soc/g_pe[1].u_pe/u_core/core_i/sleep_unit_i/clk
    SLICE_X87Y93         FDCE                                         r  u_soc/g_pe[1].u_pe/u_core/core_i/sleep_unit_i/core_busy_q_reg/C
                         clock pessimism              0.254    16.464    
                         clock uncertainty           -0.035    16.429    
    SLICE_X87Y93         FDCE (Recov_DFF_SLICEL_C_CLR)
                                                     -0.066    16.363    u_soc/g_pe[1].u_pe/u_core/core_i/sleep_unit_i/core_busy_q_reg
  -------------------------------------------------------------------
                         required time                         16.363    
                         arrival time                         -11.815    
  -------------------------------------------------------------------
                         slack                                  4.548    

Slack (MET) :             5.381ns  (required time - arrival time)
  Source:                 rst_n_q_reg_rep__30/C
                            (rising edge-triggered cell FDRE clocked by clk  {rise@0.000ns fall@6.666ns period=13.332ns})
  Destination:            u_soc/g_pe[2].u_pe/u_core/core_i/id_stage_i/register_file_i/gen_rf[1].mem_reg[1][12]/CLR
                            (recovery check against rising-edge clock clk  {rise@0.000ns fall@6.666ns period=13.332ns})
  Path Group:             **async_default**
  Path Type:              Recovery (Max at Slow Process Corner)
  Requirement:            13.332ns  (clk rise@13.332ns - clk rise@0.000ns)
  Data Path Delay:        10.031ns  (logic 0.081ns (0.808%)  route 9.950ns (99.192%))
  Logic Levels:           0  
  Clock Path Skew:        2.182ns (DCD - SCD + CPR)
    Destination Clock Delay (DCD):    5.274ns = ( 18.606 - 13.332 ) 
    Source Clock Delay      (SCD):    3.335ns
    Clock Pessimism Removal (CPR):    0.243ns
  Clock Uncertainty:      0.035ns  ((TSJ^2 + TIJ^2)^1/2 + DJ) / 2 + PE
    Total System Jitter     (TSJ):    0.071ns
    Total Input Jitter      (TIJ):    0.000ns
    Discrete Jitter          (DJ):    0.000ns
    Phase Error              (PE):    0.000ns
  Clock Net Delay (Source):      2.186ns (routing 0.803ns, distribution 1.383ns)
  Clock Net Delay (Destination): 2.551ns (routing 1.840ns, distribution 0.711ns)

    Location             Delay type                Incr(ns)  Path(ns)    Netlist Resource(s)
  -------------------------------------------------------------------    -------------------
                         (clock clk rise edge)        0.000     0.000 r  
    AH18                                              0.000     0.000 r  clk300_p_i (IN)
                         net (fo=0)                   0.100     0.100    u_ibufds/I
    HPIOBDIFFINBUF_X1Y36 DIFFINBUF (Prop_DIFFINBUF_HPIOBDIFFINBUF_DIFF_IN_P_O)
                                                      0.525     0.625 r  u_ibufds/DIFFINBUF_INST/O
                         net (fo=1, routed)           0.050     0.675    u_ibufds/OUT
    AH18                 IBUFCTRL (Prop_IBUFCTRL_HPIOB_M_I_O)
                                                      0.000     0.675 r  u_ibufds/IBUFCTRL_INST/O
                         net (fo=1, routed)           0.322     0.997    clk_ref
    BUFGCE_DIV_X1Y7      BUFGCE_DIV (Prop_BUFGCE_DIV_I_O)
                                                      0.152     1.149 r  u_bufgce_div/O
    X1Y2 (CLOCK_ROOT)    net (fo=3480, routed)        2.186     3.335    clk
    SLICE_X77Y180        FDRE                                         r  rst_n_q_reg_rep__30/C
  -------------------------------------------------------------------    -------------------
    SLICE_X77Y180        FDRE (Prop_EFF2_SLICEL_C_Q)
                                                      0.081     3.416 r  rst_n_q_reg_rep__30/Q
                         net (fo=199, routed)         9.950    13.366    u_soc/g_pe[2].u_pe/u_core/core_i/id_stage_i/register_file_i/gen_rf[1].mem_reg[1][31]_0
    SLICE_X76Y13         FDCE                                         f  u_soc/g_pe[2].u_pe/u_core/core_i/id_stage_i/register_file_i/gen_rf[1].mem_reg[1][12]/CLR  (IS_INVERTED)
  -------------------------------------------------------------------    -------------------

                         (clock clk rise edge)       13.332    13.332 r  
    AH18                                              0.000    13.332 r  clk300_p_i (IN)
                         net (fo=0)                   0.079    13.411    u_ibufds/I
    HPIOBDIFFINBUF_X1Y36 DIFFINBUF (Prop_DIFFINBUF_HPIOBDIFFINBUF_DIFF_IN_P_O)
                                                      0.429    13.840 r  u_ibufds/DIFFINBUF_INST/O
                         net (fo=1, routed)           0.040    13.880    u_ibufds/OUT
    AH18                 IBUFCTRL (Prop_IBUFCTRL_HPIOB_M_I_O)
                                                      0.000    13.880 r  u_ibufds/IBUFCTRL_INST/O
                         net (fo=1, routed)           0.286    14.166    clk_ref
    BUFGCE_DIV_X1Y7      BUFGCE_DIV (Prop_BUFGCE_DIV_I_O)
                                                      0.132    14.298 r  u_bufgce_div/O
                         net (fo=3480, routed)        1.733    16.031    u_soc/g_pe[2].u_pe/u_core/core_i/sleep_unit_i/core_clock_gate_i/clk
    BUFGCE_X0Y104        BUFGCE (Prop_BUFCE_BUFGCE_I_O)
                                                      0.024    16.055 r  u_soc/g_pe[2].u_pe/u_core/core_i/sleep_unit_i/core_clock_gate_i/u_bufgce/O
    X2Y0 (CLOCK_ROOT)    net (fo=2101, routed)        2.551    18.606    u_soc/g_pe[2].u_pe/u_core/core_i/id_stage_i/register_file_i/clk_0
    SLICE_X76Y13         FDCE                                         r  u_soc/g_pe[2].u_pe/u_core/core_i/id_stage_i/register_file_i/gen_rf[1].mem_reg[1][12]/C
                         clock pessimism              0.243    18.849    
                         clock uncertainty           -0.035    18.814    
    SLICE_X76Y13         FDCE (Recov_HFF_SLICEL_C_CLR)
                                                     -0.066    18.748    u_soc/g_pe[2].u_pe/u_core/core_i/id_stage_i/register_file_i/gen_rf[1].mem_reg[1][12]
  -------------------------------------------------------------------
                         required time                         18.748    
                         arrival time                         -13.366    
  -------------------------------------------------------------------
                         slack                                  5.381    

Slack (MET) :             5.381ns  (required time - arrival time)
  Source:                 rst_n_q_reg_rep__30/C
                            (rising edge-triggered cell FDRE clocked by clk  {rise@0.000ns fall@6.666ns period=13.332ns})
  Destination:            u_soc/g_pe[2].u_pe/u_core/core_i/id_stage_i/register_file_i/gen_rf[1].mem_reg[1][14]/CLR
                            (recovery check against rising-edge clock clk  {rise@0.000ns fall@6.666ns period=13.332ns})
  Path Group:             **async_default**
  Path Type:              Recovery (Max at Slow Process Corner)
  Requirement:            13.332ns  (clk rise@13.332ns - clk rise@0.000ns)
  Data Path Delay:        10.031ns  (logic 0.081ns (0.808%)  route 9.950ns (99.192%))
  Logic Levels:           0  
  Clock Path Skew:        2.182ns (DCD - SCD + CPR)
    Destination Clock Delay (DCD):    5.274ns = ( 18.606 - 13.332 ) 
    Source Clock Delay      (SCD):    3.335ns
    Clock Pessimism Removal (CPR):    0.243ns
  Clock Uncertainty:      0.035ns  ((TSJ^2 + TIJ^2)^1/2 + DJ) / 2 + PE
    Total System Jitter     (TSJ):    0.071ns
    Total Input Jitter      (TIJ):    0.000ns
    Discrete Jitter          (DJ):    0.000ns
    Phase Error              (PE):    0.000ns
  Clock Net Delay (Source):      2.186ns (routing 0.803ns, distribution 1.383ns)
  Clock Net Delay (Destination): 2.551ns (routing 1.840ns, distribution 0.711ns)

    Location             Delay type                Incr(ns)  Path(ns)    Netlist Resource(s)
  -------------------------------------------------------------------    -------------------
                         (clock clk rise edge)        0.000     0.000 r  
    AH18                                              0.000     0.000 r  clk300_p_i (IN)
                         net (fo=0)                   0.100     0.100    u_ibufds/I
    HPIOBDIFFINBUF_X1Y36 DIFFINBUF (Prop_DIFFINBUF_HPIOBDIFFINBUF_DIFF_IN_P_O)
                                                      0.525     0.625 r  u_ibufds/DIFFINBUF_INST/O
                         net (fo=1, routed)           0.050     0.675    u_ibufds/OUT
    AH18                 IBUFCTRL (Prop_IBUFCTRL_HPIOB_M_I_O)
                                                      0.000     0.675 r  u_ibufds/IBUFCTRL_INST/O
                         net (fo=1, routed)           0.322     0.997    clk_ref
    BUFGCE_DIV_X1Y7      BUFGCE_DIV (Prop_BUFGCE_DIV_I_O)
                                                      0.152     1.149 r  u_bufgce_div/O
    X1Y2 (CLOCK_ROOT)    net (fo=3480, routed)        2.186     3.335    clk
    SLICE_X77Y180        FDRE                                         r  rst_n_q_reg_rep__30/C
  -------------------------------------------------------------------    -------------------
    SLICE_X77Y180        FDRE (Prop_EFF2_SLICEL_C_Q)
                                                      0.081     3.416 r  rst_n_q_reg_rep__30/Q
                         net (fo=199, routed)         9.950    13.366    u_soc/g_pe[2].u_pe/u_core/core_i/id_stage_i/register_file_i/gen_rf[1].mem_reg[1][31]_0
    SLICE_X76Y13         FDCE                                         f  u_soc/g_pe[2].u_pe/u_core/core_i/id_stage_i/register_file_i/gen_rf[1].mem_reg[1][14]/CLR  (IS_INVERTED)
  -------------------------------------------------------------------    -------------------

                         (clock clk rise edge)       13.332    13.332 r  
    AH18                                              0.000    13.332 r  clk300_p_i (IN)
                         net (fo=0)                   0.079    13.411    u_ibufds/I
    HPIOBDIFFINBUF_X1Y36 DIFFINBUF (Prop_DIFFINBUF_HPIOBDIFFINBUF_DIFF_IN_P_O)
                                                      0.429    13.840 r  u_ibufds/DIFFINBUF_INST/O
                         net (fo=1, routed)           0.040    13.880    u_ibufds/OUT
    AH18                 IBUFCTRL (Prop_IBUFCTRL_HPIOB_M_I_O)
                                                      0.000    13.880 r  u_ibufds/IBUFCTRL_INST/O
                         net (fo=1, routed)           0.286    14.166    clk_ref
    BUFGCE_DIV_X1Y7      BUFGCE_DIV (Prop_BUFGCE_DIV_I_O)
                                                      0.132    14.298 r  u_bufgce_div/O
                         net (fo=3480, routed)        1.733    16.031    u_soc/g_pe[2].u_pe/u_core/core_i/sleep_unit_i/core_clock_gate_i/clk
    BUFGCE_X0Y104        BUFGCE (Prop_BUFCE_BUFGCE_I_O)
                                                      0.024    16.055 r  u_soc/g_pe[2].u_pe/u_core/core_i/sleep_unit_i/core_clock_gate_i/u_bufgce/O
    X2Y0 (CLOCK_ROOT)    net (fo=2101, routed)        2.551    18.606    u_soc/g_pe[2].u_pe/u_core/core_i/id_stage_i/register_file_i/clk_0
    SLICE_X76Y13         FDCE                                         r  u_soc/g_pe[2].u_pe/u_core/core_i/id_stage_i/register_file_i/gen_rf[1].mem_reg[1][14]/C
                         clock pessimism              0.243    18.849    
                         clock uncertainty           -0.035    18.814    
    SLICE_X76Y13         FDCE (Recov_HFF2_SLICEL_C_CLR)
                                                     -0.066    18.748    u_soc/g_pe[2].u_pe/u_core/core_i/id_stage_i/register_file_i/gen_rf[1].mem_reg[1][14]
  -------------------------------------------------------------------
                         required time                         18.748    
                         arrival time                         -13.366    
  -------------------------------------------------------------------
                         slack                                  5.381    

Slack (MET) :             5.381ns  (required time - arrival time)
  Source:                 rst_n_q_reg_rep__30/C
                            (rising edge-triggered cell FDRE clocked by clk  {rise@0.000ns fall@6.666ns period=13.332ns})
  Destination:            u_soc/g_pe[2].u_pe/u_core/core_i/id_stage_i/register_file_i/gen_rf[1].mem_reg[1][2]/CLR
                            (recovery check against rising-edge clock clk  {rise@0.000ns fall@6.666ns period=13.332ns})
  Path Group:             **async_default**
  Path Type:              Recovery (Max at Slow Process Corner)
  Requirement:            13.332ns  (clk rise@13.332ns - clk rise@0.000ns)
  Data Path Delay:        10.031ns  (logic 0.081ns (0.808%)  route 9.950ns (99.192%))
  Logic Levels:           0  
  Clock Path Skew:        2.182ns (DCD - SCD + CPR)
    Destination Clock Delay (DCD):    5.274ns = ( 18.606 - 13.332 ) 
    Source Clock Delay      (SCD):    3.335ns
    Clock Pessimism Removal (CPR):    0.243ns
  Clock Uncertainty:      0.035ns  ((TSJ^2 + TIJ^2)^1/2 + DJ) / 2 + PE
    Total System Jitter     (TSJ):    0.071ns
    Total Input Jitter      (TIJ):    0.000ns
    Discrete Jitter          (DJ):    0.000ns
    Phase Error              (PE):    0.000ns
  Clock Net Delay (Source):      2.186ns (routing 0.803ns, distribution 1.383ns)
  Clock Net Delay (Destination): 2.551ns (routing 1.840ns, distribution 0.711ns)

    Location             Delay type                Incr(ns)  Path(ns)    Netlist Resource(s)
  -------------------------------------------------------------------    -------------------
                         (clock clk rise edge)        0.000     0.000 r  
    AH18                                              0.000     0.000 r  clk300_p_i (IN)
                         net (fo=0)                   0.100     0.100    u_ibufds/I
    HPIOBDIFFINBUF_X1Y36 DIFFINBUF (Prop_DIFFINBUF_HPIOBDIFFINBUF_DIFF_IN_P_O)
                                                      0.525     0.625 r  u_ibufds/DIFFINBUF_INST/O
                         net (fo=1, routed)           0.050     0.675    u_ibufds/OUT
    AH18                 IBUFCTRL (Prop_IBUFCTRL_HPIOB_M_I_O)
                                                      0.000     0.675 r  u_ibufds/IBUFCTRL_INST/O
                         net (fo=1, routed)           0.322     0.997    clk_ref
    BUFGCE_DIV_X1Y7      BUFGCE_DIV (Prop_BUFGCE_DIV_I_O)
                                                      0.152     1.149 r  u_bufgce_div/O
    X1Y2 (CLOCK_ROOT)    net (fo=3480, routed)        2.186     3.335    clk
    SLICE_X77Y180        FDRE                                         r  rst_n_q_reg_rep__30/C
  -------------------------------------------------------------------    -------------------
    SLICE_X77Y180        FDRE (Prop_EFF2_SLICEL_C_Q)
                                                      0.081     3.416 r  rst_n_q_reg_rep__30/Q
                         net (fo=199, routed)         9.950    13.366    u_soc/g_pe[2].u_pe/u_core/core_i/id_stage_i/register_file_i/gen_rf[1].mem_reg[1][31]_0
    SLICE_X76Y13         FDCE                                         f  u_soc/g_pe[2].u_pe/u_core/core_i/id_stage_i/register_file_i/gen_rf[1].mem_reg[1][2]/CLR  (IS_INVERTED)
  -------------------------------------------------------------------    -------------------

                         (clock clk rise edge)       13.332    13.332 r  
    AH18                                              0.000    13.332 r  clk300_p_i (IN)
                         net (fo=0)                   0.079    13.411    u_ibufds/I
    HPIOBDIFFINBUF_X1Y36 DIFFINBUF (Prop_DIFFINBUF_HPIOBDIFFINBUF_DIFF_IN_P_O)
                                                      0.429    13.840 r  u_ibufds/DIFFINBUF_INST/O
                         net (fo=1, routed)           0.040    13.880    u_ibufds/OUT
    AH18                 IBUFCTRL (Prop_IBUFCTRL_HPIOB_M_I_O)
                                                      0.000    13.880 r  u_ibufds/IBUFCTRL_INST/O
                         net (fo=1, routed)           0.286    14.166    clk_ref
    BUFGCE_DIV_X1Y7      BUFGCE_DIV (Prop_BUFGCE_DIV_I_O)
                                                      0.132    14.298 r  u_bufgce_div/O
                         net (fo=3480, routed)        1.733    16.031    u_soc/g_pe[2].u_pe/u_core/core_i/sleep_unit_i/core_clock_gate_i/clk
    BUFGCE_X0Y104        BUFGCE (Prop_BUFCE_BUFGCE_I_O)
                                                      0.024    16.055 r  u_soc/g_pe[2].u_pe/u_core/core_i/sleep_unit_i/core_clock_gate_i/u_bufgce/O
    X2Y0 (CLOCK_ROOT)    net (fo=2101, routed)        2.551    18.606    u_soc/g_pe[2].u_pe/u_core/core_i/id_stage_i/register_file_i/clk_0
    SLICE_X76Y13         FDCE                                         r  u_soc/g_pe[2].u_pe/u_core/core_i/id_stage_i/register_file_i/gen_rf[1].mem_reg[1][2]/C
                         clock pessimism              0.243    18.849    
                         clock uncertainty           -0.035    18.814    
    SLICE_X76Y13         FDCE (Recov_GFF_SLICEL_C_CLR)
                                                     -0.066    18.748    u_soc/g_pe[2].u_pe/u_core/core_i/id_stage_i/register_file_i/gen_rf[1].mem_reg[1][2]
  -------------------------------------------------------------------
                         required time                         18.748    
                         arrival time                         -13.366    
  -------------------------------------------------------------------
                         slack                                  5.381    

Slack (MET) :             5.381ns  (required time - arrival time)
  Source:                 rst_n_q_reg_rep__30/C
                            (rising edge-triggered cell FDRE clocked by clk  {rise@0.000ns fall@6.666ns period=13.332ns})
  Destination:            u_soc/g_pe[2].u_pe/u_core/core_i/id_stage_i/register_file_i/gen_rf[1].mem_reg[1][3]/CLR
                            (recovery check against rising-edge clock clk  {rise@0.000ns fall@6.666ns period=13.332ns})
  Path Group:             **async_default**
  Path Type:              Recovery (Max at Slow Process Corner)
  Requirement:            13.332ns  (clk rise@13.332ns - clk rise@0.000ns)
  Data Path Delay:        10.031ns  (logic 0.081ns (0.808%)  route 9.950ns (99.192%))
  Logic Levels:           0  
  Clock Path Skew:        2.182ns (DCD - SCD + CPR)
    Destination Clock Delay (DCD):    5.274ns = ( 18.606 - 13.332 ) 
    Source Clock Delay      (SCD):    3.335ns
    Clock Pessimism Removal (CPR):    0.243ns
  Clock Uncertainty:      0.035ns  ((TSJ^2 + TIJ^2)^1/2 + DJ) / 2 + PE
    Total System Jitter     (TSJ):    0.071ns
    Total Input Jitter      (TIJ):    0.000ns
    Discrete Jitter          (DJ):    0.000ns
    Phase Error              (PE):    0.000ns
  Clock Net Delay (Source):      2.186ns (routing 0.803ns, distribution 1.383ns)
  Clock Net Delay (Destination): 2.551ns (routing 1.840ns, distribution 0.711ns)

    Location             Delay type                Incr(ns)  Path(ns)    Netlist Resource(s)
  -------------------------------------------------------------------    -------------------
                         (clock clk rise edge)        0.000     0.000 r  
    AH18                                              0.000     0.000 r  clk300_p_i (IN)
                         net (fo=0)                   0.100     0.100    u_ibufds/I
    HPIOBDIFFINBUF_X1Y36 DIFFINBUF (Prop_DIFFINBUF_HPIOBDIFFINBUF_DIFF_IN_P_O)
                                                      0.525     0.625 r  u_ibufds/DIFFINBUF_INST/O
                         net (fo=1, routed)           0.050     0.675    u_ibufds/OUT
    AH18                 IBUFCTRL (Prop_IBUFCTRL_HPIOB_M_I_O)
                                                      0.000     0.675 r  u_ibufds/IBUFCTRL_INST/O
                         net (fo=1, routed)           0.322     0.997    clk_ref
    BUFGCE_DIV_X1Y7      BUFGCE_DIV (Prop_BUFGCE_DIV_I_O)
                                                      0.152     1.149 r  u_bufgce_div/O
    X1Y2 (CLOCK_ROOT)    net (fo=3480, routed)        2.186     3.335    clk
    SLICE_X77Y180        FDRE                                         r  rst_n_q_reg_rep__30/C
  -------------------------------------------------------------------    -------------------
    SLICE_X77Y180        FDRE (Prop_EFF2_SLICEL_C_Q)
                                                      0.081     3.416 r  rst_n_q_reg_rep__30/Q
                         net (fo=199, routed)         9.950    13.366    u_soc/g_pe[2].u_pe/u_core/core_i/id_stage_i/register_file_i/gen_rf[1].mem_reg[1][31]_0
    SLICE_X76Y13         FDCE                                         f  u_soc/g_pe[2].u_pe/u_core/core_i/id_stage_i/register_file_i/gen_rf[1].mem_reg[1][3]/CLR  (IS_INVERTED)
  -------------------------------------------------------------------    -------------------

                         (clock clk rise edge)       13.332    13.332 r  
    AH18                                              0.000    13.332 r  clk300_p_i (IN)
                         net (fo=0)                   0.079    13.411    u_ibufds/I
    HPIOBDIFFINBUF_X1Y36 DIFFINBUF (Prop_DIFFINBUF_HPIOBDIFFINBUF_DIFF_IN_P_O)
                                                      0.429    13.840 r  u_ibufds/DIFFINBUF_INST/O
                         net (fo=1, routed)           0.040    13.880    u_ibufds/OUT
    AH18                 IBUFCTRL (Prop_IBUFCTRL_HPIOB_M_I_O)
                                                      0.000    13.880 r  u_ibufds/IBUFCTRL_INST/O
                         net (fo=1, routed)           0.286    14.166    clk_ref
    BUFGCE_DIV_X1Y7      BUFGCE_DIV (Prop_BUFGCE_DIV_I_O)
                                                      0.132    14.298 r  u_bufgce_div/O
                         net (fo=3480, routed)        1.733    16.031    u_soc/g_pe[2].u_pe/u_core/core_i/sleep_unit_i/core_clock_gate_i/clk
    BUFGCE_X0Y104        BUFGCE (Prop_BUFCE_BUFGCE_I_O)
                                                      0.024    16.055 r  u_soc/g_pe[2].u_pe/u_core/core_i/sleep_unit_i/core_clock_gate_i/u_bufgce/O
    X2Y0 (CLOCK_ROOT)    net (fo=2101, routed)        2.551    18.606    u_soc/g_pe[2].u_pe/u_core/core_i/id_stage_i/register_file_i/clk_0
    SLICE_X76Y13         FDCE                                         r  u_soc/g_pe[2].u_pe/u_core/core_i/id_stage_i/register_file_i/gen_rf[1].mem_reg[1][3]/C
                         clock pessimism              0.243    18.849    
                         clock uncertainty           -0.035    18.814    
    SLICE_X76Y13         FDCE (Recov_GFF2_SLICEL_C_CLR)
                                                     -0.066    18.748    u_soc/g_pe[2].u_pe/u_core/core_i/id_stage_i/register_file_i/gen_rf[1].mem_reg[1][3]
  -------------------------------------------------------------------
                         required time                         18.748    
                         arrival time                         -13.366    
  -------------------------------------------------------------------
                         slack                                  5.381    

Slack (MET) :             5.470ns  (required time - arrival time)
  Source:                 rst_n_q_reg_rep__30/C
                            (rising edge-triggered cell FDRE clocked by clk  {rise@0.000ns fall@6.666ns period=13.332ns})
  Destination:            u_soc/g_pe[2].u_pe/u_core/core_i/id_stage_i/register_file_i/gen_rf[1].mem_reg[1][21]/CLR
                            (recovery check against rising-edge clock clk  {rise@0.000ns fall@6.666ns period=13.332ns})
  Path Group:             **async_default**
  Path Type:              Recovery (Max at Slow Process Corner)
  Requirement:            13.332ns  (clk rise@13.332ns - clk rise@0.000ns)
  Data Path Delay:        9.938ns  (logic 0.081ns (0.815%)  route 9.857ns (99.185%))
  Logic Levels:           0  
  Clock Path Skew:        2.178ns (DCD - SCD + CPR)
    Destination Clock Delay (DCD):    5.270ns = ( 18.602 - 13.332 ) 
    Source Clock Delay      (SCD):    3.335ns
    Clock Pessimism Removal (CPR):    0.243ns
  Clock Uncertainty:      0.035ns  ((TSJ^2 + TIJ^2)^1/2 + DJ) / 2 + PE
    Total System Jitter     (TSJ):    0.071ns
    Total Input Jitter      (TIJ):    0.000ns
    Discrete Jitter          (DJ):    0.000ns
    Phase Error              (PE):    0.000ns
  Clock Net Delay (Source):      2.186ns (routing 0.803ns, distribution 1.383ns)
  Clock Net Delay (Destination): 2.547ns (routing 1.840ns, distribution 0.707ns)

    Location             Delay type                Incr(ns)  Path(ns)    Netlist Resource(s)
  -------------------------------------------------------------------    -------------------
                         (clock clk rise edge)        0.000     0.000 r  
    AH18                                              0.000     0.000 r  clk300_p_i (IN)
                         net (fo=0)                   0.100     0.100    u_ibufds/I
    HPIOBDIFFINBUF_X1Y36 DIFFINBUF (Prop_DIFFINBUF_HPIOBDIFFINBUF_DIFF_IN_P_O)
                                                      0.525     0.625 r  u_ibufds/DIFFINBUF_INST/O
                         net (fo=1, routed)           0.050     0.675    u_ibufds/OUT
    AH18                 IBUFCTRL (Prop_IBUFCTRL_HPIOB_M_I_O)
                                                      0.000     0.675 r  u_ibufds/IBUFCTRL_INST/O
                         net (fo=1, routed)           0.322     0.997    clk_ref
    BUFGCE_DIV_X1Y7      BUFGCE_DIV (Prop_BUFGCE_DIV_I_O)
                                                      0.152     1.149 r  u_bufgce_div/O
    X1Y2 (CLOCK_ROOT)    net (fo=3480, routed)        2.186     3.335    clk
    SLICE_X77Y180        FDRE                                         r  rst_n_q_reg_rep__30/C
  -------------------------------------------------------------------    -------------------
    SLICE_X77Y180        FDRE (Prop_EFF2_SLICEL_C_Q)
                                                      0.081     3.416 r  rst_n_q_reg_rep__30/Q
                         net (fo=199, routed)         9.857    13.273    u_soc/g_pe[2].u_pe/u_core/core_i/id_stage_i/register_file_i/gen_rf[1].mem_reg[1][31]_0
    SLICE_X77Y16         FDCE                                         f  u_soc/g_pe[2].u_pe/u_core/core_i/id_stage_i/register_file_i/gen_rf[1].mem_reg[1][21]/CLR  (IS_INVERTED)
  -------------------------------------------------------------------    -------------------

                         (clock clk rise edge)       13.332    13.332 r  
    AH18                                              0.000    13.332 r  clk300_p_i (IN)
                         net (fo=0)                   0.079    13.411    u_ibufds/I
    HPIOBDIFFINBUF_X1Y36 DIFFINBUF (Prop_DIFFINBUF_HPIOBDIFFINBUF_DIFF_IN_P_O)
                                                      0.429    13.840 r  u_ibufds/DIFFINBUF_INST/O
                         net (fo=1, routed)           0.040    13.880    u_ibufds/OUT
    AH18                 IBUFCTRL (Prop_IBUFCTRL_HPIOB_M_I_O)
                                                      0.000    13.880 r  u_ibufds/IBUFCTRL_INST/O
                         net (fo=1, routed)           0.286    14.166    clk_ref
    BUFGCE_DIV_X1Y7      BUFGCE_DIV (Prop_BUFGCE_DIV_I_O)
                                                      0.132    14.298 r  u_bufgce_div/O
                         net (fo=3480, routed)        1.733    16.031    u_soc/g_pe[2].u_pe/u_core/core_i/sleep_unit_i/core_clock_gate_i/clk
    BUFGCE_X0Y104        BUFGCE (Prop_BUFCE_BUFGCE_I_O)
                                                      0.024    16.055 r  u_soc/g_pe[2].u_pe/u_core/core_i/sleep_unit_i/core_clock_gate_i/u_bufgce/O
    X2Y0 (CLOCK_ROOT)    net (fo=2101, routed)        2.547    18.602    u_soc/g_pe[2].u_pe/u_core/core_i/id_stage_i/register_file_i/clk_0
    SLICE_X77Y16         FDCE                                         r  u_soc/g_pe[2].u_pe/u_core/core_i/id_stage_i/register_file_i/gen_rf[1].mem_reg[1][21]/C
                         clock pessimism              0.243    18.845    
                         clock uncertainty           -0.035    18.810    
    SLICE_X77Y16         FDCE (Recov_BFF_SLICEL_C_CLR)
                                                     -0.066    18.744    u_soc/g_pe[2].u_pe/u_core/core_i/id_stage_i/register_file_i/gen_rf[1].mem_reg[1][21]
  -------------------------------------------------------------------
                         required time                         18.744    
                         arrival time                         -13.273    
  -------------------------------------------------------------------
                         slack                                  5.470    

Slack (MET) :             5.470ns  (required time - arrival time)
  Source:                 rst_n_q_reg_rep__30/C
                            (rising edge-triggered cell FDRE clocked by clk  {rise@0.000ns fall@6.666ns period=13.332ns})
  Destination:            u_soc/g_pe[2].u_pe/u_core/core_i/id_stage_i/register_file_i/gen_rf[1].mem_reg[1][22]/CLR
                            (recovery check against rising-edge clock clk  {rise@0.000ns fall@6.666ns period=13.332ns})
  Path Group:             **async_default**
  Path Type:              Recovery (Max at Slow Process Corner)
  Requirement:            13.332ns  (clk rise@13.332ns - clk rise@0.000ns)
  Data Path Delay:        9.938ns  (logic 0.081ns (0.815%)  route 9.857ns (99.185%))
  Logic Levels:           0  
  Clock Path Skew:        2.178ns (DCD - SCD + CPR)
    Destination Clock Delay (DCD):    5.270ns = ( 18.602 - 13.332 ) 
    Source Clock Delay      (SCD):    3.335ns
    Clock Pessimism Removal (CPR):    0.243ns
  Clock Uncertainty:      0.035ns  ((TSJ^2 + TIJ^2)^1/2 + DJ) / 2 + PE
    Total System Jitter     (TSJ):    0.071ns
    Total Input Jitter      (TIJ):    0.000ns
    Discrete Jitter          (DJ):    0.000ns
    Phase Error              (PE):    0.000ns
  Clock Net Delay (Source):      2.186ns (routing 0.803ns, distribution 1.383ns)
  Clock Net Delay (Destination): 2.547ns (routing 1.840ns, distribution 0.707ns)

    Location             Delay type                Incr(ns)  Path(ns)    Netlist Resource(s)
  -------------------------------------------------------------------    -------------------
                         (clock clk rise edge)        0.000     0.000 r  
    AH18                                              0.000     0.000 r  clk300_p_i (IN)
                         net (fo=0)                   0.100     0.100    u_ibufds/I
    HPIOBDIFFINBUF_X1Y36 DIFFINBUF (Prop_DIFFINBUF_HPIOBDIFFINBUF_DIFF_IN_P_O)
                                                      0.525     0.625 r  u_ibufds/DIFFINBUF_INST/O
                         net (fo=1, routed)           0.050     0.675    u_ibufds/OUT
    AH18                 IBUFCTRL (Prop_IBUFCTRL_HPIOB_M_I_O)
                                                      0.000     0.675 r  u_ibufds/IBUFCTRL_INST/O
                         net (fo=1, routed)           0.322     0.997    clk_ref
    BUFGCE_DIV_X1Y7      BUFGCE_DIV (Prop_BUFGCE_DIV_I_O)
                                                      0.152     1.149 r  u_bufgce_div/O
    X1Y2 (CLOCK_ROOT)    net (fo=3480, routed)        2.186     3.335    clk
    SLICE_X77Y180        FDRE                                         r  rst_n_q_reg_rep__30/C
  -------------------------------------------------------------------    -------------------
    SLICE_X77Y180        FDRE (Prop_EFF2_SLICEL_C_Q)
                                                      0.081     3.416 r  rst_n_q_reg_rep__30/Q
                         net (fo=199, routed)         9.857    13.273    u_soc/g_pe[2].u_pe/u_core/core_i/id_stage_i/register_file_i/gen_rf[1].mem_reg[1][31]_0
    SLICE_X77Y16         FDCE                                         f  u_soc/g_pe[2].u_pe/u_core/core_i/id_stage_i/register_file_i/gen_rf[1].mem_reg[1][22]/CLR  (IS_INVERTED)
  -------------------------------------------------------------------    -------------------

                         (clock clk rise edge)       13.332    13.332 r  
    AH18                                              0.000    13.332 r  clk300_p_i (IN)
                         net (fo=0)                   0.079    13.411    u_ibufds/I
    HPIOBDIFFINBUF_X1Y36 DIFFINBUF (Prop_DIFFINBUF_HPIOBDIFFINBUF_DIFF_IN_P_O)
                                                      0.429    13.840 r  u_ibufds/DIFFINBUF_INST/O
                         net (fo=1, routed)           0.040    13.880    u_ibufds/OUT
    AH18                 IBUFCTRL (Prop_IBUFCTRL_HPIOB_M_I_O)
                                                      0.000    13.880 r  u_ibufds/IBUFCTRL_INST/O
                         net (fo=1, routed)           0.286    14.166    clk_ref
    BUFGCE_DIV_X1Y7      BUFGCE_DIV (Prop_BUFGCE_DIV_I_O)
                                                      0.132    14.298 r  u_bufgce_div/O
                         net (fo=3480, routed)        1.733    16.031    u_soc/g_pe[2].u_pe/u_core/core_i/sleep_unit_i/core_clock_gate_i/clk
    BUFGCE_X0Y104        BUFGCE (Prop_BUFCE_BUFGCE_I_O)
                                                      0.024    16.055 r  u_soc/g_pe[2].u_pe/u_core/core_i/sleep_unit_i/core_clock_gate_i/u_bufgce/O
    X2Y0 (CLOCK_ROOT)    net (fo=2101, routed)        2.547    18.602    u_soc/g_pe[2].u_pe/u_core/core_i/id_stage_i/register_file_i/clk_0
    SLICE_X77Y16         FDCE                                         r  u_soc/g_pe[2].u_pe/u_core/core_i/id_stage_i/register_file_i/gen_rf[1].mem_reg[1][22]/C
                         clock pessimism              0.243    18.845    
                         clock uncertainty           -0.035    18.810    
    SLICE_X77Y16         FDCE (Recov_AFF_SLICEL_C_CLR)
                                                     -0.066    18.744    u_soc/g_pe[2].u_pe/u_core/core_i/id_stage_i/register_file_i/gen_rf[1].mem_reg[1][22]
  -------------------------------------------------------------------
                         required time                         18.744    
                         arrival time                         -13.273    
  -------------------------------------------------------------------
                         slack                                  5.470    

Slack (MET) :             5.470ns  (required time - arrival time)
  Source:                 rst_n_q_reg_rep__30/C
                            (rising edge-triggered cell FDRE clocked by clk  {rise@0.000ns fall@6.666ns period=13.332ns})
  Destination:            u_soc/g_pe[2].u_pe/u_core/core_i/id_stage_i/register_file_i/gen_rf[1].mem_reg[1][24]/CLR
                            (recovery check against rising-edge clock clk  {rise@0.000ns fall@6.666ns period=13.332ns})
  Path Group:             **async_default**
  Path Type:              Recovery (Max at Slow Process Corner)
  Requirement:            13.332ns  (clk rise@13.332ns - clk rise@0.000ns)
  Data Path Delay:        9.938ns  (logic 0.081ns (0.815%)  route 9.857ns (99.185%))
  Logic Levels:           0  
  Clock Path Skew:        2.178ns (DCD - SCD + CPR)
    Destination Clock Delay (DCD):    5.270ns = ( 18.602 - 13.332 ) 
    Source Clock Delay      (SCD):    3.335ns
    Clock Pessimism Removal (CPR):    0.243ns
  Clock Uncertainty:      0.035ns  ((TSJ^2 + TIJ^2)^1/2 + DJ) / 2 + PE
    Total System Jitter     (TSJ):    0.071ns
    Total Input Jitter      (TIJ):    0.000ns
    Discrete Jitter          (DJ):    0.000ns
    Phase Error              (PE):    0.000ns
  Clock Net Delay (Source):      2.186ns (routing 0.803ns, distribution 1.383ns)
  Clock Net Delay (Destination): 2.547ns (routing 1.840ns, distribution 0.707ns)

    Location             Delay type                Incr(ns)  Path(ns)    Netlist Resource(s)
  -------------------------------------------------------------------    -------------------
                         (clock clk rise edge)        0.000     0.000 r  
    AH18                                              0.000     0.000 r  clk300_p_i (IN)
                         net (fo=0)                   0.100     0.100    u_ibufds/I
    HPIOBDIFFINBUF_X1Y36 DIFFINBUF (Prop_DIFFINBUF_HPIOBDIFFINBUF_DIFF_IN_P_O)
                                                      0.525     0.625 r  u_ibufds/DIFFINBUF_INST/O
                         net (fo=1, routed)           0.050     0.675    u_ibufds/OUT
    AH18                 IBUFCTRL (Prop_IBUFCTRL_HPIOB_M_I_O)
                                                      0.000     0.675 r  u_ibufds/IBUFCTRL_INST/O
                         net (fo=1, routed)           0.322     0.997    clk_ref
    BUFGCE_DIV_X1Y7      BUFGCE_DIV (Prop_BUFGCE_DIV_I_O)
                                                      0.152     1.149 r  u_bufgce_div/O
    X1Y2 (CLOCK_ROOT)    net (fo=3480, routed)        2.186     3.335    clk
    SLICE_X77Y180        FDRE                                         r  rst_n_q_reg_rep__30/C
  -------------------------------------------------------------------    -------------------
    SLICE_X77Y180        FDRE (Prop_EFF2_SLICEL_C_Q)
                                                      0.081     3.416 r  rst_n_q_reg_rep__30/Q
                         net (fo=199, routed)         9.857    13.273    u_soc/g_pe[2].u_pe/u_core/core_i/id_stage_i/register_file_i/gen_rf[1].mem_reg[1][31]_0
    SLICE_X77Y16         FDCE                                         f  u_soc/g_pe[2].u_pe/u_core/core_i/id_stage_i/register_file_i/gen_rf[1].mem_reg[1][24]/CLR  (IS_INVERTED)
  -------------------------------------------------------------------    -------------------

                         (clock clk rise edge)       13.332    13.332 r  
    AH18                                              0.000    13.332 r  clk300_p_i (IN)
                         net (fo=0)                   0.079    13.411    u_ibufds/I
    HPIOBDIFFINBUF_X1Y36 DIFFINBUF (Prop_DIFFINBUF_HPIOBDIFFINBUF_DIFF_IN_P_O)
                                                      0.429    13.840 r  u_ibufds/DIFFINBUF_INST/O
                         net (fo=1, routed)           0.040    13.880    u_ibufds/OUT
    AH18                 IBUFCTRL (Prop_IBUFCTRL_HPIOB_M_I_O)
                                                      0.000    13.880 r  u_ibufds/IBUFCTRL_INST/O
                         net (fo=1, routed)           0.286    14.166    clk_ref
    BUFGCE_DIV_X1Y7      BUFGCE_DIV (Prop_BUFGCE_DIV_I_O)
                                                      0.132    14.298 r  u_bufgce_div/O
                         net (fo=3480, routed)        1.733    16.031    u_soc/g_pe[2].u_pe/u_core/core_i/sleep_unit_i/core_clock_gate_i/clk
    BUFGCE_X0Y104        BUFGCE (Prop_BUFCE_BUFGCE_I_O)
                                                      0.024    16.055 r  u_soc/g_pe[2].u_pe/u_core/core_i/sleep_unit_i/core_clock_gate_i/u_bufgce/O
    X2Y0 (CLOCK_ROOT)    net (fo=2101, routed)        2.547    18.602    u_soc/g_pe[2].u_pe/u_core/core_i/id_stage_i/register_file_i/clk_0
    SLICE_X77Y16         FDCE                                         r  u_soc/g_pe[2].u_pe/u_core/core_i/id_stage_i/register_file_i/gen_rf[1].mem_reg[1][24]/C
                         clock pessimism              0.243    18.845    
                         clock uncertainty           -0.035    18.810    
    SLICE_X77Y16         FDCE (Recov_BFF2_SLICEL_C_CLR)
                                                     -0.066    18.744    u_soc/g_pe[2].u_pe/u_core/core_i/id_stage_i/register_file_i/gen_rf[1].mem_reg[1][24]
  -------------------------------------------------------------------
                         required time                         18.744    
                         arrival time                         -13.273    
  -------------------------------------------------------------------
                         slack                                  5.470    

Slack (MET) :             5.470ns  (required time - arrival time)
  Source:                 rst_n_q_reg_rep__30/C
                            (rising edge-triggered cell FDRE clocked by clk  {rise@0.000ns fall@6.666ns period=13.332ns})
  Destination:            u_soc/g_pe[2].u_pe/u_core/core_i/id_stage_i/register_file_i/gen_rf[1].mem_reg[1][5]/CLR
                            (recovery check against rising-edge clock clk  {rise@0.000ns fall@6.666ns period=13.332ns})
  Path Group:             **async_default**
  Path Type:              Recovery (Max at Slow Process Corner)
  Requirement:            13.332ns  (clk rise@13.332ns - clk rise@0.000ns)
  Data Path Delay:        9.938ns  (logic 0.081ns (0.815%)  route 9.857ns (99.185%))
  Logic Levels:           0  
  Clock Path Skew:        2.178ns (DCD - SCD + CPR)
    Destination Clock Delay (DCD):    5.270ns = ( 18.602 - 13.332 ) 
    Source Clock Delay      (SCD):    3.335ns
    Clock Pessimism Removal (CPR):    0.243ns
  Clock Uncertainty:      0.035ns  ((TSJ^2 + TIJ^2)^1/2 + DJ) / 2 + PE
    Total System Jitter     (TSJ):    0.071ns
    Total Input Jitter      (TIJ):    0.000ns
    Discrete Jitter          (DJ):    0.000ns
    Phase Error              (PE):    0.000ns
  Clock Net Delay (Source):      2.186ns (routing 0.803ns, distribution 1.383ns)
  Clock Net Delay (Destination): 2.547ns (routing 1.840ns, distribution 0.707ns)

    Location             Delay type                Incr(ns)  Path(ns)    Netlist Resource(s)
  -------------------------------------------------------------------    -------------------
                         (clock clk rise edge)        0.000     0.000 r  
    AH18                                              0.000     0.000 r  clk300_p_i (IN)
                         net (fo=0)                   0.100     0.100    u_ibufds/I
    HPIOBDIFFINBUF_X1Y36 DIFFINBUF (Prop_DIFFINBUF_HPIOBDIFFINBUF_DIFF_IN_P_O)
                                                      0.525     0.625 r  u_ibufds/DIFFINBUF_INST/O
                         net (fo=1, routed)           0.050     0.675    u_ibufds/OUT
    AH18                 IBUFCTRL (Prop_IBUFCTRL_HPIOB_M_I_O)
                                                      0.000     0.675 r  u_ibufds/IBUFCTRL_INST/O
                         net (fo=1, routed)           0.322     0.997    clk_ref
    BUFGCE_DIV_X1Y7      BUFGCE_DIV (Prop_BUFGCE_DIV_I_O)
                                                      0.152     1.149 r  u_bufgce_div/O
    X1Y2 (CLOCK_ROOT)    net (fo=3480, routed)        2.186     3.335    clk
    SLICE_X77Y180        FDRE                                         r  rst_n_q_reg_rep__30/C
  -------------------------------------------------------------------    -------------------
    SLICE_X77Y180        FDRE (Prop_EFF2_SLICEL_C_Q)
                                                      0.081     3.416 r  rst_n_q_reg_rep__30/Q
                         net (fo=199, routed)         9.857    13.273    u_soc/g_pe[2].u_pe/u_core/core_i/id_stage_i/register_file_i/gen_rf[1].mem_reg[1][31]_0
    SLICE_X77Y16         FDCE                                         f  u_soc/g_pe[2].u_pe/u_core/core_i/id_stage_i/register_file_i/gen_rf[1].mem_reg[1][5]/CLR  (IS_INVERTED)
  -------------------------------------------------------------------    -------------------

                         (clock clk rise edge)       13.332    13.332 r  
    AH18                                              0.000    13.332 r  clk300_p_i (IN)
                         net (fo=0)                   0.079    13.411    u_ibufds/I
    HPIOBDIFFINBUF_X1Y36 DIFFINBUF (Prop_DIFFINBUF_HPIOBDIFFINBUF_DIFF_IN_P_O)
                                                      0.429    13.840 r  u_ibufds/DIFFINBUF_INST/O
                         net (fo=1, routed)           0.040    13.880    u_ibufds/OUT
    AH18                 IBUFCTRL (Prop_IBUFCTRL_HPIOB_M_I_O)
                                                      0.000    13.880 r  u_ibufds/IBUFCTRL_INST/O
                         net (fo=1, routed)           0.286    14.166    clk_ref
    BUFGCE_DIV_X1Y7      BUFGCE_DIV (Prop_BUFGCE_DIV_I_O)
                                                      0.132    14.298 r  u_bufgce_div/O
                         net (fo=3480, routed)        1.733    16.031    u_soc/g_pe[2].u_pe/u_core/core_i/sleep_unit_i/core_clock_gate_i/clk
    BUFGCE_X0Y104        BUFGCE (Prop_BUFCE_BUFGCE_I_O)
                                                      0.024    16.055 r  u_soc/g_pe[2].u_pe/u_core/core_i/sleep_unit_i/core_clock_gate_i/u_bufgce/O
    X2Y0 (CLOCK_ROOT)    net (fo=2101, routed)        2.547    18.602    u_soc/g_pe[2].u_pe/u_core/core_i/id_stage_i/register_file_i/clk_0
    SLICE_X77Y16         FDCE                                         r  u_soc/g_pe[2].u_pe/u_core/core_i/id_stage_i/register_file_i/gen_rf[1].mem_reg[1][5]/C
                         clock pessimism              0.243    18.845    
                         clock uncertainty           -0.035    18.810    
    SLICE_X77Y16         FDCE (Recov_AFF2_SLICEL_C_CLR)
                                                     -0.066    18.744    u_soc/g_pe[2].u_pe/u_core/core_i/id_stage_i/register_file_i/gen_rf[1].mem_reg[1][5]
  -------------------------------------------------------------------
                         required time                         18.744    
                         arrival time                         -13.273    
  -------------------------------------------------------------------
                         slack                                  5.470    





Min Delay Paths
--------------------------------------------------------------------------------------
Slack (MET) :             0.035ns  (arrival time - required time)
  Source:                 rst_n_q_reg_rep__25/C
                            (rising edge-triggered cell FDRE clocked by clk  {rise@0.000ns fall@6.666ns period=13.332ns})
  Destination:            u_soc/g_pe[1].u_pe/u_core/core_i/id_stage_i/register_file_i/gen_rf[17].mem_reg[17][12]/CLR
                            (removal check against rising-edge clock clk  {rise@0.000ns fall@6.666ns period=13.332ns})
  Path Group:             **async_default**
  Path Type:              Removal (Min at Slow Process Corner)
  Requirement:            0.000ns  (clk rise@0.000ns - clk rise@0.000ns)
  Data Path Delay:        3.342ns  (logic 0.058ns (1.735%)  route 3.284ns (98.265%))
  Logic Levels:           0  
  Clock Path Skew:        3.339ns (DCD - SCD - CPR)
    Destination Clock Delay (DCD):    6.452ns
    Source Clock Delay      (SCD):    2.870ns
    Clock Pessimism Removal (CPR):    0.243ns
  Clock Net Delay (Source):      1.904ns (routing 0.732ns, distribution 1.172ns)
  Clock Net Delay (Destination): 3.033ns (routing 2.136ns, distribution 0.897ns)

    Location             Delay type                Incr(ns)  Path(ns)    Netlist Resource(s)
  -------------------------------------------------------------------    -------------------
                         (clock clk rise edge)        0.000     0.000 r  
    AH18                                              0.000     0.000 r  clk300_p_i (IN)
                         net (fo=0)                   0.079     0.079    u_ibufds/I
    HPIOBDIFFINBUF_X1Y36 DIFFINBUF (Prop_DIFFINBUF_HPIOBDIFFINBUF_DIFF_IN_P_O)
                                                      0.429     0.508 r  u_ibufds/DIFFINBUF_INST/O
                         net (fo=1, routed)           0.040     0.548    u_ibufds/OUT
    AH18                 IBUFCTRL (Prop_IBUFCTRL_HPIOB_M_I_O)
                                                      0.000     0.548 r  u_ibufds/IBUFCTRL_INST/O
                         net (fo=1, routed)           0.286     0.834    clk_ref
    BUFGCE_DIV_X1Y7      BUFGCE_DIV (Prop_BUFGCE_DIV_I_O)
                                                      0.132     0.966 r  u_bufgce_div/O
    X1Y2 (CLOCK_ROOT)    net (fo=3480, routed)        1.904     2.870    clk
    SLICE_X72Y178        FDRE                                         r  rst_n_q_reg_rep__25/C
  -------------------------------------------------------------------    -------------------
    SLICE_X72Y178        FDRE (Prop_FFF_SLICEL_C_Q)
                                                      0.058     2.928 r  rst_n_q_reg_rep__25/Q
                         net (fo=199, routed)         3.284     6.212    u_soc/g_pe[1].u_pe/u_core/core_i/id_stage_i/register_file_i/gen_rf[17].mem_reg[17][20]_0
    SLICE_X94Y86         FDCE                                         f  u_soc/g_pe[1].u_pe/u_core/core_i/id_stage_i/register_file_i/gen_rf[17].mem_reg[17][12]/CLR  (IS_INVERTED)
  -------------------------------------------------------------------    -------------------

                         (clock clk rise edge)        0.000     0.000 r  
    AH18                                              0.000     0.000 r  clk300_p_i (IN)
                         net (fo=0)                   0.100     0.100    u_ibufds/I
    HPIOBDIFFINBUF_X1Y36 DIFFINBUF (Prop_DIFFINBUF_HPIOBDIFFINBUF_DIFF_IN_P_O)
                                                      0.525     0.625 r  u_ibufds/DIFFINBUF_INST/O
                         net (fo=1, routed)           0.050     0.675    u_ibufds/OUT
    AH18                 IBUFCTRL (Prop_IBUFCTRL_HPIOB_M_I_O)
                                                      0.000     0.675 r  u_ibufds/IBUFCTRL_INST/O
                         net (fo=1, routed)           0.322     0.997    clk_ref
    BUFGCE_DIV_X1Y7      BUFGCE_DIV (Prop_BUFGCE_DIV_I_O)
                                                      0.152     1.149 r  u_bufgce_div/O
                         net (fo=3480, routed)        2.242     3.391    u_soc/g_pe[1].u_pe/u_core/core_i/sleep_unit_i/core_clock_gate_i/clk
    BUFGCE_X0Y143        BUFGCE (Prop_BUFCE_BUFGCE_I_O)
                                                      0.028     3.419 r  u_soc/g_pe[1].u_pe/u_core/core_i/sleep_unit_i/core_clock_gate_i/u_bufgce/O
    X2Y1 (CLOCK_ROOT)    net (fo=2101, routed)        3.033     6.452    u_soc/g_pe[1].u_pe/u_core/core_i/id_stage_i/register_file_i/clk_0
    SLICE_X94Y86         FDCE                                         r  u_soc/g_pe[1].u_pe/u_core/core_i/id_stage_i/register_file_i/gen_rf[17].mem_reg[17][12]/C
                         clock pessimism             -0.243     6.209    
    SLICE_X94Y86         FDCE (Remov_BFF_SLICEM_C_CLR)
                                                     -0.032     6.177    u_soc/g_pe[1].u_pe/u_core/core_i/id_stage_i/register_file_i/gen_rf[17].mem_reg[17][12]
  -------------------------------------------------------------------
                         required time                         -6.177    
                         arrival time                           6.212    
  -------------------------------------------------------------------
                         slack                                  0.035    

Slack (MET) :             0.035ns  (arrival time - required time)
  Source:                 rst_n_q_reg_rep__25/C
                            (rising edge-triggered cell FDRE clocked by clk  {rise@0.000ns fall@6.666ns period=13.332ns})
  Destination:            u_soc/g_pe[1].u_pe/u_core/core_i/id_stage_i/register_file_i/gen_rf[17].mem_reg[17][5]/CLR
                            (removal check against rising-edge clock clk  {rise@0.000ns fall@6.666ns period=13.332ns})
  Path Group:             **async_default**
  Path Type:              Removal (Min at Slow Process Corner)
  Requirement:            0.000ns  (clk rise@0.000ns - clk rise@0.000ns)
  Data Path Delay:        3.342ns  (logic 0.058ns (1.735%)  route 3.284ns (98.265%))
  Logic Levels:           0  
  Clock Path Skew:        3.339ns (DCD - SCD - CPR)
    Destination Clock Delay (DCD):    6.452ns
    Source Clock Delay      (SCD):    2.870ns
    Clock Pessimism Removal (CPR):    0.243ns
  Clock Net Delay (Source):      1.904ns (routing 0.732ns, distribution 1.172ns)
  Clock Net Delay (Destination): 3.033ns (routing 2.136ns, distribution 0.897ns)

    Location             Delay type                Incr(ns)  Path(ns)    Netlist Resource(s)
  -------------------------------------------------------------------    -------------------
                         (clock clk rise edge)        0.000     0.000 r  
    AH18                                              0.000     0.000 r  clk300_p_i (IN)
                         net (fo=0)                   0.079     0.079    u_ibufds/I
    HPIOBDIFFINBUF_X1Y36 DIFFINBUF (Prop_DIFFINBUF_HPIOBDIFFINBUF_DIFF_IN_P_O)
                                                      0.429     0.508 r  u_ibufds/DIFFINBUF_INST/O
                         net (fo=1, routed)           0.040     0.548    u_ibufds/OUT
    AH18                 IBUFCTRL (Prop_IBUFCTRL_HPIOB_M_I_O)
                                                      0.000     0.548 r  u_ibufds/IBUFCTRL_INST/O
                         net (fo=1, routed)           0.286     0.834    clk_ref
    BUFGCE_DIV_X1Y7      BUFGCE_DIV (Prop_BUFGCE_DIV_I_O)
                                                      0.132     0.966 r  u_bufgce_div/O
    X1Y2 (CLOCK_ROOT)    net (fo=3480, routed)        1.904     2.870    clk
    SLICE_X72Y178        FDRE                                         r  rst_n_q_reg_rep__25/C
  -------------------------------------------------------------------    -------------------
    SLICE_X72Y178        FDRE (Prop_FFF_SLICEL_C_Q)
                                                      0.058     2.928 r  rst_n_q_reg_rep__25/Q
                         net (fo=199, routed)         3.284     6.212    u_soc/g_pe[1].u_pe/u_core/core_i/id_stage_i/register_file_i/gen_rf[17].mem_reg[17][20]_0
    SLICE_X94Y86         FDCE                                         f  u_soc/g_pe[1].u_pe/u_core/core_i/id_stage_i/register_file_i/gen_rf[17].mem_reg[17][5]/CLR  (IS_INVERTED)
  -------------------------------------------------------------------    -------------------

                         (clock clk rise edge)        0.000     0.000 r  
    AH18                                              0.000     0.000 r  clk300_p_i (IN)
                         net (fo=0)                   0.100     0.100    u_ibufds/I
    HPIOBDIFFINBUF_X1Y36 DIFFINBUF (Prop_DIFFINBUF_HPIOBDIFFINBUF_DIFF_IN_P_O)
                                                      0.525     0.625 r  u_ibufds/DIFFINBUF_INST/O
                         net (fo=1, routed)           0.050     0.675    u_ibufds/OUT
    AH18                 IBUFCTRL (Prop_IBUFCTRL_HPIOB_M_I_O)
                                                      0.000     0.675 r  u_ibufds/IBUFCTRL_INST/O
                         net (fo=1, routed)           0.322     0.997    clk_ref
    BUFGCE_DIV_X1Y7      BUFGCE_DIV (Prop_BUFGCE_DIV_I_O)
                                                      0.152     1.149 r  u_bufgce_div/O
                         net (fo=3480, routed)        2.242     3.391    u_soc/g_pe[1].u_pe/u_core/core_i/sleep_unit_i/core_clock_gate_i/clk
    BUFGCE_X0Y143        BUFGCE (Prop_BUFCE_BUFGCE_I_O)
                                                      0.028     3.419 r  u_soc/g_pe[1].u_pe/u_core/core_i/sleep_unit_i/core_clock_gate_i/u_bufgce/O
    X2Y1 (CLOCK_ROOT)    net (fo=2101, routed)        3.033     6.452    u_soc/g_pe[1].u_pe/u_core/core_i/id_stage_i/register_file_i/clk_0
    SLICE_X94Y86         FDCE                                         r  u_soc/g_pe[1].u_pe/u_core/core_i/id_stage_i/register_file_i/gen_rf[17].mem_reg[17][5]/C
                         clock pessimism             -0.243     6.209    
    SLICE_X94Y86         FDCE (Remov_BFF2_SLICEM_C_CLR)
                                                     -0.032     6.177    u_soc/g_pe[1].u_pe/u_core/core_i/id_stage_i/register_file_i/gen_rf[17].mem_reg[17][5]
  -------------------------------------------------------------------
                         required time                         -6.177    
                         arrival time                           6.212    
  -------------------------------------------------------------------
                         slack                                  0.035    

Slack (MET) :             0.040ns  (arrival time - required time)
  Source:                 rst_n_q_reg_rep__19/C
                            (rising edge-triggered cell FDRE clocked by clk  {rise@0.000ns fall@6.666ns period=13.332ns})
  Destination:            u_soc/g_pe[1].u_pe/u_core/core_i/id_stage_i/register_file_i/gen_rf[28].mem_reg[28][15]/CLR
                            (removal check against rising-edge clock clk  {rise@0.000ns fall@6.666ns period=13.332ns})
  Path Group:             **async_default**
  Path Type:              Removal (Min at Slow Process Corner)
  Requirement:            0.000ns  (clk rise@0.000ns - clk rise@0.000ns)
  Data Path Delay:        3.283ns  (logic 0.060ns (1.828%)  route 3.223ns (98.172%))
  Logic Levels:           0  
  Clock Path Skew:        3.275ns (DCD - SCD - CPR)
    Destination Clock Delay (DCD):    6.451ns
    Source Clock Delay      (SCD):    2.933ns
    Clock Pessimism Removal (CPR):    0.243ns
  Clock Net Delay (Source):      1.967ns (routing 0.732ns, distribution 1.235ns)
  Clock Net Delay (Destination): 3.031ns (routing 2.136ns, distribution 0.895ns)

    Location             Delay type                Incr(ns)  Path(ns)    Netlist Resource(s)
  -------------------------------------------------------------------    -------------------
                         (clock clk rise edge)        0.000     0.000 r  
    AH18                                              0.000     0.000 r  clk300_p_i (IN)
                         net (fo=0)                   0.079     0.079    u_ibufds/I
    HPIOBDIFFINBUF_X1Y36 DIFFINBUF (Prop_DIFFINBUF_HPIOBDIFFINBUF_DIFF_IN_P_O)
                                                      0.429     0.508 r  u_ibufds/DIFFINBUF_INST/O
                         net (fo=1, routed)           0.040     0.548    u_ibufds/OUT
    AH18                 IBUFCTRL (Prop_IBUFCTRL_HPIOB_M_I_O)
                                                      0.000     0.548 r  u_ibufds/IBUFCTRL_INST/O
                         net (fo=1, routed)           0.286     0.834    clk_ref
    BUFGCE_DIV_X1Y7      BUFGCE_DIV (Prop_BUFGCE_DIV_I_O)
                                                      0.132     0.966 r  u_bufgce_div/O
    X1Y2 (CLOCK_ROOT)    net (fo=3480, routed)        1.967     2.933    clk
    SLICE_X83Y189        FDRE                                         r  rst_n_q_reg_rep__19/C
  -------------------------------------------------------------------    -------------------
    SLICE_X83Y189        FDRE (Prop_BFF2_SLICEM_C_Q)
                                                      0.060     2.993 r  rst_n_q_reg_rep__19/Q
                         net (fo=199, routed)         3.223     6.216    u_soc/g_pe[1].u_pe/u_core/core_i/id_stage_i/register_file_i/gen_rf[28].mem_reg[28][26]_0
    SLICE_X99Y86         FDCE                                         f  u_soc/g_pe[1].u_pe/u_core/core_i/id_stage_i/register_file_i/gen_rf[28].mem_reg[28][15]/CLR  (IS_INVERTED)
  -------------------------------------------------------------------    -------------------

                         (clock clk rise edge)        0.000     0.000 r  
    AH18                                              0.000     0.000 r  clk300_p_i (IN)
                         net (fo=0)                   0.100     0.100    u_ibufds/I
    HPIOBDIFFINBUF_X1Y36 DIFFINBUF (Prop_DIFFINBUF_HPIOBDIFFINBUF_DIFF_IN_P_O)
                                                      0.525     0.625 r  u_ibufds/DIFFINBUF_INST/O
                         net (fo=1, routed)           0.050     0.675    u_ibufds/OUT
    AH18                 IBUFCTRL (Prop_IBUFCTRL_HPIOB_M_I_O)
                                                      0.000     0.675 r  u_ibufds/IBUFCTRL_INST/O
                         net (fo=1, routed)           0.322     0.997    clk_ref
    BUFGCE_DIV_X1Y7      BUFGCE_DIV (Prop_BUFGCE_DIV_I_O)
                                                      0.152     1.149 r  u_bufgce_div/O
                         net (fo=3480, routed)        2.242     3.391    u_soc/g_pe[1].u_pe/u_core/core_i/sleep_unit_i/core_clock_gate_i/clk
    BUFGCE_X0Y143        BUFGCE (Prop_BUFCE_BUFGCE_I_O)
                                                      0.028     3.419 r  u_soc/g_pe[1].u_pe/u_core/core_i/sleep_unit_i/core_clock_gate_i/u_bufgce/O
    X2Y1 (CLOCK_ROOT)    net (fo=2101, routed)        3.031     6.451    u_soc/g_pe[1].u_pe/u_core/core_i/id_stage_i/register_file_i/clk_0
    SLICE_X99Y86         FDCE                                         r  u_soc/g_pe[1].u_pe/u_core/core_i/id_stage_i/register_file_i/gen_rf[28].mem_reg[28][15]/C
                         clock pessimism             -0.243     6.207    
    SLICE_X99Y86         FDCE (Remov_HFF_SLICEL_C_CLR)
                                                     -0.032     6.175    u_soc/g_pe[1].u_pe/u_core/core_i/id_stage_i/register_file_i/gen_rf[28].mem_reg[28][15]
  -------------------------------------------------------------------
                         required time                         -6.175    
                         arrival time                           6.216    
  -------------------------------------------------------------------
                         slack                                  0.040    

Slack (MET) :             0.040ns  (arrival time - required time)
  Source:                 rst_n_q_reg_rep__19/C
                            (rising edge-triggered cell FDRE clocked by clk  {rise@0.000ns fall@6.666ns period=13.332ns})
  Destination:            u_soc/g_pe[1].u_pe/u_core/core_i/id_stage_i/register_file_i/gen_rf[28].mem_reg[28][18]/CLR
                            (removal check against rising-edge clock clk  {rise@0.000ns fall@6.666ns period=13.332ns})
  Path Group:             **async_default**
  Path Type:              Removal (Min at Slow Process Corner)
  Requirement:            0.000ns  (clk rise@0.000ns - clk rise@0.000ns)
  Data Path Delay:        3.283ns  (logic 0.060ns (1.828%)  route 3.223ns (98.172%))
  Logic Levels:           0  
  Clock Path Skew:        3.275ns (DCD - SCD - CPR)
    Destination Clock Delay (DCD):    6.451ns
    Source Clock Delay      (SCD):    2.933ns
    Clock Pessimism Removal (CPR):    0.243ns
  Clock Net Delay (Source):      1.967ns (routing 0.732ns, distribution 1.235ns)
  Clock Net Delay (Destination): 3.031ns (routing 2.136ns, distribution 0.895ns)

    Location             Delay type                Incr(ns)  Path(ns)    Netlist Resource(s)
  -------------------------------------------------------------------    -------------------
                         (clock clk rise edge)        0.000     0.000 r  
    AH18                                              0.000     0.000 r  clk300_p_i (IN)
                         net (fo=0)                   0.079     0.079    u_ibufds/I
    HPIOBDIFFINBUF_X1Y36 DIFFINBUF (Prop_DIFFINBUF_HPIOBDIFFINBUF_DIFF_IN_P_O)
                                                      0.429     0.508 r  u_ibufds/DIFFINBUF_INST/O
                         net (fo=1, routed)           0.040     0.548    u_ibufds/OUT
    AH18                 IBUFCTRL (Prop_IBUFCTRL_HPIOB_M_I_O)
                                                      0.000     0.548 r  u_ibufds/IBUFCTRL_INST/O
                         net (fo=1, routed)           0.286     0.834    clk_ref
    BUFGCE_DIV_X1Y7      BUFGCE_DIV (Prop_BUFGCE_DIV_I_O)
                                                      0.132     0.966 r  u_bufgce_div/O
    X1Y2 (CLOCK_ROOT)    net (fo=3480, routed)        1.967     2.933    clk
    SLICE_X83Y189        FDRE                                         r  rst_n_q_reg_rep__19/C
  -------------------------------------------------------------------    -------------------
    SLICE_X83Y189        FDRE (Prop_BFF2_SLICEM_C_Q)
                                                      0.060     2.993 r  rst_n_q_reg_rep__19/Q
                         net (fo=199, routed)         3.223     6.216    u_soc/g_pe[1].u_pe/u_core/core_i/id_stage_i/register_file_i/gen_rf[28].mem_reg[28][26]_0
    SLICE_X99Y86         FDCE                                         f  u_soc/g_pe[1].u_pe/u_core/core_i/id_stage_i/register_file_i/gen_rf[28].mem_reg[28][18]/CLR  (IS_INVERTED)
  -------------------------------------------------------------------    -------------------

                         (clock clk rise edge)        0.000     0.000 r  
    AH18                                              0.000     0.000 r  clk300_p_i (IN)
                         net (fo=0)                   0.100     0.100    u_ibufds/I
    HPIOBDIFFINBUF_X1Y36 DIFFINBUF (Prop_DIFFINBUF_HPIOBDIFFINBUF_DIFF_IN_P_O)
                                                      0.525     0.625 r  u_ibufds/DIFFINBUF_INST/O
                         net (fo=1, routed)           0.050     0.675    u_ibufds/OUT
    AH18                 IBUFCTRL (Prop_IBUFCTRL_HPIOB_M_I_O)
                                                      0.000     0.675 r  u_ibufds/IBUFCTRL_INST/O
                         net (fo=1, routed)           0.322     0.997    clk_ref
    BUFGCE_DIV_X1Y7      BUFGCE_DIV (Prop_BUFGCE_DIV_I_O)
                                                      0.152     1.149 r  u_bufgce_div/O
                         net (fo=3480, routed)        2.242     3.391    u_soc/g_pe[1].u_pe/u_core/core_i/sleep_unit_i/core_clock_gate_i/clk
    BUFGCE_X0Y143        BUFGCE (Prop_BUFCE_BUFGCE_I_O)
                                                      0.028     3.419 r  u_soc/g_pe[1].u_pe/u_core/core_i/sleep_unit_i/core_clock_gate_i/u_bufgce/O
    X2Y1 (CLOCK_ROOT)    net (fo=2101, routed)        3.031     6.451    u_soc/g_pe[1].u_pe/u_core/core_i/id_stage_i/register_file_i/clk_0
    SLICE_X99Y86         FDCE                                         r  u_soc/g_pe[1].u_pe/u_core/core_i/id_stage_i/register_file_i/gen_rf[28].mem_reg[28][18]/C
                         clock pessimism             -0.243     6.207    
    SLICE_X99Y86         FDCE (Remov_GFF_SLICEL_C_CLR)
                                                     -0.032     6.175    u_soc/g_pe[1].u_pe/u_core/core_i/id_stage_i/register_file_i/gen_rf[28].mem_reg[28][18]
  -------------------------------------------------------------------
                         required time                         -6.175    
                         arrival time                           6.216    
  -------------------------------------------------------------------
                         slack                                  0.040    

Slack (MET) :             0.040ns  (arrival time - required time)
  Source:                 rst_n_q_reg_rep__19/C
                            (rising edge-triggered cell FDRE clocked by clk  {rise@0.000ns fall@6.666ns period=13.332ns})
  Destination:            u_soc/g_pe[1].u_pe/u_core/core_i/id_stage_i/register_file_i/gen_rf[28].mem_reg[28][19]/CLR
                            (removal check against rising-edge clock clk  {rise@0.000ns fall@6.666ns period=13.332ns})
  Path Group:             **async_default**
  Path Type:              Removal (Min at Slow Process Corner)
  Requirement:            0.000ns  (clk rise@0.000ns - clk rise@0.000ns)
  Data Path Delay:        3.283ns  (logic 0.060ns (1.828%)  route 3.223ns (98.172%))
  Logic Levels:           0  
  Clock Path Skew:        3.275ns (DCD - SCD - CPR)
    Destination Clock Delay (DCD):    6.451ns
    Source Clock Delay      (SCD):    2.933ns
    Clock Pessimism Removal (CPR):    0.243ns
  Clock Net Delay (Source):      1.967ns (routing 0.732ns, distribution 1.235ns)
  Clock Net Delay (Destination): 3.031ns (routing 2.136ns, distribution 0.895ns)

    Location             Delay type                Incr(ns)  Path(ns)    Netlist Resource(s)
  -------------------------------------------------------------------    -------------------
                         (clock clk rise edge)        0.000     0.000 r  
    AH18                                              0.000     0.000 r  clk300_p_i (IN)
                         net (fo=0)                   0.079     0.079    u_ibufds/I
    HPIOBDIFFINBUF_X1Y36 DIFFINBUF (Prop_DIFFINBUF_HPIOBDIFFINBUF_DIFF_IN_P_O)
                                                      0.429     0.508 r  u_ibufds/DIFFINBUF_INST/O
                         net (fo=1, routed)           0.040     0.548    u_ibufds/OUT
    AH18                 IBUFCTRL (Prop_IBUFCTRL_HPIOB_M_I_O)
                                                      0.000     0.548 r  u_ibufds/IBUFCTRL_INST/O
                         net (fo=1, routed)           0.286     0.834    clk_ref
    BUFGCE_DIV_X1Y7      BUFGCE_DIV (Prop_BUFGCE_DIV_I_O)
                                                      0.132     0.966 r  u_bufgce_div/O
    X1Y2 (CLOCK_ROOT)    net (fo=3480, routed)        1.967     2.933    clk
    SLICE_X83Y189        FDRE                                         r  rst_n_q_reg_rep__19/C
  -------------------------------------------------------------------    -------------------
    SLICE_X83Y189        FDRE (Prop_BFF2_SLICEM_C_Q)
                                                      0.060     2.993 r  rst_n_q_reg_rep__19/Q
                         net (fo=199, routed)         3.223     6.216    u_soc/g_pe[1].u_pe/u_core/core_i/id_stage_i/register_file_i/gen_rf[28].mem_reg[28][26]_0
    SLICE_X99Y86         FDCE                                         f  u_soc/g_pe[1].u_pe/u_core/core_i/id_stage_i/register_file_i/gen_rf[28].mem_reg[28][19]/CLR  (IS_INVERTED)
  -------------------------------------------------------------------    -------------------

                         (clock clk rise edge)        0.000     0.000 r  
    AH18                                              0.000     0.000 r  clk300_p_i (IN)
                         net (fo=0)                   0.100     0.100    u_ibufds/I
    HPIOBDIFFINBUF_X1Y36 DIFFINBUF (Prop_DIFFINBUF_HPIOBDIFFINBUF_DIFF_IN_P_O)
                                                      0.525     0.625 r  u_ibufds/DIFFINBUF_INST/O
                         net (fo=1, routed)           0.050     0.675    u_ibufds/OUT
    AH18                 IBUFCTRL (Prop_IBUFCTRL_HPIOB_M_I_O)
                                                      0.000     0.675 r  u_ibufds/IBUFCTRL_INST/O
                         net (fo=1, routed)           0.322     0.997    clk_ref
    BUFGCE_DIV_X1Y7      BUFGCE_DIV (Prop_BUFGCE_DIV_I_O)
                                                      0.152     1.149 r  u_bufgce_div/O
                         net (fo=3480, routed)        2.242     3.391    u_soc/g_pe[1].u_pe/u_core/core_i/sleep_unit_i/core_clock_gate_i/clk
    BUFGCE_X0Y143        BUFGCE (Prop_BUFCE_BUFGCE_I_O)
                                                      0.028     3.419 r  u_soc/g_pe[1].u_pe/u_core/core_i/sleep_unit_i/core_clock_gate_i/u_bufgce/O
    X2Y1 (CLOCK_ROOT)    net (fo=2101, routed)        3.031     6.451    u_soc/g_pe[1].u_pe/u_core/core_i/id_stage_i/register_file_i/clk_0
    SLICE_X99Y86         FDCE                                         r  u_soc/g_pe[1].u_pe/u_core/core_i/id_stage_i/register_file_i/gen_rf[28].mem_reg[28][19]/C
                         clock pessimism             -0.243     6.207    
    SLICE_X99Y86         FDCE (Remov_FFF_SLICEL_C_CLR)
                                                     -0.032     6.175    u_soc/g_pe[1].u_pe/u_core/core_i/id_stage_i/register_file_i/gen_rf[28].mem_reg[28][19]
  -------------------------------------------------------------------
                         required time                         -6.175    
                         arrival time                           6.216    
  -------------------------------------------------------------------
                         slack                                  0.040    

Slack (MET) :             0.040ns  (arrival time - required time)
  Source:                 rst_n_q_reg_rep__19/C
                            (rising edge-triggered cell FDRE clocked by clk  {rise@0.000ns fall@6.666ns period=13.332ns})
  Destination:            u_soc/g_pe[1].u_pe/u_core/core_i/id_stage_i/register_file_i/gen_rf[28].mem_reg[28][25]/CLR
                            (removal check against rising-edge clock clk  {rise@0.000ns fall@6.666ns period=13.332ns})
  Path Group:             **async_default**
  Path Type:              Removal (Min at Slow Process Corner)
  Requirement:            0.000ns  (clk rise@0.000ns - clk rise@0.000ns)
  Data Path Delay:        3.283ns  (logic 0.060ns (1.828%)  route 3.223ns (98.172%))
  Logic Levels:           0  
  Clock Path Skew:        3.275ns (DCD - SCD - CPR)
    Destination Clock Delay (DCD):    6.451ns
    Source Clock Delay      (SCD):    2.933ns
    Clock Pessimism Removal (CPR):    0.243ns
  Clock Net Delay (Source):      1.967ns (routing 0.732ns, distribution 1.235ns)
  Clock Net Delay (Destination): 3.031ns (routing 2.136ns, distribution 0.895ns)

    Location             Delay type                Incr(ns)  Path(ns)    Netlist Resource(s)
  -------------------------------------------------------------------    -------------------
                         (clock clk rise edge)        0.000     0.000 r  
    AH18                                              0.000     0.000 r  clk300_p_i (IN)
                         net (fo=0)                   0.079     0.079    u_ibufds/I
    HPIOBDIFFINBUF_X1Y36 DIFFINBUF (Prop_DIFFINBUF_HPIOBDIFFINBUF_DIFF_IN_P_O)
                                                      0.429     0.508 r  u_ibufds/DIFFINBUF_INST/O
                         net (fo=1, routed)           0.040     0.548    u_ibufds/OUT
    AH18                 IBUFCTRL (Prop_IBUFCTRL_HPIOB_M_I_O)
                                                      0.000     0.548 r  u_ibufds/IBUFCTRL_INST/O
                         net (fo=1, routed)           0.286     0.834    clk_ref
    BUFGCE_DIV_X1Y7      BUFGCE_DIV (Prop_BUFGCE_DIV_I_O)
                                                      0.132     0.966 r  u_bufgce_div/O
    X1Y2 (CLOCK_ROOT)    net (fo=3480, routed)        1.967     2.933    clk
    SLICE_X83Y189        FDRE                                         r  rst_n_q_reg_rep__19/C
  -------------------------------------------------------------------    -------------------
    SLICE_X83Y189        FDRE (Prop_BFF2_SLICEM_C_Q)
                                                      0.060     2.993 r  rst_n_q_reg_rep__19/Q
                         net (fo=199, routed)         3.223     6.216    u_soc/g_pe[1].u_pe/u_core/core_i/id_stage_i/register_file_i/gen_rf[28].mem_reg[28][26]_0
    SLICE_X99Y86         FDCE                                         f  u_soc/g_pe[1].u_pe/u_core/core_i/id_stage_i/register_file_i/gen_rf[28].mem_reg[28][25]/CLR  (IS_INVERTED)
  -------------------------------------------------------------------    -------------------

                         (clock clk rise edge)        0.000     0.000 r  
    AH18                                              0.000     0.000 r  clk300_p_i (IN)
                         net (fo=0)                   0.100     0.100    u_ibufds/I
    HPIOBDIFFINBUF_X1Y36 DIFFINBUF (Prop_DIFFINBUF_HPIOBDIFFINBUF_DIFF_IN_P_O)
                                                      0.525     0.625 r  u_ibufds/DIFFINBUF_INST/O
                         net (fo=1, routed)           0.050     0.675    u_ibufds/OUT
    AH18                 IBUFCTRL (Prop_IBUFCTRL_HPIOB_M_I_O)
                                                      0.000     0.675 r  u_ibufds/IBUFCTRL_INST/O
                         net (fo=1, routed)           0.322     0.997    clk_ref
    BUFGCE_DIV_X1Y7      BUFGCE_DIV (Prop_BUFGCE_DIV_I_O)
                                                      0.152     1.149 r  u_bufgce_div/O
                         net (fo=3480, routed)        2.242     3.391    u_soc/g_pe[1].u_pe/u_core/core_i/sleep_unit_i/core_clock_gate_i/clk
    BUFGCE_X0Y143        BUFGCE (Prop_BUFCE_BUFGCE_I_O)
                                                      0.028     3.419 r  u_soc/g_pe[1].u_pe/u_core/core_i/sleep_unit_i/core_clock_gate_i/u_bufgce/O
    X2Y1 (CLOCK_ROOT)    net (fo=2101, routed)        3.031     6.451    u_soc/g_pe[1].u_pe/u_core/core_i/id_stage_i/register_file_i/clk_0
    SLICE_X99Y86         FDCE                                         r  u_soc/g_pe[1].u_pe/u_core/core_i/id_stage_i/register_file_i/gen_rf[28].mem_reg[28][25]/C
                         clock pessimism             -0.243     6.207    
    SLICE_X99Y86         FDCE (Remov_FFF2_SLICEL_C_CLR)
                                                     -0.032     6.175    u_soc/g_pe[1].u_pe/u_core/core_i/id_stage_i/register_file_i/gen_rf[28].mem_reg[28][25]
  -------------------------------------------------------------------
                         required time                         -6.175    
                         arrival time                           6.216    
  -------------------------------------------------------------------
                         slack                                  0.040    

Slack (MET) :             0.040ns  (arrival time - required time)
  Source:                 rst_n_q_reg_rep__19/C
                            (rising edge-triggered cell FDRE clocked by clk  {rise@0.000ns fall@6.666ns period=13.332ns})
  Destination:            u_soc/g_pe[1].u_pe/u_core/core_i/id_stage_i/register_file_i/gen_rf[28].mem_reg[28][7]/CLR
                            (removal check against rising-edge clock clk  {rise@0.000ns fall@6.666ns period=13.332ns})
  Path Group:             **async_default**
  Path Type:              Removal (Min at Slow Process Corner)
  Requirement:            0.000ns  (clk rise@0.000ns - clk rise@0.000ns)
  Data Path Delay:        3.283ns  (logic 0.060ns (1.828%)  route 3.223ns (98.172%))
  Logic Levels:           0  
  Clock Path Skew:        3.275ns (DCD - SCD - CPR)
    Destination Clock Delay (DCD):    6.451ns
    Source Clock Delay      (SCD):    2.933ns
    Clock Pessimism Removal (CPR):    0.243ns
  Clock Net Delay (Source):      1.967ns (routing 0.732ns, distribution 1.235ns)
  Clock Net Delay (Destination): 3.031ns (routing 2.136ns, distribution 0.895ns)

    Location             Delay type                Incr(ns)  Path(ns)    Netlist Resource(s)
  -------------------------------------------------------------------    -------------------
                         (clock clk rise edge)        0.000     0.000 r  
    AH18                                              0.000     0.000 r  clk300_p_i (IN)
                         net (fo=0)                   0.079     0.079    u_ibufds/I
    HPIOBDIFFINBUF_X1Y36 DIFFINBUF (Prop_DIFFINBUF_HPIOBDIFFINBUF_DIFF_IN_P_O)
                                                      0.429     0.508 r  u_ibufds/DIFFINBUF_INST/O
                         net (fo=1, routed)           0.040     0.548    u_ibufds/OUT
    AH18                 IBUFCTRL (Prop_IBUFCTRL_HPIOB_M_I_O)
                                                      0.000     0.548 r  u_ibufds/IBUFCTRL_INST/O
                         net (fo=1, routed)           0.286     0.834    clk_ref
    BUFGCE_DIV_X1Y7      BUFGCE_DIV (Prop_BUFGCE_DIV_I_O)
                                                      0.132     0.966 r  u_bufgce_div/O
    X1Y2 (CLOCK_ROOT)    net (fo=3480, routed)        1.967     2.933    clk
    SLICE_X83Y189        FDRE                                         r  rst_n_q_reg_rep__19/C
  -------------------------------------------------------------------    -------------------
    SLICE_X83Y189        FDRE (Prop_BFF2_SLICEM_C_Q)
                                                      0.060     2.993 r  rst_n_q_reg_rep__19/Q
                         net (fo=199, routed)         3.223     6.216    u_soc/g_pe[1].u_pe/u_core/core_i/id_stage_i/register_file_i/gen_rf[28].mem_reg[28][26]_0
    SLICE_X99Y86         FDCE                                         f  u_soc/g_pe[1].u_pe/u_core/core_i/id_stage_i/register_file_i/gen_rf[28].mem_reg[28][7]/CLR  (IS_INVERTED)
  -------------------------------------------------------------------    -------------------

                         (clock clk rise edge)        0.000     0.000 r  
    AH18                                              0.000     0.000 r  clk300_p_i (IN)
                         net (fo=0)                   0.100     0.100    u_ibufds/I
    HPIOBDIFFINBUF_X1Y36 DIFFINBUF (Prop_DIFFINBUF_HPIOBDIFFINBUF_DIFF_IN_P_O)
                                                      0.525     0.625 r  u_ibufds/DIFFINBUF_INST/O
                         net (fo=1, routed)           0.050     0.675    u_ibufds/OUT
    AH18                 IBUFCTRL (Prop_IBUFCTRL_HPIOB_M_I_O)
                                                      0.000     0.675 r  u_ibufds/IBUFCTRL_INST/O
                         net (fo=1, routed)           0.322     0.997    clk_ref
    BUFGCE_DIV_X1Y7      BUFGCE_DIV (Prop_BUFGCE_DIV_I_O)
                                                      0.152     1.149 r  u_bufgce_div/O
                         net (fo=3480, routed)        2.242     3.391    u_soc/g_pe[1].u_pe/u_core/core_i/sleep_unit_i/core_clock_gate_i/clk
    BUFGCE_X0Y143        BUFGCE (Prop_BUFCE_BUFGCE_I_O)
                                                      0.028     3.419 r  u_soc/g_pe[1].u_pe/u_core/core_i/sleep_unit_i/core_clock_gate_i/u_bufgce/O
    X2Y1 (CLOCK_ROOT)    net (fo=2101, routed)        3.031     6.451    u_soc/g_pe[1].u_pe/u_core/core_i/id_stage_i/register_file_i/clk_0
    SLICE_X99Y86         FDCE                                         r  u_soc/g_pe[1].u_pe/u_core/core_i/id_stage_i/register_file_i/gen_rf[28].mem_reg[28][7]/C
                         clock pessimism             -0.243     6.207    
    SLICE_X99Y86         FDCE (Remov_HFF2_SLICEL_C_CLR)
                                                     -0.032     6.175    u_soc/g_pe[1].u_pe/u_core/core_i/id_stage_i/register_file_i/gen_rf[28].mem_reg[28][7]
  -------------------------------------------------------------------
                         required time                         -6.175    
                         arrival time                           6.216    
  -------------------------------------------------------------------
                         slack                                  0.040    

Slack (MET) :             0.040ns  (arrival time - required time)
  Source:                 rst_n_q_reg_rep__19/C
                            (rising edge-triggered cell FDRE clocked by clk  {rise@0.000ns fall@6.666ns period=13.332ns})
  Destination:            u_soc/g_pe[1].u_pe/u_core/core_i/id_stage_i/register_file_i/gen_rf[28].mem_reg[28][9]/CLR
                            (removal check against rising-edge clock clk  {rise@0.000ns fall@6.666ns period=13.332ns})
  Path Group:             **async_default**
  Path Type:              Removal (Min at Slow Process Corner)
  Requirement:            0.000ns  (clk rise@0.000ns - clk rise@0.000ns)
  Data Path Delay:        3.283ns  (logic 0.060ns (1.828%)  route 3.223ns (98.172%))
  Logic Levels:           0  
  Clock Path Skew:        3.275ns (DCD - SCD - CPR)
    Destination Clock Delay (DCD):    6.451ns
    Source Clock Delay      (SCD):    2.933ns
    Clock Pessimism Removal (CPR):    0.243ns
  Clock Net Delay (Source):      1.967ns (routing 0.732ns, distribution 1.235ns)
  Clock Net Delay (Destination): 3.031ns (routing 2.136ns, distribution 0.895ns)

    Location             Delay type                Incr(ns)  Path(ns)    Netlist Resource(s)
  -------------------------------------------------------------------    -------------------
                         (clock clk rise edge)        0.000     0.000 r  
    AH18                                              0.000     0.000 r  clk300_p_i (IN)
                         net (fo=0)                   0.079     0.079    u_ibufds/I
    HPIOBDIFFINBUF_X1Y36 DIFFINBUF (Prop_DIFFINBUF_HPIOBDIFFINBUF_DIFF_IN_P_O)
                                                      0.429     0.508 r  u_ibufds/DIFFINBUF_INST/O
                         net (fo=1, routed)           0.040     0.548    u_ibufds/OUT
    AH18                 IBUFCTRL (Prop_IBUFCTRL_HPIOB_M_I_O)
                                                      0.000     0.548 r  u_ibufds/IBUFCTRL_INST/O
                         net (fo=1, routed)           0.286     0.834    clk_ref
    BUFGCE_DIV_X1Y7      BUFGCE_DIV (Prop_BUFGCE_DIV_I_O)
                                                      0.132     0.966 r  u_bufgce_div/O
    X1Y2 (CLOCK_ROOT)    net (fo=3480, routed)        1.967     2.933    clk
    SLICE_X83Y189        FDRE                                         r  rst_n_q_reg_rep__19/C
  -------------------------------------------------------------------    -------------------
    SLICE_X83Y189        FDRE (Prop_BFF2_SLICEM_C_Q)
                                                      0.060     2.993 r  rst_n_q_reg_rep__19/Q
                         net (fo=199, routed)         3.223     6.216    u_soc/g_pe[1].u_pe/u_core/core_i/id_stage_i/register_file_i/gen_rf[28].mem_reg[28][26]_0
    SLICE_X99Y86         FDCE                                         f  u_soc/g_pe[1].u_pe/u_core/core_i/id_stage_i/register_file_i/gen_rf[28].mem_reg[28][9]/CLR  (IS_INVERTED)
  -------------------------------------------------------------------    -------------------

                         (clock clk rise edge)        0.000     0.000 r  
    AH18                                              0.000     0.000 r  clk300_p_i (IN)
                         net (fo=0)                   0.100     0.100    u_ibufds/I
    HPIOBDIFFINBUF_X1Y36 DIFFINBUF (Prop_DIFFINBUF_HPIOBDIFFINBUF_DIFF_IN_P_O)
                                                      0.525     0.625 r  u_ibufds/DIFFINBUF_INST/O
                         net (fo=1, routed)           0.050     0.675    u_ibufds/OUT
    AH18                 IBUFCTRL (Prop_IBUFCTRL_HPIOB_M_I_O)
                                                      0.000     0.675 r  u_ibufds/IBUFCTRL_INST/O
                         net (fo=1, routed)           0.322     0.997    clk_ref
    BUFGCE_DIV_X1Y7      BUFGCE_DIV (Prop_BUFGCE_DIV_I_O)
                                                      0.152     1.149 r  u_bufgce_div/O
                         net (fo=3480, routed)        2.242     3.391    u_soc/g_pe[1].u_pe/u_core/core_i/sleep_unit_i/core_clock_gate_i/clk
    BUFGCE_X0Y143        BUFGCE (Prop_BUFCE_BUFGCE_I_O)
                                                      0.028     3.419 r  u_soc/g_pe[1].u_pe/u_core/core_i/sleep_unit_i/core_clock_gate_i/u_bufgce/O
    X2Y1 (CLOCK_ROOT)    net (fo=2101, routed)        3.031     6.451    u_soc/g_pe[1].u_pe/u_core/core_i/id_stage_i/register_file_i/clk_0
    SLICE_X99Y86         FDCE                                         r  u_soc/g_pe[1].u_pe/u_core/core_i/id_stage_i/register_file_i/gen_rf[28].mem_reg[28][9]/C
                         clock pessimism             -0.243     6.207    
    SLICE_X99Y86         FDCE (Remov_GFF2_SLICEL_C_CLR)
                                                     -0.032     6.175    u_soc/g_pe[1].u_pe/u_core/core_i/id_stage_i/register_file_i/gen_rf[28].mem_reg[28][9]
  -------------------------------------------------------------------
                         required time                         -6.175    
                         arrival time                           6.216    
  -------------------------------------------------------------------
                         slack                                  0.040    

Slack (MET) :             0.073ns  (arrival time - required time)
  Source:                 rst_n_q_reg_rep__50/C
                            (rising edge-triggered cell FDRE clocked by clk  {rise@0.000ns fall@6.666ns period=13.332ns})
  Destination:            u_soc/g_nodcache.g_bypass[0].u_bypass/be_q_reg[0]/CLR
                            (removal check against rising-edge clock clk  {rise@0.000ns fall@6.666ns period=13.332ns})
  Path Group:             **async_default**
  Path Type:              Removal (Min at Fast Process Corner)
  Requirement:            0.000ns  (clk rise@0.000ns - clk rise@0.000ns)
  Data Path Delay:        0.138ns  (logic 0.039ns (28.186%)  route 0.099ns (71.814%))
  Logic Levels:           0  
  Clock Path Skew:        0.085ns (DCD - SCD - CPR)
    Destination Clock Delay (DCD):    2.177ns
    Source Clock Delay      (SCD):    1.821ns
    Clock Pessimism Removal (CPR):    0.272ns
  Clock Net Delay (Source):      1.185ns (routing 0.442ns, distribution 0.743ns)
  Clock Net Delay (Destination): 1.364ns (routing 0.491ns, distribution 0.873ns)

    Location             Delay type                Incr(ns)  Path(ns)    Netlist Resource(s)
  -------------------------------------------------------------------    -------------------
                         (clock clk rise edge)        0.000     0.000 r  
    AH18                                              0.000     0.000 r  clk300_p_i (IN)
                         net (fo=0)                   0.079     0.079    u_ibufds/I
    HPIOBDIFFINBUF_X1Y36 DIFFINBUF (Prop_DIFFINBUF_HPIOBDIFFINBUF_DIFF_IN_P_O)
                                                      0.284     0.363 r  u_ibufds/DIFFINBUF_INST/O
                         net (fo=1, routed)           0.040     0.403    u_ibufds/OUT
    AH18                 IBUFCTRL (Prop_IBUFCTRL_HPIOB_M_I_O)
                                                      0.000     0.403 r  u_ibufds/IBUFCTRL_INST/O
                         net (fo=1, routed)           0.144     0.547    clk_ref
    BUFGCE_DIV_X1Y7      BUFGCE_DIV (Prop_BUFGCE_DIV_I_O)
                                                      0.089     0.636 r  u_bufgce_div/O
    X1Y2 (CLOCK_ROOT)    net (fo=3480, routed)        1.185     1.821    clk
    SLICE_X86Y128        FDRE                                         r  rst_n_q_reg_rep__50/C
  -------------------------------------------------------------------    -------------------
    SLICE_X86Y128        FDRE (Prop_DFF_SLICEM_C_Q)
                                                      0.039     1.860 r  rst_n_q_reg_rep__50/Q
                         net (fo=196, routed)         0.099     1.959    u_soc/g_nodcache.g_bypass[0].u_bypass/be_q_reg[3]_1
    SLICE_X90Y128        FDCE                                         f  u_soc/g_nodcache.g_bypass[0].u_bypass/be_q_reg[0]/CLR  (IS_INVERTED)
  -------------------------------------------------------------------    -------------------

                         (clock clk rise edge)        0.000     0.000 r  
    AH18                                              0.000     0.000 r  clk300_p_i (IN)
                         net (fo=0)                   0.100     0.100    u_ibufds/I
    HPIOBDIFFINBUF_X1Y36 DIFFINBUF (Prop_DIFFINBUF_HPIOBDIFFINBUF_DIFF_IN_P_O)
                                                      0.382     0.482 r  u_ibufds/DIFFINBUF_INST/O
                         net (fo=1, routed)           0.050     0.532    u_ibufds/OUT
    AH18                 IBUFCTRL (Prop_IBUFCTRL_HPIOB_M_I_O)
                                                      0.000     0.532 r  u_ibufds/IBUFCTRL_INST/O
                         net (fo=1, routed)           0.180     0.712    clk_ref
    BUFGCE_DIV_X1Y7      BUFGCE_DIV (Prop_BUFGCE_DIV_I_O)
                                                      0.101     0.813 r  u_bufgce_div/O
    X1Y2 (CLOCK_ROOT)    net (fo=3480, routed)        1.364     2.177    u_soc/g_nodcache.g_bypass[0].u_bypass/clk
    SLICE_X90Y128        FDCE                                         r  u_soc/g_nodcache.g_bypass[0].u_bypass/be_q_reg[0]/C
                         clock pessimism             -0.272     1.906    
    SLICE_X90Y128        FDCE (Remov_HFF2_SLICEL_C_CLR)
                                                     -0.020     1.886    u_soc/g_nodcache.g_bypass[0].u_bypass/be_q_reg[0]
  -------------------------------------------------------------------
                         required time                         -1.886    
                         arrival time                           1.959    
  -------------------------------------------------------------------
                         slack                                  0.073    

Slack (MET) :             0.073ns  (arrival time - required time)
  Source:                 rst_n_q_reg_rep__50/C
                            (rising edge-triggered cell FDRE clocked by clk  {rise@0.000ns fall@6.666ns period=13.332ns})
  Destination:            u_soc/g_pe[0].u_axi_dcu/w_be_q_reg[0]/CLR
                            (removal check against rising-edge clock clk  {rise@0.000ns fall@6.666ns period=13.332ns})
  Path Group:             **async_default**
  Path Type:              Removal (Min at Fast Process Corner)
  Requirement:            0.000ns  (clk rise@0.000ns - clk rise@0.000ns)
  Data Path Delay:        0.138ns  (logic 0.039ns (28.186%)  route 0.099ns (71.814%))
  Logic Levels:           0  
  Clock Path Skew:        0.085ns (DCD - SCD - CPR)
    Destination Clock Delay (DCD):    2.177ns
    Source Clock Delay      (SCD):    1.821ns
    Clock Pessimism Removal (CPR):    0.272ns
  Clock Net Delay (Source):      1.185ns (routing 0.442ns, distribution 0.743ns)
  Clock Net Delay (Destination): 1.364ns (routing 0.491ns, distribution 0.873ns)

    Location             Delay type                Incr(ns)  Path(ns)    Netlist Resource(s)
  -------------------------------------------------------------------    -------------------
                         (clock clk rise edge)        0.000     0.000 r  
    AH18                                              0.000     0.000 r  clk300_p_i (IN)
                         net (fo=0)                   0.079     0.079    u_ibufds/I
    HPIOBDIFFINBUF_X1Y36 DIFFINBUF (Prop_DIFFINBUF_HPIOBDIFFINBUF_DIFF_IN_P_O)
                                                      0.284     0.363 r  u_ibufds/DIFFINBUF_INST/O
                         net (fo=1, routed)           0.040     0.403    u_ibufds/OUT
    AH18                 IBUFCTRL (Prop_IBUFCTRL_HPIOB_M_I_O)
                                                      0.000     0.403 r  u_ibufds/IBUFCTRL_INST/O
                         net (fo=1, routed)           0.144     0.547    clk_ref
    BUFGCE_DIV_X1Y7      BUFGCE_DIV (Prop_BUFGCE_DIV_I_O)
                                                      0.089     0.636 r  u_bufgce_div/O
    X1Y2 (CLOCK_ROOT)    net (fo=3480, routed)        1.185     1.821    clk
    SLICE_X86Y128        FDRE                                         r  rst_n_q_reg_rep__50/C
  -------------------------------------------------------------------    -------------------
    SLICE_X86Y128        FDRE (Prop_DFF_SLICEM_C_Q)
                                                      0.039     1.860 r  rst_n_q_reg_rep__50/Q
                         net (fo=196, routed)         0.099     1.959    u_soc/g_pe[0].u_axi_dcu/w_be_q_reg[3]_1
    SLICE_X90Y128        FDCE                                         f  u_soc/g_pe[0].u_axi_dcu/w_be_q_reg[0]/CLR  (IS_INVERTED)
  -------------------------------------------------------------------    -------------------

                         (clock clk rise edge)        0.000     0.000 r  
    AH18                                              0.000     0.000 r  clk300_p_i (IN)
                         net (fo=0)                   0.100     0.100    u_ibufds/I
    HPIOBDIFFINBUF_X1Y36 DIFFINBUF (Prop_DIFFINBUF_HPIOBDIFFINBUF_DIFF_IN_P_O)
                                                      0.382     0.482 r  u_ibufds/DIFFINBUF_INST/O
                         net (fo=1, routed)           0.050     0.532    u_ibufds/OUT
    AH18                 IBUFCTRL (Prop_IBUFCTRL_HPIOB_M_I_O)
                                                      0.000     0.532 r  u_ibufds/IBUFCTRL_INST/O
                         net (fo=1, routed)           0.180     0.712    clk_ref
    BUFGCE_DIV_X1Y7      BUFGCE_DIV (Prop_BUFGCE_DIV_I_O)
                                                      0.101     0.813 r  u_bufgce_div/O
    X1Y2 (CLOCK_ROOT)    net (fo=3480, routed)        1.364     2.177    u_soc/g_pe[0].u_axi_dcu/clk
    SLICE_X90Y128        FDCE                                         r  u_soc/g_pe[0].u_axi_dcu/w_be_q_reg[0]/C
                         clock pessimism             -0.272     1.906    
    SLICE_X90Y128        FDCE (Remov_HFF_SLICEL_C_CLR)
                                                     -0.020     1.886    u_soc/g_pe[0].u_axi_dcu/w_be_q_reg[0]
  -------------------------------------------------------------------
                         required time                         -1.886    
                         arrival time                           1.959    
  -------------------------------------------------------------------
                         slack                                  0.073    





--------------------------------------------------------------------------------------
Path Group:  (none)
From Clock:  clk
  To Clock:  

Max Delay             4 Endpoints
Min Delay             4 Endpoints
--------------------------------------------------------------------------------------


Max Delay Paths
--------------------------------------------------------------------------------------
Slack:                    inf
  Source:                 led_o_reg[3]/C
                            (rising edge-triggered cell FDRE clocked by clk  {rise@0.000ns fall@6.666ns period=13.332ns})
  Destination:            led_o[3]
                            (output port)
  Path Group:             (none)
  Path Type:              Max at Slow Process Corner
  Data Path Delay:        5.347ns  (logic 2.923ns (54.667%)  route 2.424ns (45.333%))
  Logic Levels:           1  (OBUF=1)
  Clock Uncertainty:      0.025ns  ((TSJ^2 + TIJ^2)^1/2 + DJ) / 2 + PE
    Total System Jitter     (TSJ):    0.050ns
    Total Input Jitter      (TIJ):    0.000ns
    Discrete Jitter          (DJ):    0.000ns
    Phase Error              (PE):    0.000ns
  Clock Net Delay (Source):      2.158ns (routing 0.803ns, distribution 1.355ns)
  Timing Exception:       False Path

    Location             Delay type                Incr(ns)  Path(ns)    Netlist Resource(s)
  -------------------------------------------------------------------    -------------------
                         (clock clk rise edge)        0.000     0.000 r  
    AH18                                              0.000     0.000 r  clk300_p_i (IN)
                         net (fo=0)                   0.100     0.100    u_ibufds/I
    HPIOBDIFFINBUF_X1Y36 DIFFINBUF (Prop_DIFFINBUF_HPIOBDIFFINBUF_DIFF_IN_P_O)
                                                      0.525     0.625 r  u_ibufds/DIFFINBUF_INST/O
                         net (fo=1, routed)           0.050     0.675    u_ibufds/OUT
    AH18                 IBUFCTRL (Prop_IBUFCTRL_HPIOB_M_I_O)
                                                      0.000     0.675 r  u_ibufds/IBUFCTRL_INST/O
                         net (fo=1, routed)           0.322     0.997    clk_ref
    BUFGCE_DIV_X1Y7      BUFGCE_DIV (Prop_BUFGCE_DIV_I_O)
                                                      0.152     1.149 r  u_bufgce_div/O
    X1Y2 (CLOCK_ROOT)    net (fo=3480, routed)        2.158     3.307    clk
    SLICE_X77Y138        FDRE                                         r  led_o_reg[3]/C
  -------------------------------------------------------------------    -------------------
    SLICE_X77Y138        FDRE (Prop_BFF_SLICEL_C_Q)
                                                      0.079     3.386 r  led_o_reg[3]/Q
                         net (fo=1, routed)           2.424     5.810    led_o_OBUF[3]
    B5                   OBUF (Prop_OUTBUF_HDIOB_M_I_O)
                                                      2.844     8.655 r  led_o_OBUF[3]_inst/O
                         net (fo=0)                   0.000     8.655    led_o[3]
    B5                                                                r  led_o[3] (OUT)
  -------------------------------------------------------------------    -------------------

Slack:                    inf
  Source:                 led_o_reg[1]/C
                            (rising edge-triggered cell FDRE clocked by clk  {rise@0.000ns fall@6.666ns period=13.332ns})
  Destination:            led_o[1]
                            (output port)
  Path Group:             (none)
  Path Type:              Max at Slow Process Corner
  Data Path Delay:        5.303ns  (logic 2.907ns (54.820%)  route 2.396ns (45.180%))
  Logic Levels:           1  (OBUF=1)
  Clock Uncertainty:      0.025ns  ((TSJ^2 + TIJ^2)^1/2 + DJ) / 2 + PE
    Total System Jitter     (TSJ):    0.050ns
    Total Input Jitter      (TIJ):    0.000ns
    Discrete Jitter          (DJ):    0.000ns
    Phase Error              (PE):    0.000ns
  Clock Net Delay (Source):      2.158ns (routing 0.803ns, distribution 1.355ns)
  Timing Exception:       False Path

    Location             Delay type                Incr(ns)  Path(ns)    Netlist Resource(s)
  -------------------------------------------------------------------    -------------------
                         (clock clk rise edge)        0.000     0.000 r  
    AH18                                              0.000     0.000 r  clk300_p_i (IN)
                         net (fo=0)                   0.100     0.100    u_ibufds/I
    HPIOBDIFFINBUF_X1Y36 DIFFINBUF (Prop_DIFFINBUF_HPIOBDIFFINBUF_DIFF_IN_P_O)
                                                      0.525     0.625 r  u_ibufds/DIFFINBUF_INST/O
                         net (fo=1, routed)           0.050     0.675    u_ibufds/OUT
    AH18                 IBUFCTRL (Prop_IBUFCTRL_HPIOB_M_I_O)
                                                      0.000     0.675 r  u_ibufds/IBUFCTRL_INST/O
                         net (fo=1, routed)           0.322     0.997    clk_ref
    BUFGCE_DIV_X1Y7      BUFGCE_DIV (Prop_BUFGCE_DIV_I_O)
                                                      0.152     1.149 r  u_bufgce_div/O
    X1Y2 (CLOCK_ROOT)    net (fo=3480, routed)        2.158     3.307    clk
    SLICE_X77Y138        FDRE                                         r  led_o_reg[1]/C
  -------------------------------------------------------------------    -------------------
    SLICE_X77Y138        FDRE (Prop_DFF_SLICEL_C_Q)
                                                      0.079     3.386 r  led_o_reg[1]/Q
                         net (fo=1, routed)           2.396     5.782    led_o_OBUF[1]
    D6                   OBUF (Prop_OUTBUF_HDIOB_M_I_O)
                                                      2.828     8.611 r  led_o_OBUF[1]_inst/O
                         net (fo=0)                   0.000     8.611    led_o[1]
    D6                                                                r  led_o[1] (OUT)
  -------------------------------------------------------------------    -------------------

Slack:                    inf
  Source:                 led_o_reg[0]/C
                            (rising edge-triggered cell FDRE clocked by clk  {rise@0.000ns fall@6.666ns period=13.332ns})
  Destination:            led_o[0]
                            (output port)
  Path Group:             (none)
  Path Type:              Max at Slow Process Corner
  Data Path Delay:        5.249ns  (logic 2.905ns (55.341%)  route 2.344ns (44.659%))
  Logic Levels:           1  (OBUF=1)
  Clock Uncertainty:      0.025ns  ((TSJ^2 + TIJ^2)^1/2 + DJ) / 2 + PE
    Total System Jitter     (TSJ):    0.050ns
    Total Input Jitter      (TIJ):    0.000ns
    Discrete Jitter          (DJ):    0.000ns
    Phase Error              (PE):    0.000ns
  Clock Net Delay (Source):      2.163ns (routing 0.803ns, distribution 1.360ns)
  Timing Exception:       False Path

    Location             Delay type                Incr(ns)  Path(ns)    Netlist Resource(s)
  -------------------------------------------------------------------    -------------------
                         (clock clk rise edge)        0.000     0.000 r  
    AH18                                              0.000     0.000 r  clk300_p_i (IN)
                         net (fo=0)                   0.100     0.100    u_ibufds/I
    HPIOBDIFFINBUF_X1Y36 DIFFINBUF (Prop_DIFFINBUF_HPIOBDIFFINBUF_DIFF_IN_P_O)
                                                      0.525     0.625 r  u_ibufds/DIFFINBUF_INST/O
                         net (fo=1, routed)           0.050     0.675    u_ibufds/OUT
    AH18                 IBUFCTRL (Prop_IBUFCTRL_HPIOB_M_I_O)
                                                      0.000     0.675 r  u_ibufds/IBUFCTRL_INST/O
                         net (fo=1, routed)           0.322     0.997    clk_ref
    BUFGCE_DIV_X1Y7      BUFGCE_DIV (Prop_BUFGCE_DIV_I_O)
                                                      0.152     1.149 r  u_bufgce_div/O
    X1Y2 (CLOCK_ROOT)    net (fo=3480, routed)        2.163     3.312    clk
    SLICE_X77Y138        FDRE                                         r  led_o_reg[0]/C
  -------------------------------------------------------------------    -------------------
    SLICE_X77Y138        FDRE (Prop_HFF_SLICEL_C_Q)
                                                      0.079     3.391 r  led_o_reg[0]/Q
                         net (fo=1, routed)           2.344     5.735    led_o_OBUF[0]
    D5                   OBUF (Prop_OUTBUF_HDIOB_S_I_O)
                                                      2.826     8.561 r  led_o_OBUF[0]_inst/O
                         net (fo=0)                   0.000     8.561    led_o[0]
    D5                                                                r  led_o[0] (OUT)
  -------------------------------------------------------------------    -------------------

Slack:                    inf
  Source:                 led_o_reg[2]/C
                            (rising edge-triggered cell FDRE clocked by clk  {rise@0.000ns fall@6.666ns period=13.332ns})
  Destination:            led_o[2]
                            (output port)
  Path Group:             (none)
  Path Type:              Max at Slow Process Corner
  Data Path Delay:        5.206ns  (logic 2.928ns (56.240%)  route 2.278ns (43.760%))
  Logic Levels:           1  (OBUF=1)
  Clock Uncertainty:      0.025ns  ((TSJ^2 + TIJ^2)^1/2 + DJ) / 2 + PE
    Total System Jitter     (TSJ):    0.050ns
    Total Input Jitter      (TIJ):    0.000ns
    Discrete Jitter          (DJ):    0.000ns
    Phase Error              (PE):    0.000ns
  Clock Net Delay (Source):      2.146ns (routing 0.803ns, distribution 1.343ns)
  Timing Exception:       False Path

    Location             Delay type                Incr(ns)  Path(ns)    Netlist Resource(s)
  -------------------------------------------------------------------    -------------------
                         (clock clk rise edge)        0.000     0.000 r  
    AH18                                              0.000     0.000 r  clk300_p_i (IN)
                         net (fo=0)                   0.100     0.100    u_ibufds/I
    HPIOBDIFFINBUF_X1Y36 DIFFINBUF (Prop_DIFFINBUF_HPIOBDIFFINBUF_DIFF_IN_P_O)
                                                      0.525     0.625 r  u_ibufds/DIFFINBUF_INST/O
                         net (fo=1, routed)           0.050     0.675    u_ibufds/OUT
    AH18                 IBUFCTRL (Prop_IBUFCTRL_HPIOB_M_I_O)
                                                      0.000     0.675 r  u_ibufds/IBUFCTRL_INST/O
                         net (fo=1, routed)           0.322     0.997    clk_ref
    BUFGCE_DIV_X1Y7      BUFGCE_DIV (Prop_BUFGCE_DIV_I_O)
                                                      0.152     1.149 r  u_bufgce_div/O
    X1Y2 (CLOCK_ROOT)    net (fo=3480, routed)        2.146     3.295    clk
    SLICE_X77Y139        FDRE                                         r  led_o_reg[2]/C
  -------------------------------------------------------------------    -------------------
    SLICE_X77Y139        FDRE (Prop_DFF_SLICEL_C_Q)
                                                      0.079     3.374 r  led_o_reg[2]/Q
                         net (fo=1, routed)           2.278     5.652    led_o_OBUF[2]
    A5                   OBUF (Prop_OUTBUF_HDIOB_S_I_O)
                                                      2.849     8.501 r  led_o_OBUF[2]_inst/O
                         net (fo=0)                   0.000     8.501    led_o[2]
    A5                                                                r  led_o[2] (OUT)
  -------------------------------------------------------------------    -------------------





Min Delay Paths
--------------------------------------------------------------------------------------
Slack:                    inf
  Source:                 led_o_reg[2]/C
                            (rising edge-triggered cell FDRE clocked by clk  {rise@0.000ns fall@6.666ns period=13.332ns})
  Destination:            led_o[2]
                            (output port)
  Path Group:             (none)
  Path Type:              Min at Fast Process Corner
  Data Path Delay:        2.663ns  (logic 1.543ns (57.945%)  route 1.120ns (42.055%))
  Logic Levels:           1  (OBUF=1)
  Clock Uncertainty:      0.025ns  ((TSJ^2 + TIJ^2)^1/2 + DJ) / 2 + PE
    Total System Jitter     (TSJ):    0.050ns
    Total Input Jitter      (TIJ):    0.000ns
    Discrete Jitter          (DJ):    0.000ns
    Phase Error              (PE):    0.000ns
  Clock Net Delay (Source):      1.178ns (routing 0.442ns, distribution 0.736ns)
  Timing Exception:       False Path

    Location             Delay type                Incr(ns)  Path(ns)    Netlist Resource(s)
  -------------------------------------------------------------------    -------------------
                         (clock clk rise edge)        0.000     0.000 r  
    AH18                                              0.000     0.000 r  clk300_p_i (IN)
                         net (fo=0)                   0.079     0.079    u_ibufds/I
    HPIOBDIFFINBUF_X1Y36 DIFFINBUF (Prop_DIFFINBUF_HPIOBDIFFINBUF_DIFF_IN_P_O)
                                                      0.284     0.363 r  u_ibufds/DIFFINBUF_INST/O
                         net (fo=1, routed)           0.040     0.403    u_ibufds/OUT
    AH18                 IBUFCTRL (Prop_IBUFCTRL_HPIOB_M_I_O)
                                                      0.000     0.403 r  u_ibufds/IBUFCTRL_INST/O
                         net (fo=1, routed)           0.144     0.547    clk_ref
    BUFGCE_DIV_X1Y7      BUFGCE_DIV (Prop_BUFGCE_DIV_I_O)
                                                      0.089     0.636 r  u_bufgce_div/O
    X1Y2 (CLOCK_ROOT)    net (fo=3480, routed)        1.178     1.814    clk
    SLICE_X77Y139        FDRE                                         r  led_o_reg[2]/C
  -------------------------------------------------------------------    -------------------
    SLICE_X77Y139        FDRE (Prop_DFF_SLICEL_C_Q)
                                                      0.039     1.853 r  led_o_reg[2]/Q
                         net (fo=1, routed)           1.120     2.973    led_o_OBUF[2]
    A5                   OBUF (Prop_OUTBUF_HDIOB_S_I_O)
                                                      1.504     4.477 r  led_o_OBUF[2]_inst/O
                         net (fo=0)                   0.000     4.477    led_o[2]
    A5                                                                r  led_o[2] (OUT)
  -------------------------------------------------------------------    -------------------

Slack:                    inf
  Source:                 led_o_reg[0]/C
                            (rising edge-triggered cell FDRE clocked by clk  {rise@0.000ns fall@6.666ns period=13.332ns})
  Destination:            led_o[0]
                            (output port)
  Path Group:             (none)
  Path Type:              Min at Fast Process Corner
  Data Path Delay:        2.665ns  (logic 1.520ns (57.042%)  route 1.145ns (42.958%))
  Logic Levels:           1  (OBUF=1)
  Clock Uncertainty:      0.025ns  ((TSJ^2 + TIJ^2)^1/2 + DJ) / 2 + PE
    Total System Jitter     (TSJ):    0.050ns
    Total Input Jitter      (TIJ):    0.000ns
    Discrete Jitter          (DJ):    0.000ns
    Phase Error              (PE):    0.000ns
  Clock Net Delay (Source):      1.186ns (routing 0.442ns, distribution 0.744ns)
  Timing Exception:       False Path

    Location             Delay type                Incr(ns)  Path(ns)    Netlist Resource(s)
  -------------------------------------------------------------------    -------------------
                         (clock clk rise edge)        0.000     0.000 r  
    AH18                                              0.000     0.000 r  clk300_p_i (IN)
                         net (fo=0)                   0.079     0.079    u_ibufds/I
    HPIOBDIFFINBUF_X1Y36 DIFFINBUF (Prop_DIFFINBUF_HPIOBDIFFINBUF_DIFF_IN_P_O)
                                                      0.284     0.363 r  u_ibufds/DIFFINBUF_INST/O
                         net (fo=1, routed)           0.040     0.403    u_ibufds/OUT
    AH18                 IBUFCTRL (Prop_IBUFCTRL_HPIOB_M_I_O)
                                                      0.000     0.403 r  u_ibufds/IBUFCTRL_INST/O
                         net (fo=1, routed)           0.144     0.547    clk_ref
    BUFGCE_DIV_X1Y7      BUFGCE_DIV (Prop_BUFGCE_DIV_I_O)
                                                      0.089     0.636 r  u_bufgce_div/O
    X1Y2 (CLOCK_ROOT)    net (fo=3480, routed)        1.186     1.822    clk
    SLICE_X77Y138        FDRE                                         r  led_o_reg[0]/C
  -------------------------------------------------------------------    -------------------
    SLICE_X77Y138        FDRE (Prop_HFF_SLICEL_C_Q)
                                                      0.039     1.861 r  led_o_reg[0]/Q
                         net (fo=1, routed)           1.145     3.006    led_o_OBUF[0]
    D5                   OBUF (Prop_OUTBUF_HDIOB_S_I_O)
                                                      1.481     4.487 r  led_o_OBUF[0]_inst/O
                         net (fo=0)                   0.000     4.487    led_o[0]
    D5                                                                r  led_o[0] (OUT)
  -------------------------------------------------------------------    -------------------

Slack:                    inf
  Source:                 led_o_reg[1]/C
                            (rising edge-triggered cell FDRE clocked by clk  {rise@0.000ns fall@6.666ns period=13.332ns})
  Destination:            led_o[1]
                            (output port)
  Path Group:             (none)
  Path Type:              Min at Fast Process Corner
  Data Path Delay:        2.741ns  (logic 1.523ns (55.564%)  route 1.218ns (44.436%))
  Logic Levels:           1  (OBUF=1)
  Clock Uncertainty:      0.025ns  ((TSJ^2 + TIJ^2)^1/2 + DJ) / 2 + PE
    Total System Jitter     (TSJ):    0.050ns
    Total Input Jitter      (TIJ):    0.000ns
    Discrete Jitter          (DJ):    0.000ns
    Phase Error              (PE):    0.000ns
  Clock Net Delay (Source):      1.183ns (routing 0.442ns, distribution 0.741ns)
  Timing Exception:       False Path

    Location             Delay type                Incr(ns)  Path(ns)    Netlist Resource(s)
  -------------------------------------------------------------------    -------------------
                         (clock clk rise edge)        0.000     0.000 r  
    AH18                                              0.000     0.000 r  clk300_p_i (IN)
                         net (fo=0)                   0.079     0.079    u_ibufds/I
    HPIOBDIFFINBUF_X1Y36 DIFFINBUF (Prop_DIFFINBUF_HPIOBDIFFINBUF_DIFF_IN_P_O)
                                                      0.284     0.363 r  u_ibufds/DIFFINBUF_INST/O
                         net (fo=1, routed)           0.040     0.403    u_ibufds/OUT
    AH18                 IBUFCTRL (Prop_IBUFCTRL_HPIOB_M_I_O)
                                                      0.000     0.403 r  u_ibufds/IBUFCTRL_INST/O
                         net (fo=1, routed)           0.144     0.547    clk_ref
    BUFGCE_DIV_X1Y7      BUFGCE_DIV (Prop_BUFGCE_DIV_I_O)
                                                      0.089     0.636 r  u_bufgce_div/O
    X1Y2 (CLOCK_ROOT)    net (fo=3480, routed)        1.183     1.819    clk
    SLICE_X77Y138        FDRE                                         r  led_o_reg[1]/C
  -------------------------------------------------------------------    -------------------
    SLICE_X77Y138        FDRE (Prop_DFF_SLICEL_C_Q)
                                                      0.039     1.858 r  led_o_reg[1]/Q
                         net (fo=1, routed)           1.218     3.076    led_o_OBUF[1]
    D6                   OBUF (Prop_OUTBUF_HDIOB_M_I_O)
                                                      1.484     4.560 r  led_o_OBUF[1]_inst/O
                         net (fo=0)                   0.000     4.560    led_o[1]
    D6                                                                r  led_o[1] (OUT)
  -------------------------------------------------------------------    -------------------

Slack:                    inf
  Source:                 led_o_reg[3]/C
                            (rising edge-triggered cell FDRE clocked by clk  {rise@0.000ns fall@6.666ns period=13.332ns})
  Destination:            led_o[3]
                            (output port)
  Path Group:             (none)
  Path Type:              Min at Fast Process Corner
  Data Path Delay:        2.750ns  (logic 1.539ns (55.960%)  route 1.211ns (44.040%))
  Logic Levels:           1  (OBUF=1)
  Clock Uncertainty:      0.025ns  ((TSJ^2 + TIJ^2)^1/2 + DJ) / 2 + PE
    Total System Jitter     (TSJ):    0.050ns
    Total Input Jitter      (TIJ):    0.000ns
    Discrete Jitter          (DJ):    0.000ns
    Phase Error              (PE):    0.000ns
  Clock Net Delay (Source):      1.183ns (routing 0.442ns, distribution 0.741ns)
  Timing Exception:       False Path

    Location             Delay type                Incr(ns)  Path(ns)    Netlist Resource(s)
  -------------------------------------------------------------------    -------------------
                         (clock clk rise edge)        0.000     0.000 r  
    AH18                                              0.000     0.000 r  clk300_p_i (IN)
                         net (fo=0)                   0.079     0.079    u_ibufds/I
    HPIOBDIFFINBUF_X1Y36 DIFFINBUF (Prop_DIFFINBUF_HPIOBDIFFINBUF_DIFF_IN_P_O)
                                                      0.284     0.363 r  u_ibufds/DIFFINBUF_INST/O
                         net (fo=1, routed)           0.040     0.403    u_ibufds/OUT
    AH18                 IBUFCTRL (Prop_IBUFCTRL_HPIOB_M_I_O)
                                                      0.000     0.403 r  u_ibufds/IBUFCTRL_INST/O
                         net (fo=1, routed)           0.144     0.547    clk_ref
    BUFGCE_DIV_X1Y7      BUFGCE_DIV (Prop_BUFGCE_DIV_I_O)
                                                      0.089     0.636 r  u_bufgce_div/O
    X1Y2 (CLOCK_ROOT)    net (fo=3480, routed)        1.183     1.819    clk
    SLICE_X77Y138        FDRE                                         r  led_o_reg[3]/C
  -------------------------------------------------------------------    -------------------
    SLICE_X77Y138        FDRE (Prop_BFF_SLICEL_C_Q)
                                                      0.039     1.858 r  led_o_reg[3]/Q
                         net (fo=1, routed)           1.211     3.069    led_o_OBUF[3]
    B5                   OBUF (Prop_OUTBUF_HDIOB_M_I_O)
                                                      1.500     4.568 r  led_o_OBUF[3]_inst/O
                         net (fo=0)                   0.000     4.568    led_o[3]
    B5                                                                r  led_o[3] (OUT)
  -------------------------------------------------------------------    -------------------





--------------------------------------------------------------------------------------
Path Group:  (none)
From Clock:  
  To Clock:  clk

Max Delay             7 Endpoints
Min Delay             7 Endpoints
--------------------------------------------------------------------------------------


Max Delay Paths
--------------------------------------------------------------------------------------
Slack:                    inf
  Source:                 dip_i[3]
                            (input port)
  Destination:            dip_sync_q_reg[3]/D
                            (rising edge-triggered cell FDRE clocked by clk  {rise@0.000ns fall@6.666ns period=13.332ns})
  Path Group:             (none)
  Path Type:              Setup (Max at Slow Process Corner)
  Data Path Delay:        3.693ns  (logic 1.273ns (34.465%)  route 2.420ns (65.535%))
  Logic Levels:           2  (IBUFCTRL=1 INBUF=1)
  Clock Path Skew:        2.871ns (DCD - SCD + CPR)
    Destination Clock Delay (DCD):    2.871ns
    Source Clock Delay      (SCD):    0.000ns
    Clock Pessimism Removal (CPR):    0.000ns
  Clock Uncertainty:      0.025ns  ((TSJ^2 + TIJ^2)^1/2 + DJ) / 2 + PE
    Total System Jitter     (TSJ):    0.050ns
    Total Input Jitter      (TIJ):    0.000ns
    Discrete Jitter          (DJ):    0.000ns
    Phase Error              (PE):    0.000ns
  Clock Net Delay (Destination): 1.905ns (routing 0.732ns, distribution 1.173ns)
  Timing Exception:       False Path

    Location             Delay type                Incr(ns)  Path(ns)    Netlist Resource(s)
  -------------------------------------------------------------------    -------------------
    F4                                                0.000     0.000 r  dip_i[3] (IN)
                         net (fo=0)                   0.000     0.000    dip_i_IBUF[3]_inst/I
    F4                   INBUF (Prop_INBUF_HDIOB_S_PAD_O)
                                                      1.273     1.273 r  dip_i_IBUF[3]_inst/INBUF_INST/O
                         net (fo=1, routed)           0.000     1.273    dip_i_IBUF[3]_inst/OUT
    F4                   IBUFCTRL (Prop_IBUFCTRL_HDIOB_S_I_O)
                                                      0.000     1.273 r  dip_i_IBUF[3]_inst/IBUFCTRL_INST/O
                         net (fo=1, routed)           2.420     3.693    dip_i_IBUF[3]
    SLICE_X80Y144        FDRE                                         r  dip_sync_q_reg[3]/D
  -------------------------------------------------------------------    -------------------

                         (clock clk rise edge)        0.000     0.000 r  
    AH18                                              0.000     0.000 r  clk300_p_i (IN)
                         net (fo=0)                   0.079     0.079    u_ibufds/I
    HPIOBDIFFINBUF_X1Y36 DIFFINBUF (Prop_DIFFINBUF_HPIOBDIFFINBUF_DIFF_IN_P_O)
                                                      0.429     0.508 r  u_ibufds/DIFFINBUF_INST/O
                         net (fo=1, routed)           0.040     0.548    u_ibufds/OUT
    AH18                 IBUFCTRL (Prop_IBUFCTRL_HPIOB_M_I_O)
                                                      0.000     0.548 r  u_ibufds/IBUFCTRL_INST/O
                         net (fo=1, routed)           0.286     0.834    clk_ref
    BUFGCE_DIV_X1Y7      BUFGCE_DIV (Prop_BUFGCE_DIV_I_O)
                                                      0.132     0.966 r  u_bufgce_div/O
    X1Y2 (CLOCK_ROOT)    net (fo=3480, routed)        1.905     2.871    clk
    SLICE_X80Y144        FDRE                                         r  dip_sync_q_reg[3]/C

Slack:                    inf
  Source:                 dip_i[1]
                            (input port)
  Destination:            dip_sync_q_reg[1]/D
                            (rising edge-triggered cell FDRE clocked by clk  {rise@0.000ns fall@6.666ns period=13.332ns})
  Path Group:             (none)
  Path Type:              Setup (Max at Slow Process Corner)
  Data Path Delay:        3.673ns  (logic 1.280ns (34.841%)  route 2.393ns (65.159%))
  Logic Levels:           2  (IBUFCTRL=1 INBUF=1)
  Clock Path Skew:        2.878ns (DCD - SCD + CPR)
    Destination Clock Delay (DCD):    2.878ns
    Source Clock Delay      (SCD):    0.000ns
    Clock Pessimism Removal (CPR):    0.000ns
  Clock Uncertainty:      0.025ns  ((TSJ^2 + TIJ^2)^1/2 + DJ) / 2 + PE
    Total System Jitter     (TSJ):    0.050ns
    Total Input Jitter      (TIJ):    0.000ns
    Discrete Jitter          (DJ):    0.000ns
    Phase Error              (PE):    0.000ns
  Clock Net Delay (Destination): 1.912ns (routing 0.732ns, distribution 1.180ns)
  Timing Exception:       False Path

    Location             Delay type                Incr(ns)  Path(ns)    Netlist Resource(s)
  -------------------------------------------------------------------    -------------------
    D4                                                0.000     0.000 r  dip_i[1] (IN)
                         net (fo=0)                   0.000     0.000    dip_i_IBUF[1]_inst/I
    D4                   INBUF (Prop_INBUF_HDIOB_S_PAD_O)
                                                      1.280     1.280 r  dip_i_IBUF[1]_inst/INBUF_INST/O
                         net (fo=1, routed)           0.000     1.280    dip_i_IBUF[1]_inst/OUT
    D4                   IBUFCTRL (Prop_IBUFCTRL_HDIOB_S_I_O)
                                                      0.000     1.280 r  dip_i_IBUF[1]_inst/IBUFCTRL_INST/O
                         net (fo=1, routed)           2.393     3.673    dip_i_IBUF[1]
    SLICE_X85Y141        FDRE                                         r  dip_sync_q_reg[1]/D
  -------------------------------------------------------------------    -------------------

                         (clock clk rise edge)        0.000     0.000 r  
    AH18                                              0.000     0.000 r  clk300_p_i (IN)
                         net (fo=0)                   0.079     0.079    u_ibufds/I
    HPIOBDIFFINBUF_X1Y36 DIFFINBUF (Prop_DIFFINBUF_HPIOBDIFFINBUF_DIFF_IN_P_O)
                                                      0.429     0.508 r  u_ibufds/DIFFINBUF_INST/O
                         net (fo=1, routed)           0.040     0.548    u_ibufds/OUT
    AH18                 IBUFCTRL (Prop_IBUFCTRL_HPIOB_M_I_O)
                                                      0.000     0.548 r  u_ibufds/IBUFCTRL_INST/O
                         net (fo=1, routed)           0.286     0.834    clk_ref
    BUFGCE_DIV_X1Y7      BUFGCE_DIV (Prop_BUFGCE_DIV_I_O)
                                                      0.132     0.966 r  u_bufgce_div/O
    X1Y2 (CLOCK_ROOT)    net (fo=3480, routed)        1.912     2.878    clk
    SLICE_X85Y141        FDRE                                         r  dip_sync_q_reg[1]/C

Slack:                    inf
  Source:                 pb_i[1]
                            (input port)
  Destination:            pb_sync_q_reg[1]/D
                            (rising edge-triggered cell FDRE clocked by clk  {rise@0.000ns fall@6.666ns period=13.332ns})
  Path Group:             (none)
  Path Type:              Setup (Max at Slow Process Corner)
  Data Path Delay:        3.587ns  (logic 1.298ns (36.180%)  route 2.289ns (63.820%))
  Logic Levels:           2  (IBUFCTRL=1 INBUF=1)
  Clock Path Skew:        2.880ns (DCD - SCD + CPR)
    Destination Clock Delay (DCD):    2.880ns
    Source Clock Delay      (SCD):    0.000ns
    Clock Pessimism Removal (CPR):    0.000ns
  Clock Uncertainty:      0.025ns  ((TSJ^2 + TIJ^2)^1/2 + DJ) / 2 + PE
    Total System Jitter     (TSJ):    0.050ns
    Total Input Jitter      (TIJ):    0.000ns
    Discrete Jitter          (DJ):    0.000ns
    Phase Error              (PE):    0.000ns
  Clock Net Delay (Destination): 1.914ns (routing 0.732ns, distribution 1.182ns)
  Timing Exception:       False Path

    Location             Delay type                Incr(ns)  Path(ns)    Netlist Resource(s)
  -------------------------------------------------------------------    -------------------
    C4                                                0.000     0.000 r  pb_i[1] (IN)
                         net (fo=0)                   0.000     0.000    pb_i_IBUF[1]_inst/I
    C4                   INBUF (Prop_INBUF_HDIOB_M_PAD_O)
                                                      1.298     1.298 r  pb_i_IBUF[1]_inst/INBUF_INST/O
                         net (fo=1, routed)           0.000     1.298    pb_i_IBUF[1]_inst/OUT
    C4                   IBUFCTRL (Prop_IBUFCTRL_HDIOB_M_I_O)
                                                      0.000     1.298 r  pb_i_IBUF[1]_inst/IBUFCTRL_INST/O
                         net (fo=1, routed)           2.289     3.587    pb_i_IBUF[1]
    SLICE_X77Y139        FDRE                                         r  pb_sync_q_reg[1]/D
  -------------------------------------------------------------------    -------------------

                         (clock clk rise edge)        0.000     0.000 r  
    AH18                                              0.000     0.000 r  clk300_p_i (IN)
                         net (fo=0)                   0.079     0.079    u_ibufds/I
    HPIOBDIFFINBUF_X1Y36 DIFFINBUF (Prop_DIFFINBUF_HPIOBDIFFINBUF_DIFF_IN_P_O)
                                                      0.429     0.508 r  u_ibufds/DIFFINBUF_INST/O
                         net (fo=1, routed)           0.040     0.548    u_ibufds/OUT
    AH18                 IBUFCTRL (Prop_IBUFCTRL_HPIOB_M_I_O)
                                                      0.000     0.548 r  u_ibufds/IBUFCTRL_INST/O
                         net (fo=1, routed)           0.286     0.834    clk_ref
    BUFGCE_DIV_X1Y7      BUFGCE_DIV (Prop_BUFGCE_DIV_I_O)
                                                      0.132     0.966 r  u_bufgce_div/O
    X1Y2 (CLOCK_ROOT)    net (fo=3480, routed)        1.914     2.880    clk
    SLICE_X77Y139        FDRE                                         r  pb_sync_q_reg[1]/C

Slack:                    inf
  Source:                 dip_i[2]
                            (input port)
  Destination:            dip_sync_q_reg[2]/D
                            (rising edge-triggered cell FDRE clocked by clk  {rise@0.000ns fall@6.666ns period=13.332ns})
  Path Group:             (none)
  Path Type:              Setup (Max at Slow Process Corner)
  Data Path Delay:        3.546ns  (logic 1.271ns (35.849%)  route 2.275ns (64.151%))
  Logic Levels:           2  (IBUFCTRL=1 INBUF=1)
  Clock Path Skew:        2.878ns (DCD - SCD + CPR)
    Destination Clock Delay (DCD):    2.878ns
    Source Clock Delay      (SCD):    0.000ns
    Clock Pessimism Removal (CPR):    0.000ns
  Clock Uncertainty:      0.025ns  ((TSJ^2 + TIJ^2)^1/2 + DJ) / 2 + PE
    Total System Jitter     (TSJ):    0.050ns
    Total Input Jitter      (TIJ):    0.000ns
    Discrete Jitter          (DJ):    0.000ns
    Phase Error              (PE):    0.000ns
  Clock Net Delay (Destination): 1.912ns (routing 0.732ns, distribution 1.180ns)
  Timing Exception:       False Path

    Location             Delay type                Incr(ns)  Path(ns)    Netlist Resource(s)
  -------------------------------------------------------------------    -------------------
    F5                                                0.000     0.000 r  dip_i[2] (IN)
                         net (fo=0)                   0.000     0.000    dip_i_IBUF[2]_inst/I
    F5                   INBUF (Prop_INBUF_HDIOB_M_PAD_O)
                                                      1.271     1.271 r  dip_i_IBUF[2]_inst/INBUF_INST/O
                         net (fo=1, routed)           0.000     1.271    dip_i_IBUF[2]_inst/OUT
    F5                   IBUFCTRL (Prop_IBUFCTRL_HDIOB_M_I_O)
                                                      0.000     1.271 r  dip_i_IBUF[2]_inst/IBUFCTRL_INST/O
                         net (fo=1, routed)           2.275     3.546    dip_i_IBUF[2]
    SLICE_X85Y141        FDRE                                         r  dip_sync_q_reg[2]/D
  -------------------------------------------------------------------    -------------------

                         (clock clk rise edge)        0.000     0.000 r  
    AH18                                              0.000     0.000 r  clk300_p_i (IN)
                         net (fo=0)                   0.079     0.079    u_ibufds/I
    HPIOBDIFFINBUF_X1Y36 DIFFINBUF (Prop_DIFFINBUF_HPIOBDIFFINBUF_DIFF_IN_P_O)
                                                      0.429     0.508 r  u_ibufds/DIFFINBUF_INST/O
                         net (fo=1, routed)           0.040     0.548    u_ibufds/OUT
    AH18                 IBUFCTRL (Prop_IBUFCTRL_HPIOB_M_I_O)
                                                      0.000     0.548 r  u_ibufds/IBUFCTRL_INST/O
                         net (fo=1, routed)           0.286     0.834    clk_ref
    BUFGCE_DIV_X1Y7      BUFGCE_DIV (Prop_BUFGCE_DIV_I_O)
                                                      0.132     0.966 r  u_bufgce_div/O
    X1Y2 (CLOCK_ROOT)    net (fo=3480, routed)        1.912     2.878    clk
    SLICE_X85Y141        FDRE                                         r  dip_sync_q_reg[2]/C

Slack:                    inf
  Source:                 pb_i[0]
                            (input port)
  Destination:            pb_sync_q_reg[0]/D
                            (rising edge-triggered cell FDRE clocked by clk  {rise@0.000ns fall@6.666ns period=13.332ns})
  Path Group:             (none)
  Path Type:              Setup (Max at Slow Process Corner)
  Data Path Delay:        3.508ns  (logic 1.298ns (37.007%)  route 2.210ns (62.993%))
  Logic Levels:           2  (IBUFCTRL=1 INBUF=1)
  Clock Path Skew:        2.871ns (DCD - SCD + CPR)
    Destination Clock Delay (DCD):    2.871ns
    Source Clock Delay      (SCD):    0.000ns
    Clock Pessimism Removal (CPR):    0.000ns
  Clock Uncertainty:      0.025ns  ((TSJ^2 + TIJ^2)^1/2 + DJ) / 2 + PE
    Total System Jitter     (TSJ):    0.050ns
    Total Input Jitter      (TIJ):    0.000ns
    Discrete Jitter          (DJ):    0.000ns
    Phase Error              (PE):    0.000ns
  Clock Net Delay (Destination): 1.905ns (routing 0.732ns, distribution 1.173ns)
  Timing Exception:       False Path

    Location             Delay type                Incr(ns)  Path(ns)    Netlist Resource(s)
  -------------------------------------------------------------------    -------------------
    B4                                                0.000     0.000 r  pb_i[0] (IN)
                         net (fo=0)                   0.000     0.000    pb_i_IBUF[0]_inst/I
    B4                   INBUF (Prop_INBUF_HDIOB_S_PAD_O)
                                                      1.298     1.298 r  pb_i_IBUF[0]_inst/INBUF_INST/O
                         net (fo=1, routed)           0.000     1.298    pb_i_IBUF[0]_inst/OUT
    B4                   IBUFCTRL (Prop_IBUFCTRL_HDIOB_S_I_O)
                                                      0.000     1.298 r  pb_i_IBUF[0]_inst/IBUFCTRL_INST/O
                         net (fo=1, routed)           2.210     3.508    pb_i_IBUF[0]
    SLICE_X80Y144        FDRE                                         r  pb_sync_q_reg[0]/D
  -------------------------------------------------------------------    -------------------

                         (clock clk rise edge)        0.000     0.000 r  
    AH18                                              0.000     0.000 r  clk300_p_i (IN)
                         net (fo=0)                   0.079     0.079    u_ibufds/I
    HPIOBDIFFINBUF_X1Y36 DIFFINBUF (Prop_DIFFINBUF_HPIOBDIFFINBUF_DIFF_IN_P_O)
                                                      0.429     0.508 r  u_ibufds/DIFFINBUF_INST/O
                         net (fo=1, routed)           0.040     0.548    u_ibufds/OUT
    AH18                 IBUFCTRL (Prop_IBUFCTRL_HPIOB_M_I_O)
                                                      0.000     0.548 r  u_ibufds/IBUFCTRL_INST/O
                         net (fo=1, routed)           0.286     0.834    clk_ref
    BUFGCE_DIV_X1Y7      BUFGCE_DIV (Prop_BUFGCE_DIV_I_O)
                                                      0.132     0.966 r  u_bufgce_div/O
    X1Y2 (CLOCK_ROOT)    net (fo=3480, routed)        1.905     2.871    clk
    SLICE_X80Y144        FDRE                                         r  pb_sync_q_reg[0]/C

Slack:                    inf
  Source:                 dip_i[0]
                            (input port)
  Destination:            dip_sync_q_reg[0]/D
                            (rising edge-triggered cell FDRE clocked by clk  {rise@0.000ns fall@6.666ns period=13.332ns})
  Path Group:             (none)
  Path Type:              Setup (Max at Slow Process Corner)
  Data Path Delay:        2.813ns  (logic 1.279ns (45.472%)  route 1.534ns (54.528%))
  Logic Levels:           2  (IBUFCTRL=1 INBUF=1)
  Clock Path Skew:        2.961ns (DCD - SCD + CPR)
    Destination Clock Delay (DCD):    2.961ns
    Source Clock Delay      (SCD):    0.000ns
    Clock Pessimism Removal (CPR):    0.000ns
  Clock Uncertainty:      0.025ns  ((TSJ^2 + TIJ^2)^1/2 + DJ) / 2 + PE
    Total System Jitter     (TSJ):    0.050ns
    Total Input Jitter      (TIJ):    0.000ns
    Discrete Jitter          (DJ):    0.000ns
    Phase Error              (PE):    0.000ns
  Clock Net Delay (Destination): 1.995ns (routing 0.732ns, distribution 1.263ns)
  Timing Exception:       False Path

    Location             Delay type                Incr(ns)  Path(ns)    Netlist Resource(s)
  -------------------------------------------------------------------    -------------------
    E4                                                0.000     0.000 r  dip_i[0] (IN)
                         net (fo=0)                   0.000     0.000    dip_i_IBUF[0]_inst/I
    E4                   INBUF (Prop_INBUF_HDIOB_M_PAD_O)
                                                      1.279     1.279 r  dip_i_IBUF[0]_inst/INBUF_INST/O
                         net (fo=1, routed)           0.000     1.279    dip_i_IBUF[0]_inst/OUT
    E4                   IBUFCTRL (Prop_IBUFCTRL_HDIOB_M_I_O)
                                                      0.000     1.279 r  dip_i_IBUF[0]_inst/IBUFCTRL_INST/O
                         net (fo=1, routed)           1.534     2.813    dip_i_IBUF[0]
    SLICE_X89Y212        FDRE                                         r  dip_sync_q_reg[0]/D
  -------------------------------------------------------------------    -------------------

                         (clock clk rise edge)        0.000     0.000 r  
    AH18                                              0.000     0.000 r  clk300_p_i (IN)
                         net (fo=0)                   0.079     0.079    u_ibufds/I
    HPIOBDIFFINBUF_X1Y36 DIFFINBUF (Prop_DIFFINBUF_HPIOBDIFFINBUF_DIFF_IN_P_O)
                                                      0.429     0.508 r  u_ibufds/DIFFINBUF_INST/O
                         net (fo=1, routed)           0.040     0.548    u_ibufds/OUT
    AH18                 IBUFCTRL (Prop_IBUFCTRL_HPIOB_M_I_O)
                                                      0.000     0.548 r  u_ibufds/IBUFCTRL_INST/O
                         net (fo=1, routed)           0.286     0.834    clk_ref
    BUFGCE_DIV_X1Y7      BUFGCE_DIV (Prop_BUFGCE_DIV_I_O)
                                                      0.132     0.966 r  u_bufgce_div/O
    X1Y2 (CLOCK_ROOT)    net (fo=3480, routed)        1.995     2.961    clk
    SLICE_X89Y212        FDRE                                         r  dip_sync_q_reg[0]/C

Slack:                    inf
  Source:                 cpu_reset_i
                            (input port)
  Destination:            rst_sync_q_reg[0]/D
                            (rising edge-triggered cell FDRE clocked by clk  {rise@0.000ns fall@6.666ns period=13.332ns})
  Path Group:             (none)
  Path Type:              Setup (Max at Slow Process Corner)
  Data Path Delay:        2.057ns  (logic 1.222ns (59.410%)  route 0.835ns (40.590%))
  Logic Levels:           2  (IBUFCTRL=1 INBUF=1)
  Clock Path Skew:        2.955ns (DCD - SCD + CPR)
    Destination Clock Delay (DCD):    2.955ns
    Source Clock Delay      (SCD):    0.000ns
    Clock Pessimism Removal (CPR):    0.000ns
  Clock Uncertainty:      0.025ns  ((TSJ^2 + TIJ^2)^1/2 + DJ) / 2 + PE
    Total System Jitter     (TSJ):    0.050ns
    Total Input Jitter      (TIJ):    0.000ns
    Discrete Jitter          (DJ):    0.000ns
    Phase Error              (PE):    0.000ns
  Clock Net Delay (Destination): 1.989ns (routing 0.732ns, distribution 1.257ns)
  Timing Exception:       False Path

    Location             Delay type                Incr(ns)  Path(ns)    Netlist Resource(s)
  -------------------------------------------------------------------    -------------------
    M11                                               0.000     0.000 r  cpu_reset_i (IN)
                         net (fo=0)                   0.000     0.000    cpu_reset_i_IBUF_inst/I
    M11                  INBUF (Prop_INBUF_HDIOB_S_PAD_O)
                                                      1.222     1.222 r  cpu_reset_i_IBUF_inst/INBUF_INST/O
                         net (fo=1, routed)           0.000     1.222    cpu_reset_i_IBUF_inst/OUT
    M11                  IBUFCTRL (Prop_IBUFCTRL_HDIOB_S_I_O)
                                                      0.000     1.222 r  cpu_reset_i_IBUF_inst/IBUFCTRL_INST/O
                         net (fo=1, routed)           0.835     2.057    cpu_reset_i_IBUF
    SLICE_X88Y254        FDRE                                         r  rst_sync_q_reg[0]/D
  -------------------------------------------------------------------    -------------------

                         (clock clk rise edge)        0.000     0.000 r  
    AH18                                              0.000     0.000 r  clk300_p_i (IN)
                         net (fo=0)                   0.079     0.079    u_ibufds/I
    HPIOBDIFFINBUF_X1Y36 DIFFINBUF (Prop_DIFFINBUF_HPIOBDIFFINBUF_DIFF_IN_P_O)
                                                      0.429     0.508 r  u_ibufds/DIFFINBUF_INST/O
                         net (fo=1, routed)           0.040     0.548    u_ibufds/OUT
    AH18                 IBUFCTRL (Prop_IBUFCTRL_HPIOB_M_I_O)
                                                      0.000     0.548 r  u_ibufds/IBUFCTRL_INST/O
                         net (fo=1, routed)           0.286     0.834    clk_ref
    BUFGCE_DIV_X1Y7      BUFGCE_DIV (Prop_BUFGCE_DIV_I_O)
                                                      0.132     0.966 r  u_bufgce_div/O
    X1Y2 (CLOCK_ROOT)    net (fo=3480, routed)        1.989     2.955    clk
    SLICE_X88Y254        FDRE                                         r  rst_sync_q_reg[0]/C





Min Delay Paths
--------------------------------------------------------------------------------------
Slack:                    inf
  Source:                 cpu_reset_i
                            (input port)
  Destination:            rst_sync_q_reg[0]/D
                            (rising edge-triggered cell FDRE clocked by clk  {rise@0.000ns fall@6.666ns period=13.332ns})
  Path Group:             (none)
  Path Type:              Hold (Min at Fast Process Corner)
  Data Path Delay:        1.169ns  (logic 0.799ns (68.361%)  route 0.370ns (31.639%))
  Logic Levels:           2  (IBUFCTRL=1 INBUF=1)
  Clock Path Skew:        2.190ns (DCD - SCD - CPR)
    Destination Clock Delay (DCD):    2.190ns
    Source Clock Delay      (SCD):    0.000ns
    Clock Pessimism Removal (CPR):    -0.000ns
  Clock Net Delay (Destination): 1.377ns (routing 0.491ns, distribution 0.886ns)
  Timing Exception:       False Path

    Location             Delay type                Incr(ns)  Path(ns)    Netlist Resource(s)
  -------------------------------------------------------------------    -------------------
    M11                                               0.000     0.000 r  cpu_reset_i (IN)
                         net (fo=0)                   0.000     0.000    cpu_reset_i_IBUF_inst/I
    M11                  INBUF (Prop_INBUF_HDIOB_S_PAD_O)
                                                      0.799     0.799 r  cpu_reset_i_IBUF_inst/INBUF_INST/O
                         net (fo=1, routed)           0.000     0.799    cpu_reset_i_IBUF_inst/OUT
    M11                  IBUFCTRL (Prop_IBUFCTRL_HDIOB_S_I_O)
                                                      0.000     0.799 r  cpu_reset_i_IBUF_inst/IBUFCTRL_INST/O
                         net (fo=1, routed)           0.370     1.169    cpu_reset_i_IBUF
    SLICE_X88Y254        FDRE                                         r  rst_sync_q_reg[0]/D
  -------------------------------------------------------------------    -------------------

                         (clock clk rise edge)        0.000     0.000 r  
    AH18                                              0.000     0.000 r  clk300_p_i (IN)
                         net (fo=0)                   0.100     0.100    u_ibufds/I
    HPIOBDIFFINBUF_X1Y36 DIFFINBUF (Prop_DIFFINBUF_HPIOBDIFFINBUF_DIFF_IN_P_O)
                                                      0.382     0.482 r  u_ibufds/DIFFINBUF_INST/O
                         net (fo=1, routed)           0.050     0.532    u_ibufds/OUT
    AH18                 IBUFCTRL (Prop_IBUFCTRL_HPIOB_M_I_O)
                                                      0.000     0.532 r  u_ibufds/IBUFCTRL_INST/O
                         net (fo=1, routed)           0.180     0.712    clk_ref
    BUFGCE_DIV_X1Y7      BUFGCE_DIV (Prop_BUFGCE_DIV_I_O)
                                                      0.101     0.813 r  u_bufgce_div/O
    X1Y2 (CLOCK_ROOT)    net (fo=3480, routed)        1.377     2.190    clk
    SLICE_X88Y254        FDRE                                         r  rst_sync_q_reg[0]/C

Slack:                    inf
  Source:                 dip_i[0]
                            (input port)
  Destination:            dip_sync_q_reg[0]/D
                            (rising edge-triggered cell FDRE clocked by clk  {rise@0.000ns fall@6.666ns period=13.332ns})
  Path Group:             (none)
  Path Type:              Hold (Min at Fast Process Corner)
  Data Path Delay:        1.615ns  (logic 0.856ns (53.003%)  route 0.759ns (46.997%))
  Logic Levels:           2  (IBUFCTRL=1 INBUF=1)
  Clock Path Skew:        2.193ns (DCD - SCD - CPR)
    Destination Clock Delay (DCD):    2.193ns
    Source Clock Delay      (SCD):    0.000ns
    Clock Pessimism Removal (CPR):    -0.000ns
  Clock Net Delay (Destination): 1.380ns (routing 0.491ns, distribution 0.889ns)
  Timing Exception:       False Path

    Location             Delay type                Incr(ns)  Path(ns)    Netlist Resource(s)
  -------------------------------------------------------------------    -------------------
    E4                                                0.000     0.000 r  dip_i[0] (IN)
                         net (fo=0)                   0.000     0.000    dip_i_IBUF[0]_inst/I
    E4                   INBUF (Prop_INBUF_HDIOB_M_PAD_O)
                                                      0.856     0.856 r  dip_i_IBUF[0]_inst/INBUF_INST/O
                         net (fo=1, routed)           0.000     0.856    dip_i_IBUF[0]_inst/OUT
    E4                   IBUFCTRL (Prop_IBUFCTRL_HDIOB_M_I_O)
                                                      0.000     0.856 r  dip_i_IBUF[0]_inst/IBUFCTRL_INST/O
                         net (fo=1, routed)           0.759     1.615    dip_i_IBUF[0]
    SLICE_X89Y212        FDRE                                         r  dip_sync_q_reg[0]/D
  -------------------------------------------------------------------    -------------------

                         (clock clk rise edge)        0.000     0.000 r  
    AH18                                              0.000     0.000 r  clk300_p_i (IN)
                         net (fo=0)                   0.100     0.100    u_ibufds/I
    HPIOBDIFFINBUF_X1Y36 DIFFINBUF (Prop_DIFFINBUF_HPIOBDIFFINBUF_DIFF_IN_P_O)
                                                      0.382     0.482 r  u_ibufds/DIFFINBUF_INST/O
                         net (fo=1, routed)           0.050     0.532    u_ibufds/OUT
    AH18                 IBUFCTRL (Prop_IBUFCTRL_HPIOB_M_I_O)
                                                      0.000     0.532 r  u_ibufds/IBUFCTRL_INST/O
                         net (fo=1, routed)           0.180     0.712    clk_ref
    BUFGCE_DIV_X1Y7      BUFGCE_DIV (Prop_BUFGCE_DIV_I_O)
                                                      0.101     0.813 r  u_bufgce_div/O
    X1Y2 (CLOCK_ROOT)    net (fo=3480, routed)        1.380     2.193    clk
    SLICE_X89Y212        FDRE                                         r  dip_sync_q_reg[0]/C

Slack:                    inf
  Source:                 pb_i[0]
                            (input port)
  Destination:            pb_sync_q_reg[0]/D
                            (rising edge-triggered cell FDRE clocked by clk  {rise@0.000ns fall@6.666ns period=13.332ns})
  Path Group:             (none)
  Path Type:              Hold (Min at Fast Process Corner)
  Data Path Delay:        1.967ns  (logic 0.875ns (44.481%)  route 1.092ns (55.519%))
  Logic Levels:           2  (IBUFCTRL=1 INBUF=1)
  Clock Path Skew:        2.129ns (DCD - SCD - CPR)
    Destination Clock Delay (DCD):    2.129ns
    Source Clock Delay      (SCD):    0.000ns
    Clock Pessimism Removal (CPR):    -0.000ns
  Clock Net Delay (Destination): 1.315ns (routing 0.491ns, distribution 0.824ns)
  Timing Exception:       False Path

    Location             Delay type                Incr(ns)  Path(ns)    Netlist Resource(s)
  -------------------------------------------------------------------    -------------------
    B4                                                0.000     0.000 r  pb_i[0] (IN)
                         net (fo=0)                   0.000     0.000    pb_i_IBUF[0]_inst/I
    B4                   INBUF (Prop_INBUF_HDIOB_S_PAD_O)
                                                      0.875     0.875 r  pb_i_IBUF[0]_inst/INBUF_INST/O
                         net (fo=1, routed)           0.000     0.875    pb_i_IBUF[0]_inst/OUT
    B4                   IBUFCTRL (Prop_IBUFCTRL_HDIOB_S_I_O)
                                                      0.000     0.875 r  pb_i_IBUF[0]_inst/IBUFCTRL_INST/O
                         net (fo=1, routed)           1.092     1.967    pb_i_IBUF[0]
    SLICE_X80Y144        FDRE                                         r  pb_sync_q_reg[0]/D
  -------------------------------------------------------------------    -------------------

                         (clock clk rise edge)        0.000     0.000 r  
    AH18                                              0.000     0.000 r  clk300_p_i (IN)
                         net (fo=0)                   0.100     0.100    u_ibufds/I
    HPIOBDIFFINBUF_X1Y36 DIFFINBUF (Prop_DIFFINBUF_HPIOBDIFFINBUF_DIFF_IN_P_O)
                                                      0.382     0.482 r  u_ibufds/DIFFINBUF_INST/O
                         net (fo=1, routed)           0.050     0.532    u_ibufds/OUT
    AH18                 IBUFCTRL (Prop_IBUFCTRL_HPIOB_M_I_O)
                                                      0.000     0.532 r  u_ibufds/IBUFCTRL_INST/O
                         net (fo=1, routed)           0.180     0.712    clk_ref
    BUFGCE_DIV_X1Y7      BUFGCE_DIV (Prop_BUFGCE_DIV_I_O)
                                                      0.101     0.813 r  u_bufgce_div/O
    X1Y2 (CLOCK_ROOT)    net (fo=3480, routed)        1.315     2.129    clk
    SLICE_X80Y144        FDRE                                         r  pb_sync_q_reg[0]/C

Slack:                    inf
  Source:                 dip_i[2]
                            (input port)
  Destination:            dip_sync_q_reg[2]/D
                            (rising edge-triggered cell FDRE clocked by clk  {rise@0.000ns fall@6.666ns period=13.332ns})
  Path Group:             (none)
  Path Type:              Hold (Min at Fast Process Corner)
  Data Path Delay:        1.991ns  (logic 0.848ns (42.596%)  route 1.143ns (57.404%))
  Logic Levels:           2  (IBUFCTRL=1 INBUF=1)
  Clock Path Skew:        2.133ns (DCD - SCD - CPR)
    Destination Clock Delay (DCD):    2.133ns
    Source Clock Delay      (SCD):    0.000ns
    Clock Pessimism Removal (CPR):    -0.000ns
  Clock Net Delay (Destination): 1.319ns (routing 0.491ns, distribution 0.828ns)
  Timing Exception:       False Path

    Location             Delay type                Incr(ns)  Path(ns)    Netlist Resource(s)
  -------------------------------------------------------------------    -------------------
    F5                                                0.000     0.000 r  dip_i[2] (IN)
                         net (fo=0)                   0.000     0.000    dip_i_IBUF[2]_inst/I
    F5                   INBUF (Prop_INBUF_HDIOB_M_PAD_O)
                                                      0.848     0.848 r  dip_i_IBUF[2]_inst/INBUF_INST/O
                         net (fo=1, routed)           0.000     0.848    dip_i_IBUF[2]_inst/OUT
    F5                   IBUFCTRL (Prop_IBUFCTRL_HDIOB_M_I_O)
                                                      0.000     0.848 r  dip_i_IBUF[2]_inst/IBUFCTRL_INST/O
                         net (fo=1, routed)           1.143     1.991    dip_i_IBUF[2]
    SLICE_X85Y141        FDRE                                         r  dip_sync_q_reg[2]/D
  -------------------------------------------------------------------    -------------------

                         (clock clk rise edge)        0.000     0.000 r  
    AH18                                              0.000     0.000 r  clk300_p_i (IN)
                         net (fo=0)                   0.100     0.100    u_ibufds/I
    HPIOBDIFFINBUF_X1Y36 DIFFINBUF (Prop_DIFFINBUF_HPIOBDIFFINBUF_DIFF_IN_P_O)
                                                      0.382     0.482 r  u_ibufds/DIFFINBUF_INST/O
                         net (fo=1, routed)           0.050     0.532    u_ibufds/OUT
    AH18                 IBUFCTRL (Prop_IBUFCTRL_HPIOB_M_I_O)
                                                      0.000     0.532 r  u_ibufds/IBUFCTRL_INST/O
                         net (fo=1, routed)           0.180     0.712    clk_ref
    BUFGCE_DIV_X1Y7      BUFGCE_DIV (Prop_BUFGCE_DIV_I_O)
                                                      0.101     0.813 r  u_bufgce_div/O
    X1Y2 (CLOCK_ROOT)    net (fo=3480, routed)        1.319     2.133    clk
    SLICE_X85Y141        FDRE                                         r  dip_sync_q_reg[2]/C

Slack:                    inf
  Source:                 dip_i[1]
                            (input port)
  Destination:            dip_sync_q_reg[1]/D
                            (rising edge-triggered cell FDRE clocked by clk  {rise@0.000ns fall@6.666ns period=13.332ns})
  Path Group:             (none)
  Path Type:              Hold (Min at Fast Process Corner)
  Data Path Delay:        2.022ns  (logic 0.856ns (42.343%)  route 1.166ns (57.657%))
  Logic Levels:           2  (IBUFCTRL=1 INBUF=1)
  Clock Path Skew:        2.133ns (DCD - SCD - CPR)
    Destination Clock Delay (DCD):    2.133ns
    Source Clock Delay      (SCD):    0.000ns
    Clock Pessimism Removal (CPR):    -0.000ns
  Clock Net Delay (Destination): 1.319ns (routing 0.491ns, distribution 0.828ns)
  Timing Exception:       False Path

    Location             Delay type                Incr(ns)  Path(ns)    Netlist Resource(s)
  -------------------------------------------------------------------    -------------------
    D4                                                0.000     0.000 r  dip_i[1] (IN)
                         net (fo=0)                   0.000     0.000    dip_i_IBUF[1]_inst/I
    D4                   INBUF (Prop_INBUF_HDIOB_S_PAD_O)
                                                      0.856     0.856 r  dip_i_IBUF[1]_inst/INBUF_INST/O
                         net (fo=1, routed)           0.000     0.856    dip_i_IBUF[1]_inst/OUT
    D4                   IBUFCTRL (Prop_IBUFCTRL_HDIOB_S_I_O)
                                                      0.000     0.856 r  dip_i_IBUF[1]_inst/IBUFCTRL_INST/O
                         net (fo=1, routed)           1.166     2.022    dip_i_IBUF[1]
    SLICE_X85Y141        FDRE                                         r  dip_sync_q_reg[1]/D
  -------------------------------------------------------------------    -------------------

                         (clock clk rise edge)        0.000     0.000 r  
    AH18                                              0.000     0.000 r  clk300_p_i (IN)
                         net (fo=0)                   0.100     0.100    u_ibufds/I
    HPIOBDIFFINBUF_X1Y36 DIFFINBUF (Prop_DIFFINBUF_HPIOBDIFFINBUF_DIFF_IN_P_O)
                                                      0.382     0.482 r  u_ibufds/DIFFINBUF_INST/O
                         net (fo=1, routed)           0.050     0.532    u_ibufds/OUT
    AH18                 IBUFCTRL (Prop_IBUFCTRL_HPIOB_M_I_O)
                                                      0.000     0.532 r  u_ibufds/IBUFCTRL_INST/O
                         net (fo=1, routed)           0.180     0.712    clk_ref
    BUFGCE_DIV_X1Y7      BUFGCE_DIV (Prop_BUFGCE_DIV_I_O)
                                                      0.101     0.813 r  u_bufgce_div/O
    X1Y2 (CLOCK_ROOT)    net (fo=3480, routed)        1.319     2.133    clk
    SLICE_X85Y141        FDRE                                         r  dip_sync_q_reg[1]/C

Slack:                    inf
  Source:                 pb_i[1]
                            (input port)
  Destination:            pb_sync_q_reg[1]/D
                            (rising edge-triggered cell FDRE clocked by clk  {rise@0.000ns fall@6.666ns period=13.332ns})
  Path Group:             (none)
  Path Type:              Hold (Min at Fast Process Corner)
  Data Path Delay:        2.028ns  (logic 0.874ns (43.102%)  route 1.154ns (56.898%))
  Logic Levels:           2  (IBUFCTRL=1 INBUF=1)
  Clock Path Skew:        2.139ns (DCD - SCD - CPR)
    Destination Clock Delay (DCD):    2.139ns
    Source Clock Delay      (SCD):    0.000ns
    Clock Pessimism Removal (CPR):    -0.000ns
  Clock Net Delay (Destination): 1.325ns (routing 0.491ns, distribution 0.834ns)
  Timing Exception:       False Path

    Location             Delay type                Incr(ns)  Path(ns)    Netlist Resource(s)
  -------------------------------------------------------------------    -------------------
    C4                                                0.000     0.000 r  pb_i[1] (IN)
                         net (fo=0)                   0.000     0.000    pb_i_IBUF[1]_inst/I
    C4                   INBUF (Prop_INBUF_HDIOB_M_PAD_O)
                                                      0.874     0.874 r  pb_i_IBUF[1]_inst/INBUF_INST/O
                         net (fo=1, routed)           0.000     0.874    pb_i_IBUF[1]_inst/OUT
    C4                   IBUFCTRL (Prop_IBUFCTRL_HDIOB_M_I_O)
                                                      0.000     0.874 r  pb_i_IBUF[1]_inst/IBUFCTRL_INST/O
                         net (fo=1, routed)           1.154     2.028    pb_i_IBUF[1]
    SLICE_X77Y139        FDRE                                         r  pb_sync_q_reg[1]/D
  -------------------------------------------------------------------    -------------------

                         (clock clk rise edge)        0.000     0.000 r  
    AH18                                              0.000     0.000 r  clk300_p_i (IN)
                         net (fo=0)                   0.100     0.100    u_ibufds/I
    HPIOBDIFFINBUF_X1Y36 DIFFINBUF (Prop_DIFFINBUF_HPIOBDIFFINBUF_DIFF_IN_P_O)
                                                      0.382     0.482 r  u_ibufds/DIFFINBUF_INST/O
                         net (fo=1, routed)           0.050     0.532    u_ibufds/OUT
    AH18                 IBUFCTRL (Prop_IBUFCTRL_HPIOB_M_I_O)
                                                      0.000     0.532 r  u_ibufds/IBUFCTRL_INST/O
                         net (fo=1, routed)           0.180     0.712    clk_ref
    BUFGCE_DIV_X1Y7      BUFGCE_DIV (Prop_BUFGCE_DIV_I_O)
                                                      0.101     0.813 r  u_bufgce_div/O
    X1Y2 (CLOCK_ROOT)    net (fo=3480, routed)        1.325     2.139    clk
    SLICE_X77Y139        FDRE                                         r  pb_sync_q_reg[1]/C

Slack:                    inf
  Source:                 dip_i[3]
                            (input port)
  Destination:            dip_sync_q_reg[3]/D
                            (rising edge-triggered cell FDRE clocked by clk  {rise@0.000ns fall@6.666ns period=13.332ns})
  Path Group:             (none)
  Path Type:              Hold (Min at Fast Process Corner)
  Data Path Delay:        2.029ns  (logic 0.850ns (41.879%)  route 1.179ns (58.121%))
  Logic Levels:           2  (IBUFCTRL=1 INBUF=1)
  Clock Path Skew:        2.129ns (DCD - SCD - CPR)
    Destination Clock Delay (DCD):    2.129ns
    Source Clock Delay      (SCD):    0.000ns
    Clock Pessimism Removal (CPR):    -0.000ns
  Clock Net Delay (Destination): 1.315ns (routing 0.491ns, distribution 0.824ns)
  Timing Exception:       False Path

    Location             Delay type                Incr(ns)  Path(ns)    Netlist Resource(s)
  -------------------------------------------------------------------    -------------------
    F4                                                0.000     0.000 r  dip_i[3] (IN)
                         net (fo=0)                   0.000     0.000    dip_i_IBUF[3]_inst/I
    F4                   INBUF (Prop_INBUF_HDIOB_S_PAD_O)
                                                      0.850     0.850 r  dip_i_IBUF[3]_inst/INBUF_INST/O
                         net (fo=1, routed)           0.000     0.850    dip_i_IBUF[3]_inst/OUT
    F4                   IBUFCTRL (Prop_IBUFCTRL_HDIOB_S_I_O)
                                                      0.000     0.850 r  dip_i_IBUF[3]_inst/IBUFCTRL_INST/O
                         net (fo=1, routed)           1.179     2.029    dip_i_IBUF[3]
    SLICE_X80Y144        FDRE                                         r  dip_sync_q_reg[3]/D
  -------------------------------------------------------------------    -------------------

                         (clock clk rise edge)        0.000     0.000 r  
    AH18                                              0.000     0.000 r  clk300_p_i (IN)
                         net (fo=0)                   0.100     0.100    u_ibufds/I
    HPIOBDIFFINBUF_X1Y36 DIFFINBUF (Prop_DIFFINBUF_HPIOBDIFFINBUF_DIFF_IN_P_O)
                                                      0.382     0.482 r  u_ibufds/DIFFINBUF_INST/O
                         net (fo=1, routed)           0.050     0.532    u_ibufds/OUT
    AH18                 IBUFCTRL (Prop_IBUFCTRL_HPIOB_M_I_O)
                                                      0.000     0.532 r  u_ibufds/IBUFCTRL_INST/O
                         net (fo=1, routed)           0.180     0.712    clk_ref
    BUFGCE_DIV_X1Y7      BUFGCE_DIV (Prop_BUFGCE_DIV_I_O)
                                                      0.101     0.813 r  u_bufgce_div/O
    X1Y2 (CLOCK_ROOT)    net (fo=3480, routed)        1.315     2.129    clk
    SLICE_X80Y144        FDRE                                         r  dip_sync_q_reg[3]/C





